marketplace,asin,title,date,rating,review
FR,B01JYS4W2K,"N’a Pas fonctionné , 29 m2 contre puces",Reviewed in France on 30 September 2023,1,"J’espère que vous allez bien, je fais ce commentaire pour les gens qui souhaitent acheter ce produit pour contrer les PUCES .- J’ai un appartement de 29m2 avec une pièce regroupant salon/cuisine et une autre avec chambre/ toilette . Donc assez facile pour le Gaz de se répandre partout dans la maison, le produit devrait donc accéder à chaque partie de la maison .- Le produit étant sensé traiter 70m2 , j’en ai acheté 2 qui sont sensé donc traiter 140m2 soit 110m2 de plus que ma maison . J’ai fais cela car rien ne vaut la tranquillité, les puces ne piquent pas tout le monde mais malheureusement je suis le seul qui me fait piquer dans la famille (Elles sont sélectives) sachant que leur piqûre n’est pas adaptée pour l’homme, Elles grattent énormément, meme si on ne touche/gratte pas l’endroit, restes des semaines et la marque de la piqure donne une couleur foncé à votre peau quand elle sèche. Donc bon je me disais que ce n’est pas grave je préfère risquer ma santé pour ne pas être piquer et m’en débarrasser .- J’avais un chat qui n’était plus à la maison lors de l’utilisation et qui ne l’est plus actuellement (ne vous inquiétez pas il est chez ma belle mère) . En effet j’ai attendu de partir en vacances pour laisser la maison au maximum possible sous l’effet du produit .- j’avais tout nettoyé chaque recoin de la maison sachant que je nettoie tout les jours, tout enlevé du sol ( cables etc… ) tout ouvert histoire que le produit se pose partout . Le jour où je devais partir j’ai actionné les 2 produits chacun dans un pièce , les fenêtres fermées . Et j’ai quitté la maison renfermée sur elle-même pendant 4 jours en pensant bien étouffer ces nuisibles au maximum sous l’effet du produit .- En revenant bien évidemment je ne nettoie pas histoire de continuer l’action du produit en cas de présence des nuisibles. J’ai nettoyé uniquement table,bar,cuisine pour faire à manger sans s’intoxiquer .- Malheureusement je me suis fait piquer , je me suis dis bon c’est peut être un moustique par déni , le lendemain rebelote je sais que c’est des puces car franchement les piqûres de moustiques ne grattent pas autant ( meme pas du tout , si vous ne les grattez pas ils partent rapidement ) .- J’ai continué a me faire piquer, il faut par contre savoir que les insectes qui rentraient dans la maison malgré moustiquaires ( petit ) mourraient directement , et meme le jour où je suis revenu quand j’ai aéré et ouvert la fenêtre ne comportant pas de moustiquaire , une mouche est rentrée , je l’ai retrouvé inanimé sur le sol . Donc le produit est bien un insecticide cependant pas contre les puces . ( Il faut savoir que j’ai tenté de rester au maximum sur l’aspirateur uniquement en espérant que ca marche , j’ai même ouvert la fenêtre sans moustiquaire pour faire rentrer des insectes histoire de voir si cela était toujours actif et bien évidemment après 1 semaine les insectes que j’ai fais rentré persistaient donc cela contrarie la longévité proposée dans la description )- Ce commentaire est également là ( sans haine ) je pose mon expérience histoire d’aider également le créateur de ce produit à renforcer sa puissance contre les puces , c’est des organismes qui se reproduisent énormément et rapidement donc capable de muter et s’adapter rapidement aux insecticides ( voilà pourquoi la formule est réadaptée à chaque fois ) le mieux est de prendre un spécialiste .Je remercie Amazon de bien m’avoir aidé !"
FR,B01JYS4W2K,Déception,Reviewed in France on 1 November 2025,1,"Acheté en plusieurs exemplaires pour couvrir la surface totale et même plus que ma maison, c’était pour une découverte de punaise de lit très récente, limitée qu’à ma chambre parentale suite à un déplacement professionnel. Ce n’était pas du tout une invasion vu la vitesse à laquelle ces sales bêtes se reproduisent donc j’avais espoir que ça se règle vite puisqu’en plus j’ai été radicale j’ai viré matelas sommier linge de lit dans les 5mn qui ont suivies la découverte (très portée sur la propreté, imaginez l’état dans lequel je me suis mise)J’ai donc utilisée cette bombe dès le lendemain, je ne peux pas dire zéro effet mais en tout cas je n’en ai retrouvé aucune morte et ensuite j’en ai revu sur les murs une par une ou deux par deux. Pour rappel ce n’était pas une infestation donc logique que je n’en vois pas 50. Pour moi il n’y a pas eu l’effet radical/choc que laisse imaginer cette bombe et les autres fumigènes et spray que j’ai pu acheter de la marque k-pro.Bon courage à ceux qui comme moi ont vécu cette fâcheuse découverte, patience et investissement est le maître mot. J’ai acheté un vaporeto je l’ai passé les murs les plinthes les fissures le parquet les meubles tout tout tout et ce plusieurs fois. J’en retrouvais entre les actions de ménage, toujours des toutes petites plus aucune grosses. Aujourd’hui après 3 semaines cela fait 2 jrs que je n’en vois pas mais je ne suis pas sortie d’affaire je le sais et je m’y prépare encore psychologiquement.Bcp de stress et d’anxiété sont nés de cette mésaventure j’ai racheté toute ma literie matelas sommier couette oreiller et j’ai investi dans des housses intégrales pour matelas et oreillers.Si quelqu’un a un produit vraiment miraculeux je suis preneuse pour avoir en cas de retour. J’ai tout essayé même les huiles essentielles… quelle horreur j’imagine ceux qui n’ont pas de moyens financiers permettant ce que j’ai pu me permettre de faire et ceux qui vivent une vraie infestation."
FR,B01JYS4W2K,Ne devrait pas être autorisé à la vente!,Reviewed in France on 10 September 2025,1,"Whouaouh!produit d'une innefficacité incroyablement absolue!Pire même puisqu'après à peine 2 jours d'un semblant de diminution .... probablement juste le temps pour les puces de s'ébrouer un peu, sècher et retrouver leur souffle en revoilà encore + nombreuses qu'avant malgré un fumigène pour 160 m2 dans un garage de 20 m2 à peu près pour compenser le manque d'étanchéïté absolue de ce type de pièce.... et un 2ème pour 160 m2  aussi dans la maison de 62 m2 sans étage, pour être sure que toutes les pièces en bénéficient ... en laissant agir plus de 5h.... en aspirant dans les moindres recoins juste les 3 jours suivant avant de laver.... quitte à se croire sur une patinoire dans un rayon d'1m, 1m50 autour de l'endroit où était posé la bombe.... car plus loin pas ou peu de trace du produit .... ni au sol, ni sur les poignées et encore moins...enfin si c'était possible.... en hauteur... sur les étagères où pour les 2 ou 3 araignées présentes en haut des murs qui n'ont pas eu l'airperturbées le moins du monde .... malgré la dose le produit ne doit pas se répandre bien loin ni bien haut autour de la bombe ....De plus de par la conception, en mode spray, on en prend plein les doigts, ça pique, ça dégouline et la pression fait très mal!Je n'ai pas les moyens de jeter l'argent par les fenêtres et pourtant là ça a été le cas.... et pour 2 bombes pour 160 m2, il ne s'agit pas que de quelques euros!Ce produit ne devrait même pas être autorisé à la vente!Dommage qu'il ne soit pas possible d'être remboursé en cas d'inefficacité.....Sans être radical, des seaux d'eau très chaude additionnés d'huile de neem jetés dans le garage ont été plus efficaces pour réduire significativement le nombre d'envahisseuses plusieurs jours, sans revenir à autant qu'avant, toujours avec lavages et aspirateur garage et maison tous les jours le temps de recevoir cette fois un autre produit, concentré à diluer et à pulvériser... qui je l'espère sera + efficace...."
FR,B01JYS4W2K,Produits non efficace pour un appartement de 46m2,Reviewed in France on 23 June 2026,1,J’ai acheté 2 petites bombes fumigènes plus une grande de la même marque et avoir fait scrupuleusement toutes les indications à savoir que mon appartement ne fait que 46m2 et les petites bombes sont pour 20m2 chacune plus la grande à elle toute seul elle couvre .80m2 et bien ZÉRO JE ME GRATTE TOUJOURS DONC JE SUIS OBLIGÉE DE RECOMMENCER LES FUMIGÈNES AVEC F’AUTRES PRODUITSEN ESPÉRANT AVOIR PLUS DE CHANCE AVEC LE SÉRIEUX DES AUTRES PRODUITS
FR,B01JYS4W2K,Zero,Reviewed in France on 26 June 2026,1,"J'ai appuyé sur le bouton comme demander ça a commencé à sortir le produit est d'un coup ça s'est arrêté j'ai dû les respirer le produit pour pouvoir appuyer car le système ne fonctionnait pas ,vraiment déçuAucune efficacité ne sert a rien, argent jeté par la fenêtre"
FR,B01JYS4W2K,Produit INEFFICACE,Reviewed in France on 29 June 2026,1,Totalement inefficace !Acheté pour la seconde fois.Utilisé dans une caravane de 6m2.En respectant le mode d’utilisation.Résultat 24h après utilisation et local resté fermé :Des puces partout qui continuent de vous attaquer….Donc …. Produit complètement INEFFICACE !!!!
FR,B01JYS4W2K,Ne fonctionne pas,Reviewed in France on 12 June 2026,1,"Ne marche pas, j ai m y 2 diffuseure de 25 pour un placar de 4 par 2m salle de bain tour metoyé lavais a 70 c sarviette et tous le lendemain a nouveau des puce .... j ai meme 2 crique échapé du viva qui chanté ........ euuuuu il ce foute de ma gueul ......"
FR,B01JYS4W2K,Nul,Reviewed in France on 29 June 2026,1,"Inefficace au possible. Des puces dans mon sous sol, j’ai mis l’aérosol et il y en a toujours autant."
FR,B01JYS4W2K,Produit inutilisable,Reviewed in France on 24 June 2026,1,Le diffuseur ne se vide pas automatiquement après enclenchement de la languette jusqu'au clic. Dès relachement la languette revient en position et la diffusion s'arrête. Bref inutilisable
FR,B01JYS4W2K,Inefficace,Reviewed in France on 29 June 2026,1,"Complètement inefficace.Après avoir suivi toutes les instructions et laissé agir la journée , aucun changement."
FR,B01JYS4W2K,Inefficace,Reviewed in France on 28 June 2026,1,N’a fonctionné dans mon garage malgré le respect de la notice
FR,B01JYS4W2K,Franchement nul,Reviewed in France on 16 May 2024,1,"Nous avons des puces dans le parquet apportees par mon chat depuis le retour du printemps, j'ai mis quelques semaines à comprendre l'ampleur du problème et après avoir testé les méthodes naturelles (qui ne règlent rien - terre de diatomee,  vinaigre, HE lavande/tea tree), j'ai décidé d'acheter ces fumigènes. 1 dans chaque pièce, 4h dans le noir, puis aération : tous les insectes et araignées de la maison sont morts SAUF ces affreuses puces qui continuent à nous sauter sur les pieds, en particulier à la tombée de la nuit et tout le reste de la nuit.Certaines ont l'air moins vigoureuses mais franchement, je suis très déçue. Avzc ce produit, j'ai empoisonné l'environnement de pesticides tout çà pour continuer à appréhender de monter a l'etage sans chaussette ou laisser mes filles jouer dans leur chambre au sol.Je prie pour que l'effet ""remanant"" fonctionne mieux que l'effet ""choc"" promis.Édit plus d'un mois plus tard : nettement moins de puces, neanmoins j ai refait un traitement il y a une semaine avec un autre fumigène car malgré le 1er traitement + huile de lin et térébenthine j'ai trouvé deux puces vivantes sur mes chaussettes et 2 piqûres sur ma fille, hé bien je viens d'en trouver encore une ce soir apres m etre a nouveau fait piquer il y a 3 jours. J'espère que ce ne sont que de vagues survivantes mais je confirme, pour l'effet radical c'est 0."
FR,B01JYS4W2K,Pas très efficace pour les puces,Reviewed in France on 5 November 2023,1,"Très déçu. En lisant les commentaires je m’attendais à me retrouver très rapidement sans puces. J’ai acheté deux fumigènes. J’ai utilisé le premier il y a 1 mois car mon chat a attrapé des puces et je ne m’en suis pas rendu compte immédiatement étant donné qu’elle est noire et ne se grattait pas. Je passe l’aspirateur tous les jours et vide son contenu après chaque utilisation. Je lave à la vapeur tous les deux jours. J’ai fait les plinthes, je lave tout à 70 degré je coiffe mes chats avec un peigne spécifique entre 5 à 10 fois par jour mais malgré tout je retrouve régulièrement encore 1, 2 ou 3 puces sur un de mes chats. Je précise qu’ils ne sortent pas, qu’ils ont été traité contre les puces et vermifugés. J’ai décidé de faire un traitement par fumigène dans la pièce bureau ou mon chat passe beaucoup beaucoup de temps. En vain car je retrouve encore des puces sur elle et vivantes parfois… 1 mois plus tard je refais un fumigène dans cette même pièce et aujourd’hui j’ai encore trouvé 4 puces sur mon chat au courant de la journée …. Je suis d’espérée car pour moi c’était un peu la solution de dernier recours et finalement il ne sert strictement à rien pourtant ma pièce ne doit pas faire plus de 10m carré … clairement de l’argent jetté par les fenêtres pour ma part"
FR,B01JYS4W2K,Inefficace sur les moucherons à fruits,Reviewed in France on 22 April 2026,1,Inefficace sur les moucherons à fruits dont nous sommes infestés à la maison. Malgré la diffusion du produit nous en avons toujours beaucoup dès le lendemain de l’usage du produit.
FR,B01JYS4W2K,Laisse une pellicule de produit,Reviewed in France on 29 April 2026,1,Laisse une pellicule de produit partout donc attention sol glissant et sent très fort.Niveau efficacité....je ne sais pas mais je n'en reprendrai plus.
FR,B01JYS4W2K,Mauvaise bombe horril,Reviewed in France on 27 March 2026,1,J’ai bombé une pièce de 25 mètres carrés ! Le déclic n’a Pas marché ! J’en pris plein les poumons donc je vais porter plain blé
FR,B01JYS4W2K,A fuir,Reviewed in France on 23 May 2026,1,Ne sert a rien du tout du tout
FR,B01JYS4W2K,N’acheter pas sur ce lien,Reviewed in France on 4 March 2026,1,Horrible je n’arrive pas annuler le renouvellement automatique!!!  C’est une honte qu’Amazon ne puisse rien faire conte ces liens frauduleux!!!!La commande s’active régulièrement sans qu’en ce soit validé attention
FR,B01JYS4W2K,Brumisateur dangereux,Reviewed in France on 24 March 2026,1,J’avais demandé sans danger humains et animaux???....ce n’est pas ce qui est écrit sur le brumisateur....je suis tres déçue...je vais le jeter....
FR,B01JYS4W2K,Pas efficace,Reviewed in France on 29 June 2024,1,"Au vu des commentaires je m attendais à.... un Résultat...Nous sommes rentrés dans notre maison ( à la campagne) et avons vu quelques insectes au sol.Au moment de l aération, pourtant il est bien écrit que ça fait plutôt barrière durant un certain temps, et bien des volants types moustiques mouches mini abeilles et moucherons sont entrés à peine nous avons ouvert les fenêtres!INCOMPRÉHENSIBLE !!!J ai pris une bombe de 160m2 pour le bas et 3 bombes de 65 m2  pour les 3 chambres  du haut ... soit pour 355m2 et notre maison fait 104m2 donc ya 3 fois la dose et ça n a pas marché !J avais acheté ça contre les puces que notre chat a, et bien je me dis que si les moustiques rentrent j imagine que ça n a rien fait sur les puces probablesUne évacuation des lieux qui nous coûte chère pour un résultat 0 !!!!!!!!"
FR,B01JYS4W2K,"Plus efficace, tu meures (sauf si tu es une mite, un moucheron, etc…)",Reviewed in France on 9 September 2023,1,"Acheté pour tenter de faire face à une invasion de mitesDéjà la 1ere commande n'est jamais arrivée et le produit pour 25m2 a pris 60% d'augmentation en quelques jours...! Sur ça, aucun soucis avec Amazon qui a fait un geste (par rapport à la commande perdue)Ensuite, 3 flacons utilisés 1 de 160m2 et 2 de 25m2 pour les pièces me semblant les plus infestées (soit 50m2 de plus que ce dont j'aurais en théorie besoin), un temps de pause doublé par rapport aux recommandations et finalement des que je rentre je trouve des moucherons qui volent encore allegrement et ce soir carrément des mites adultes...Je pense que ce sont les insectes les moins résistants de tous ceux que ce produit promet d'éradiquer alors je n'imagine pas le résultat pour des puces ou punaises de lit.Bred, très déçue de ce produit, je reviendrais modifier mon commentaire si finalement il s'avère efficace...Seuls points positifs : facile d'utilisation et pas d'odeurÉDIT : produit complètement inefficace - les mites continuent de voler un peu partout…"
FR,B01JYS4W2K,🤔😤🙁,Reviewed in France on 8 August 2022,1,"Je ne doute pas de l'efficacité de ce produit que j'ai déjà utilisé en diffuseur automatique👍 .Cependant il manque terriblement d'indication d'utilisation et surtout de contre indication.Pour ce modèle, je l'ai retourné car ce spray/diffuseurs comme son nom l'indique, il est normalement possible de l'utiliser de 2 manières différentes.En ouvrant le bouchon , pas de spray seulement le percuteur automatique !J'avais vue un commentaire vidéo Amazon similaire pensant que c'était un cas isolés cela ne pas freiné dans mon achat .Donc pas de moyen de diffuser ce produit au endroits voulu.Aussi, il est aucunement spécifié qu'il faut nettoyer les objets et vêtements ayant été traité par ce produit .La notice vous informe qu'il faut ouvrir les portes de placards/ tiroir etc ... Le manque de préconisations ma amané a contacté le fabricant, car j'ai des enfants bas âges !Mon interlocuteur a été formelle , si le produit est déposé sur des jouets d'enfants il faut les lavé idem pour les vêtements avant de les remettres un passage à la machine est obligatoire !A mon sens c'est quand même une info très importante qui mérite de figurer dans le descriptif ."
FR,B01JYS4W2K,S'il vous plaît voir la photo,Reviewed in France on 7 May 2026,1,
FR,B01JYS4W2K,Inutile,Reviewed in France on 9 May 2026,1,Inutile
FR,B01JYS4W2K,c’est de l’arnaque,Reviewed in France on 16 February 2026,1,J’ai acheté ce produit malheureusement le produit ne sert à rien aucune résultat c’est de l’argent qui sont partis en fumée
FR,B01JYS4W2K,NUL totalement inutile,Reviewed in France on 8 February 2026,1,Inutile j'en ai mis 4 donc 10m2 mon appartement fait 40m2 et aucun effet STRICTEMENT INUTILE garder votre argent
FR,B01JYS4W2K,N'importe quoi !,Reviewed in France on 21 January 2026,1,J'ai reçu juste ça... sans embout rien. Je sais même pas si c'est le bon produit vu que c'est une simple bonbonne blanche sans aucune indication
FR,B01JYS4W2K,Inefficace,Reviewed in France on 23 January 2026,1,"Franchement pourri, après 3h je suis rentrée dans la chambre pour ouvrir les fenêtres, et deux jours après je retrouve encore des punaises de lit"
FR,B01JYS4W2K,Déçu,Reviewed in France on 14 November 2025,1,"Je suis déçu, j’ai acheté cinq bonbonne de 500 ml que j’ai balancé dans un logement de 70 m², car j’étais infesté de toutes sortes de bestioles et malgré tout ça. J’ai retrouvé encore cinq bestioles qui se baladait chez moi, je suis extrêmement déçu, j’ai perdu 60 €."
FR,B01JYS4W2K,N'a pas fonctionné chez moi,Reviewed in France on 2 January 2026,1,N'a malheureusement pas fonctionné chez moi peut être du au fait qu'il y est un courant d'aire entre 2 logements juxtaposé
FR,B01JYS4W2K,Odeur toxique depuis 15 jours !!!,Reviewed in France on 17 January 2024,1,J’ai mis ce diffuseur dans tout mon salon et ma chambre pendant 3h puis aération pendant 1h comme le veut la notice mais catastrophe ! L’odeur nauséabonde ! Je décide d’aérer encore 3h mais en vain je dois me résoudre à aller dormir ailleurs de chez moi accompagnée de mon chien qui a des puces. J’ai tout nettoyé le sol les textiles le panier les jouets les rideaux mais rien n’y fait l’odeur persiste et même mon chien refuse de rentrer dans la maison. Tout cela a commencé le dimanche 7 janvier et à ce jour mercredi 17 janvier je n’ai toujours pas pu retourner chez moi et je vis chez mes parents ! Tous les jours je vais aerer nettoyer et mettre un purificateur d’air acheté spécialement qui m’indique rouge air polluée. Je déconseille fortement très toxique et notice défaillante
FR,B01JYS4W2K,INUTILE,Reviewed in France on 22 August 2025,1,Je mets 1 étoile car je ne peux en mettre 0!!!!2 produits achetés qui auraient dû couvrir plus que ma maison.Je reviens après 20jours d'absence et des araignées partout! Alors qu'avant il n'y en avait pas tant et encore nous sommes en été donc pas la période où elles rentrent dans les maisons. Ce produit devait couvrir 6mois sans insecte.... publicité mensongère!!!!De l'argent dépensé pour RIEN!!!!!
FR,B01JYS4W2K,Inefficace et forte odeur,Reviewed in France on 13 December 2025,1,Cher et efficace et une odeur très forte une odeur très forte qui fait mal à la tête.
FR,B01JYS4W2K,Nul - à fuir,Reviewed in France on 22 January 2026,1,Ne fonctionne pas du tout
FR,B01JYS4W2K,Ne tue pas les puces,Reviewed in France on 3 January 2026,1,Aucune efficacité sur les puces. Produit inutile et cher
FR,B01JYS4W2K,Dis ce qu'il fait et fait ce qu'il dit,Reviewed in France on 1 October 2022,1,"J'ai subi une infestation de puces car je vis à la campagne et nous avons un chien et cinq chats et nous étions infestés par les puces c'était infernal on a tout essayé pour s'en débarrasser rien ne fonctionnait tout les produits achetés pffff de la daubeEn achetant ce produit je n'y croyais pas trop j'ai quand même voulu essayer j'ai commander 5 petites bombes car toutes les chambres étaient infestés de puces 4 chambres à traiter et la salle à manger.Eh bien je ne peux que reconnaître la fin de notre problème plus de puces enfin par contre il faut vraiment passer l'aspirateur partout pour supprimer les larves.Je recommande le produitProduit acheter en  septembre 2022 aux  prix de 7,99 euros l'unitéQUAND JE VOIS AUJOURD'HUI LE PRIX DU MÊME PRODUIT A 14,37 EUROS L'UNITÉ QUASIMENT 100% D'AUGMENTATION VOUS ÊTES UNE BANDE D'ESCROCS JE NE SUIS PAS UNE VACHE À LAIT."
FR,B01JYS4W2K,Totalement inefficace,Reviewed in France on 26 August 2025,1,Jai un appartement de 49m2.Jai mis une bombe dans chacune des pièces et le couloir après avoir tout aspiré dans les moindres recoins. Jai laisse agir plusieurs heures. Jai aéré par la suite et résultat : toujours autant de puces partout.Totalement inefficace.
FR,B01JYS4W2K,Inefficace,Reviewed in France on 21 November 2025,1,Complètement inefficace ! Utilisé contre moucherons et araignée... tout le monde est encore en vie
FR,B01JYS4W2K,produit nul et inefficace,Reviewed in France on 17 July 2025,1,"Nul !! Je suis furieuse, après une semaine aucun résultat, j'ai toujours des puces et vais devoir recommencer l'opération. Mais ce sera avec un autre produit car celui ci est totalement inefficace. J'avais acheté trois flacons quand même, pour rien. Je déconseille totalement, c'est une arnaque, à fuir"
FR,B01JYS4W2K,Je ne le recommande pas ! Deci,Reviewed in France on 14 June 2025,1,Nous avons acheté 9 minis diffuseurs pour un appartement de 100m2Nous avons suivi le mode d emploi a la lettre.Quelle ne fut pas notre mauvaise surprise en rentrant dans l'appartement que de voir une dizaine de cafards très gros et  bien vivants nous accueillir  .Vraiment déçus de ce produit .
FR,B01JYS4W2K,Totalement inefficace !,Reviewed in France on 20 September 2025,1,"Totalement inefficace !J'ai utilisé une bombe de 150 M2 dans une pièce de 100 M2... Toutes les mouches n'ont pas été tuées...1 semaine après, les mouches d'automne étaient toutes de retour !"
FR,B01JYS4W2K,Ne fonctionne pas et tache...,Reviewed in France on 22 November 2024,1,"Un enfer. J'ai utilisé 3 bombes pour traiter mon domicile pour une surface totale de 250m2 (ainsi en dessous de la capacité offerte en théorie pour 3 bombes). J'ai laissé agir 5 heures. Une fois rentré, quel enfer ! Un dépos gras s'est rependu sur toutes les surfaces !! J'ai lavé à grande eau le sol sans réussir à faire disparaître la pellicule de gras. Le sol glisse toujours. Et le comble : je trouve des puces biens vivantes à même le sol. Produit inutile, j'ai perdu 70€..."
FR,B01JYS4W2K,N'a pas fonctionné,Reviewed in France on 6 June 2024,1,Je sais pas si c'est la faute à pas de chance mais le produit ne fonctionne pas comme il devrait. Je suis enceinte et ait un problème d'araignée depuis une dizaine de jours (elles sortent par vingtaines et ce malgré les différents nettoyages) donc j'ai opté pour une version automatique me permettant normalement de quitter la pièce rapidement.Grosse déception... J'ai appuyé sur le bouton au maximum mais aucun déclenchement automatique... Dès lors que je cesse d'appuyer la diffusion s'arrête. Je suis assez énervée car je me suis retrouvée en plein milieu du nuage de diffusion alors que le but était justement d'éviter ce problème ...
FR,B01JYS4W2K,Qui dois-je contacter pour l’article manquant ?,Reviewed in France on 18 September 2025,1,Je viens de recevoir ma commande. Le livreur était parfait. La boîte est en parfait état. Je l’ouvre et je trouve 2 articles au lieu des 3 que j’avais commandé !!!
FR,B01JYS4W2K,Totalement ineficace,Reviewed in France on 27 July 2025,1,"Totalement ineficace, fait hier soir dans un sous-sol, ce matin il y a encore beaucoup (toute?) d'araignées vivantes et à moins d'un mètre du diffuseur....!Pourtant mon sous-sol fait 90m², un bas plafond (2m) et j'ai utilisé deux diffuseurs."
FR,B01JYS4W2K,Ne fonctionne pas,Reviewed in France on 15 August 2025,1,"J'ai utilisé 2 bombes de 80m2 ce qui fait 160m2 de traitement pour ma surface qui en fait 130m2, elles n'ont absolument pas fonctionné.J'ai pourtant respecté tout le protocole, je déconseille fortement se produit."
FR,B01JYS4W2K,INUTILE pour les volants! Nul,Reviewed in France on 3 October 2025,1,"NUL contre les VOLANTS!!! Moucherons, papillons de mites et mouches continuent de voler et se regroupent au plafond. Très très déçue !!!"
FR,B01JYS4W2K,Très dessus,Reviewed in France on 10 September 2025,1,Produit ne fonctionne pas du tou j’ai une maison de 130 l’être. Carré J’ai pris 8 bombes sa fait 200 mètre carré sa na rein fait du tou
FR,B01JYS4W2K,Pas efficace,Reviewed in France on 17 June 2024,1,"J'ai acheté deux aérosols de deux formats différents car les pièces ne font pas la même superficie.J'ai bien lu le mode d'emploi.J'ai enclenché l'aérosol.Je suis sortie de la pièce immédiatement.L'aérosol s'est vidé en quelques minutes. Après la diffusion j'ai regardé par la fenêtre de l'extérieur ,aucun nuage ou brume dans la pièce .J'ai laissé agir plus de 12h au retour j'ai aéré il n'y avait aucun cadavre d'insecte ni d'araignée alors que la piece  comptait un grand nombre d'araignée au plafond qui d'ailleurs n'ont pas été perturbé par l'aérosol.Idem pour l'autre pièce.Pour moi aucune efficacité."
FR,B01JYS4W2K,Avis mitigé,Reviewed in France on 13 May 2025,1,"N'as pas fonctionné pour un appartement de 60m2Mon chat est traité 1 fois toute les deux semaines par un anti puce, il n'en a pas sur lui, mais j'ai toujours 2 ou 3 puces a traîner alors que le produit a été appliqué en mode diffusion totaleRemboursé !"
FR,B01JYS4W2K,ATTENTION PRODUIT TRES DANGEREUX : A FUIR ABSOLUMENT,Reviewed in France on 6 December 2023,1,ATTENTION DANGER ! ! ! Ce produit est très dangereux car il n'élimine pas seulement les nuisibles mais est également dangereux pour vous-même & vos animaux de compagnie ! ! ! Il m'a provoqué une grosse crise d'asthme et aussi des démangeaisons sur tout le corps pendant 5 jours sans discontinuer ! ! ! Il est au moins aussi dangereux que le fameux produit SNIPER qui a fait l'objet d'avertissements sur plusieurs chaînes de télévision ce début de mois de décembre 2023 ! ! ! Mon compagnon lui aussi a eu des quintes de toux pendant 3 jours alors qu'il n'est pas de nature allergique ! ! ! Fuyez ! ! !
FR,B01JYS4W2K,Je suis fatigué. Pas de solution,Reviewed in France on 5 July 2022,1,Personnellement j'ai perdu de l'argent et de temps.J'ai lui utilisé 2 fois. Je n'ai pas des animaux  le canapé que j'avais des doutes que ya des puces j'ai jeté et aussi plein des choses nettoyage à fond je pleure quand je me trouves fatiguée de faire le ménage.J'ai Vide mon apparemment.Lave toutes mon linge toutes de A à Z est je me trouves encore avec des puces.Les voisins son pas .Que moi.J'achète encore fumigène et encore des dépense hors de mon budget.Est encore.  Je commence à être déprime.J'ai utilisé touts ce que je trouve contre puces.Alors tous ce que fait maison bicarbonate du sel vinaigre blanc du Citron .Et la je suis avec huile essentielle et alcool.On verra es que ca va donner des résultats.  Je commence à perdre l'espoir.Je n'ai mar
FR,B01JYS4W2K,Ne fonctionne pas !,Reviewed in France on 20 August 2025,1,"Ne fonctionne pas du tout... Notice respectée à la lettre , j'ai acheter deux produits pouvant faire 80m2 chacun pour une maison de 100 M2 et aucune efficacité 😔"
FR,B01JYS4W2K,vu aucune efficacité,Reviewed in France on 5 November 2025,1,mis dans les chambres et les puces toujours vivantes... grrrr
FR,B01JYS4W2K,Article non fonctionnel,Reviewed in France on 24 October 2025,1,Ne fait pas tout les insectes écris et graisses les sols c'est horrible
FR,B01JYS4W2K,ça ne fonctionne pas,Reviewed in France on 26 December 2024,1,"Utilisé trois bombes pour ma maison de 100 m2, mes chiens ont toujours des puces. Je précise que j'ai aussi acheté des colliers anti-puces (pas sur Amazon), enfin bref rien ne marche.Le produit est censé être efficace pendant 6 mois sur pratiquement tous les insectes, dont les araignées. Traitement effectué en octobre, et mon fils a trouvé une grosse araignée dans la chambre il y a deux jours.Je ne recommande pas ce produit."
FR,B01JYS4W2K,Quantité insuffisante,Reviewed in France on 16 September 2025,1,Je n’ai fait que les plinthes de ma chambre de 15m2 avec un spray de 80m2 et il n’y en avait plus..
FR,B01JYS4W2K,INUTILE !,Reviewed in France on 23 August 2024,1,"J’ai un problème de puces j’ai donc acheté 3 bombes de 65 m2, soit 195 m2, pour traiter 95 m2. Les puces sont toujours là, et en primes des cafards ont fait leur apparition (j’habite en HLM) et semblent vivre leur meilleure vie…  résultat je dois trouver comment résoudre les deux problèmes maintenant. Bon pour les cafards, je vais mettre de la pâte mais pour les puces, je ne sais pas…CONCLUSION : produit inefficace et cher vu le résultat !"
FR,B01JYS4W2K,Pas efficace contre les puces,Reviewed in France on 20 July 2024,1,"J'ai acheté 3 bombes sensées traiter 60m2 chacunes, pour 120 M2. Suite a ce traitement, les puces étaient encore là. Et en nombre. J'ai fait une nouvelle commandes de 5 bombes pour augmenter les doses. Suite a ce nouveau traitement, aucun changement, les puces sont encore là et encore plus nombreuses. Je pense que ce produit est inneficace pour un traitement d'infestation. Je vais donc faire appel à unprofessionnel, et je regrette d'avoir dépensé de l'argent dans ces bombes. Je ne conseille absolument pas."
FR,B01JYS4W2K,Upercule piur une diffusion continu ne fonctionne pas il faut rester appuyé ça qui ne sert à rien,Reviewed in France on 6 July 2025,1,"Très déçu, 2 achats et le même défaut une foi percutée il faut resté appuyé pas de diffusion continu ce qui ne sert à rien juste une mini bombe anti-insectes."
FR,B01JYS4W2K,achat et huile de coude pour rien.,Reviewed in France on 26 May 2025,1,complètement inefficace : les mites volent encore.....J'ai fumigé tous l'appartement avec suffisamment de bombe pour en faire 3 fois la taille.5 heures après alors que je suis en train de tous laver je vois les mites voler??????
FR,B01JYS4W2K,Aucune efficacité,Reviewed in France on 27 June 2025,1,Pas efficace du tout1 aerosol dans 1 pièce de 20 m2 et les insectes reviennent des le lendemainJ'ai utilisé 3 aérosol dans 3 pièces différentes et aucun résultat
FR,B01JYS4W2K,Inefficace - perte d’argent,Reviewed in France on 31 July 2025,1,"Complètement inefficace.Je vous déconseille, il est mieux de faire appel à des professionnels. J’ai mis 2 dans 30m2 mais aucune efficacité.Je regrette."
FR,B01JYS4W2K,Ne fonctionne pas.,Reviewed in France on 11 November 2025,1,Ne fonctionne pas
FR,B01JYS4W2K,Bof,Reviewed in France on 7 July 2025,1,J’en ai acheté 3 ça n’a pas tout suffise la moitié est reste bloqué dans la boîte impossible de le vider c’est partie à la poubelle
FR,B01JYS4W2K,"Very disappointed, as it didn't work",Reviewed in France on 1 July 2025,1,"It didn't work at all. I wanted to use it against spiders, but a day after I treated the room (a tiny room), more spiders appeared."
FR,B01JYS4W2K,Produit qui ne fonctionne pas aucune efficacité,Reviewed in France on 1 December 2024,1,"Produit qui n'est pas efficace, nous avons acheté 2 bombes ici et 3 même bombes dans le commerce.  5 bombes au total ou chacune est pour 65m², pour un appartement de seulement 102 m² Cela n'as pas fonctionné. Mes animaux on tous été traités tout à été laver niveau linge et dodo des chien ect. Au prix où cela est vendu une belle arnaque"
FR,B01JYS4W2K,Danger d’intoxication,Reviewed in France on 14 August 2025,1,"Aérosol dangereux, le système automatique ne fonctionne pas, risque de s’intoxiquer avec le contenu .Ne surtout pas acheter"
FR,B01JYS4W2K,Pas pour les cafards,Reviewed in France on 25 August 2025,1,Je les donné à quelqu'un pour son problème de cafard bon bah visiblement c'était pas assez fort.
FR,B01JYS4W2K,Proprio de chat: ATTENTION !!!’,Reviewed in France on 17 June 2022,1,"Attention avec ce produit !J’ai suivi SCRUPULEUSEMENT les consignes décrites sur la bouteille, pulvérisé puis aéré de longues heures suivant le traitement. Lorsque je suis retourné chez moi, il n’a pas fallu plus de trois heures pour que mon chat (que j’avais évidement évacué avant) commence à avoir une bave mousseuse à la gueule et soit prostré, accompagné de pertes d’équilibres et d’une respiration laborieuse. J’ai immédiatement été chez le vétérinaire, qui m’a confirmé un empoisonnement. Aucune mise en garde inscrite sur le produit (sauf pour animaux aquatiques) ! C’est scandaleux, honteux, et presque criminel ! Mon chat s’en est sorti, mais le vétérinaire m’a confirmé que si j’avais attendu plus longtemps, le chat aurait pu mourrir, très certainement même ! Soyez donc prévenu !"
FR,B01JYS4W2K,Très mitigé...,Reviewed in France on 1 July 2024,1,"Après avoir traiter mes deux chats, les avoir sortis de l'appartement.Avoir tout nettoyer de fond en combleLaver tout les linges possible, aspirer canapé et matelas avec un aspirateur spécial acariens etc à 2000 bal2 jours après traitement de l'appartement je trouve une puce sur ma jambe et une autre sur un de mes chats...Je ne sais plus quoi faire après plusieurs tentatives et de l'argent jeté par la fenêtre je suis désespérée..."
FR,B01JYS4W2K,A faire,Reviewed in France on 15 July 2025,1,Ne fonctionne absolument pas !!Même l araignée au mur se moque encore de moi !N achetez pas ca !!
FR,B01JYS4W2K,Complètement inefficace,Reviewed in France on 11 June 2025,1,"Franchement aucune efficacité. Les mites sont tjours là, de plus tout le sol était collant, obligé de tout relaverJe ne conseille surtout pas. Fuyez"
FR,B01JYS4W2K,Dubitatif ...,Reviewed in France on 13 April 2021,1,"Je voulais me débarrasser des mouches qui se cachent dans les interstices des murs (maison en bois) et reviennent sans arrêt. Et faire un traitement contre les éventuels insectes qui s'y cachent aussi comme les araignées, perce-oreille etc.Je ne suis pas sûr de l'efficacité en tant qu'insecticide et en plus ça a laissé un film huileux - paraffiné glissant et collant sur les sols des pièces où j'avais mis un diffuseur. Même trois lavages successifs ne m'ont pas permis de m'en débarrasser totalement, j'ai dû emprunter un balai vapeur qui a, à peu près, réglé le problème plus encore un lavage ou deux. L'horreur quand on rentre de week-end le soir et qu'on trouve une patinoire dans le salon.Je changerai de marque la prochaine fois si j'ose prendre le risque."
FR,B01JYS4W2K,Ne fonctionne pas,Reviewed in France on 22 July 2025,1,Produit fait dimanche nous sommes mardi et j'ai encore des puces qui me saute dessus quand je marche....
FR,B01JYS4W2K,rien,Reviewed in France on 3 August 2025,1,trop dagereux pour moi une dame  agee je  vais  le  renvoyer cordialement
FR,B01JYS4W2K,Défaite d’achat,Reviewed in France on 1 November 2023,1,J’ai payé ce produit pour venir à bout d’une invasion de mites alimentaires au courant des vacances d’été. Non seulement les flacons sont peu généreux en quantité et coûteux et en plus toutes les pulvérisations se sont int incrustées sur le plafond et je ne parviens pas à les enlever même en utilisant du vinaigre blanc. Cela nuit au rendu visuel de la pièce et peut faire sale.En sachant que chaque pulvérisation agissent que sur quelques mites mais pas sur l’ensemble de ces dernières. De plus les pulvérisations automatiques ne se font pas efficacement.
FR,B01JYS4W2K,Totalement inefficace.,Reviewed in France on 13 August 2022,1,"Après un nettoyage mécanique maximal et méticuleux (aspirateur, lavage du linge, des draps pendant plusieurs jours) suivi d'un nettoyage vapeur, j'ai pu détruire la quasi totalité des punaises de lit présentes dans la chambre infectée.Cependant afin de ""finir"" le travail , j'ai profité de quelques jours de congés, pour utiliser ce produit, 2 bombes , une dans la chambre infectée , une dans le couloir menant aux autres chambres. Les pièces sont restées fermées une semaine entière.A mon retour après avoir aéré, j'ai repris un nettoyage total des chambres, je n'ai trouvé aucune punaise morte, seulement des vivantes qui se baladaient tranquillement... Par sur qu'une seule punaise soit morte grâce à ces bombes...A éviter."
FR,B01JYS4W2K,Inutile,Reviewed in France on 7 October 2025,1,Ne sert a rien
FR,B01JYS4W2K,Not work,Reviewed in France on 19 September 2025,1,"Nul, des araignées sont revenue le jours suivant"
FR,B01JYS4W2K,Ne fonctionne pas,Reviewed in France on 21 September 2023,1,"Étant envahi de puces, en complément des produits anti puces j'ai acheter ce produit.Je vie dans un petit studio de 20m2, j'ai poser la bombe au milieu de la pièce ou ils y en a le plus et j'ai bien ouvert mes portes de pièces et de placard. J'ai laisser agir pendant 4 heure, aspirer et laver et toujours autant de puce. De plus la livraison catastrophique. La 1 été fois colis perdu, 2 ème fois en retard. J'ai attendu 2 semaines passer pour un produit qui n'a pas étais efficace. Je suis super déçu."
FR,B01JYS4W2K,USELESS,Reviewed in France on 28 July 2025,1,Absolutely useless. Spiders alive everywhere the day after setting this offDon’t waste your money
FR,B01JYS4W2K,Inefficace,Reviewed in France on 3 August 2024,1,Je suis clairement déçu en vue des commentaires j’espérais me débarrasse des puces j’ai mis le produit avant de partir en vacances résultat en revenant elle nous on sauter dessus.. ça n’a rien tué même pas un peu du coup je ne recommande pas.. j’en avais pourtant pris 2 de 70m2 pour une maison qui en fait 80.. ça aurait du être largement suffisant..
FR,B01JYS4W2K,Inefficace,Reviewed in France on 16 August 2025,1,Pas vraiment efficace 2 semaines plus tard les insectes déjà de retour
FR,B01JYS4W2K,Nul,Reviewed in France on 13 July 2025,1,Article nul n'a pas fonctionné (je mets une étoile car je peux pas en mettre zéro)
FR,B01JYS4W2K,une grosse dobe!!!,Reviewed in France on 18 June 2024,1,"salut,j'ai posé 2 jours de congés pour m'occuper de ma voiture infestée de puces vue les chaleurs des derniers jours.....j'ai suivi les instructions à la lettre,posée et déclenchée dans la voiture.....a dégager du gaz pendant 2 secondes puis rien!!!! une arnaque ce produit,toujours autant de puces et voiture non réparée et 2 jours de congés perdus!!!!!!! je demande réparation.....vous ne méritez mème pas une étoile!!!!!"
FR,B01JYS4W2K,Pas très efficace,Reviewed in France on 7 September 2024,1,"J'ai acheté ce produit pour faire face à une infestation de puces.Nous l'avons mis à diffuser à 9 h conformément aux instructions. La pièce de 17 m2 est restée fermée jusqu'à 17 h. Nous avons aéré.24 h après, nous avons retrouvé des puces vivantes.Je pense que cela n'a pas eu l'effet escompté."
FR,B01JYS4W2K,Un produit cassé et déchiré.,Reviewed in France on 31 May 2025,1,J'ai ma commande mais j'ai trouvé la bouteille de produits cassé et le papier de l'information et complètement déchiré.
FR,B01JYS4W2K,efficace 3 jours,Reviewed in France on 10 October 2022,1,"produit acheté en différents formats suite à présence de puces. grandes bombes pour les pièces à vivre + petites bombes pour les chambres et les voitures.produit appliqué le mardi. Maison laissée fermée pendant 4h pour tout a été aéré et j'ai dû passer un coup de serpillère sur la carrelage car la produit a laissé une pellicule un peu glissante.Pendant 3 jours, plus aucune piqure! ouf!et puis ce week end, nous avons tous été de nouveau piqués à de multiples endroits sur le corps. Quelle déception! pour un produit donné avec une persistance d'action de plusieurs mois, je m'attendais à mieux."
FR,B01JYS4W2K,Aucune différence,Reviewed in France on 5 July 2025,1,Fais rien de spécial juste ça pue j’ai remarqué aucune différence avant après
FR,B01JYS4W2K,À fuir,Reviewed in France on 28 August 2024,1,"Nous avons laissé le produit, agir deux journées entière dans notre appartement.Nous rentrons chez nous, et qu’est-ce que nous découvrons des dizaines de punaises de lit qui courent partout dans notre lit.J’aimerais bien vous dire que le produit est un minimum efficace, mais ce n’est vraiment pas le cas à fuir"
FR,B01JYS4W2K,Joel,Reviewed in France on 17 July 2025,1,Bombe de mauvaise qualité oblige de rester appuyer sur le pousoir
FR,B01JYS4W2K,Destructif pour le parquet vitrifié,Reviewed in France on 12 November 2024,1,"J'ai utilisé le produit en diffusant à même le sol.Sur environ un mètre carré autour de la bombe, le vernis du parquet à fondu! Obligation de faire vitrifier le parquet en totalité !!!Produit très agressif pour les surfaces, je ne recommande pas."
FR,B01JYS4W2K,NUL,Reviewed in France on 27 December 2024,1,MILLE PRÉCAUTIONS ONT L'EMPLOI RÉSULTAT NUL.LE PRODUIT NA PAS FAIT DU MAL AUX MOUCHERONS (J'ai laissé le produit toute la nuit.)3 ACHATS RIEN30 € de foutu ne pas acheter absolument nulOn se fou des CLIENTS
FR,B01JYS4W2K,Inefficace,Reviewed in France on 10 July 2023,1,"J ai pris ce produit en urgence suite à une invasion de puces. J ai pris 3 bouteilles de 65m2 pour une maison de 160m2, donc largement au dessus du minimum requis.Less chats on était traité efficacement juste avant la pulvérisation, les matelas, draps,  canapé, tapis lavé et aspiré avant et après le traitement de la maison... Donc week end plaisant. Tout ça pour que les puces se portent toujours bien .... Produit inutile a part rendre crade le sol et glissant c est inutile 40 à la poubelle"
FR,B01JYS4W2K,A éviter,Reviewed in France on 12 August 2021,1,"Produit qui ne sert à rien mais vraiment à rien du tout ...vaporisez de l eau c est pareil...n éloigne rien du tout quel que soit l insecte ...l odeur est juste désagréable pour nous c es tout.. quand aux insectes ils continuent d entrer et de sortir à leur guise sans être affecté par ce produit je suis même sûre qu ils se moquent de moi, 'ils passent et repassent aux endroits vaporises comme s ils me narguaient :"" haha t as vu on passe et ça nous fais rien même pas peur ""...argent perdu produit inutile ..je ne recommande pas, mais alors pas du tout"
FR,B01JYS4W2K,Décevant,Reviewed in France on 19 April 2025,1,Ne fonctionne pas pour les volants…À juste laissé une pellicule grasse sur le sol !Très déçue
FR,B01JYS4W2K,Produit,Reviewed in France on 17 August 2025,1,Produits inefficaces
FR,B01JYS4W2K,"Aucun effet, argent gaspillé",Reviewed in France on 1 July 2025,1,"Nul à chier, n'a absolument aucun effet."
FR,B01JYS4W2K,Ne fonctionne pas,Reviewed in France on 25 January 2024,1,"J’ai quelque tique que mon fils m’a ramené des transports en commun. Je ne dors plus la nuit, tellement je joue l’inspectrice avec la lampe torche de mon téléphone. En lisant les commentaires, j’ai étais tenté. En vain car cela n’a pas fonctionné dans aucune des 2 chambres. A ma grande surprise c’est le Raid que j’ai commandé en 3€ et des poussières qui a fonctionné."
FR,B01JYS4W2K,Inutile,Reviewed in France on 5 August 2025,1,Inutile
FR,B01JYS4W2K,gardez votre argent!,Reviewed in France on 14 July 2025,1,absolument inefficace !
FR,B01JYS4W2K,Ne fonctionne pas,Reviewed in France on 8 July 2025,1,Complètement inefficace
FR,B01JYS4W2K,Évite d'en acheter,Reviewed in France on 18 May 2025,1,Nul comme produit  j'ai tjr des cafards ca ne fonctionne pas
FR,B01JYS4W2K,Je ne sais pas ce que ça élimine...,Reviewed in France on 7 May 2025,1,"Le soir même, je voyais encore des mites voler tranquillement"
FR,B01JYS4W2K,Produit qui sert à rien,Reviewed in France on 1 May 2025,1,Ne sert à rien tres nul
FR,B01JYS4W2K,Ne sert a rien,Reviewed in France on 14 March 2025,1,Inneficasse
FR,B01JYS4W2K,Problème de livraison,Reviewed in France on 11 January 2025,1,"Bonjour, j’ai bien reçu cette article, mais je n’arrive pas à télécharger ma facture comment faire cordialement"
FR,B01JYS4W2K,Ce produit n’a absolument pas fonctionné.,Reviewed in France on 6 January 2025,1,INEFFICACE
FR,B01JYS4W2K,nul,Reviewed in France on 4 January 2025,1,ne fonctionne pas
FR,B01JYS4W2K,Inutile,Reviewed in France on 29 November 2024,1,"Apres un traitement de plus de 4h et un gros nettoyage derrière, aucun resultat, il y a toujours des puces dans la pièce traitée."
FR,B01JYS4W2K,Efficacité null,Reviewed in France on 24 November 2024,1,"Testé sur une pièce de 3 m², même pas un cafard mort aucun, efficacité null"
FR,B01JYS4W2K,Bof bof,Reviewed in France on 11 November 2024,1,Aucune notice sur comment utiliser la bombe en spray continue...
FR,B01JYS4W2K,Produit,Reviewed in France on 8 November 2024,1,Bombe livrée sur la boîte aux lettres de mon voisin à 21h où est le sérieux du livreur sur la dangerosité du produit
FR,B01JYS4W2K,Fonctionne pas,Reviewed in France on 20 October 2024,1,Toujours autant de puces alors que j'en ai mis un dans chaque pièces.a fuir....
FR,B01JYS4W2K,Vs bed bugs,Reviewed in France on 10 October 2024,1,Useless against bed bugs
FR,B01JYS4W2K,Articles d'occasion plus de gaz dans la bonbonne,Reviewed in France on 17 September 2024,1,Bonjour j'ai reçu un article de seconde main LPN IC 09276 0886  l'article est vide ou à plus de gaz!! Je demande un remboursement dessus
FR,B01JYS4W2K,Ne fonctionne pas,Reviewed in France on 10 September 2024,1,Ce produit endort les puces qui seront de retour moins d’une semaine après! Inefficace et perte d’argent
FR,B01JYS4W2K,Décevant,Reviewed in France on 28 August 2024,1,"Peu de contenu, fumigène de très très courte durée, le résultat est décevant pour le prix."
FR,B01JYS4W2K,Nul,Reviewed in France on 21 August 2024,1,Toujours des puces après avoir utilisé 2 bombes dans un garage de 60m2. Belle arnaque.
FR,B01JYS4W2K,Produit non conforme,Reviewed in France on 17 August 2024,1,Produit non conformeJ'ai respecté les instructions et toujours autant de puces...
FR,B01JYS4W2K,Fonction pas,Reviewed in France on 14 August 2024,1,"Sa a rien tuer, les puces sont toujours là, une grosse arnaque."
FR,B01JYS4W2K,Ne fonctionne pas,Reviewed in France on 12 August 2024,1,Même en suivant les instructions le produit n'a pas fonctionné. Je suis obligée d'acheter un autre produit
FR,B01JYS4W2K,"Enclencheur manquant, inutilisable",Reviewed in France on 9 August 2024,1,Le dispositif déclenchant automatiquement la bombe était absent. Ai été obligé de reprendre celui d’une précédente commande pour libérer le produit (ce qui n’a que partiellement fonctionné en me forçant à ne pas respirer pendant la pression.
FR,B01JYS4W2K,Sa n'a pas fonctionné déçu,Reviewed in France on 8 August 2024,1,Sa n'a pas fonctionné on es parti 2 jours 3 nuit il a toujours des puce de parquet et on avait tout aspirer nettoyer a la javel. Il son toujours la
FR,B01JYS4W2K,Mode automatique,Reviewed in France on 27 June 2026,2,Il y a un problème avec le mode automatique. La languette devant se bloquer et permettre la diffusion en automatique fonctionne par chance. Obligé de vider le flacon en manuel en se bouchant le nez et en mode apnée. A voir le résultat maintenant
FR,B01JYS4W2K,Dommage,Reviewed in France on 3 July 2026,2,"Probablement un bon produit, mais arrivé à moitié vide (ça sentait déjà le produit dans le carton de livraison à l'ouverture)."
FR,B01JYS4W2K,Pas assez efficace,Reviewed in France on 27 June 2026,2,Bonjour pour des punaises de parquet cela n'a pas iradiqué donc nous allons passer par un professionnel ....
FR,B01JYS4W2K,"Efficacité modérée de cet insecticide en aerosol, pas un fumigène",Reviewed in France on 5 December 2023,2,"Suite à ma recherche de « fumigène anti puces », je précise que cet article est un insecticide en aérosol — non un véritable fumigène. Voici mon avis après utilisation :➡️ Du produit se répand largement tout autour de la bombe après le traitement. Le produit est gras, glissant, nous avons du insister pour tout faire partir.⛔️ Le produit étant hautement toxique, il serait dangereux qu’un des animaux de compagnie marche dedans puis lèche ses pattes.➡️ Mise en garde : mieux vaut installer une bombe dans chacune de vos pièces de la maison/appartement. De nouveau, ce n’est pas un fumigène. L’insecticide ne se répand pas autant qu’une véritable fumée. Attention par ailleurs, les recoins ne sont pas non plus correctement traités.➡️ Dans notre cas, nous étions confrontés à une réelle infestation. Le produit n’a pas eu l’efficacité espérée malgré le traitement des animaux, le nettoyage +++ de la maison et de tous les tissus. De nombreuses puces tuées mais seulement une partie. Le lendemain et les jours suivants les piqûres continuaient !✅ Un produit qui convient davantage pour une action préventive.✅ Le recours à de véritables produits professionnels s’avèrent plus judicieux en cas d’infestation moyenne à importante — à partir de 15/20 puces."
FR,B01JYS4W2K,Attention à vos parquets bois !!!!,Reviewed in France on 13 June 2025,2,"BonjourJ'ai reçu aujourd'hui.Je m'en suis servi ds la foulée  j'ai utilisé le produit sur un parquet bois vernisLe produit a rendu mon parquet collant sur 50cm sur 50cm , marque  de la bouteille au sol plus de Nombreuses auréoles blanchesImpossible d'enlever cet effet collant ou auréoles  .la seule solution sera de poncer !!!!J'ai suivi le processus (3heures sans rentrer ds la pièce plus 1h d'aération)En ce qui concerne l'efficacité j'ai pas encore vu (sauf sur les mouches qui tombent ttes seules )Le produit sent fort bien aérer après usage"
FR,B01JYS4W2K,Peu efficace,Reviewed in France on 23 June 2025,2,"Peu efficace, j'ai eu beau en mettre plein dans tous les recoins de mon appartement, j'ai dû finir par utiliser d'autres produits bien plus nocifs pour les animaux et les humains, en utilisant un diffuseur dans chaque pièce avant de me débarrasser complètement des puces de parquet. Je vous conseille de payer plus cher une fois plutôt que d'acheter plusieurs fois des produits peu efficaces. Les huiles essentielles et le vinaigre fonctionnent un peu plus (en dépannage) mais l'odeur peut aller jusqu'à vous piquer les yeux."
FR,B01JYS4W2K,Déçu..,Reviewed in France on 13 October 2023,2,"Bonjour à tous, et tousJ’ai utilisé le produit samedi 7 octobre 2023 , afin de traiter le logement contre les puces, aujourd’hui, , et je viens de retrouver cinq puce qui me courait sur la cheville ! Je tiens à préciser que mes chats ont été traités contre l’anti puce,Donc, à conclure que le produit ne fait pas effet… je vais essayer d’utiliser une seconde bombe en espérant que c’était juste les œufs qui ont éclos mais bon je vous conseille d’en prendre deux au cas où que le premier ne fonctionnerait pas…Faites attention quand vous utilisez le produit, mettez-le un peu en hauteur et quand vous rentrez chez vous faites attention car le sol glisse j’ai manqué de me casser la figure à plusieurs reprises… La bombe se vide généralement même pas cinq minutes, une fois le diffuseur enclenché… Il faut attendre environ deux heures avant de rentrer chez soi et d’aérer pendant une heure avant de faire rentrer les animaux."
FR,B01JYS4W2K,Partiellement efficace,Reviewed in France on 8 September 2025,2,Inefficace en grande partie.J'ai acheté ce produit car je suppose avoir quelques puces de lit.Malgré un appartement propre et rangé... Celles ci scouattent dans ma chambre et impossible de les voir !!!J'ai donc acheté ce produit et le lendemain surprise j'ouvre une boîte à chaussure (non hermétique...) et j'ai capturé cette petite bête... Pas rassurant.
FR,B01JYS4W2K,EFFICACE SI NOUS AVONS LA BONNE QUANTITÉ,Reviewed in France on 1 August 2024,2,Habituellement aucun soucis avec ce produit que je commande tous les ans aux premières chaleurs (chats et parquet dans la maison oblige).En temps normal très efficace si nous mettons la bonne quantité en fonctions du nombre de pièces. J'ai commandé 4 article et je n'en ai reçu que 3.J'ai demandé un reliquat ou un remboursement dans la foulée mais rien à été fait et mon dossier est maintenant clôturé car le délai est forcément dépassé (commandé mi juin). Nous avons utilisé les 3 foggers reçus dans l'urgence mais forcément ça n'a pas eu l'effet souhaité sur la durée.Je recommande donc ce produit facile d'utilisation et efficace mais en AUCUN CAS je ne recommande le service client. Plus de 40€ dans le baba. Merci.
FR,B01JYS4W2K,Bon a savoir,Reviewed in France on 14 October 2025,2,Produit qui se  redépose sur le sol et qui le rend gras après pulvérisation continu. Ne convient pas à mes attentes car après 1 mois n'est plus efficace envers les insectes. Alors qu'ils stipulé efficacité 6 mois
FR,B01JYS4W2K,Il marche pas,Reviewed in France on 5 January 2026,2,Il ne fait rien
FR,B01JYS4W2K,Probablement bien pour les volants mais c'est tout,Reviewed in France on 29 August 2025,2,"J'ai acheté le fumigène car j'ai emménagé dans une maison vide depuis plusieurs mois,  les 2 3 premiers jours j'ai croisé d’énormes araignées.  J'ai mis un fumigène dans chaque pièce !!! Et résultat ? Des mouches mortes mais on croise encore des araignées ..."
FR,B01JYS4W2K,Ne fonctionne pas pour les puces de chats !,Reviewed in France on 20 November 2023,2,"Cela fait 4 mois que je me bats avec les puces de chats, un de mes chats était tomber de la fenêtre et a passer la journée dehors elle es revenue pleine de puces j’ai directement traiter avec des pipette mais malheureusement sa n’a pas marcher j’ai ensuite acheter des cachet qui a était plutôt efficace sur les puces adulte sa les a éliminer mais pas les œufs j’ai donc acheter ce fumigène que j’ai mis samedi 11 novembre et ben 1 semaine après je trouve des puces vivante chez moi et mes chats sont de nouveau infester de puces alors qu’il ne sortent pas dehors et que je lave tous les jours .. je ne sais plus quoi faire pour m’en débarrasser"
FR,B01JYS4W2K,Est-ce que ça dissout les puces ???,Reviewed in France on 10 May 2022,2,"Je ne sais pas encore si ce sera efficace comme insecticide, mais c'est un excellent solvant pour le plastique !J'avais posé le diffuseur sur ma table d'ordinateur (le matériel n'y était pas, heureusement) et j'ai retrouvé la surface complètement décomposée, transformée en colle forte ! Les petites marques blanches viennent du mouchoir en papier que j'avais utilisé pour essuyer, en pensant bêtement que c'était seulement mouillé...Sur le carrelage, c'était bien glissant, j'ai failli tomber plusieurs fois. Torchon et alcool semblent avoir régler le problème de ce côté.Pour la table, j'ai dû ajouter un tapis anti-dérapant, après avoir isolé les parties collantes avec du papier calque (ça se voit moins).J'ai bien relu toutes les indications sur la bombe, il n'est fait nulle part mention de précautions à prendre pour les surfaces exposées à la pulvérisation, ni sur les moyens de nettoyer — quand c'est encore possible — les tâches occasionnées. À éviter."
FR,B01JYS4W2K,le produit ne se diffuse pas entièrement,Reviewed in France on 6 August 2025,2,le produit ne se diffuse pas entièrement il en reste encore pas mal  dans la bombe mais impossible bien sur de le réactiver . Dommage .
FR,B01JYS4W2K,Peu efficace,Reviewed in France on 22 September 2025,2,Peu efficace
FR,B01JYS4W2K,Pas top,Reviewed in France on 24 June 2025,2,"Le produit n a pas voulu se bloquer, quand j ai enfin réussi, il n a pas été efficace du tout"
FR,B01JYS4W2K,Pas efficace,Reviewed in France on 19 March 2025,2,Pas efficace. Extrêmement collant. Il faut faire un nettoyage des surface et le sol. Il faut éviter le faire dans un appartement avec le parquet. S'abîme le parquet après la diffusion.
FR,B01JYS4W2K,Aucun effet,Reviewed in France on 29 August 2022,2,Alors après avoir acheté 5 bombes de ce produit pour traiter une maison de 380 M2 suite à une invasion de puces sur mes chiens malgré également le traitement des animaux 2 fois en 15 jours traitement des extérieurs  aspire tous les jours ce produit qui est censé être efficace 6 mois ne l ai plus au bout de 10 jours j ai fait le traitement 2 fois  et aujourd'hui j ai retrouvé des puces pourtant mes chiens ne rentrent plus dans la maison et nous faisons très attention alors je pense que niveau efficacité pas génial de l argent jeté par les fenêtres on est passé à la méthode grand mère bicarbonate et  essence de therebenthine
FR,B01JYS4W2K,Encore des insectes,Reviewed in France on 28 March 2025,2,"Après 2 minutes de diffusion et pièce fermé pendant 3 heures, il y a encore plusieurs de cafards. Je suis déçu !!"
FR,B01JYS4W2K,Ne fonctionne pas sur tous les rampants,Reviewed in France on 9 July 2024,2,J' ai une invasion d insectes rampants qui normalement vit dehors. J' ai eu beau nettoyer à fond et pulvériser sur tout le sol. Rien à faire. Je me suis obstinée deux bombes sur le sol de toutes les pièces mais en vain. Pourtant J Y ai cru. Je vais donc refuser les deux nouvelles bombes ET tenter un autre insecticide
FR,B01JYS4W2K,Pas assez puissant,Reviewed in France on 8 March 2024,2,"Suite à l’infestation par les puces de mon chien nous avons dû traiter tout l’appartement, je ne sais pas si l’agencement de l’appartement fait que ça n’a pas été efficace, mais il y avait encore des puces vivantes sur le tapis (que l’on avait au préalable mis près du diffuseur exprès).Nous avons donc dû traiter a nouveau tout l’appartement… perte de temps et d’argent pour le coup"
FR,B01JYS4W2K,Pas aussi efficace..,Reviewed in France on 28 September 2024,2,"Malheureusement, cette bombe anti-cafards n'est pas aussi efficace que je l'espérais. Après plusieurs utilisations, les résultats sont décevants, et il est toujours aussi difficile de combattre ce fléau sur le long terme. Un produit qui promet plus qu'il n'en fait."
FR,B01JYS4W2K,Puces,Reviewed in France on 26 April 2022,2,"Première utilisation aucune différence, les puces sont toujours présente.Je laisse une autre chance au produit, et j’utilise une nouvelle fois avec une intervalle de 15 jours. Cette fois ci j’en met deux de 25m une dans la chambre et une dans le salon, sachant que je vis dans un 30m. J’ai retrouvée quelques puces mortes au sol. Pas de nouvelles d’elles pendant 2-3 jours. Et malheureusement je continue d’être piquée, et j’ai fini par en retrouver une dans mon lit. Je pense que ce produit n’est pas adapté pour ce genre de situation. Poux de plancher, que j’ai à cause des anciens locataire qui avaient 2 chats."
FR,B01JYS4W2K,ça n'a pas marché,Reviewed in France on 2 February 2022,2,"Achetez-en 2 pour une pièce d'environ 20 mètres, le même effet qu'un insecticide à 2 euros. Cela n'a pas fonctionné pour moi, cela chasse les puces pendant quelques heures mais elles reviennent en un instant.J'ai eu le même effet avec 2 bombes insecticides à 1,75 pièce du supermarché, donc ça me parait très cher pour l'effet que ça a, la seule différence c'est que celle-ci a un spray automatique pour faire sortir le liquide d'un coup. Il contient également un ingrédient que les autres moins chers n'ont pas, mais cela n'a pas beaucoup aidé pour l'infestation, . Peut-être que ça marche quand il n'y a pas beaucoup de puces"
FR,B01JYS4W2K,Vraiment déçue,Reviewed in France on 11 January 2019,2,"Mes 3 animaux (2 chats et 1 chien) étaient infestés de puces. En voyant les commentaires sur ce produit je me suis dit que cet achat allait changer ma vie car je commençais à désespérer. J'ai en parallèle traité mes animaux avec 1 cachet du vétérinaire qui infecte le sang et qui est très efficace (on voyait les cadavres de puces sur les animaux). J'ai un appartement de 60m2, j'ai acheté 2 diffuseurs pour 65m2 donc normalement j'aurai du être débarrassée définitivement de ces maudites bestioles.Au bout d'un mois, tout est revenu ! Pourtant j'ai continué à entretenir mon intérieur comme il faut...Je suis un peu désespérée et voir mes petites bêtes souffrir à cause des foutues puces me fait mal au cœur..."
FR,B01JYS4W2K,NUL,Reviewed in France on 28 August 2019,2,"J'ai acheté ce produit car mon petit appartement de 40m2 était infesté de puces de chat et de plancher, passer l'aspirateur et les technique de grand mère n'en sont pas venut à bout et j'ai donc décidé d'acheté ce produit,Et bien j'ai été très déçue ! En plus de devoir partir et de déplacer tout le petit monde, u'e fois rentrée il y en avait encore partout même pas de diminution alors que j'ai tout fait comme prescrit sur l'étiquette !Je ne recommande absolument pas surtout qu'il est fait pour un volume d'à peu près 60m2 donc j'étais un petit peu sur dimensionné, à fuir"
FR,B01JYS4W2K,ça coule,Reviewed in France on 19 December 2023,2,Le produit je pense est efficace. je l'utilise pour désinfecter l'habitat mais le produit coule au moment de la pulvérisation et j'en ai eu plein les mains. Donc faire attention ça pourrait faire des tâches. Pour l'instant je n'ai pas eu de tâches sur mon canapé.
FR,B01JYS4W2K,Pas d'efficacité pour nous,Reviewed in France on 5 September 2023,2,"Malheureusement ce produit n'a pas fonctionné ici ( j'ai acheté la version pour 160m2). Nous avons respecté les indications et même laissé agir plus longtemps que le temps indiqué , les puces sont toujours là, en grande quantité,  ( utilisé dans une dépendance). J'ai dû faire appel à une société spécialisée ce jour."
FR,B01JYS4W2K,Pb de résidus glissants,Reviewed in France on 17 April 2024,2,Après utilisation nous avons retrouvé les sols humides et glissants et poisseux et difficiles à retirerSinon il a l’air d’avoir été efficace plus d’insectes de visibles
FR,B01JYS4W2K,très peu d'efficacité sur les araignées,Reviewed in France on 19 July 2023,2,"j'ai acheté ce produit pensant pouvoir me débarrasser des araignées dans mon garage, j'ai même laissé la pièce plus de 3 heures sans aération, mais cela n'a pas fait grand chose...pourtant c'est précisé sur la bombe que les arachnides sont aussi visés... pour les autres insectes , je ne me prononce pas."
FR,B01JYS4W2K,Pas du 100%,Reviewed in France on 4 September 2023,2,"J'ai retrouvé plein d'insectes morts par la suite donc efficace pour certains insectes, malheureusement j'ai continué à avoir quelques problèmes de puces derrière malgré le lancement des fumigènes. Après nettoyage intensif etc, j'ai fini par ne plus en avoir mais certainement pas grâce à ce produit."
FR,B01JYS4W2K,Utilisé pour des cafards,Reviewed in France on 1 August 2020,2,"Utilisé il y a 2 joursProduit peu efficace sur les cafards, j'ai pris 3 bombes 70m2 pour un appartement de 80m2 (5 pièces), quelques cadavres par ci part là mais surtout beaucoup de cafards ralentis obligé de les attrapé avec un sopalin pour les achever. Çà les a secoué car depuis ils sont de sorti j'en vois encore plus qu'avant.Je vais ressayé dans 15 jours avec 5 Bombes ( une dans chaque pièces ) et vous informe du résultat."
FR,B01JYS4W2K,Efficace 6 mois.. une blague,Reviewed in France on 24 November 2024,2,Inutile...
FR,B01JYS4W2K,Toujours des puces après...,Reviewed in France on 31 August 2024,2,Toujours des puces après... vu le prix...
FR,B01JYS4W2K,peu efficace,Reviewed in France on 15 June 2020,2,"4 bombes utilisées pour une surface de 200m2 (plus que la quantité recommandée) contre une invasion de puces à la maison, ce produit s'est montré efficace à peine pendant 5-6 jours alors qu'il est mentionné plusieurs mois d'après le descriptif. Forte odeur d'insecticide (normal), en retombant il dépose une pellicule huileuse. Au final c'est cher pour un produit peu efficace dans le temps et qui peut se montrer dangereux s'il est mal utilisé."
FR,B01JYS4W2K,…,Reviewed in France on 10 March 2022,2,Je ne sais pas si cela est normal et je ne sais pas si cela a fait effet je pourrais le savoir dans quelque jour ou semaine mais les bouteille on fuit quand je suis rentrée des grosse flaque par terre je ne sais pas trop quoi en penser
FR,B01JYS4W2K,Efficace,Reviewed in France on 17 July 2024,2,Diffuseur de mauvaise qualite
FR,B01JYS4W2K,glissant,Reviewed in France on 17 May 2023,2,"a refaire je prendrai en pharmacie ...ça a l'air de faire le job , mais laisse une grosse zone très grasse au sol , compliqué a nettoyé , et ultra glissante"
FR,B01JYS4W2K,PRODUIT DEFECTEUX,Reviewed in France on 27 June 2023,2,"Bonjour , pourquoi je n'arrive pas  a remettre mon prime sur mon compte , déja essayé avec une de vos collaboratrice impossible vous pouvez me joindre par e mailmerçi"
FR,B01JYS4W2K,Moyen,Reviewed in France on 23 February 2024,2,Je ne sais pas trop si c'est efficace j'ai pas vus d'évolution
FR,B01JYS4W2K,Bof,Reviewed in France on 3 September 2022,2,Très déçue! J’avais déjà utilisé cette marque il y a une dizaine d’années et ça avait été très efficace mais alors là… j’avais encore des puces qui me sautaient dessus le soir même…bien entendu j’avais acheté le nombre de diffuseur nécessaire
FR,B01JYS4W2K,Ne fonctionne pas le temps indiquer.,Reviewed in France on 19 November 2023,2,Une fois enclencher vous avez 30 sec de diffusion. Juste suffisant pour un petit espace comme une auto.
FR,B01JYS4W2K,Choc,Reviewed in France on 24 April 2024,2,
FR,B01JYS4W2K,Modifiction de note vers le bas.,Reviewed in France on 15 June 2021,2,"Les puces vivantes semblent bien avoir étaient tuées mais quelques jours plus tard j'en ai presque autant.De nouveaux oeufs on éclots / des larves sont arrivées à maturités. Cet aspect du traitement semble donc innéficace! Je vais devoir traiter de nouveau, je vais tester avec un autre marque ..."
FR,B01JYS4W2K,Pas encore  essayé.,Reviewed in France on 5 May 2024,2,Conseillé pour mettre sous une perruque.
FR,B01JYS4W2K,Aie,Reviewed in France on 26 November 2023,2,N'a vraiment pas fonctionné pour moi. Des produits de grande surface ont été bien plus utiles.
FR,B01JYS4W2K,Aucun résultat,Reviewed in France on 7 June 2023,2,"Ne fonctionne pas sur les puces, tue les insectes volants et fourmis mais ça dure environ une semaine seulementTrès déçue"
FR,B01JYS4W2K,Augmenter les doses,Reviewed in France on 21 July 2023,2,Prévoir de bouteilles de plus que ce qui est indique pour avoir des résultats.N'apas fonctionné chez moi
FR,B01JYS4W2K,Ça va,Reviewed in France on 10 October 2023,2,"Ça glisse énormément, faut bien laver ses sous vêtements après mais bien"
FR,B01JYS4W2K,Passable,Reviewed in France on 9 September 2022,2,"Après utilisation de 2 bombes pour un sous sol d'environ 100m2, retour le lendemain et encore quelques araignées qui traînent, donc un peu perplexe au niveau de l'efficacité du produit."
FR,B01JYS4W2K,Bof,Reviewed in France on 15 September 2023,2,Efficace sur l instant mais en quelques jours plus aucune efficacité
FR,B01JYS4W2K,bof,Reviewed in France on 1 July 2019,2,"invasion de puce sur mon parquet, j'ai utiliser une premiere foisen dosage par rapport aux mètres carré. deux semaines de tranquillité puis c'est revenue, donc j'ai re mis un traitement un mois apres le premier en double dosage par rapport aux mètre carré. encore une fois efficace dans les premiers temps, malheureusement seulement deux jours apres rebelote. les 6 mois de protection c'est du flan."
FR,B01JYS4W2K,utilisation nulle,Reviewed in France on 4 June 2023,2,"Super pour le diffuseur mais si on veut l'utiliser comme un spray, cela ne fonctionne pas"
FR,B01JYS4W2K,Bof,Reviewed in France on 30 August 2023,2,Plus rien pendant 24 h seulement
FR,B01JYS4W2K,Anti-puces,Reviewed in France on 29 July 2023,2,Pas très efficace !
FR,B01JYS4W2K,Pas convaincu,Reviewed in France on 14 May 2021,2,Efficace a ces 1er jours avec des blattes mort visible au sol puis 2 jours plus tard des blattes vivants de retour sur place. Malgré une opération répétée à 2 reprise.
FR,B01JYS4W2K,Fonctionne peut-être mais...,Reviewed in France on 17 October 2020,2,D'après les avis c'est un très bon produit mais le bouton-pression n'a pas tenu la première utilisation et s'est déboité. Impossible à remettre. Plus de 10 € pour une seule utilisation. Je ne recommande donc pas.
FR,B01JYS4W2K,Pas efficace pour les cafards,Reviewed in France on 8 August 2022,2,Pas efficaces pour les cafards en plus Pas assez pour la superficie annoncée
FR,B01JYS4W2K,Ne dure pas 1 mois,Reviewed in France on 25 September 2022,2,Ne dure que une semaine .J ai eu mieux
FR,B01JYS4W2K,Insatisfait,Reviewed in France on 16 February 2023,2,Inneficace
FR,B01JYS4W2K,Pas assez efficace,Reviewed in France on 27 September 2021,2,Pas assez efficace pour punaise de litC'est comme si nous n'avions rien fait14 euros par la fenêtre
FR,B01JYS4W2K,Ne fonctionne pas,Reviewed in France on 29 October 2020,2,"2 points négatifs :- La languette n'est pas restée enclenchée, j'ai appuyée dessus durant toute la diffusion.- N'a pas éliminé les punaises de lits chez moi"
FR,B01JYS4W2K,La pipette se bouche très facilement.,Reviewed in France on 14 June 2021,2,"La pipette se bouche très facilement. Rapport qualité prix raisonnable mais pas uff,.Odeur fort, a éviter avec les fenêtres fermés"
FR,B01JYS4W2K,Non utilisé !,Reviewed in France on 22 October 2016,2,"Attention à ne pas s'y méprendre ! Ce produit n'est pas un aérosol à vaporiser. Une fois déclencher, la bombe se vide intégralement dans la pièce en se diffusant partout. Il faut ensuite quitter la pièce pendant 3h en la laissant fermer puis bien aérer pendant 1h. J'en conclus donc que ce produit est très nocif et ayant un enfant de 15 mois j'ai préféré ne pas l'utiliser afin que ses jouets ne se retrouvent pas aspergés de produit très dangereux pour lui"
FR,B01JYS4W2K,Inefficace,Reviewed in France on 8 May 2022,2,Ne fonctionne pas contre les araignées ou punaises.Null
FR,B01JYS4W2K,Pas efficace.,Reviewed in France on 11 April 2021,2,Pas efficace pour traiter les punaises de lits. Elles ne meurent pas sur le coup ni plus tard.
FR,B01JYS4W2K,pas efficace,Reviewed in France on 17 June 2021,2,je retrouve encore des puces dans ma chambre 2 jours après l’utilisation de ce produit ..
FR,B01JYS4W2K,Inefficace pour les puces de mon chat,Reviewed in France on 10 January 2020,2,Utilisation en appartement de 67m2. L'odeur est très forte donc je vous conseil de partir pendant 2-3h. Le produit n'a eu aucun effet sur les puces de mon chat. La livraison a été rapide.
FR,B01JYS4W2K,Doute de l'efficacité,Reviewed in France on 30 July 2021,2,"Mouais, pas sure du truc, celui du véto c'était concluant, parasite mort"
FR,B01JYS4W2K,peu efficace,Reviewed in France on 19 August 2020,2,Mon but était de me débarrasser des cafards : échec (quelques cadavres mais d'autres très en forme)Même les mouches ont survécu.
FR,B01JYS4W2K,Pas assez efficace,Reviewed in France on 5 January 2020,2,"3 bombes de 80m2 achetées, et des puces sont encore visibles. Ce n'est pas faute de nettoyer et de passer l’aspirateur. J’ai l’impression d’avoir gâché mon argent."
FR,B01JYS4W2K,Très gras après utilisation,Reviewed in France on 17 October 2020,2,Le produit est bien mais après utilisation le sol est très gras. Difficile à faire partir.
FR,B01JYS4W2K,Boff,Reviewed in France on 3 January 2022,2,Boff
FR,B01JYS4W2K,Déçu,Reviewed in France on 13 September 2020,2,Le produit n’a pas fonctionné sur les mites qui est mon problème
FR,B01JYS4W2K,À éviter,Reviewed in France on 16 August 2020,2,"Inneficace, a moins de vider la moitié de la bombe sur la bestiole"
FR,B01JYS4W2K,Moyen,Reviewed in France on 25 June 2019,2,"Produit pas très fonctionnel. J’ai acheté ça pour vaincre le plus gros des punaises de lit mais toujours des piqûres, alors j’ai acheté autre chose et à ça fonctionné."
FR,B01JYS4W2K,Pour vaporiser localement,Reviewed in France on 9 March 2020,2,"Ne marche pas en bombe. Rien de tel qu'un fumigène,  en plus, moins cher. Je deconseille"
FR,B01JYS4W2K,Bof,Reviewed in France on 4 September 2019,2,Produit qui n'a pas donné satisfaction par rapport à celui du pharmacien. Je ne recommande pas
FR,B01JYS4W2K,Déception,Reviewed in France on 11 November 2019,2,Aucun effet apparent. Deux fois le traitement fait à une semaine d'intervalle ????????????
FR,B01JYS4W2K,je ne recommande pas,Reviewed in France on 23 August 2019,2,laisse une pelicule tres grasse sur le carrelage .....retour des mythes apres 1 semaine achat inutile
FR,B01JYS4W2K,Promo un livré pour deux acheté...,Reviewed in France on 30 September 2018,2,"Le produit en lui même est conforme, mais le transporteur mauvais un aérosol reçu pour deux commander...  À ce prix là oui ils peuvent être en promo."
FR,B01JYS4W2K,Bien mais ....,Reviewed in France on 17 November 2018,2,Laisse une pellicule grasse dans toute la piece .... lavage du sol au minimum 3 fois pour ne plus glisser
FR,B01JYS4W2K,Spray,Reviewed in France on 18 October 2018,2,Un peu difficile à l'emploi. Ce n'est pas bien préciser comment l'utiliser. Sur les tissus ?  Dans l'air ?
FR,B01JYS4W2K,Ça ne tue pas les oeufs,Reviewed in France on 20 August 2018,2,J'ai bien fait comme il fallait ... cependant il en reste encore des vivantes... Je ne sais plus quoi faire la
FR,B01JYS4W2K,Déçue,Reviewed in France on 28 July 2018,2,Je ne comprends pas comment on peut l’utiliser en mode spray en ayant reçu le produit comme ça.
FR,B01JYS4W2K,Decu,Reviewed in France on 30 March 2019,2,Reçu avec bouton cassé difficile de sans servir
FR,B01JYS4W2K,ne tue pas les bon insectes,Reviewed in France on 6 March 2017,2,"et bien déja très forte et mauvaise odeur, et au lieu de tué puce et punaise de lit seul les moucherons meurt.. jai pourtant pulvérisé 250ml partout dans 9m2, chaque recoin .  produit moyen .."
FR,B01JYS4W2K,Pas super,Reviewed in France on 21 July 2019,2,Pas top aucune efficacité.
FR,B01JYS4W2K,Pas fonctionne,Reviewed in France on 23 October 2018,2,N à pas fonctionne du tout reste la moitie
FR,B01JYS4W2K,nul,Reviewed in France on 3 August 2017,2,impossible de vider l'integralitée de la bombe.Manque de gaz...A ce prix aucun interet.passer votre chemin sur cette article
FR,B01JYS4W2K,Prévoir un grand nettoyage de printemps mais semble efficace,Reviewed in France on 4 July 2018,2,J'ai commandé 8 diffuseurs et j'en ai reçu que 6
FR,B01JYS4W2K,Pas comme j’en pensais,Reviewed in France on 8 October 2018,2,Toujours des puces après traitement
FR,B01JYS4W2K,Produit peu efficace...,Reviewed in France on 27 January 2016,2,J'ai pulvérisé ce produit et respecté les consignes. Et j'ai été piqué par des tiques une petite heure plus tard...
FR,B01JYS4W2K,Efficacité courte durée,Reviewed in France on 22 December 2021,2,"Apres avoir traité le chien et le chat décapé  du sol au plafond, laver tout ce qui ce qui était possible couchage coussins plaids draps….nous avons mis 2 diffuseurs de 70m2 chacun pour un appartement de 80 m2 le jour de notre départ en vacances de la Toussaint. Au retour, apparemment plus rien ! Aujourd’hui , 23 décembre malgré aspirateur tout les jours, je viens de trouver 2 puces sur le chat qui ne sort jamais ! Autant dire que le chien en a aussi !  Efficacité moins de 2 mois  !"
FR,B01JYS4W2K,Inefficace,Reviewed in France on 25 July 2021,2,Inefficace
FR,B01JYS4W2K,Pas efficace contre les punaises,Reviewed in France on 7 February 2021,2,"Étant envahi de punaises, j'ai essayé cet insecticide mais malheureusement il n'est pas du tout efficace contre ce genre d'insecte."
FR,B01JYS4W2K,Efficace : Oui mais,Reviewed in France on 9 November 2025,3,"J’ai acheté ce produit pour traiter une infestation de puce que mon chat a apporté. Premièrement je ne sais pas si je peux parler d’infestation car je n’ai pas vu de puce à l’œil nu ni de piqûre apparente sur le corps. Je fais le ménage quotidiennement à savoir : aspiration / serpillère sol, aspiration fauteuils, changements des draps 2x/sem à 60 degré, surfaces, etc. Du coup peut être que ça a ralenti la prolifération, et comme je ne savais pas depuis combien de temps mon chat en avait j’ai préféré prendre mes précautions.Je savais qu’il y en avait dans l’environnement car j’ai vu des crottes de puces et en aspirant, j’ai vu des larves dans le compartiment de l’aspirateur. Je me suis débarrassée de l’arbre à chat et un petit lit canapé chat que mon chat avait après les avoir traités. Et en bref pratiquement toutes ses affaires. Paniquée, j’ai préféré prendre la décision radicale de traiter tout l’habitat.Étape 1J’ai d’abord traité mon chat avec une pipette achetée chez le vétérinaire au prix de 16,50€ (Nexcard Combo qui traite puce/tique/vermifuge effet 1 mois) qui a été très efficace et radicale dès l’application. 3j après l’avoir brossé tous les jours (avec brosse à puce) plus rien : poil propre, plus de crotte, deux trois puces mortes étaient restées encore dans le pelage. J’ai pu tout enlever.Étape 2J’ai pris dans l’urgence un spray à base de géraniol que j’ai appliqué sur tout le textile de la maison (sans oublier le matelas) et dans l’air.Étape 3Après m’être renseignée sur tous les fogger et fumigènes insecticides anti puce / larve / œufs du marché j’ai décidé de m’orienter vers celui-ci BEAPHAR.En attendant de me faire livrer, j’ai fais un nettoyage comme d’habitude de la maison mais en beaucoup plus dense tous les jours.Lavage de tous les vêtements / textiles à 60* sans oublier de nettoyer le filtre du lave linge et nettoyage tambour à 90* après.Étape 4Jour J. J’ai pris 5 diffuseur automatique 25m2 pour les chambres et autres pièce puis 2 de 65m2 pour les pièces principales. Je place tous les diffuseurs au milieu de la pièce avec une feuille d’aluminium en dessous pour protéger le sol. Je les active et ferme les portes derrière moi.J’ai laissé agir 4h (il faut sortir de l’habitat) et je suis revenue pour aérer. En revenant: une légère odeur limite agréable franchement j’ai pas eu de mal à me déplacer dans la maison contrairement à d’autre avis.Il faut savoir que j’ai un carrelage gris clair et matte. Je le précise pour la suite.J’ai vu une petite araignée marcher dans la pièce de vie (elle était sûrement bien cachée) shootée elle était pas rapide sinon tout le reste des insectes au sol raide, y’en avait pas beaucoup.Pour le moment je ne sais pas si cela a fait effet, je n’ai rien vu pour le moment, mais comme j’ai dis je ne sais pas à quel point j’en étais sur une dite infestation.Étape 5 (et la plus dure)Le plus duuuuuur ça été de nettoyer toute la fine couche grasse laissée au sol après diffusion. Les surfaces ça va. J’ai dû nettoyer le sol pendant 2h j’ai mis tous les produits mais rien à faire j’ai toujours autant de trace. Alors si vous avez un carrelage matte attentionnnn la galère mais vraiment. C’est la principale raison pour laquelle je suis assez mitigée sur mon avis en voyant l’araignée et les traces au sol. Peut être qu’un fumigène qui ne laisse pas de trace au sol aurait été plus adapté pour mon sol.1 semaine après : j’ai passé la serpillère tous les jours mais il y a toujours autant de trace apparente sur mon carrelage. J’ai même utilisé des produits pro pour le sol dégraissant mais rien à faire.Je pense et j’espère surtout qu’à force ça va bien finir par s’estomper.Update après 6 mois : le produit a été efficace plus de larve, de puce… je continue de traiter mon chat avec une pipette 1x/mois.Au niveau de mon sol les traces ont finie par s’estomper avec le temps. Aujourd’hui il n’y a plus rien, mon sol est devenue très glissant pendant un temps mais maintenant ça va.Conseil général le produit c’est OK mais après il faudra être rigoureux pour tout nettoyer :)"
FR,B01JYS4W2K,Attention glissant !,Reviewed in France on 2 July 2026,3,"Je ne peux pas encore juger de l’efficacité, mais point important, après diffusion, le sol est extrêmement glissant. Peut être intéressant pour se débarrasser d’insectes et d’une belle mère par la même occasion."
FR,B01JYS4W2K,Poux,Reviewed in France on 19 May 2026,3,Bien
FR,B01JYS4W2K,Décevant,Reviewed in France on 14 December 2025,3,"J’ai utilisé le 80m2 dans mon 42m2, et ça n’a pas suffit pour enlever les puces qui s’étaient logées dans le canapé et le lit. J’imagine que ça a enlevé le plus gros, mais clairement pas suffisant (en complétant en plus avec un spray aussi en vente sur Amazon)"
FR,B01JYS4W2K,Spray pas pratique,Reviewed in France on 17 March 2026,3,Pas pratique de l'utiliser en spray
FR,B01JYS4W2K,"Mitigé sur le résultat : l'efficacité est là, mais l'odeur...",Reviewed in France on 11 September 2025,3,"J'ai acheté ce spray pour traiter quelques zones ciblées dans la maison, et je dois dire qu'il est efficace. Les insectes sont bien éliminés et l'effet a l'air de durer comme promis.Cependant, l'odeur est vraiment très forte et tenace. Malgré plusieurs aérations, elle persiste plusieurs jours après l'application. Le géraniol sent très bon, mais dans ce cas, c'est vraiment puissant et ça peut être un problème pour les personnes sensibles."
FR,B01JYS4W2K,Sans plus,Reviewed in France on 17 November 2025,3,Je conseille mettre un masque surtout après pour ouvrir les fenêtres et surtout ressortir le temps aéréMettre un carton ou sachet dessousRend le sol gras
FR,B01JYS4W2K,Mitigé,Reviewed in France on 30 December 2025,3,Aide mais ne suffit pas à endiguer l’infestation.
FR,B01JYS4W2K,le percuteur ne reste pas bloqué,Reviewed in France on 23 September 2025,3,"le produit est certainement efficace mais impossible de bloquer le diffuseur , du coup le produit ne sort pas et j'ai du le tenir ouvert avec mon doigt ce qui me parait très dangereux.Je ne recommande pas"
FR,B01JYS4W2K,Efficacité douteuse,Reviewed in France on 8 September 2025,3,Produit acheté pour finir avec les mites dans la maison vide de 80 m2 (sans meubles et occupants). Pas très efficace car 5 jours après l’application il en avait encore sachant que la maison est resté fermé complètement pendant plusieurs jours. facile à utiliser.
FR,B01JYS4W2K,Doigt dessus,Reviewed in France on 31 October 2025,3,"Grosse contenance, par contre ne fonctionne pas tout seul, il faut garder le doigt dessus pour diffuser. Prévoir masque."
FR,B01JYS4W2K,moyen,Reviewed in France on 7 November 2025,3,"Bof. Efficace une heure, puis les mouches sont de retour. pas violent comme produit"
FR,B01JYS4W2K,"Produit ok, livraison aléatoire",Reviewed in France on 28 June 2025,3,"Le produit est facile d’utilisation, efficace, mais pas miraculeux; il faut plusieurs traitements pour que cela fonctionne.Le principal problème venant du mode de livraison ( parfois chronopost, dont le fonctionnement, lui, varie de très mauvais à franchement nul), il vaut mieux acheter en local plutôt qu’en ligne."
FR,B01JYS4W2K,Pas convaincue.,Reviewed in France on 11 July 2025,3,"Je suis mitigée par ce produit. Pendant 2 semaines, plus la moindre puce, c'était parfait, et d'un coup j'en ai eu de nouveau. Peu, certes, mais je dois recommencer à traiter. J'ai recommandé le même produit, espérons que ça soit la bonne"
FR,B01JYS4W2K,Je reste mitigé,Reviewed in France on 20 May 2024,3,"Le spray a bien éliminé une bonne partie des insectes qui traînaient à la maison, mais n'a eu aucun effet sur les moucherons qui envahissent ma cuisine. Ces petits insectes (mouches des fruits ?) ont jusqu'à présent résisté à tous les insecticides que j'ai pulvérisés ou badigeonnés. Ils se collent à peine sur les rubans attrape-mouches, échappent aux raquettes électriques et aux lampes bleues, squattent le plafond et les luminaires, et salissent tout...Le seul traitement qui semble efficace est de garder l'aspirateur sous la main et de les aspirer au fur et à mesure qu'ils se posent quelque part. Chasse à l'affût qui prend du temps et de l'énergie mais limite la diffusion de produits chimiques et donne un résultat visible.Ce spray laisse en plus un dépôt glissant qu'il faut éliminer après utilisation."
FR,B01JYS4W2K,il faut voir,Reviewed in France on 2 October 2025,3,"ne semble pas si efficace, mais peut être faut -il attendre"
FR,B01JYS4W2K,spray insecticide,Reviewed in France on 23 August 2024,3,"J'ai récemment testé ce spray insecticide, et bien qu'il soit très efficace pour éliminer les insectes, il a malheureusement un gros inconvénient. Après utilisation, il laisse un film gras sur toutes les surfaces touchées, ce qui est assez désagréable. Le sol devient glissant et difficile à nettoyer, ce qui ajoute une tâche supplémentaire après l'application. En résumé, il fait bien son travail pour se débarrasser des insectes, mais le résidu qu'il laisse derrière lui est un vrai problème à gérer. Si vous choisissez de l'utiliser, soyez prêt à faire face à un nettoyage en profondeur par la suite."
FR,B01JYS4W2K,Très bon produit,Reviewed in France on 2 August 2024,3,"Très bon produit , mais après mis en vaporisation nous sommes partis plus de quatre heures une fois revenu on a ventilé la maison pendant plus une heure et là là surprise la maison était entièrement recouverte d'une pellicule grâce partoutMême les meubles et bibelots fut recouvert de se gras il a fallut tout laver plusieurs fois pour pouvoir se débarrasser de se gras.Nous sommes très déçu et ne comprends pas comment un tel produit et vendus pour desinsectiser les maisonsJ'espère que vous allez me rembourser cette achatMerci de me répondre"
FR,B01JYS4W2K,Pas convaincu,Reviewed in France on 25 August 2024,3,"Utiliser pour la chambre et pour le salon j’ai fait en deux fois dans la chambre. Tout seul porte fermée pour les punaises de lit pas efficace. J’en ai toujours pour le salon. Je ne sais pas je crois que j’ai pas de punaises de lit dans le salon, donc je sais pas convaincu par ce produit, mais peut-être qu’il est pas adapté pour les punaises de lit, j’ai quand même tenté l’expérience. En tout cas j’ai toujours des bestioles dans la chambre."
FR,B01JYS4W2K,Avis mitigé,Reviewed in France on 11 March 2019,3,"Je l'ai acheté pour désinfester mon appartement pour cause de puces que mon chat a attrapé je ne sais comment (chat qui ne sort jamais).Pour l'instant je ne l'ai testé que sur son arbre à chat, et la chambre à coucher, il m'a l'air assez efficace.Application directe sur l'arbre :Peu pratique à utiliser avec le spray ""automatique"" lorsqu'on souhaite appliquer sur une surface en particulier. J'ai laissé l'arbre sur le balcon après application, mais il a gardé une odeur d'insecticide que mon chat n'apprécie pas... Du coup il refuse de l'utiliser.Je comptais l'utiliser sur son autre arbre, tapis et canapé en application directe, mais maintenant j'hésite un peu.Spray automatique dans la chambre :Je ne l'ai laissé que quelques secondes, porte fermée. Sur le spray il est indiqué que la bombe se vide en 4 minutes environ, mais ne précise pas combien de temps il serait préférable de le laisser pour une pièce plus petite (sachant que j'ai acheté le format éco pour 160m²).Encore une fois le spray est assez peu pratique a utiliser - il faut appuyer puis tourner pour le mettre en automatique, puis le poser. Si jamais on veut l'arrêter sans utiliser tout le produit, on se fait asperger pour atteindre la bombe et l'arrêter. Vraiment, très peu pratique comme système.Comme dit dans d'autres commentaires, le liquide laisse un dépôt un peu glissant sur le sol, et l'odeur n'est pas trop forte. Il faut bien laisser la fenêtre grande ouverte pour bien aérer et l'odeur reste légère après le temps d'aération recommandé. Plus d'odeur réellement notable après 2 jours.Efficacité : malheureusement je ne pourrais pas le dire. Comme je n'ai pas encore pu avoir l'occasion de l'utiliser dans le reste de l'appartement, mon chat a du récupérer les puces des autres pièces..."
FR,B01JYS4W2K,Pas touts à fait satisfaite,Reviewed in France on 15 November 2024,3,"Pas tous a fait commenté du résultats  ,j en ai  moin donc un seconde traitement aujourd'hui 6 bombes de 26 m2 et une bombe de 120 m2 et il y en a encore  l infection ce trouve à l étage  rien dans les pièces du bas ,mais je traite toutes les pièces"
FR,B01JYS4W2K,Pas mal,Reviewed in France on 20 November 2022,3,"Alors, j'ai essayer ce produit chez moi comme essaie en premier abord car je suis à la limite d'être envahit de puce, j'en est retrouver quelques unes mortes mais il y a des hargneuses je pense car j'en est retrouver qui avait repris du poil de la bêteJe n'ai pas l'impression que le produit agis sur long terme, j'ai essayer de deparasite mes chats avant l'application de ce produit mais ça n'a pas marcher ou alors je m'y suis mal prise .. donc bon, je recommanderai et réessaierai car je l'ai quand même trouver efficace, en revanche, ne rester effectivement pas chez vous après utilisation, moi qui souffre dhyperventilation et d'asthme ça a été une horreur quand j'ai appliquer le produit"
FR,B01JYS4W2K,Moyen,Reviewed in France on 28 July 2023,3,"Pour commencer: le prix assez élevé, et pour être tout à fait honnête,  l'efficacité du produit est minime, je précise avoir d'abord nettoyer à fond chez moi, traité les animaux, puis appliqué le produit mais malheureusement au bout de 5 jours nous avions de nouveaux des puces. Le produit qui nous a sauvé est un liquide à diluer dans un seau et passer la Serpillière. Je pense que ce produit peut fonctionner mais pour une petite infestation."
FR,B01JYS4W2K,Mitigé,Reviewed in France on 28 December 2024,3,"A sûrement enlever quelques puces, mais pas toutes car 7 jours après les larves sont devenus adultes et réinfestent la maison."
FR,B01JYS4W2K,impossible de laisser la languette enclanchée...,Reviewed in France on 18 October 2024,3,"...... dès que je relâche , ça s'arrête .donc j'ai laissé mon pouce dessus le temps que tout sorte . avec un mouchoir sur la bouche et le nez ."
FR,B01JYS4W2K,Efficace,Reviewed in France on 25 November 2024,3,Le oroduit est efficace mais alors les taches qui ma laisser sur mon carrelage comme de la graisse impossible de le nettoyer
FR,B01JYS4W2K,Pas conforme,Reviewed in France on 15 September 2024,3,"Le produit ne tient pas ses promesses.Je l'ai mis dans une chambre de 10 mètres carrés.Il y avait encore 2 petites araignées, en pleine forme.Je ne suis pas satisfaite."
FR,B01JYS4W2K,Efficace,Reviewed in France on 8 October 2024,3,"Je le mets au tout début de chaleur, fonctionne bien tue les mouches en quelques jours. Mais pour les fourmis, araignées, ca ne les fait rien."
FR,B01JYS4W2K,Couche grasse au sol,Reviewed in France on 2 July 2024,3,"J’ai utilisé la bombe prévue pour les grandes surfaces pour une zone de 60 m2 avec plafonds de 3,20mAutomatiquement déclenchée le matin, lorsque je suis rentré le soir j’ai dû passer la serpillière partout. Une couche grasse très glissante s’était déposée.Décevant."
FR,B01JYS4W2K,"Facile d’utilisation, mais pas assez efficace",Reviewed in France on 5 July 2024,3,"Utilisé en 75ml pour mon garage de 15m2.J’ai bien calfeutré la porte basculante, toutefois les mites ne sont pas toutes mortes, certaines remuant encore après 4h de scellement.C’est très facile à utiliser, et il n’y a pas d’odeur après coup."
FR,B01JYS4W2K,Sa permet de dépanner,Reviewed in France on 7 August 2024,3,"Essayer hier soir duré 3 h dans une pièce et il ne tue pas en totalité les cafards. J'en n'ai retrouver certain mort et certain qui se promenais tranquillement, je vais passer au magnum gel"
FR,B01JYS4W2K,Pas sûre,Reviewed in France on 3 January 2025,3,Pas sûre de son efficacité
FR,B01JYS4W2K,Pas efficace,Reviewed in France on 24 November 2024,3,J'ai toujours des puces chez moi et sur mon chat
FR,B01JYS4W2K,super,Reviewed in France on 7 November 2024,3,Le mode automatique ne marche pas et pourtant j’appuie fort
FR,B01JYS4W2K,Inefficace sur les parquets massifs,Reviewed in France on 3 August 2024,3,"Efficaces sur lino, stratifié et carrelage. Attention sol extrêmement glissant après ! Complètement inefficace sur les parquets massifs, il faut le pulvériser plutôt."
FR,B01JYS4W2K,Insecticide,Reviewed in France on 30 July 2024,3,J’avais commandé ce produit comme insecticide contre les insectes volants et rampants.Mais c’est un produit super dangereux pour mon utilisation.Je désire le renvoyer
FR,B01JYS4W2K,ce spray,Reviewed in France on 25 September 2024,3,pas vraiment facile à utiliser. Pour son utilité à vérifier ???
FR,B01JYS4W2K,A fonctionner sur 4 jours pas plus,Reviewed in France on 1 November 2024,3,A revoir
FR,B01JYS4W2K,N'a pas fonctionné sur les punaises de lits,Reviewed in France on 1 July 2024,3,"Comme le titre l'indique ce produit n'a malheureusement pas pu venir à bout des punaises de lits, mais par contre j'ai retrouvé des araignées KO 💪🏼."
FR,B01JYS4W2K,Raté,Reviewed in France on 26 September 2023,3,"Ça a bien fonctionné sur les petites insectes « invisibles » ( moustique , araignée ou poissons d’argents de passage ..) mais ça n’a pas éradiqué les mites . Je lutte encore .Dépôt gras laissé au sol. Je m’y attendais un peu mais ça été compliqué de remettre au propre"
FR,B01JYS4W2K,Efficace,Reviewed in France on 10 July 2024,3,Acheter pour un diffuseur automatique la bombe n'est pas à la bonne taille je l'utilise donc comme cela mais il est très efficace
FR,B01JYS4W2K,Inefficace sur les moucherons,Reviewed in France on 9 January 2020,3,"J'ai voulu acheter un lombricompoteur , mais quel erreur depuis j'ai des moucherons pleine la maison, pot de fleur mare de café , je ne peux pas manger un sandwich sans me faire agressé par les moucherons , je fait le ménage à fond et je perçut l'aérosol puis je part au travail , le soir je rentre optimiste , mais j'ai vite chopé la haine ça n'a rien fait à mes moucherons j'ai remarqué que 2,3 moucherons titubait mais vu le prix de l'aérosol je voulais faire un génocide mais non ça les à fait rigoler , ils semblaient que le produit marche pendant 6 mois et empêche les larves de devenir des moucherons qui pourrons se reproduire alors j'espère que sur le long thermes cette aérosols sera efficace."
FR,B01JYS4W2K,Spray antipuces,Reviewed in France on 30 May 2020,3,"livraison dans les délais et produits conforme au descriptif. utilisé en complément du fumigène de la même gamme, en prévention contre une éventuelle invasion de puce, je ne saurais vous dire si c'est efficace mais en prévention ça a l'air de plutôt bien fonctionné puisque malgres  les grosses chaleurs  il n'y a pas l'ombre d'une puce dans notre foyer. nous avons traiter tout les panier, arbre à chat,... Puis poser 2 fumigène dans notre appartement.Si comme moi vous avez beaucoup d'animaux, je conseille fortement d'avoir toujours une bombe et/ou un fogger chez sois  afin de traiter régulièrement votre appartement et tout ce qui peut être en contact avec vos animaux pour ainsi éviter les infestations surtout en période de forte chaleur."
FR,B01JYS4W2K,Anti puce,Reviewed in France on 9 July 2023,3,"Pas trop efficace à 100% malgré qu'on est respecté les conseils d'utilisation à la lettre.  Je suis déçue car ces produits coûtent un bras et demi, surtout qu'il en faut plusieurs pour couvrir toute la maison. Et encore ça n'a pas absolument pas tout tué..."
FR,B01JYS4W2K,Fumigène peu efficace,Reviewed in France on 19 July 2023,3,Nous  avons utilisé ces fumigènes pour une infestation de pucesMalheureusement pas vraiment efficace quelques puces retrouvées mortes mais la plupart toujours laPeut être dû à notre sol (vieux parquet bois) ou le fumigène ne peu peut être pas se poser partout …
FR,B01JYS4W2K,Ne tue pas les cafards ni les punaises,Reviewed in France on 20 July 2024,3,Les punaises fuient meurent après un certain temps mais pas toutes
FR,B01JYS4W2K,Produits reçus en mauvais état,Reviewed in France on 9 December 2021,3,"Produits commandés pour détruire une invasion de mouches.J'ai reçu les produits complètement écrasés, l'emballage n'est pas adapté à l'envoi de ces produits.Ce sont des produits hautement toxiques et sous pression, et Il est anormal de les recevoir dans un simple emballage qui ne les protège pas correctement de l'écrasement durant le transport.L'emballage est à revoir, car il est important que de tels produits soient correctement emballés et protégés.Malgré ces inconvénients les produits sont fonctionnels et à priori efficaces."
FR,B01JYS4W2K,Déçue,Reviewed in France on 31 August 2022,3,J'ai acheter 2 petits modèle du produit nickel et j'avais le grand qui n'a jamais voulu ce bloquer en fonction automatique... j'ai dû faire au spray et franchement désagréable quand on reste en contact de ce produit... très déçue et d'y coup moins bien efficace... je vais devoir traiter à nouveau... très déçue... je ne trouve pas ça cool d'avoir des articles défectueux...
FR,B01JYS4W2K,Livraison a rallonge,Reviewed in France on 4 July 2023,3,Produits efficace.Mais système de livraison a revoir (refus du livreur de le mettre dans la boîte aux lettres ou de le déposer au voisin)... Cela a duré 1 semaine supplémentaire et j'ai du finalement allez le chercher à la poste.
FR,B01JYS4W2K,Échec de la diffusion en automatique,Reviewed in France on 22 October 2023,3,J’ai dû tenir l’appareil sans respirer aussi longtemps que j’ai pu. C’était pour éliminer les insectes indésirables comme les araignées dans un atelier. Cela semble avoir fonctionné. Je n’en ai pas revu depuis.
FR,B01JYS4W2K,Anti puce,Reviewed in France on 18 July 2024,3,Efficace pour petite pièce
FR,B01JYS4W2K,EXTREMEMENT TOXIQUE POUR LES CHATS! A utiliser avec prudence,Reviewed in France on 2 October 2023,3,Produit très efficace mais beaucoup de précaution a prendre si vous avez un matou.Contient de la Perméthrine qui est mortel pour les chats.
FR,B01JYS4W2K,Moyennement efficace,Reviewed in France on 22 June 2024,3,Il y a encore des puces après utilisation
FR,B01JYS4W2K,pas sûr de son efficacité,Reviewed in France on 12 September 2023,3,"je met 3 étoiles car il fait le taf demander mais n'étant pas sûr de sont efficacité et si il à bien recouvert tout l'espace de vie, je ne peux me prononcer plus."
FR,B01JYS4W2K,Un peu déçu,Reviewed in France on 26 October 2023,3,Je ne suis pas sur de son efficacité. Mouches et Moucherons n'ont pas l'air impacté. A voir avec le temps pour le reste. Ça laisse une belle tâche graisseuse autour.
FR,B01JYS4W2K,Fonctionne,Reviewed in France on 17 May 2024,3,Boff moyen mais fait le taff sur les moucherons
FR,B01JYS4W2K,Défectueux,Reviewed in France on 24 October 2023,3,"Sur les 4 fumigènes commandés, j’ai reçu 2 produits défectueux que l’on refuse de me rembourser car cela fait 38 jours que j’ai acheté le produit."
FR,B01JYS4W2K,Pas efficace,Reviewed in France on 12 August 2023,3,"J ai du utiliser 3 bombes pour 20m2 à  3 jours d intervalle, initialement prévues pour 60 m2 (3 bombes). Décevant, pour le prix, et l efficacité."
FR,B01JYS4W2K,Difficulté d utilisa,Reviewed in France on 4 November 2023,3,"Pas simple avec le bouchon , j ai dû rester le doigt appuyer dessus pour que cela fonctionne. !!"
FR,B01JYS4W2K,Attention produit très gras au sol lorsque cela retombe très désagréable je ne recommanderai pas,Reviewed in France on 11 June 2023,3,J'avais pourtant posé le produit sur un torchon mais les retombées au sol sont très grasses ...et cela devient très dangereux ...je ne recommanderai pas ce produit ...
FR,B01JYS4W2K,Tue les bêtes sous les plinthes mais pas vraiment les larves,Reviewed in France on 9 September 2021,3,"Je l’ai utilisé car j’avais plein d’insecte chez moi : des fourmis un peu, des bêtes qui rongent sous les plinthes de bois (peut être aussi des fourmis ?), des mites… brefLe produit a définitivement enlevée les insectes qui creusaient mes plinthes!Tué quelques araignée, mouche, et les fourmis ont disparu pour un bon moment …En revanche les mites sont toujours là …A tester de nouveaux avant l’hiver…"
FR,B01JYS4W2K,Efficacité moyenne,Reviewed in France on 12 September 2019,3,"Episode de puces à la maison à notre retour de vacances.. Nous avons d'abord mis des foggers mais quelques puces ont résisté.. Nous Avons donc opté pour les sprays, 4 de 500ml pour une maison neuve de 150m2.. On en a mis partout, jusque sous devant derrière a gauche à droite de chaque meuble, au niveau des plinthes, sol, plafond, literie, canap.... Et bien les puces ont résisté au garage.... Pourtant nos 2 chattes ont été traitées par médicament et n'ont plus la moindre puce... Nous ne savons plus quoi faire.."
FR,B01JYS4W2K,Pas convaincu,Reviewed in France on 20 October 2022,3,"D'habitude j'utilise une autre marque que je vaporise dans toute la maison et je suis tranquille tout l'hiver , la quelques jours après la diffusion déjà des araignées sont de retour."
FR,B01JYS4W2K,Pas d odeur....,Reviewed in France on 21 April 2021,3,"Reçu ce jour.Je l'ai essayé ce soir, le produit me brûle la langue (oui la langue car j'ai dû parler en bombant mes plinthes) mais aucune odeur alors que ds certains avis il est noté que le produit sent.Du coup je me demande s'il est défectueux ou pas.À voir si je trouve des cadavres de poissons d'argents demain."
FR,B01JYS4W2K,efficace mais pas sur la durée,Reviewed in France on 22 September 2021,3,"Utilisée cet été car j'étais envahi de moucherons.Ça m'en a débarré mais ça risque pas de durer 6 mois puisque j'en ai déjà quelques uns qui reviennent après même pas un mois.De plus, j'ai trouvé un cafard en bonne santé quelques jours après avoir utilisé la bombe, donc c'est inefficace contre ces insectes rampants là."
FR,B01JYS4W2K,"paquet ""livré""... à quelqu'un d'autre, heureusement honnête = client pas content !",Reviewed in France on 8 September 2022,3,"Rien à ajouter au titre !Ah si : paresse, incompétence, cupidité, désir de faire mal à autrui : merci le ""livreur"" !Il me reste à tester le produit."
FR,B01JYS4W2K,Diffuseur automatique insecticide habitat,Reviewed in France on 12 July 2023,3,efficace sur le coup mais ne dure pas dans le temps. Dommage.
FR,B01JYS4W2K,Anthrene,Reviewed in France on 6 June 2023,3,Efficace contre les anthrene mais l'odeur est extrêmement forte puis produit trop collant.
FR,B01JYS4W2K,Completement inefficace,Reviewed in France on 20 August 2021,3,"Utilisé comme prescrit et avons laissé l’habitation fermé pendant plus de 24h, la notice donne un spray pour 65m2 et nous en avons mis 2 pour 102 m2A notre retour, même pas apres 10 minutes apres le passage de l’aspirateur ds tout le logement, 3 puces sur nos chaussettes, ne fonctionne donc pas"
FR,B01JYS4W2K,Bof bof à éviter,Reviewed in France on 20 August 2021,3,En complément de deux fogger de la même marqueAssez mitigé mais plus déçu je ne rachèterai pas cette marque contre des punaises de litJ’en ai trouvé des mortes certes mais aussi des vivantes les jours d’après donc à ne pas acheter ce produit ne tient pas ses promessesPas convaincue
FR,B01JYS4W2K,Mitigée,Reviewed in France on 29 July 2022,3,"Utilisé pour des puces dans la maison. Facile à utiliser, mais quelques puces ont survécues et les araignées se promènent encore !Donc mitigée sur le résultat, mais pour le prix..."
FR,B01JYS4W2K,Bof,Reviewed in France on 6 September 2021,3,J’ai utilisé ce produit en ayant des puces que mon chien a ramener dans la maison (chien traité pourtant) et à ce jour il y a encore des puces.Donc bof bof ça n’éradique pas aussi bien que c’est noté pourtant j’ai acheté deux bombes pour toute ma maison.
FR,B01JYS4W2K,Dépôt collant autour de l aérosol,Reviewed in France on 28 October 2020,3,Attention à poser l’aérosol sur un support lavalble : mon parquet est maintenant poisseux à l’endroit où l aérosol était posé. Je regrette de ne pas avoir protégé les meubles avant de déclencher le produit.Pour l’efficacité : je  n'ai pas encore changé le piège à mites textiles....seul un piège neuf me permettra d’évaluer l’efficacité.
FR,B01JYS4W2K,Diffuseur pour élimination des insectes,Reviewed in France on 17 August 2023,3,Laisse un léger film gras après diffusion
FR,B01JYS4W2K,Produit efficace,Reviewed in France on 15 September 2021,3,J ai essayé plusieurs produits pour éliminer les puces sur mon chat j ai essayé les pipettes les colier antipuce sa marchait pas et se produits vous le pulvérisé sur l'animal et 1heure après toutes les puces sont mortes depuis mon chat n'a plus de puces
FR,B01JYS4W2K,Pas très efficace,Reviewed in France on 21 April 2021,3,"on retrouve bien 2 ou 3 puces par terre mais elles sont loin d'être éliminées, alors que le diffuseur (60m²) a été appliqué directement sur la zone infectée.Bref, ce n'est pas la solution miracle à laquelle on s'attend en lisant les commentaires à 5 étoiles malheureusement."
FR,B01JYS4W2K,Moyen,Reviewed in France on 9 August 2023,3,Il vaut mieux utiliser un fumigène
FR,B01JYS4W2K,Ne convient pas pour tous les insectes,Reviewed in France on 18 January 2022,3,Acheté pour se débarrasser de vrillettes dans un meuble bibliothèque . Ne semble pas avoir eu le résultat escompté. Quelques dépôts de sciure à nouveau apparues. L'odeur est prenante il faut bien aérer en même temps .
FR,B01JYS4W2K,n'a pas marché,Reviewed in France on 9 May 2023,3,"facile à utiliser, mais les cafards sont toujours là"
FR,B01JYS4W2K,impossible de savoir..dommage,Reviewed in France on 22 October 2021,3,j'ai bien agité la bombe comme il ce doit..1ere pulvérisation big problème beaucoup plus sur ma main que l'endroit visé...le bouchon est défectueux ça sort liquéfié..quand c'est au magasin du coin on la ramène...mais la ..!
FR,B01JYS4W2K,Utile... mais..,Reviewed in France on 2 August 2021,3,"Le produit est efficace... heureusement..Mais je l'ai payé 12e le mois dernier et maintenant il a doublé de prix.. Explications ? Enfin je ne pose pas de questions, on connait la réponse : le fric... désolant..."
FR,B01JYS4W2K,Doute sur l'efficacité,Reviewed in France on 26 July 2021,3,"A 1ere vue, plutot content. Facile d'utilisation, quantité sympa.Maintenant, 1 semaine apres, je constate encore quelques ""foyers"" de puces résiduels :(Rien à voir avec l'état d'avant mais quand meme, pas d'efficacité à 100% :("
FR,B01JYS4W2K,Pas efficace contre les punaises de lit,Reviewed in France on 4 July 2021,3,"Face aux punaises de lit, ce produit n'est pas efficace et a seulement permis d'en tuer quelques unes. Une action plus ciblée de l'endroit ou elles se logent est nécessaire. Peu de résultats sur ce problème."
FR,B01JYS4W2K,Efficace mais pas dans la durée avec les cafards,Reviewed in France on 29 October 2021,3,"J’ai acheté ces bombes pour l’appartement de mon pere qui a été visité par les cafards, l’efficacité est ok, par contre une semaine plus tard, les cafards sont de retour."
FR,B01JYS4W2K,Produit conforme,Reviewed in France on 10 August 2021,3,"Produit facile d'utilisation, par contre attention au dépôt gras sur le sol ,car glissant,donc après gros ménage, concernant l'efficacité, je pense qu'il faut voir dans le temps,je l'ai utiliser le 08/08/21"
FR,B01JYS4W2K,"après 3 utilisateurs,, mon problème de nuisibles persiste, de même, le nettoyage s'avère laborieux",Reviewed in France on 12 March 2023,3,Problème de mites
FR,B01JYS4W2K,Sa en a enlevé mais pas tout,Reviewed in France on 29 August 2021,3,J'ai mis 2 bombes pour 57 mètre carré sa n'a pas suffit donc je conseil une bombe par pièce sinon j'en ai eu beaucoup moins quand même
FR,B01JYS4W2K,Efficace,Reviewed in France on 1 November 2021,3,"Un produit très efficace, je les achète pour lutter contre les puces  au RDC, efficace mais juste le prix un peu cher."
FR,B01JYS4W2K,Fonctionne avec 2 traitements d’affilée,Reviewed in France on 12 November 2019,3,"Utilisé contre « puces de plancher », le lendemain, j’ai retrouvé bien moins de puces mais l’éradication n’était pas totale. J’ai donc effectué un second traitement. Apparemment au bout d’une semaine...toujours pas de puces. Attention, le produit laisse un léger film humide sur le sol."
FR,B01JYS4W2K,Article incompatible inutile,Reviewed in France on 31 August 2022,3,BonjourJ’ai acheté ça pour les punaises de lit.
FR,B01JYS4W2K,A l’air de faire le job,Reviewed in France on 15 January 2022,3,Fait le job mais déçu que le déclencheur se casse et gêne la bonne diffusion du produit
FR,B01JYS4W2K,Pas très pratique,Reviewed in France on 31 October 2020,3,Lorsqu'on essaye de vaporiser le produit : on en a plein les doigts ! Il y a deux sorties pour le produit et là franchement.... pas terrible.
FR,B01JYS4W2K,Efface mais laisse couche grasse et glissante au sol et meubles,Reviewed in France on 5 September 2019,3,"Efficace mais contrairement à d’autres déjà utilisé, il laisse une couche grasse et glissante au sol et sur les meublesNécessite un sacré nettoyage à plusieurs foisCe qui n’avait été le cas avec un autre aussi efficace"
FR,B01JYS4W2K,Moyennement efficace.,Reviewed in France on 30 March 2022,3,"Jn peu déçue de ce produit, dont j'attendais davantage d'efficacité"
FR,B01JYS4W2K,Bof,Reviewed in France on 19 July 2022,3,Les cafards ont rigolé
FR,B01JYS4W2K,Attention aux parquets,Reviewed in France on 22 September 2016,3,"Ce produit semble bien efficace, néanmoins nous avons eu la surprise de voir après usage une trace sur le parquet (ciré), de la forme du rectangle de carton que nous avons mis dessous : le produit a-t-il teinté autour du carton, ou fait disparaître la teinte sous le carton (plus probable, à première vue) ? Bon, pas très grave, mais mieux vaut le savoir."
FR,B01JYS4W2K,A renouveler pour une efficacité totale,Reviewed in France on 21 November 2020,3,"Relativement efficace en cas d'infestation de puces dans la maison, mais pour autant ça n'élimine pas tout, et nécessite plusieurs traitements."
FR,B01JYS4W2K,Spray ok sans plus,Reviewed in France on 4 March 2020,3,Bon spray mais je ne pense pas racheter.Les cafards n'ont pas ete completement eliminesles punaises de lit non plus sauf avec d autres produits.
FR,B01JYS4W2K,Pas trop efficace,Reviewed in France on 27 July 2021,3,Pour tuer les puces de lit mais après l'application ça revient toujours
FR,B01JYS4W2K,Usage unique ( à la verticale),Reviewed in France on 26 August 2018,3,"effet impossible à mesurer,bien tenir l'appareil à la verticale, le bouton s'enclenche et ne peux pas être désenclencher  jusqu'à être videIl est possible e ne pas appuyer à fond, et ainsi ne pas vider en une seule fois"
FR,B01JYS4W2K,Utilisation,Reviewed in France on 25 July 2022,3,Bonjour je quitte mon appartement pour 15 jour puis-je laisser le produit sans problèmes ? cela peu t il gene au niveau voisinages pour l odeurs ? Merci
FR,B01JYS4W2K,Pas fou,Reviewed in France on 16 December 2021,3,Pas très utile
FR,B01JYS4W2K,Aucun effet,Reviewed in France on 15 September 2021,3,Ce produit n'y fait aucun effet
FR,B01JYS4W2K,Ça n'a pas suffit pour une chambre de 15m2...,Reviewed in France on 16 August 2021,3,"Pas foufou, ça n'a pas tué toutes les puces"
FR,B01JYS4W2K,Un peu déçu,Reviewed in France on 31 July 2021,3,Effet non complet  pour plusieurs pièces en prévoir plusieurs bombes
FR,B01JYS4W2K,Bof,Reviewed in France on 15 May 2021,3,Marche pas les acariens restent
FR,B01JYS4W2K,Article reçu.. Ok 👌😊,Reviewed in France on 30 March 2021,3,Article Bien reçu. Impeccable !
FR,B01JYS4W2K,"Bien , mais",Reviewed in France on 23 February 2021,3,Laisse un résidu blanc / jaune horrible à en élever des murs
FR,B01JYS4W2K,pas convaincu,Reviewed in France on 15 February 2021,3,pas totalement convaincu
FR,B01JYS4W2K,Pas efficace a 100%,Reviewed in France on 4 January 2021,3,Plus rien pendant quelques jours puis les insectes sont revenu. Dommage.
FR,B01JYS4W2K,Très efficace contre les puces de parquet.,Reviewed in France on 10 November 2025,4,"J’ai acheté ce spray pour lutter contre les puces de parquet dans ma maison de 90 m² avec étage en juin 2024, et je suis vraiment satisfaite des résultats.Le diffuseur est très pratique car il permet de traiter les pièces régulièrement sans avoir à intervenir à chaque fois, ce qui est un vrai gain de temps. J’ai utilisé le spray pendant quelques jours et j’ai constaté une diminution rapide et significative des puces. Depuis cette période, je n’en ai jamais retrouvé, ce qui montre que le produit est vraiment efficace sur le long terme.En termes d’utilisation, il est simple à installer et à mettre en marche. Seul point à noter : le spray se vide assez rapidement, donc il faut prévoir un petit stock si on veut un traitement prolongé ou traiter plusieurs pièces sur plusieurs jours. Il est également important de protéger le sol où l’on pose le diffuseur, car il peut laisser des marques.En résumé, c’est un produit fiable, pratique et facile à utiliser, même dans une maison sur plusieurs niveaux. Je le recommande à toute personne confrontée à des puces de parquet et qui cherche une solution efficace sans y passer trop de temps. Je recommande."
FR,B01JYS4W2K,Efficace,Reviewed in France on 8 June 2026,4,Évite d'avoir trop de petites bêtes à la maison
FR,B01JYS4W2K,satisfait,Reviewed in France on 6 May 2026,4,mroduit efficace
FR,B01JYS4W2K,Clairement efficace,Reviewed in France on 19 August 2025,4,"Des puces de chat avaient envahi ma maison suite à une infestation de mon chat. Après avoir traité le chat (qui lui allait mieux mais ne voulait plus rentrer dans la maison à cause de l'infestation...), j'avais acheté divers produits soit disant efficaces contre les puces (type pulvérisateur). Résultat : aucune différence (vraiment aucune). J'ai donc tenté ma chance avec ce produit en l'utilisant en mode ""fumigène"". J'ai volontairement choisi des modèles sur-dimensionnés (j'ai acheté 2 bombes) d'un point de vue contenance (160m2 pour une surface de 50m2 typiquement) et j'ai laissé agir pendant quelques jours (vacances, on était absents de la maison). Résultat : presque parfait, j'ai dû rencontrer une ou deux puces au début que j'ai noyées mais plus aucune autre par la suite (avant cela, si je me ""promenais"" dans la maison quelques minutes, c'était jusqu'à 40 puces au total sur mes mollets, en les noyant au fur et à mesure). Je précise que je n'ai pas spécialement pris la peine comme certain(e)s de passer mes journées à aspirer (avant diffusion du produit). Donc, pour moi, très efficace (cela doit aussi tuer les larves) et je recommande le produit (j'ai racheté 2 bombes, au cas où, mais rien à signaler depuis près d'une semaine)."
FR,B01JYS4W2K,"Très bon produit, mais attention santé",Reviewed in France on 3 April 2026,4,"Fonctionne bien, mais ne pas rentré dans la pièce au moins 5H après utilisation sinon risque de sensation d'étouffement à faire attention !"
FR,B01JYS4W2K,Produit très efficace,Reviewed in France on 13 March 2026,4,"Produit très efficace, juste un peu difficile à mettre en marche (d'autant qu'on doit le faire rapidement) : languette qu'on doit presser à améliorer. Sinon, fait le job !"
FR,B01JYS4W2K,Merci,Reviewed in France on 14 March 2026,4,Merci
FR,B01JYS4W2K,Bien,Reviewed in France on 27 February 2026,4,Bien
FR,B01JYS4W2K,À voir dans le temps,Reviewed in France on 16 February 2022,4,Produit utiliser pour des puces après plusieurs autres utilisations tel que le bicarbonate de soude les huiles essentielles le vinaigre et j'en passe sans aucun résultatj'ai donc opté pour ce diffuseurachat de 4 bombes F3duplex sur 2 etages( j'aurais dû en prendre 5/6) une bombe dans chaque chambre et une en bas dans le salon/cuisinej'ai laisser agir 3h voir même 4 puis aération par contre je n'ai pas passer l'aspirateur pendant 3 jours pour un maximum de performancej'ai eu effectivement un résultat mais encore quelques piqûres la nuitau vu des commentaires j'ai vu qu'il fallait attendre 3 à 4 jours pour un résultat optimal malgré tout j'ai préféré recommander une bombe de 500 ml associer à de la terre de diatomée que j ai  posé au 4 pieds de mon lit (effet radical) pour l'instant le résultat et très positif plus aucune piqûre ce qui ne m'empêchera pas de refaire une prévention avec la bombe de 500 ml que je n'ai pas encore  reçu mais comme on dit mieux vaut prévenir que guérir😁Au final le résultat est satisfaisant mais je dois reconnaître que la terre de diatomée et aussi très performante avec un point négatif pour celle-ci c'est que bien sûr après le nettoyage des sols et bien moins agréable que la bombe mais le résultat est radical ( mise le soir aucune piqûre la nuit)Je compte donc refaire une tournée de diffuseur dès réception dans toute la maison par prévention et je garde au chaud la terre de diatomée l'association des deux est  vraiment très efficace voir radicalbien sûr au préalable passer en machine tout ce qui est possible ( linge coussin)
FR,B01JYS4W2K,fidèle a sa description et son utilisation,Reviewed in France on 29 December 2025,4,ras
FR,B01JYS4W2K,Insecticide,Reviewed in France on 30 November 2025,4,Produit acheté car mon chat avais des puces grâce à ce produit j'ai pue retiré tous . Je recommande
FR,B01JYS4W2K,À voir,Reviewed in France on 9 December 2025,4,Il n’y a plus cas essayer
FR,B01JYS4W2K,Une protection indispensable contre les insectes domestiques !!,Reviewed in France on 24 August 2024,4,"J'ai découvert il y a deux ans l'existence de ces mini-diffuseursque l'on déclenche avant de quitter l’appartement, et qui offrent une protection réelle de plusieurs mois contre les divers insectes domestiques, et plus  particulièrement les cafards ! En cette période de grosse chaleur, ce produit est véritablement devenu indispensable pour se protéger !L’usine préconise l'utilisation d'une bombe, j'avoue que j'en utilise toujours 3 pour traiter tout l'appartement en profondeur, et je suis tranquille pendant plus de 4  mois sans aucun insecte !Mon conseil personnels est de toujours appliquer le produit avant un départ en week-end, et toujours après un bon nettoyage des sols : ainsi la  substance le gaz rentre dans tous les interstices du sol, des murs et des plinthes, et aura tout le temps d’imprégner l’appartement pendant 2 jours ! Je laisse toutes les fenêtres FERMÉES pour maximiser l’efficacité.Ce produit est devenu indispensable !"
FR,B01JYS4W2K,Bien,Reviewed in France on 26 November 2025,4,Bon produit
FR,B01JYS4W2K,Plutôt satisfait,Reviewed in France on 29 May 2024,4,Donc depuis plusieurs semaines nous avons eu une infestation de puces après avoir essayé plusieurs produits nous avons opté pour ce diffuseur selon les avis clients. Nous avons nettoyer toute la maison et traiter les animaux j'en ai profité d'avoir un rayon de soleil pour mettre tout le monde dehors et diffuser le produit dans chaque pièce de la maison.Alors sachez que le produit est très toxique il vaut mieux porter un masque 😷 lors de son utilisation ensuite ça se diffuse très vite sur la notice est indiqué que la bouteille se vide en 4 mn moi ça m'a pris 2mn pour vider la bouteille. Nous sommes partis 3h et nous sommes rentrés depuis il doit rester 3 ou 4 puces dans la maison. Comme notre maison fait 80 m2 je vais repasser une commande en début de mois pour refaire un traitement car niveau efficacité c'est plutôt correct.
FR,B01JYS4W2K,Efficace,Reviewed in France on 16 October 2025,4,Efficace sur une infestation de Fourmis. A voir sur le long terme
FR,B01JYS4W2K,Correct,Reviewed in France on 18 October 2025,4,"Produits efficace, attention beaucoup de dépôt après utilisation"
FR,B01JYS4W2K,Efficacité au RDV mais…,Reviewed in France on 1 November 2024,4,"Alors que j’avais tenté touts les méthodes naturelles, ce diffuseur a réglé mon problème de puces dans mon domicile cet été ( chat qui sort très souvent) mais avec un inconvénient majeur.Le produit laisse une pellicule de gras sur toute la surface au sol  traitée, quelque soit la nature du sol, et ne part qu’après 5 ou 6 passages de serpillière intensifs. De plus l’effet insecticide perdure même 2 mois après l’application, si vous avez des plantes vertes attendez à une hécatombe de moucherons chaque semaine autour de vos pots.Mais au moins plus de puces …"
FR,B01JYS4W2K,Efficace et salutaire,Reviewed in France on 6 August 2025,4,Nous nous en sommes servi contre des attaques de puces provenant des rats du poulailler. Efficace mais à renouveler
FR,B01JYS4W2K,Facile à utiliser et efficace,Reviewed in France on 24 September 2025,4,Parfait
FR,B01JYS4W2K,Attention au sol,Reviewed in France on 9 July 2024,4,"J ai acheté ce produit, par rapport à son descriptif sur le Site.Mise en place au millieu du salon et percussion de la bombe au départ de la maison le matin.A mon retour, au bout de 8h , a ma grande surprise, il faut prévoir une protection au Sol........j ai étais obligé de nettoyer le sol avec du produit deux fois de suite , car les retombé de la bombe , on couvert une surface d un mètre carré ( sol gras et glissant).Après pour l instant cela est efficace , pas d insectes"
FR,B01JYS4W2K,Aide à avoir moins de puces mais difficile à enlever toutes les puces,Reviewed in France on 4 October 2024,4,"Si vous avez plusieurs pièces impactés par les puces, il faudra vaporiser toutes les pièces en même temps. Sinon les puces revient petit à petit. L'odeur du produit est quand même fort. À mon avis, ça va marcher si vous appliquez toutes les pièces en même temps. Il faudra respecter les consignes indiqués."
FR,B01JYS4W2K,Après plusieurs bombes,Reviewed in France on 22 December 2024,4,Invasion de puce de chatBon produit mais j'ai du utiliser plusieurs bouteille sur plusieurs joursJ'ai un petit f3 et j'ai pas hésité à mettre 2 bouteille é simultané sinon le produit ne se propage pas partout
FR,B01JYS4W2K,Bon produit,Reviewed in France on 18 May 2025,4,Produit conforme à mes attentes
FR,B01JYS4W2K,Odeur légère,Reviewed in France on 27 December 2021,4,"Cette bombe semble assez efficace en traitement de fond ou à utiliser sur un insecte. Cependant, pour parler de mon expérience, je la combine avec une raquette électrique : si par exemple une araignée est dans un coin de plafond, alors je vaporise un peu de produit pour la faire bouger et ensuite je l'électrocute. C'est propre et immédiat. J'en ai mis sur les bords de mes portes fenêtres et pendant plusieurs semaines, je n'ai vu aucun rampants. C'est validé pour moi.Concernant la bombe en elle-même, c'est agréable parce qu'elle ne sent pas l'odeur forte habituelle des sprays anti insectes. Sa pulvérisation par contre est un peu trop diffuse et manque de puissance, comparée à d'autre."
FR,B01JYS4W2K,Antiparasite,Reviewed in France on 9 January 2025,4,J'avais des punaises de lit chez moi j'ai mis ce produit dans la chambre laisser diffuser automatiquement et terminer les punaises de lit je conseille ce produit
FR,B01JYS4W2K,TOP QUALITÉ/PRIX,Reviewed in France on 23 October 2024,4,Je recommande après avoir respecter les consignes et reproduit l'action une deuxième fois quelque semaine plus tard comme recommandé les instructions . A dieu les insectes !!!Facile d'utilisation et l'odeur disparait rapidement .
FR,B01JYS4W2K,efficace à 80-90%,Reviewed in France on 4 November 2024,4,"je ne peux pas vous promettre une éradication complète des nuisibles mais cela fonctionne quand même !l'odeur est supportable mais ventilez bien, pas de dépôt gras ou huileux, bon produit."
FR,B01JYS4W2K,Do not breath it,Reviewed in France on 15 April 2025,4,Does exactly what it says on the tin
FR,B01JYS4W2K,L'utilisation,Reviewed in France on 13 September 2024,4,Je n'ai pas pu poser la bombe sur une surface pendant qu'elle se vidait et j'ai été obligée de la vider moi-même avant de sortir de la pièce. Mais en tout cas très efficace
FR,B01JYS4W2K,Conforme,Reviewed in France on 16 August 2024,4,"J'ai traité mon logement car mes animaux avait attrapé des puces. Après traitement de mes animaux, j'ai traité le domicile pour être sûr de ne pas les recontaminer avec des puces resté qui se promènent. Semble efficace"
FR,B01JYS4W2K,PUNAISES DIABOLIQUES,Reviewed in France on 25 May 2024,4,"N'hésitez pas mettez le maximum, nous pour un camping car de 7m, avons utilisé les deux produits qui ont fait une totalité de 90 m2. Et je peux vous dire qu'un mois après il y en avait encore des vivantes. Mais là nous en sommes débarrassés."
FR,B01JYS4W2K,Ça fonctionne mais,Reviewed in France on 18 August 2024,4,"Suite à une invasion de puces, j’ai acheté cet article, j’ai diffusé à 14 h et suis revenue que le lendemain. C’est très efficace, par contre j’ai remarqué encore 2 puces donc je dois renouveler l’expérience."
FR,B01JYS4W2K,J’hésite,Reviewed in France on 23 May 2024,4,J’ai commander au total 5 bombes pour préparer l’été des puces et insectes pour mes animaux . L’année dernière ça avais plutôt bien marché.. cette année je n’est pas l’impression .. j’ai retrouver des puces encore vivante ( pourtant pas d’infestation juste de la prévention)
FR,B01JYS4W2K,ok,Reviewed in France on 20 April 2025,4,ok
FR,B01JYS4W2K,Top mais galère à bloquer,Reviewed in France on 4 January 2024,4,Ca marche du tonnerre ! Vous ne serez plus embêter par les insectes pendant au moins 4 mois. Seul bémol : c'est qu'il n'est pas facile à bloquer au départ pour qu'il diffuse automatiquement et qu'il faut prévoir de passer au moins 3 fois la serpillère sur vos sols carrelés pour retirer la pellicule grasse que cela laisse.
FR,B01JYS4W2K,Efficace,Reviewed in France on 16 December 2024,4,Très bon fumigène pour le traitement de sa maison contre les parasites tels que des poux et parasites.
FR,B01JYS4W2K,Efficace mais pas très pratique,Reviewed in France on 18 September 2017,4,"Suite invasion de puces dans appartement à cause du chat de ma voisine, j'ai utilisé 2 bouteilles :- 1 en mode pulvérisation manuelle aux endroits où je savais qu'il y en avait,-  1 en mode diffuseur automatique dans le salon.Depuis je ne suis plus embêté par ces sales bêtes !Seul bémol le bouchon est fait principalement pour la diffusion automatique, en mode pulvérisation ce n'est vraiment pas pratique.A cause de cela j'ai touché un peu de produit avec mon index et une petite cloque s'est formée au bout de celui-ci. Rien de grave néanmoins.Il est bien indiqué d'utiliser des gants avec le produit mais déjà que sans gants c'est pas pratique, avec des gants c'est quasiment mission impossible de l'utiliser en mode pulvérisateur."
FR,B01JYS4W2K,Quand on a plus le choix contre ces parasites ...,Reviewed in France on 19 March 2021,4,"Pour un traitement contre les acariens et puces qui avaient infestés mon appartement.Il a fallut tout préparer, protection des appareils électriques, nourriture et ustensiles de cuisines, ... puis déclenchement des bombes dans toutes les pièces (pour mon cas).Attention, placer les bombes sur un tapis ou autre car le produit pulvérisé est gras et est difficile à nettoyer par la suite sur le carrelage.Je suis allé dormir chez des amis pour laissé agir durant la nuit. Le lendemain grand rangement et nettoyage...Résultat, depuis plus aucunes piqûres ni allergie aux acariens.Par précaution je renouvellerai sans doute dans 2-3 mois avant l'été.Je recommande, livraison au top comme d'hab."
FR,B01JYS4W2K,Insecticide,Reviewed in France on 27 February 2025,4,Merci beaucoup amazon cordialement mathieu varin
FR,B01JYS4W2K,Conforme,Reviewed in France on 25 March 2025,4,Conforme
FR,B01JYS4W2K,Voiture,Reviewed in France on 12 October 2024,4,À très bien fonctionné pour les cafards des champs qui ont envahi ma voiture stationnée sous les arbres lors d’une panne .
FR,B01JYS4W2K,Premiere utilisation,Reviewed in France on 1 September 2021,4,"Première utilisation et franchement ça fait genre 20min que jai claqué le produit dans mon salon et en passant dedans j'ai déjà vu des puces en train de crever par terre pareil pour les mouche qui était présente mdr tous par terre cest un génocide, il a l'air de faire le taff après a avoir si il a vraiment tout éclater ou juste quelques une mais demain je remet une dose avec un produit ... Nucléaire je dirais donc je verrai pas l'effet de celui ci mais déjà pas mal de cadavre au sol"
FR,B01JYS4W2K,Efficace,Reviewed in France on 20 November 2024,4,"Produit très efficace, utilisation à renouveler tous les 2 3 mois pour éviter une nouvelle infestation"
FR,B01JYS4W2K,Moucherons,Reviewed in France on 18 November 2024,4,"Bonjour, je l’utilise contre les moucherons et c’est efficace. Il faut par contre bien les viser."
FR,B01JYS4W2K,Assez efficace,Reviewed in France on 4 September 2024,4,Efficace contre les puces et leurs larves ainsi contre d'autres insectes tels que les araignées et les mouches mais bizarrement pas sur les moucherons.
FR,B01JYS4W2K,Très efficace,Reviewed in France on 24 August 2024,4,Ma fille a eu un problème de puces à son retour de vacances nous avons traité le studio ça a été très efficace
FR,B01JYS4W2K,Efficace,Reviewed in France on 27 July 2024,4,Pour une pièce de 17 m2 c’est parfait. Bien laver le sol après car une fine pellicule se dépose sur le sol mais parfait en efficacité.
FR,B01JYS4W2K,Bon produit,Reviewed in France on 17 August 2024,4,"Très facile d’utilisation, mais j’ai dû utiliser 3 bombes de 65m2 pour un appartement de 45m2 avant de venir à bout des parasites."
FR,B01JYS4W2K,BIEN,Reviewed in France on 5 November 2024,4,"L'évacuation du produit, ds son diffuseur dure 15' de moins ..."
FR,B01JYS4W2K,Bon produit mais...,Reviewed in France on 9 April 2024,4,"J'ai enlevé une étoile car après utilisation, en rentrant chez moi, il y avait un dépôt gras sur le parquet, j'ai dû laver toutes les pièces ! Sinon simple, a voir dans le temps pour l'efficacité."
FR,B01JYS4W2K,Efficace,Reviewed in France on 26 December 2024,4,Efficacité
FR,B01JYS4W2K,"Super produit, foncez !",Reviewed in France on 25 March 2024,4,"Bon produit, efficace une seule bombe a suffit pour un appartement de 60m2.Lors de l'application attention à prévoir un tissu au sol car le produit laisse une pellicule qui glisse beaucoup au sol !"
FR,B01JYS4W2K,Pas mal,Reviewed in France on 30 August 2023,4,Alors en tant que diffuseur il est bien lais pour l'utiliser en mode spray c'est pas bien indiqué j'ai pas compris j'ai fait comme j'ai pu mais c'était pas pareille j'an avais plein les doigts.Pour son efficacité j'ai ramassé pas mal de puces morte ou presque.
FR,B01JYS4W2K,EFFICACE,Reviewed in France on 16 July 2023,4,"Livré hors prévision, ce produit est un très bon insecticide aux résultats annoncés par le fabricant. Déja utilisé  par deux fois je constate plus de trois mois plus tard qu'il est toujours actif dans ma cave. Très simple de mise en service.Je recommande sans retenue."
FR,B01JYS4W2K,Bien mais attention,Reviewed in France on 29 November 2023,4,A très bien fonctionner chez moi. Attention toutefois à l’activation de ne pas se prendre un jet de produit pleine tête. J’ai eu un peu de mal à faire partir le produit à l’endroit de l’activation mais sinon efficace.
FR,B01JYS4W2K,Bien,Reviewed in France on 9 November 2024,4,Bien
FR,B01JYS4W2K,Efficace,Reviewed in France on 26 August 2022,4,"Produits efficace, plus de fourmis , mouches , araignées etc. .. quand je suis rentré tout était au sol et les mouches continuent de tomber. Seule points négatif c'est le sol très gras et très glissant ( ce qui est normal) en rentrant mais après qlqs lavage à la vapeur plus rien . A voir l'efficacité dans les prochains mois."
FR,B01JYS4W2K,Meilleur rapport qualité prix !,Reviewed in France on 10 May 2024,4,Efficace et à un prix bien inférieur aux autres. Très satisfaite hormis l'odeur qui reste un peu imprégné dans les tissus ensuite.
FR,B01JYS4W2K,Première tentative plus que convaincante !,Reviewed in France on 2 March 2020,4,"Commandé pour nos grands-parents envahis par punaises de lit et cafards. Un peu sceptiques au départ, nous avons quand même tenté. Il est vrai qu à notre retour il restait quelques punaises vivantes (mais il est bien dit qu il faut renouveler l opération...). Cependant, les cafards étaient tous morts ! Nous avions du mal à y croire...  Nous relancerons donc une opération commando dans 15 jours en insistant plus sur le foyer qui a été très facile à repérer du coup.  A noter, nous avons commandé de façon à traiter plus que la surface incriminée."
FR,B01JYS4W2K,Aérosol insectes,Reviewed in France on 18 October 2023,4,"Bon rapport qualité, prix . Plus d'insectes.  En revanche je n' ai pas assez de recul pour les punaises de lit?Facile à utiliser, protéger ses plantes à l'extérieur. Le. produit est fort !"
FR,B01JYS4W2K,Efficace à court terme,Reviewed in France on 23 September 2018,4,"Pour du long terme je ne suis pas sûre que ce soit le produit le plus efficace (il faut traiter tous les quelques jours dans une pièce habitée), mais pour du court terme il marche très bien, sur tous types d'insectes. Je n'ai pas eu de mal de tête avec ce produit, mais il faut bien aérer après chaque usage. Je n'ai pas remarqué de tâches ou traces à cause du produit, mais je n'ai pas utilisé le mode diffuseur. Le mode spray n'est pas super facile à utiliser, il faut bien se laver les mains après utilisation."
FR,B01JYS4W2K,Bien,Reviewed in France on 17 August 2021,4,"Disons simplement que ce produit a limité la casse. Nous retrouvons encore de temps en temps une ou deux puces mais plus autant qu'avant. Nous avons mis le diffuseur dans la maison durant 3h puis avons ouverts les fenêtres pendant 1h. Nous avons attendu le lendemain pour faire le ménage. A côté de cela, nous sommes allés chez le vétérinaire chercher un traitement par médicaments afin de traiter nos chats.. les pipettes n'étant pas efficaces"
FR,B01JYS4W2K,Semble plus efficace que les produits vendus en grande surface,Reviewed in France on 18 August 2024,4,Pour ce q quoi il est fait
FR,B01JYS4W2K,Bien,Reviewed in France on 20 August 2024,4,Efficace mais a faire plusieurs fois
FR,B01JYS4W2K,Super efficace,Reviewed in France on 30 December 2023,4,"Le produit est hyper efficace, je conseille fortement de mettre une bâche sous le produit si vous faites un déclenchement automatique, car à la fin, le sol est hyper glissant"
FR,B01JYS4W2K,Efficacité de courte durée,Reviewed in France on 26 August 2024,4,Efficacité de courte durée.
FR,B01JYS4W2K,mini diffuseur insecticide,Reviewed in France on 9 April 2018,4,j'ai commander cette article car il y avait eu des cas de gale dans mon entourageet par mesure de précaution je préfère prévenir que guérirc'est un produit facile d'utilisation tout est expliquersur la notice d'utilisation à ne pas prendre à la légère !en rentrant chez moi je me suis rendu compte que beaucoup de poisson d'argent avait élu domicile chez moile produit à en effet bien fonctionnerje recommanderai très certainement pour des traitements préventifs de mon appartementenvoie rapide soigner et conforme à la description
FR,B01JYS4W2K,Efficace,Reviewed in France on 26 February 2020,4,"Facile d'utilisation, ce produit a l'air plutôt efficace. Nous étions infestés de puces via mon animal, nous l'avons donc traité et avons utilisé ce produit conjointement. Pour l'instant nous n'avons constaté aucune nouvelle puce . Comme indiqué faites bien attention à vos aliments et ustensiles de cuisine que vous devez mettre à l'abri , le produit est très toxique. J'ai néanmoins quelques doutes sur la capacité, mon appartement fait 25 m2 mais je pense que le produit n'aurait pas été suffisant pour un 80m2 comme indiqué sur la boite"
FR,B01JYS4W2K,très efficace,Reviewed in France on 14 May 2024,4,Très efficace pour traiter rapidement une pièce je suis très satisfait de se produit
FR,B01JYS4W2K,Efficace (avec tout le reste!),Reviewed in France on 14 September 2021,4,"Utiliser pour des puces, bien vérifier que le diffuseur se déclenche bien! C'est difficile à vérifier sans rester dans la pièce... Sur 3 bombes, une s'est arrêtée alors qu'elle était pleine. Pour la relancer il fait bien-sûr quitter à nouveau le lieu pendant 3h mini, puis aérer une heure, etc.,etc. Mais avec le traitement du chat et le nettoyage à fond, il semble que ça marche !"
FR,B01JYS4W2K,Bien,Reviewed in France on 25 July 2023,4,J’ai acheté le produit car un chat est venu dans mon garage avec des puces le produit est très efficace par contre il laisse une pellicule grasse il faut nettoyer à l’eau chaude
FR,B01JYS4W2K,L'efficacité,Reviewed in France on 27 May 2021,4,"Produit au top très efficace pour se débarrasser des cafards,  après il faudrait avoir la patience de nettoyée toute les cafard tombé. Après un premier achat j'en ai recommandé encore 4 car il y avait pad mal de cafard à ce débarrasser,  très très efficace, par contre ce toxique il fait sonner l'alarme incendie si vous en mettait trop et vous toussé donc attention à vous"
FR,B01JYS4W2K,Efficace,Reviewed in France on 16 July 2024,4,Efficace
FR,B01JYS4W2K,Très efficace,Reviewed in France on 9 November 2019,4,"Appartement de 80m2. Achat de deux diffuseurs.Mon chat était infesté de puces. On pouvait en trouver une dizaine en 5 min sans forcer. Le logement aussi. Après de multiples tentatives à base de shampoing pour le chat, spray pour le logement nous avons décidé d'utiliser ces diffuseurs.Résultat cela fait près de 6 mois où nous Nadine eu aucune puce. Bien évidemment TRAITER L'ANIMAL au même moment que le logement.Après aération d'une heure l'odeur du produit avait disparue"
FR,B01JYS4W2K,Plus de mite mais y’a-y-I’m vraiment un lien de cause à effet ?,Reviewed in France on 31 March 2022,4,-pourquoi tu mets des drapeaux à damier noir et blanc dans ton jardin ?-ça éloigne les girafes.-mais il n’y a jamais eu de girafe ici !-bah tu vois bien que ça marche !Bon et bien c’est un peu pareil avec cet insecticide.
FR,B01JYS4W2K,Efficace,Reviewed in France on 9 March 2020,4,"La maison envahie de puce, j'en ai mis 4 pour une surface de 85m2, 2 en haut et 2 en bas.Ca a bien fonctionné, pour le moment plus de bébêtes...ou bien des mortes.C'était la 2eme fois que je mettais des fumigènes, et j'espère que ça suffira.L'odeur en revenant n'est pas désagréable mais il faut bien aérer partout.Par contre ça laisse une sorte de film gras partout"
FR,B01JYS4W2K,Satisfait !,Reviewed in France on 1 December 2023,4,"Produit qui fait le job, à utiliser avec précaution, bien suivre le descriptif d'utilisation.Tranquillité assuré."
FR,B01JYS4W2K,Ok,Reviewed in France on 10 September 2023,4,Ça a l'air efficace depuis 1 semaines plus de puces dans la maisonEfficace 6 mois on verra ca
FR,B01JYS4W2K,Correct,Reviewed in France on 25 October 2023,4,"Assez efficace sur les puces laissées par les animaux , on en est venu à bout"
FR,B01JYS4W2K,Tue mouche et papillon de nuit et de jour.,Reviewed in France on 19 July 2023,4,Marche très bien sur le flacon il disent laissez agir 1h et aéré 1h. Laisse un fini gras sur le sol.
FR,B01JYS4W2K,Produit efficace,Reviewed in France on 9 October 2023,4,Produit efficace dommage qu'un des diffuseurs n'ai pas fonctionné et ce soit vidé en liquide ....
FR,B01JYS4W2K,Beaphar. Spray insecticide habitation,Reviewed in France on 1 July 2019,4,Ce peau à l'air très bien.  Jais pulvérise sur le matelas entier.  Une voisine m'avais ramené  des punaises de lit. Ces bestioles vous bouffent  et c'est pas estethique ni agréable. Donc en attendant  je vais voire si avec ce peau il y a du changement.  A priori je dirais qu'il  est efficace. Je confirmerait ultérieurement
FR,B01JYS4W2K,bon produit,Reviewed in France on 21 August 2022,4,dire que dans mon garage ou les chats viennent et vont .j'ai toujours des puces je vais voir pour en mettre une plus grosse. sinon ideal pour le reste des pièces (sauf cuisine voir condition emploi).
FR,B01JYS4W2K,Très efficace. À renouveler tous les 6 mois,Reviewed in France on 6 May 2023,4,Grâce à ce produit nous nous sommes débarrassé des insectes nuisibles d'attaquant aux textiles et à la nourriture.Très satisfait de l'efficacité.
FR,B01JYS4W2K,Moyen,Reviewed in France on 11 March 2024,4,Voir ci ces vraiment efficace
FR,B01JYS4W2K,éfficasse,Reviewed in France on 17 August 2023,4,"donne des traces sur le parquet , il faut un bon lavage après tout va bien"
FR,B01JYS4W2K,Fait son job très bien été 2018,Reviewed in France on 15 August 2018,4,"Livré en temps et en heure, ce produit anti-puce fait exactement l'effet escompté. Alors que nous galérions depuis 1 mois et demi avec une infestation de micro puce de parquet/chat, c'est terminé, plus de petits points noirs qui vous sucent le sang. Bien respecter les conditions d'emploi car produit très fort. Petit bémol: il laisse une très fine pellicule grasse sur les sols TRES GLISSANTE.  ATTENTION"
FR,B01JYS4W2K,insecticide,Reviewed in France on 24 September 2019,4,"j'ai désinfecté la maison de ma maman . il y avait des puces. donc j'ai fait tous les étages.j'ai eu un peu de mal à lancer la bombe en automatique. ce n'est très bien indiqué sur cette dernière.il y a eu une trace blanche sur le sol autour de la bombe, un coup de serpillière et c'est bon. ."
FR,B01JYS4W2K,Bien sent bon,Reviewed in France on 6 March 2024,4,Apparemment fonctionne bien merci
FR,B01JYS4W2K,Très bon produit,Reviewed in France on 19 August 2023,4,"Très bon produit qui fonctionne très bien, bestioles éradiquées et rapport qualité prix top"
FR,B01JYS4W2K,Ne fais pas les mouches dommage à voir efficacité pratique spray,Reviewed in France on 14 June 2023,4,Ne fais pas les mouches dommage à voir efficacité pratique avec animaux
FR,B01JYS4W2K,Efficacité immédiate,Reviewed in France on 12 December 2018,4,"Nous avons testé plusieurs produits pour essayer d'éradiquer des invasions de puces dans des appartements occupés par des propriétaires de chats, et ces invasions revenaient régulièrement lorsque les conditions étaient réunies pour l'éclosion des oeufs. Dans les 24h qui ont suivi le traitement, toutes les puces ont disparu.Qu'en sera-t-il pour les nouvelles éclosions ? Peut-être un traitement préventif serait souhaitable."
FR,B01JYS4W2K,Ça fonctionne cependant ...,Reviewed in France on 4 August 2022,4,"Le produit fonctionne, plus une puce dans la maisonParcontre deux produits achetés , un était bien plein, mais le deuxième était quasiment a moitié vide ... Pas très sérieux"
FR,B01JYS4W2K,très efficace sauf pour les araignées,Reviewed in France on 25 August 2022,4,"Je  fais tous les ans une désinfection de la maison; cette année, j'ai beaucoup d'araignées et j'ai remarqué qu'elles étaient toujours là et la plupart bien vivantes."
FR,B01JYS4W2K,Fait vraiment bien le travail tarif modéré,Reviewed in France on 9 December 2023,4,Très content de ce produit
FR,B01JYS4W2K,"Efficace, reçu rapidement",Reviewed in France on 15 April 2022,4,Plus de nuisibles depuis. Laisse du gras un peu partout mais pour les puces c est efficace elles se collent et meurent. Il suffit de diffuser un week-end et partir et nettoyer ensuite.
FR,B01JYS4W2K,Utilisation conforme,Reviewed in France on 16 October 2023,4,Fait le job utilisation à mes attentes
FR,B01JYS4W2K,Efficacité prouver.. Effet immédiat.,Reviewed in France on 27 September 2020,4,"Effet après 1 semaines d'utilisation, plus rien du tout. J'étais envahi depuis kelkes mois par des puces de chat.. Piqué au pied par de nombreuses répétition d'attaques de ses sales bestioles. J'ai testé ces fumigènes. Ma conclusion est très positive. Effet immédiat. Je recommande se produit efficacité accompli et prouver.."
FR,B01JYS4W2K,produit efficace,Reviewed in France on 4 July 2023,4,"pour éliminés des puces , assez  bien , mais contraignant"
FR,B01JYS4W2K,Pas top,Reviewed in France on 17 February 2024,4,"Je ne suis pas très satisfaite , j'ai mis le produit et je l'ai laisser pendant 6h , etle lendemain j'en ai trouvé qlqs cafards et ça a continuer de les surpris la nuit un peux fatigués de produit mais ils n'étaient pas morts ."
FR,B01JYS4W2K,L'efficacité,Reviewed in France on 26 November 2023,4,Pas envie dans parler.
FR,B01JYS4W2K,Moyen,Reviewed in France on 22 November 2023,4,Moyen
FR,B01JYS4W2K,Impact bouchon,Reviewed in France on 10 October 2023,4,
FR,B01JYS4W2K,Bien,Reviewed in France on 1 October 2023,4,Efficace rapidement et pas trop d'odeur
FR,B01JYS4W2K,Radical contre les puces - Effet durable,Reviewed in France on 16 July 2018,5,"Victime d'une énorme infestation de puces venue d'animaux du voisinage non traités, je ne m'en sortais plus avec des méthodes précédemment efficaces à savoir pipettes sur mon furet, spray insecticide à la porte d'entrée et ménage frénétique. La terre de diatomée fut une véritable affliction avec la poussière qu'elle génère. Il faut savoir que malgré sa réputation de produit naturel, ce type de produit constitue un véritable danger pour les voies respiratoires, en raison du caractère volatile des très fines particules, et en particulier pour les animaux qui sont plus bas et donc encore plus en contact avec le produit.Mon furet ne sortant quasiment jamais et étant traité régulièrement, c'est moi qui étais la plus attaquée par les puces, les rares vues sur mon furet étant à moitié mortes. Un simple aller-retour dans la cage d'escalier de mon immeuble, non nettoyé comme il devrait l'être, et je rapportais des puces sur moi. J'ai même acheté des colliers anti-puces pour mettre à mes chevilles tant c'était devenu invivable.Aux grands maux les grands remèdes, j'ai acheté ces diffuseurs automatiques après avoir lu les commentaires. Malheureusement, Amazon ne vendait que les grands formats vers la Belgique et non les petits. Mon appartement étant sur plusieurs niveaux, avec certaines petites surfaces, j'ai dû utiliser la fonction arrêt des diffuseurs pour pouvoir répartir uniformément le produit chez moi, et qui fonctionne bien, et cela fut terrible même avec un masque. Étant extrêmement allergique, j'ai souffert pendant une quinzaine de jours d'asthme en étant persuadée que ce n'est pas tant le produit réparti chez moi que celui inhalé lors de la diffusion qui était responsable.Lors d'une deuxième utilisation, j'ai acheté plusieurs diffuseurs de plus petit volume sur Amazon.de, qui les envoie vers la Belgique. Il faut néanmoins là encore faire très attention et mettre un masque et des gants. J'ai encore un peu souffert d'asthme pendant 24 heures, malgré le port d'un masque.Comme d'autres commentaires le préconisaient, j'ai protégé le sol avec un carton assez large mais j'ai tout de même retrouvé du produit au-delà. Mon sol, un parquet avec une vitrification usagée, en a gardé quelques traces. Lors d'une deuxième utilisation, j'ai augmenté la surface du carton avec succès mais il faut savoir que la zone au-dessous ne reçoit pas de produit.J'ai suivi très exactement le mode d'emploi: sortir les animaux, ranger toute vaisselle ou aliment, fermer toutes les fenêtres, ouvrir toutes les portes, placards et tiroirs (sauf ceux contenant des aliments ou de la vaisselle), répartir les différents diffuseurs, placés en hauteur, et les démarrer avant de quitter le logement.Après 2 heures, on ouvre tout et on aère au moins pendant une heure, tout en restant en dehors du logement avec les animaux.Dans mon cas, j'ai beaucoup de fenêtres permettant de faire des courants d'air mais je branche en plus 2 purificateurs d'air que je possède (et dont j'ai protégé les ouvertures pendant la diffusion) et que je laisse tourner plusieurs heures malgré les fenêtres ouvertes. Je reste également à l'extérieur au moins 3 heures de plus et, comme mon furet a une niche en terrasse, je le laisse encore plus longtemps dehors.Ensuite, on nettoie éventuellement les traces au sol. Je conseille de nettoyer en plus les surfaces en contact avec les aliments.Concernant les plantes, j'en possède beaucoup et je ne les ai pas protégées, sans qu'elles se semblent en avoir souffert.Quant à l'efficacité du produit sur les puces, elle s'est avérée véritablement concluante, associée au passage fréquent de l'aspirateur partout et au lavage de tous les tissus possibles. J'ai aussi mis des morceaux de colliers anti-puces dans le sac d'aspirateur sans que je sache si c'est vraiment efficace.Cette efficacité radicale justifie totalement la note maximale, tant les mesures alternatives sont vaines et épuisantes.Je n'ai plus de boutons de puces chez moi, ce qui n'a pas empêché de nouvelles puces de mon immeuble de m'attaquer lors de mes sorties mais elles ont dû mourir sur place. Idéalement, tous les habitants d'un immeuble devraient traiter contre les puces pour en venir définitivement à bout mais il faut croire que des personnes ne se soucient guère d'être infestées de la sorte.Enfin, petit bonus, mes plantes avaient de petits moucherons dont j'avais déjà essayé de me débarrasser sans succès depuis des années et il n'y en a plus du tout eu après. Je retrouve aussi des insectes morts, comme des moustiques qui, quoique fréquents chez moi d'ordinaire, se sont faits rares.Par contre, j'ai retrouvé d'autres petits insectes que je ne voyais jamais, pas identifiés pour le moment mais possiblement de la famille des ""poissons d'argent"", et qui ont peut-être profité de la mort d'autres occupants. À ce titre, j'ai tenté d'évacuer avant traitement l'ensemble des araignées que je laisse habituellement vivre chez moi. J'en ai un certain temps après vu bien vivantes et j'espère qu'elles ne sont pas affectées par le traitement. Les araignées permettent d'éliminer d'autres parasites et il serait bon que les anti-puces ne les affectent pas.EDIT3 mois et demi mois après, les moustiques, les mouches et les moucherons de plantes sont revenus progressivement. Dans l'intervalle, j'ai trouvé chez moi de nombreux pauvres insectes morts, encore agonisants ou avec des comportements étranges (mouches, moustiques, différents hyménoptères, coccinelles) et c'est très probablement lié au traitement. J'ai également échappé tout l'été aux mouches et aux moustiques (mais pas aux guêpes, quoique certaines en sont mortes), pour un traitement effectué début juin, malgré des fenêtres ouvertes en permanence et le fait que je sois un aimant à moustiques depuis toujours.4 mois après, j'ai revu une (seule) puce adulte. Comme je n'ai pas (encore) les boutons caractéristiques que j'avais eu précédemment, il est possible que je l'ai rapportée sur moi et qu'elle n'aurait pas survécu. Dans le doute, et étant donné que je vis dans un immeuble jamais nettoyé et à l'origine de l'infestation de mon appartement, pour ne pas revivre la même infestation, j'ai refait un traitement par fogger. Ce n'est pas ce qui est préconisé, mais je recherche dans ce traitement peut-être anticipé une action ""préventive"" tant je crains une nouvelle infestation massive.EDIT 2Après 5 saisons d'utilisation, et avec des traitements faits en prévention d'abord tous les 4 mois puis après 6 mois, l'efficacité sur la durée semble bien présente. Par contre, pour l'intervalle de 6 mois, j'ai de nouveau eu des problèmes car des puces se sont installées sur ma terrasse, espace impossible à traiter, et mon furet et moi les ramenons à l'intérieur. J'ai donc de nouveau eu des boutons aux jambes et j'ai bien vu à plusieurs reprises des puces sur mon furet, avec obligation de reprendre les pipettes alors que j'avais pu stopper. J'ai aussi dû re-vaporiser certaines zones critiques avec le spray classique de la même marque en complément du fogger fait plus tôt. Dans ce cas, ne pas oublier non plus de laisser agir quelques heures avant de ventiler longuement avant de laisser les animaux entrer en contact avec les zones traitées. Rien à voir cependant avec les infestations décrites dans d'autres commentaires: je n'ai jamais vu d'armées de puces d'un coup, mais plutôt une puce isolée de façon régulière.Pour l'effet secondaire sur les moucherons de plantes, il semble qu'ils aient aussi eu le temps de bien se réinstaller et il en reste donc un peu malgré le traitement, quoique de nombreux continuent à mourir au fil des semaines. Il semble donc que pour une utilisation ""préventive"" il soit nécessaire d'anticiper un peu la limite des 6 mois.Concernant les moustiques, avec l'été, j'en ai revu, et les piqûres avec, alors que les différents traitements nous en avaient dispensés. Après le fogger + les applications supplémentaires de spray, nous n'en avons plus observé.Enfin, après plusieurs années d'applications régulières, (seul) un déménagement nous a sauvés de nouvelles infestations.Je ne saurais que trop conseiller aux gens d'arrêter de croire aux méthodes ""baba cool"" du style vinaigre miracle et terre de diatomée salvatrice: cela ne fonctionne tout simplement pas et, pendant ce temps, les invasions ont le temps de bien s'installer et prendre de l'ampleur.On en garde quelques ""séquelles"": au moindre bouton, on imagine tout de suite un retour des puces. La phobie s'étend aux punaises de lit, même quand on n'en a jamais eues. Une petite poussière au sol est directement assimilée à une puce.À ce jour, je n'achète plus rien d'occasion, je n'ai plus de coussins, fauteuils ou canapé, presque plus de meubles, et même plus de lit, j'utilise plusieurs couettes lavables à 90° pour être certaine que d'éventuels insectes ne puissent s'y installer. Donc les puces, au même titre que les punaises de lit, peuvent causer des effets psychologiques durables.NOTECet avis est très long: puisque la défense contre les puces s'inscrit dans la durée, j'y décris les observations au fur et à mesure des traitements que j'ai fait le choix de répéter pour un effet préventif. Je rappelle que cette façon de procéder n'est pas préconisée par la marque et qu'il n'est pas non plus souhaitable d'appliquer des insecticides plus que de raison. Notre démarche s'inscrit dans un contexte d'arrivées régulières et inévitables de puces de l'extérieur, avec la volonté d'éviter toute nouvelle infestation massive."
FR,B01JYS4W2K,Efficace sur le long terme !,Reviewed in France on 31 May 2020,5,"6 mois après, je peux enfin laisser un avis construit sur ce produit.Si vous avez une infestation de puces chez vous, il n'y a QUE l'association de la permethrine et du methoprene qui vous sauvera. Nous avons tout essayé : sprays insecticides, diffuseurs, fumigènes, terre de diatomée, huiles essentielles, sel et bicarbonate, lavande, citron, huile de lin, ammoniaque, térébenthine, vinaigre blanc, pièges fait maison avec une bougie et du liquide vaisselle... Et j'en oublie sûrement.Voici notre histoire : nous avions un chat adulte à poils longs, et nous avons fait l'erreur de recueillir un chaton errant auquel nous avons donné un simple bain et un traitement antiparasitaire simple. Ce que nous ne savions pas, c'est que ce chaton était MASSIVEMENT INFESTÉ de puces et que le traitement était bien trop léger. Il a rapidement contaminé notre chat, et ayant du vieux parquet chez nous, et les deux chats ayant accès à toutes les pièces, les œufs de puces ont ou tomber un peu partout. Nous avons mis environ 3 ou 4 mois à nous apercevoir de la présence des nuisibles. 4 mois pendant lesquels la prolifération s'est développée à grande vitesse.... Bref, nous sommes arrivés à un point où l'enfer était en marche. Le combat a été très, très dur nerveusement et physiquement. Des puces au sol, dans les chambres, nous en trouvions au lit, entre nos draps, parfois nous en avions 6 ou 7 sur une seule cheville, avec une enfant de 4 ans.... J'en ai pleuré plus d'une fois.Ce qui a fonctionné pour nous, c'est l'usage de ces diffuseurs Beaphar, combinés à un traitement militaire des sols.1) Nous n'avons pas tenu compte des mètres carrés recommandés et en avons commandé un par pièce, soit 9 au total.2) Nous avons lavé TOUT notre linge, les couettes, les draps, et jeté à la poubelle les tapis.3) Nous avons tout fermé, même les volets, et sommes partis 4 heures de chez nous en activant tous les diffuseurs.Par d'odeur particulière en rentrant, attention en revanche au dépôt de produit sur le sol.Ce produit est efficace MAIS pas immédiatement. Certaines puces sont résistantes et vont mettre du temps à mourir. Elles ont mis environ 3 ou 4 semaines à complétement disparaître, mais croyez moi le produit fait effet très longtemps. Encore aujourd'hui, si une mouche rentre chez nous, nous la retrouvons morte dans un coin quelques heures après. Nous n'avons plus de moustiques, plus de moucherons, plus d'araignées.4) Nous avons acheté un ASPIRATEUR PERFORMANT. C'est un investissement, il a coûté plus de 250 euros, mais vous ne pouvez pas vous en sortir sans un aspirateur. Nous l'avons passé tous les jours 3 fois par jour dans toutes la maison, pendant au moins 1 mois. Nous vidions immédiatement le réservoir dans les toilettes, tirions la chasse d'eau, et nettoyions l'aspirateur à fond après chaque passage.5) Après chaque passage d'aspi, je serpillais chaque pièce à grande eau, quitte à innonder mes sols (ça noyait les puces). J'ai serpillé chaque jour avec un détergent au citron dans lequel je mettais des huiles essentielles, et aussi avec un mélange très corrosif de vinaigre blanc et de javel. Les puces n'ont pas du tout aimé.6) Enfin, nous avons RECOUVERT nos sols, escaliers inclus, avec du sel et du bicarbonate. Nous avons retrouvé des dizaines de cadavres desséchés. Nous laissions le sel 3 ou 4 jours, avant de nettoyer à fond, aspirer, javel, et de RECOMMENCER. La lutte doit être constante...7) Nous avons aussi acheté un nettoyeur vapeur que nous avons passé sur tous les sols et les plinthes très souvent. La vapeur brûle les œufs.Enfin, après tous ces traitements, les puces sont toutes mortes... Nous en avons revu une, rarement, de façon isolée quelques mois après. Elle est morte d'elle même.Maintenant que 6 mois se sont écoulés, nous allons refaire le traitement des aérosols Beaphar au cas où, surtout avec les chaleur qui arrivent.COURAGE à tous, les insectes sont des plaies."
FR,B01JYS4W2K,"Ultra efficace, radical contre les nuisibles !",Reviewed in France on 27 June 2026,5,"Franchement, aucun souci avec ce spray, il est d'une efficacité redoutable ! Je l'ai utilisé dans l'habitation et le résultat est là : les petites bêtes ne reviennent plus du tout.Ce que j'apprécie particulièrement :Action totale : Il ne se contente pas de tuer les insectes adultes (volants ou rampants), il élimine aussi les œufs et les larves, ce qui évite vraiment la prolifération.Tranquillité durable : Idéal pour assainir une pièce et retrouver l'esprit tranquille à la maison.Un produit puissant qui fait exactement ce qu'on lui demande. Je recommande sans hésiter !"
FR,B01JYS4W2K,Finis les vilaines petites bêtes,Reviewed in France on 19 May 2026,5,"Super produit, ce qui est pratique  vous pouvez vous en servir comme spray ou comme bombe pour une pièce.Très efficace. Mon époux là utiliser pour les combles nous avions un insectes qui commençait a faire des petits dégâts.Il a mis la  bombe au milieu  de la pièce a tout fermer. Et houps ! Finis les les petites bétes dévastatrices.Très efficaces pour plusieurs  insectes"
FR,B01JYS4W2K,Un petit diffuseur abordable et très efficace contre les nuisibles,Reviewed in France on 3 November 2023,5,
FR,B01JYS4W2K,penser à aérer pour vos animaux après diffusion,Reviewed in France on 25 February 2025,5,"Le Beaphar Spray & Diffuseur Automatique Insecticide Habitat + Géraniol est un produit conçu pour lutter contre les parasites dans la maison, notamment les puces, tiques et autres insectes qui peuvent nuire à nos animaux de compagnie et à la santé de la maison. Il combine l'efficacité de l'insecticide avec le geraniol, un extrait naturel de géranium réputé pour son action repoussante contre les insectes. Voici mon retour après plusieurs semaines d’utilisation.🔹 Facilité d'utilisationLe spray est très simple à utiliser. Il suffit de l’appliquer sur les surfaces de la maison où les insectes peuvent se cacher (canapés, tapis, coussins, etc.). Une simple pulvérisation suffit pour traiter une pièce de manière efficace.Le diffuseur automatique est particulièrement pratique. Il se met en marche de manière régulière pour libérer une petite quantité du produit dans l'air et maintenir une protection constante contre les parasites. C’est une solution idéale pour ceux qui veulent un traitement sans effort quotidien.L’appareil est discret et facile à installer, il s’adapte à de nombreux environnements sans être trop visible.🔹 EfficacitéLe Beaphar Spray & Diffuseur a démontré une bonne efficacité contre les puces, tiques et autres insectes, même dans des environnements domestiques où ces parasites sont particulièrement résistants. Après quelques jours d'utilisation, j'ai remarqué une nette réduction du nombre d'insectes et une propreté retrouvée dans les zones traitées.Le produit reste efficace sur une durée de 6 mois, ce qui permet de traiter la maison sur le long terme sans avoir à renouveler fréquemment le traitement.Ce produit a résolu mon problème de puces en 24h dans un appartement de 41m². J'ai été agréablement surpris par la rapidité d'action, ce qui est un énorme avantage lorsqu'on est confronté à une infestation de parasites.Le geraniol joue également un rôle de répulsif naturel, offrant une alternative plus douce aux produits chimiques traditionnels, ce qui est un vrai avantage pour les foyers avec des animaux de compagnie ou des enfants.🔹 Odeur et compositionLe parfum du produit est plutôt agréable. Bien que certains produits insecticides aient une odeur forte et désagréable, le Beaphar Spray offre un parfum frais et léger grâce au géraniol. Cependant, il peut être perçu comme un peu fort au début, mais il se dissipe rapidement et ne laisse pas de trace persistante dans l’air.L’utilisation de géraniol est un point positif pour ceux qui préfèrent une solution plus naturelle et respectueuse de l’environnement.🔹 Sécurité et utilisation autour des animauxLe produit est spécifiquement conçu pour être utilisé dans les habitats des animaux, mais il est recommandé de ne pas exposer directement les animaux au produit pendant le traitement. Après application, il est conseillé de laisser aérer la pièce et d’attendre que le produit sèche avant que les animaux puissent y retourner.Il n’irrite pas la peau des animaux, mais il est toujours préférable de suivre les instructions d’utilisation pour éviter toute exposition directe pendant le processus de diffusion.🔹 Points faiblesBien que l’efficacité contre les parasites soit généralement bonne, le diffuseur automatique peut parfois être un peu trop discret, ce qui peut mener à des zones où l’effet de traitement est moins homogène.Le prix peut sembler un peu élevé par rapport à d'autres insecticides similaires sur le marché, mais le fait qu’il combine insecticide et répulsif naturel peut justifier cet investissement pour ceux qui privilégient un traitement doux et efficace.✅ Points forts :✔️ Facilité d'utilisation, avec spray et diffuseur automatique✔️ Efficacité prouvée contre puces, tiques et autres insectes✔️ Protection durable jusqu'à 6 mois✔️ Résolution rapide des infestations, problème de puces résolu en 24h dans un appartement de 41m²✔️ Utilisation du geraniol, un répulsif naturel, plus doux pour l'environnement✔️ Odeur agréable et non persistante✔️ Adapté aux maisons avec animaux de compagnie❌ Points faibles :❌ Le diffuseur automatique peut manquer de puissance pour traiter certaines zones plus grandes❌ Prix un peu élevé par rapport à certains produits similaires❌ Il est recommandé de laisser la pièce aérer avant de laisser les animaux y retourner, ce qui peut être un inconvénient pour les foyers très occupésVerdict : une solution efficace et naturelle pour lutter contre les parasites domestiquesLe Beaphar Spray & Diffuseur Automatique Insecticide Habitat + Géraniol est une solution très intéressante pour ceux qui cherchent à se débarrasser des puces, tiques et autres insectes sans recourir à des produits chimiques trop agressifs. Avec son application simple, son efficacité prouvée sur une durée de 6 mois, son parfum agréable, son géraniol naturel et sa rapidité d'action, il s’agit d’un excellent choix pour les foyers ayant des animaux ou des enfants. Toutefois, le prix et l’intensité variable du diffuseur automatique sont des éléments à prendre en compte avant l'achat.⭐ Note finale : 9/10"
FR,B01JYS4W2K,Top,Reviewed in France on 4 July 2026,5,Très efficace contre les puces pour traiter une pièce
FR,B01JYS4W2K,Bon produit préventif pour abri de jardin,Reviewed in France on 23 May 2026,5,"J'ai utilisé ce mini-diffuseur dans mon abri de jardin suite à l'apparition d'un nid primaire de frelons européens (que j'ai retiré au préalable). Le format 25 m² est idéal pour ce genre de pièce. L'application est super simple, on enclenche et on s'en va. Ça semble bien repousser les autres frelons qui rôdaient autour. À voir si l'efficacité dure vraiment les 6 mois annoncés."
FR,B01JYS4W2K,Anti puces,Reviewed in France on 29 June 2026,5,Très contente du résultat
FR,B01JYS4W2K,Mini-diffuseur Automatique Insecticide,Reviewed in France on 11 June 2026,5,Idéal pour éliminer tous les insectes de chez vous.Bien entendu n’oubliez pas des respecter le mode d’emploi et vous en serez satisfait
FR,B01JYS4W2K,Très efficace,Reviewed in France on 20 June 2026,5,Insecticide efficace.Pratique à utiliser
FR,B01JYS4W2K,Excellent,Reviewed in France on 21 June 2026,5,Fait son travail efficacement
FR,B01JYS4W2K,Lot of dead bugs,Reviewed in France on 23 June 2026,5,Good
FR,B01JYS4W2K,INSECTICE BEAPHAR 75ML,Reviewed in France on 15 April 2025,5,"Vite et bien livrée par Amazon, petit fogger insecticide de bonne marque qui couvre 25m2 soit les deux chambres du fils que je range en ce moment (ménage de printemps^^). J'en avais déjà pris l'an dernier et cela faisait des effets comme assainir les pièces et j'ai même gardé l'""abatou"" vendu ici mais assez cher pour les placards et armoires car uniquement en spray. J'espère que je vais pouvoir stopper le fogger pour aller d'une chambre à l'autre, mais rien n'est moins sûr car ça file vite^^depuis le milieu de la pièce ; pourtant j'ai repris le 80m2 avec ""Prévoyez et économisez"" qui réduit les coûts, pour finir les autres pièces même si j'ai un truc à l'ozone pour cuisine et sanitaires, assez performant aussi (il restera salle et salon, entrée et couloir avec le grand fogger + spray, l'idéal^^). Ce n'est pas une infestation mais une vérification tous les six mois donc, 2 fois par an au printemps-automne, cela n'abîme pas les meubles bois ni plancher, matelas ; en général je ferme portes  et fenêtres (pour les chats et nous^^)et je pousse les plantes, j'ouvre armoire, tiroirs, bibliothèques et placards, je défais les lits, j'attends 1 heure puis j'aère 1 heure et je rentre pour...ranger! et en général ça sent le frais, l'aseptisé sur lesquels je ne rajoute ni HE en diffuseur ni spray désodo, voilà voilà, et je vous recommande cette marque! Rectification : le laisser l'après-midi ou 3h , aérer 1h voire plus ( ça dépend des produits), celui-ci sent fort avant de quitter la pièce^^. Ca marche très bien mais je viens d'en reprendre 1 autre pour 25m2 car je ne peux pas arrêter le fogger, donc un seul par chambre, pièce, dommage! j'ai donc épuisé en quelques minutes ces petits foggers dans les deux chambres et je viens de recevoir le 21 avril le spray qui est de grosse contenance plus que le ""abatou"", à peu près du même prix, et c'est sans doute pour mes armoires de l'entrée et couloir et les tissus des fauteuils et canapés, bref j'ai tout pour le ménage du printemps^^. Repris souvent, comme ici le 16 juin 2026 pour une chambre en fin d'année scolaire..."
FR,B01JYS4W2K,Bombe puce,Reviewed in France on 17 June 2026,5,Parfait fait le job
FR,B01JYS4W2K,PRODUIT MIRACLE CONTRE LES PUCES,Reviewed in France on 18 August 2024,5,"Cela fait plus d'un mois que je me battais avec les puces de mes chats. Après les avoir traiter, les puces n'allaient plus sur eux mais dans notre maison.. après avoir tester plus de 10 marques de bombes/spray différentes, rien a marcher. J'arrivais à limiter les dégâts en passant l'aspirateur et en nettoyant drap + couette tous les jours mais l'étage était vraiment trop infesté. J'ai acheté cette bombe mais au vue des commentaires mitigés j'ai hésiter à la mettre car étant seule avec mon fils la semaine et j'avais peur de l'odeur je n'aurai pas pu aller dormir ailleur... J'ai donc fait appel a une entreprise. Le monsieur vient et met du produit partout (un produit efficace même contre les frelons asiatiques alors imaginer la puissance...). Jai encore vu quelques puces au rez de chaussée 5 jours apres mais il me dit que c'est un produit qui agit sur la durée. Donc je reste patiente. Mon conjointe rentre le week end. Il va dans le garage (qui a été désinfecter) et la... Noir de puces a ses chevilles ! A l'étage pareil ! C'est vrai que je n'avait été ni à l'étage ni dans le garage car je redoutais ses endroits et j'avais peur d'en propager au rez de chaussée là où je dormais avec mon fils..On avait plus rien a perdre et on a décider le jour même sur un coup de tête de mettre cette bombe dans le garage et une a l'étage.Puis on part au parc. 4h après nous revoilà a la maison.. et la.. PLUS AUCUNES PUCES. MAIS VRAIMENT AUCUNE ! 4h avant notre maison était envahit ! Pas 2, 3 puces... non vraiment une centaine... Alors je ne sais pas combien de type de puces il existe mais sur les puces de chat ça a effectivement était RADICAL. Je ne pensais pas que ça aller être aussi efficace. Franchement je revis.... Je reste encore sur mes gardes.. je suis encore parano quand je vois une tâche noire mais pour le moment RAS..Dans l'histoire j'ai perdu beaucoup d'argent pour l'entreprise qui est venu et qui devait revenir d'ici quelques jours car il devait intervenir en 2 fois (car il me dit qu'il ne peut pas tuer les oeufs et qu'ils vont eclorent. Il faudra alors les tuer avec un 2eme passage). Si je ne reçois vraiment aucune bébé puces d'ici la semaine prochaine j'annulerai le rendez vous.Mon seul regret et de ne pas avoir utiliser ce produit des le début.. mais frenchement foncer ce produit est GENIAL !"
FR,B01JYS4W2K,"Excellent, éradique tout !",Reviewed in France on 26 April 2026,5,"C'est tellement puissant que je n'ai pas eu besoin d'utiliser le 2e que j'avais acheté en avance. Après avoir acheté des produits chez un vétérinaire (qui n'ont un effet que temporaire) puis fait venir 2 fois un professionnel qui a pulvérisé un produit au sol, les puces étaient toujours présentes. La vaporisation les a éliminées.Laisse une petite odeur dans le logement, mais elle disparaît en totalement au bout de 2 ou 3 jours.Si j'ai de nouveau le problème un jour, je reprendrais directement ce produit. Foncez les yeux fermés !"
FR,B01JYS4W2K,Parfait,Reviewed in France on 10 June 2026,5,Entièrement satisfaite
FR,B01JYS4W2K,Merci ! Très efficace même 1 an après !,Reviewed in France on 20 July 2019,5,"Bonjour,Tout d abord je tiens à signaler que j ai commander ce produit après avoir tester un autre traitement en pharmacie qui n’a pas vraiment fonctionné.Grande maison avec un chat qui ne sors pas mais traité par pipette quand même mais nous étions envahis de puces de 30 à 60 puces par jours sur mon chat et en plus elles nous attaquaient sur les jambes. Nous étions arrivées à passer l aspirateur 2 fois par jour ( vive mon dyson)Dans un premier temps la veille du traitement il faut absolument traiter vos animaux ( pour moi un cachet acheter chez le veto ( très efficace j y croyais pas ) les pipettes et sprays ne fonctionnent pas aussi bien pour une forte invasion.Alors j ai commandé 4 bombes de 65 m2 et une grosse de 160 m2.Ma maison fait seulement 100 m2 mais avec beaucoup de pièces en parquet.J ai mis les petites bombes dans les pièces les plus infectées et fermé les portes. J ai utilisé là grandes pour les plinthes et endroit inaccessible et je l ai mais en mode diffuseur dans les pièces à carrelages en laissant les portes ouvertes.J’ai mis les lits debout aussi et rien laissé par terre.J ai laissé le traitement agir 1 nuit complète.Le matin j ai observé sur le parquet un dépôt gras mais cela n a pas laissé de traces en séchant.Ja i bien aéré ma maison san rester dedans et remis mon chat dans la maison que Le lendemain soir.A ce jour cela fait une semaine que nous avons traité notre maison et je croise les doigts..... plus de puces ..... qui nous piquent la nuit et nous réveillent.Franchement j espère que cela va durer mais je vous recommande ce produit.Je prévois de refaire un traitement dans 6 mois mais avec moins de produit quand même.Ja i lu tellement de chose sur internet et les produits que je tenais à partager mon experience en espérant qu elle vous soit utile.Autre chose pour tuer les puces au lieu de les compresser sur l ongle pour qu elle éclate nous avons utiliser un saladier d eau chaude ou froide une fois la puce dans nos doigts nous mettions les doigts dans l eau et ouvrons nos doigts en les écartants . Les puces se noient rapidement.Et pour mon chat j utilise un peigne à pou elle adore ....Bon courage1an après toujours pas de puce !5 ans après plus de puces ! 🙏🙏"
FR,B01JYS4W2K,Produit Péfficace !,Reviewed in France on 10 July 2024,5,"Produit acheté pour une action éfficace , rechechée à tous  prix !Pour moi ce sont les nuisibles : les puces .Rapportées par mon chat qui sortait très souvent .J'ai mis du temps à le voir , car mon chat atteint d'arthrose ne pouvait pas facilement se gratter .Donc ces bestioles ont eu la possibitée d'envahir la maison trés rapidement , vue la vitesse de reproduction !Ce produit , je le passe partout ! Tout y passe !Parquets , linge , table à repasser , meubles avec essai en premier lieu  .....Mais je ne peux tout atteindre sûrement , car j'ai toujours ces maudites bestioles , je lave mon linge , tout ce que je peux à 60°et je mets mon linge dans des sacs fermés hermétiquement , quel bazarre ! Moi qui aime l'ordre !J'emploie également d'autres produits notamment sur la lingerie , ceux qui possèdent des possibitées d'atteindrent derrière les meubles et au dessous !Mais il faut bien regarder les choses ! Je vais faire maintenant une désinsectisation plus éfficace , mettre des diffuseurs dans les pièces les fonctionner comme il se doit . En espérant un résultat complet même à enprefaire dans 15 jours .Mais si je le pouvais je ferais venir une entreprise , je pense que cela serait beaucoup plus simple et pour sûrement un résultat fiable .Mais sachez que c'est du boulot prenant votre énergie et votre moral .Ouvrez vos portes d'armoires , placards sauf alimentaire , lavezl tout votre linge , faîtes nettoyer aussi le reste ...Traitez vos animaux surtout ( pipettes , colliers , comprimés , shampoings....) et leur panier , jouets ....Je me permets d'écrire tout cela car j'ai vécue et vie encore une vraie galère . mon moral n'est pas fameux et la fatigue est là aussi !Bon courage ,  c'est la première fois que cela m'arrive moi qui aime tant les animaux . Je ne vais plus en reprendre car j'ai 73ans et un animal peut vivre et tant mieux  très vieux  , je ne veux pas qu'il soit malheureux  !À bientôt."
FR,B01JYS4W2K,satisfait,Reviewed in France on 27 May 2026,5,"Conforme à mes attentes, parfait."
FR,B01JYS4W2K,Très bien,Reviewed in France on 26 May 2026,5,Très efficace contre les puces
FR,B01JYS4W2K,Super,Reviewed in France on 29 May 2026,5,Très efficaces
FR,B01JYS4W2K,Fumigène efficace,Reviewed in France on 30 April 2026,5,J acheté toujours ces fumigène pour les chambre de mes enfants avant l été car ils ont tendance a se faire beaucoup piquer . C est tres bien
FR,B01JYS4W2K,Parfait,Reviewed in France on 17 May 2026,5,Parfait
FR,B01JYS4W2K,Extrêmement efficace,Reviewed in France on 23 September 2021,5,"Après 10 jours de pleurs, de crises de nerf, de ménage intensif, ce produit miracle a réussi à éliminer toutes les puces qui avaient envahi mon domicile ! J’avais fait l’erreur de me rendre dans un parc et de m’allonger dans l’herbe avec un plaid, en amoureux.Malheureusement l’amour rend aveugle, je n’aurais pas pensé que mon copain aurait la stupidité de remettre le plaid sur le canapé sans le laver ou le secouer dehors. Pas beaucoup de neurones.Je n’ai pas d’animaux heureusement, j’ai donc pendant une semaine ou traiter à coup d’insecticide, d’eau citronnée, de bicarbonate, de sel… Rien n’y a fait, ou alors il faut être très patient pour des résultats naturels. Je ne dormais plus et je n’ai pas travaillé de la semaine.J’avais également acheté un fumigène de la marque KAPO, encore plus cher, qui n’a donné aucun résultat.Donc je remercie sincèrement le créateur de cette merveille, ce produit miraculeux.Très simple d’utilisation, oui il laisse un film gras au sol mais c’est très facile à nettoyer à la serpillière. Je préfère ça que ces insectes du diable.Personnellement j’ai quitté mon domicile pendant 2 jours pour bien laisser le produit agir, contrairement au 5h.J’ai un appartement de 40m2, j’ai pris le produit recouvrant la surface de 80m2 en ouvrant toutes les portes et placards des armoires. J’avais mis la bombe dans la pièce principale ou j’en trouvais le plus, c’est à dire le salon. Mais j’en ai retrouvé des mortes dans la cuisine.N’hésitez pas à soulever le canapé pour que le produit agisse bien en bas, j’ai réussi à le poser sur deux chaises de chaque côtés. Lavez les coussins, draps et couvertures en complément. Sortez les plantes et les animaux bien sûr.Tournez bien à fond la bague de sécurité jusqu’au bout pour que la bouteille entière se vide.Aucune odeur au retour c’est super.Bref achetez le les yeux fermés !En conclusion oubliez les rendez-vous amoureux trop romantique, un restaurant bien cher c’est parfait."
FR,B01JYS4W2K,"Fumigène hyper efficace, tue les puces mais aussi leurs oeufs en profondeur",Reviewed in France on 18 September 2025,5,"Le fumigène fonctionne vraiment impeccablement!C'est la deuxième fois en 2 ans que je l'utilise et je suis 200% satisfait.C'est d'ailleurs un des seuls produits qui élimine efficacement les puces en profondeur, ainsi que leurs oeufs dans les fauteuils, dans les interstices entre des carrelages, du planché, etc...Il faut juste savoir que le produit diffusé est un peu gras, donc je le pose sur un grand morceau de carton.J'achète 3 bombes fumigènes (une pour le rez de chaussée de ma maison, une pour le premier étage et une pour la cave).J'enclenche les 3 fumigènes, je quitte la maison et je laisse le produit agir pendant 2 heures.Et puis je rentre, j'aère tout pendant 1 heure puis nettoyage à l'eau du sol près du fumigène pour nettoyer la couche grasse que le produit a laissé sur le sol (c'est gras uniquement par terre, pas sur les fauteuils et autres donc).Voilà, j'espère que ces quelques conseils vous serviront car c'est clair que les invasions de puces, c'est vraiment une plaie à traiter ;-)"
FR,B01JYS4W2K,Super,Reviewed in France on 16 December 2025,5,"Produit top pour se débarrasser des puces ! J'ai utilisé ce diffuseur après que mon chat ait eu des puces, et il a fait le travail. La marque conseillé par mon vétérinaire et même les équivalents étant en rupture partout, j’avais peur que ça ne soit pas efficace mais si, donc très content. Par contre, attention, le produit laisse le carrelage un peu gras, donc il est nécessaire de bien passer la serpillière pour éviter de glisser en pantoufles. Mis à part ça, il fonctionne très bien et a vraiment aidé à résoudre le problème. Je vais en racheter pour refaire un traitement préventif et être sûr que tout soit bien éliminé ! J’ai acheté différentes taille de cette marque pour les différentes pièces chez moi et c’est top."
FR,B01JYS4W2K,Vrillettes,Reviewed in France on 28 April 2026,5,Pour le moment efficace sur les vrillettes !!
FR,B01JYS4W2K,Satisfaction de la livraison et questionnements,Reviewed in France on 15 August 2024,5,"Après un mois d'absence en raison des vacances ,nous avons retrouvé nos deux chats infestés de puces et la maison également !Quelle galère et le mot n'est pas assez fort pour tout désinfecter !!!Quelle déception alors que nos chats n'avaient aucune puce en partant .Je n'ai pas imaginé que le gentil copain de mon fils qui s'en est occupé durant mon absence et qui lui aussi a un chat les apporteraient avec lui  probablement .On a choisi de traiter avec des  bombes au départ - 7 bombes - pour une maison de 110 mètres carrés .Il a fallu tout aspirer et laver les sols au vinaigre blanc inodore .Le plus gros du travail fut de laver les vêtements et de les étendre .Les puces sont mortes mais restent des larves qui ont grandi aussi nous avons choisi d'acheter ces fumigènes bien notés pour tout éradiquer .On aurait dû commencer par ça .Ce produit est bien noté en revanche , je trouve la notice incomplète quant aux précautions d'emploi .Il est conseillé d'ouvrir les armoires mais il est indiqué qu'un film gras se dépose sur les sols et donc les ustentiles.Je suppose qu'il faut absolument tout relaver .Qu'en est il des bibliothèques ? Des bibelots ? Tout recouvrir de bâches ou de vieux draps n'attenu-t-il pas l'effet du produit ?Ces toutes ces petites explications d'organisations qui manquent selon moi à la notice .MerciMerci beaucoup ."
FR,B01JYS4W2K,Efficace contre les insectes,Reviewed in France on 2 June 2025,5,"Un peu septique au début quand à l'efficacité de ce produit mais il s'est avéré efficace dès la première utilisation. Ayant une infestation de puces après le départ du chat de mon partenaire, je fus la première et principale victime de ces dernières quand les nymphes ont éclos durant les périodes chaudes. J'étais à bout surtout quand je les apercevais sur mes chaussons et sauter sur mes pieds. Je n'en dormais plus, peur de me réveiller le lendemain matin avec des boutons.Mon partenaire n'a vidé que les 3/4 du flacon et nous sommes partis une journée entière. À notre retour nous n'avons aperçu aucunes puces, par contre des mouches, moucherons ou encore araignées gisaient au sol. Ça ne fait que 4 jours pour l'instant, je constate qu'il n'y a toujours aucune puce à l'horizon et pas de nouveaux boutons sur mes pieds, mais les mouches et moucherons ainsi que d'autres insectes volants entre tout de même dans la maison contrairement aux autres commentaires. Peut-être est-ce dû à la quantité utilisée qui change tout?"
FR,B01JYS4W2K,PARFAIT,Reviewed in France on 29 April 2026,5,"Efficace a 100%, merci."
FR,B01JYS4W2K,Produits puissants punaise de lit,Reviewed in France on 3 April 2025,5,Bonjour pour ma pare je dit 100% efficace sa fait 2fx que je commande la bombe aérosol non en fumigène j'aime pas. Av une bombe de 500ml je peut faire 4 matelas de 1 à 2 personnes avec lit ect. J'ai étai infester de punaises de lit 3fx à la 3em j'ai péter un câble car marre de jeter mes affaires surtous que cette 3em fx tous étai neuf. J'ai tous vaporise même grand canapé d'angle. Et el hamdoulillah dieu merci plus rien. Âpre 2h voir 3h d'attente en mettent bien un linge en bas de la porte j'aère 1h le logement fenêtre grand ouvert. Et nettoyer ensuite matela av aspirateur vite fait. Et voilà je fait sa sur 3mois consecutive pour vraim laisser aucune chance à ces bestiole d epourire encore nos vie et notre argents. L'entreprise HDA contre le punaise et cafard mon dit ces la même composition que leur produit pour traiter chez les gents. Donc oh top je dirai même mieu que eux 😁👍😅. Achète la vous allez pas le regretter et enfin dormir tranquille sur vos 2 oreilles.
FR,B01JYS4W2K,Ça marche du tonnerre,Reviewed in France on 22 July 2024,5,"Ayant chaque printemps et été de mites alimentaire qui rentrent par la fenêtre de la cuisine, pondent des œufs et au final c'est une vingtaine de mites que je devais me débarrasser par jour, j'ai un jour décidé de prendre les choses en main.Les produits RAID insectes et autres produits ne faisait rien du tout. Je tombe par hasard un jour sur ce produit. Au vu de la description je me décide à l'acheter.Un soir une quinzaine de mites se baladais dans la cuisine et le garde manger qui est une petite pièce juste à côté.Je pulvérise un peu le garde manger et l'arrière des meubles. Aussitôt je vois les mites qui commencent a s'exciter, je laisse la porte du garde manger ouverte et ferme la fenêtre et la porte de la cuisine, car l'odeur du produit est assez forte mais sans vraiment prendre à la gorge.Le lendemain matin j'ouvre la cuisine et vois plein de mites par terre (chouette ça fonctionne, mais pour combien de temps ?).Ça fait maintenant 1 mois et 10 jours et je n'ai vu que 2 mites en tout ""vite débarrassé en les claquant"". Par la suite j'ai juste aspergé légèrement le bas de la fenêtre et depuis plus une mite en vue.A voir si ça tiens la promesse des 6 mois d'action, comme écrit sur le flacon. Avec tout ça j'ai encore à peu près la moitié du flacon rempli.Affaire à suivre..."
FR,B01JYS4W2K,Efficace,Reviewed in France on 30 March 2026,5,"Efficace mais à faire plusieurs fois, pour bien éradiquer les parasites… en ce qui concerne les punaises de lit, je recommande de placer le fumigène sous le lit pour plus d’efficacité."
FR,B01JYS4W2K,Un poil cher mais efficace.,Reviewed in France on 28 April 2024,5,"Après avoir testé un produit d'une marque connu acheté en pharmacie sans grande efficacité et également essayé la terre de diatomée on a décidé de passer à la vitesse supérieure.Au passage, la terre de diatomée est totalement inefficace : on a pourri notre maison pendant 4 jours (poussière blanche partout et maison invivable, nez sec, toux, gorge irritée) on a passé des heures à faire le ménage après et efficacité proche de zéro. On attrapé autant de puce qu'avant le traitement...Bref, avec ce produit j'ai utilisé les petits aérosols dans les chambres (6 aérosols de 25m² pour 4 chambres de 12 à 14m² + garage et dépendance du jardin où dort le chat) et 2 de 65m² pour le salon/cuisine/mezzanine + arrière cuisine/WC.Je confirme qu'il y a un dépôt gras au sol autour de l'aérosol, particulièrement marqué avec les aérosols 65m² et nettement moins avec les 25m². Enlevé sans problème avec un coup de serpillère (savon noir). Pas de tache sur le sol ou les meubles.Plus aucun puce après immédiatement après le traitement.Par précaution on va installer des pièges pour vérifier régulièrement qu'elles ne reviennent pas.Donc satisfait du résultat, mais gros budget (6 de 25m² + 2 de 65m² = 81€). Dommage que les petits aérosols soient si chers par rapport au plus gros car c'est clairement la meilleure option pour bien répartir le produit dans toutes les pièces."
FR,B01JYS4W2K,Tueur d'insectes efficace.,Reviewed in France on 11 December 2025,5,"Super ravie de ce produit.J'avais des moucherons j'ai essayé plein de marques au supermarchés impossible de l'ai éliminer. Il se loger dans mes conduits de canalisation.Utilisé dans un appartement de 25m carré j'ai acheté la version 80m carré je n'avais pas vu qu'il y avait plusieurs versions avant l'achat.Utilisé le jour j de la livraison 2h après plus rien et maintenant ça fait 5jours je n'ai plus rien.Je conseille quand même de balancer dans les canalisations des nettoyant/ déboucheur canalisation pour être tranquille.D'ailleurs ce produit ma aussi éliminer des poissons d'argent, moustiques et mouches/ moucherons."
FR,B01JYS4W2K,Fumigène,Reviewed in France on 19 April 2026,5,Fais le job
FR,B01JYS4W2K,Simple et efficace,Reviewed in France on 16 April 2026,5,Pratique d’utilisation et efficace
FR,B01JYS4W2K,Efficace,Reviewed in France on 19 July 2024,5,"Les commentaires m'ont convaincue d'acheter ce produit.Voici mon histoire..[Edit après 2 saisons d'été d'utilisation : toujours aussi efficace même si cette année, je me suis dit que j'aurais dû faire le traitement d'hiver... J'aurais certainement moins dû surdimensionner la quantité de produits utilisés]Invasion de puces l'an dernier après des fumigènes c'était réglé.Cette année rebelote...Produit spécial au pulvérisateur ça marche pas mal mais pas assezDu coup je passe aux fumigènes specials puces (noirs)Ça marche pas mal et je commence à nettoyer tout ce qui est alimentaire quand mes filles disent qu'il y a encore beaucoup de puces dans leurs chambres !!!Je commence à criser sérieusement vu que ça fait 3 semaines que je me bats !!!;Il faut un truc différent du coup !J'ai commandé ces aérosols (attention zéro odeur mettez un masque c'est traître)Diffusion hier. J'ai laissé 7h sans aérer et aéré 4h avant de voir ce que ça donnait.Zéro piqûre aujourd'hui !J'ai ré attaqué à nettoyer l'alimentaire.Marche bien sur les mites super même.Du coup j'ai refait une commande pour traiter la maison de ma maman.J'éditerai pour un avis sur le long terme."
FR,B01JYS4W2K,Efficacité prouvé chez moi,Reviewed in France on 27 November 2025,5,"Je l’ai acheter sans avoir regarder les avis avant.. et les avis sont mitigés.Mais à ma grande surprise, je l’ai utiliser pour mon garage qui était infesté de puce.. et miracle, depuis je n’ai plus de puce. Alors est ce un coup de chance ? En tous cas, ce produit m’a bien aider et je recommande ! Malgré que j’ai du rester appuyer sur le diffuseur car ce n’était pas automatique comme convenue sur la description. Mais en tous cas, pour mon garage ce produit a fonctionner et j’en suis ravie."
FR,B01JYS4W2K,Efficace,Reviewed in France on 2 December 2025,5,"Très satisfaite de ce produit c’est la seul chose qui m’a débarrassé des puces et des même des moucherons et autres insectes! Merci vraiment!Je l’ai mis en route et laisser 24h pour être sur. En aillant bien recouvert mon aquarium! Et ne pas laisser les animaux surtout! Bon coup d’aspirateur et bien laver le sol, j’ai utilisé 2 pulvérisateurs pour 90 m2 et c’est suffisant, pas de mauvaise odeur après les 3, 4 h d’aération de l’appartement. Je remercie la marque car c’est efficace et le prix et raisonnable!"
FR,B01JYS4W2K,Diffuseur,Reviewed in France on 11 April 2026,5,A été très efficace
FR,B01JYS4W2K,Le plus efficace !,Reviewed in France on 16 January 2026,5,"J'ai essayé des dizaines de produits insecticides etc, contre les puces, les mouches etc, rien ne fonctionnait.Je n'ai jamais vu un produit aussi efficace, il m'a arrêté nette une véritable INVASION de puces chez moi, alors que j'étais désespéré. Auss, depuis plusieurs mois je retrouve régulièrement des cadavres de mouches / moustiques. Je ne peux que recommander."
FR,B01JYS4W2K,Radical contre les moucherons,Reviewed in France on 22 November 2025,5,"Cet été, j’ai été littéralement envahie de moucherons à cause d’un fruit oublié qui avait pourri dans un coin. Je pensais ne jamais réussir à m’en débarrasser complètement, même en nettoyant tout.J’ai vaporisé ce produit dans toute ma cuisine et j’ai simplement fermé la porte quelques minutes. L’efficacité a été immédiate : plus un seul moucheron en très peu de temps.Pour une infestation due à des fruits ou à l’humidité, ce spray fait clairement le job. Rapide, simple, et surtout efficace là où d’autres produits n’ont rien changé."
FR,B01JYS4W2K,Efficace,Reviewed in France on 12 April 2026,5,Efficace
FR,B01JYS4W2K,Efficace,Reviewed in France on 4 July 2025,5,"Je commençais à avoir une petite infestation de puces à l'étage, une petite dizaine de puce à chaque fois que je montais. J'ai déjà connu une infestation bien pire que ça au point où j'avais dû faire intervenir une société. Avant que ça s'empire j'ai décidé d'agir en prenant ces fumigènes et leur efficacité m'a épatée. J'ai laissé agir 3h, en montant après ces 3h plus une seule puce sur moi, l'odeur du fumigène est légère mais pas désagréable. J'ai aérée l'étage le lendemain matin pour que ça agisse plus longtemps, et en y retournant ce matin même toujours aucune puce.J'ignore si ça marche pour les grosses infestations mais en tout cas je recommande si vous commencez à en avoir une. Très satisfaite de cet article. À voir dans la durée."
FR,B01JYS4W2K,Produit efficace pour l'ensemble des rampants et volants,Reviewed in France on 26 August 2024,5,"J'ai utilisé ce produit il y a une semaine, il est efficace. Bien lire la notice avant utilisation, donc bien tous fermer pendant 3 h - 3h30, aérer 1h, quasiment pas d'odeur. Il a tué tous les volants et rampant et de plus reste efficace les jours suivants jusqu'à aujourd'hui. Je retrouve le matin sur le sol des mouches et des milles pattes. Maintenant sera t'il efficace 6 mois comme indiqué! A savoir, que le sol est glissant, perso je mets le produit partout, sous les meubles, sous les plinthes cuisines etc. Je laisse le sol imprégné du produit 24h. Le but recherché est de se débarrasser des rampants plusieurs mois, donc perso faire le nettoyage du sol le lendemain est agréable. Faite attention en marchant. Protégez avec une serviette ( à laver en machine par la suite) le plan de travail cuisine, ranger vos fruits, verre, assiette etc. perso je nettoie le jour même après l'aération ses parties cuisines. Je recommande ce produit. Je le fais une fois tous les 5 à 8 ans et j'ai peu d'araignée chez moi, en campagne. Je recommande ce produit."
FR,B01JYS4W2K,Spray,Reviewed in France on 10 April 2026,5,Parfait
FR,B01JYS4W2K,Eurêka,Reviewed in France on 16 December 2025,5,Que dire . J’avais de puces partout dans mon Apart . J’ai sorti mon chien et mon chat et j’ai dormi chez ma mère le soir même . J’ai enfumé l’appartement vraiment il y avait un brouillard. Quel bonheur quand je suis rentré et que il n’y avait plus rien . J’ai gardé cette sensation de gratte pendant 2 j mais avec le recul c’était surtout mental . Vrai soulagement.
FR,B01JYS4W2K,Satisfaite,Reviewed in France on 1 July 2024,5,"J'ai dû acheter ce spray que j'ai utilisé avec la fonction diffuseur automatique parce que des puces s'étaient décidées à venir cohabiter avec nous dans notre lit ! C'était un drame pour moi et je me demandais comment j'allais réussir à nous en défaire sans avoir à passer par une entreprise et par la même occasion perdre un rein au vu du prix que ça coûte... Après avoir regardé différents sites et différents produits je me suis lancé sur l'achat de ce spray. Heureusement je m'y suis prise assez rapidement, je n'avais besoin que de traiter notre chambre et je peux dire que ça été radical. J'ai laissé le produit agire plus longtemps qu'indiqué avant d'aéré la chambre. J'ai également attendus plusieurs jours avant de laver par terre malgré le dépôt que cela occasionne. J'ai par la suite continué à aspergé mon lit avec un spray à la lavande (j'ai pu lire que la lavande est un répulsif pour les puces) et à ce jour je n'ai plus aucuns problèmes. Je recommande donc ce spray mais en fonction de l'invasion, il faudra probablement acheter des sprays en conséquence."
FR,B01JYS4W2K,efficacité,Reviewed in France on 19 March 2026,5,a tuer toute les puces en 3 jours .
FR,B01JYS4W2K,Arme ultime,Reviewed in France on 29 March 2026,5,Produit redoutablement efficace.
FR,B01JYS4W2K,au top,Reviewed in France on 26 July 2024,5,"ayant été infestée par des puces, j’ai d’abord fait appel à un spécialiste. après un premier passage, j’ai annulé le deuxième car étant trop cher. en revenant chez moi au bout de 3 jours, j’ai pu apercevoir à l’œil nu une puce à deux reprises.j’ai alors décidé de moi même m’en occuper et ai acheté ces fumigènes.pour optimiser la disparition des puces, j’ai procédé à plusieurs étapes :-bicarbonate de soude + sel dans les recoins et sous le plinthes pour sécher les puces encore en vie-produit spray insecticide partout dans ma maison, matelas etc-fermer toutes les fenêtres + volets/rideaux-puis placer 2 fumigènes (j’ai un 50m2)en revenant le lendemain, bien aéré les pièces, grand ménage de partout et dans tous les recoins.cela fait une semaine maintenant, et aucun signe de puce.franchement au top!surtout le spécialiste m’a dit que les fumigènes de 100ml coûtent 50€ chacun (100€ donc en tout à payer en +), tandis que la, les deux à 200ml pour 20€."
FR,B01JYS4W2K,Spray,Reviewed in France on 13 March 2026,5,Conforme
FR,B01JYS4W2K,Nickel,Reviewed in France on 31 July 2022,5,"Nous avons expérimenté deux fumigènes Acto spécial volants-rampants pour tenter de contrer deux foyers d'infections de puces (salon et hall de l'étage).. mais une semaine après à notre retour de congés, la situation avait empiré.. en moins de 5min en passant dans les zones identifiées près d'une 50aine (vs une 10aine max une semaine avant) de puces sur les chevilles et mollets.Heureusement, entre temps, j'avais commandé deux diffuseurs automatique 65m² de BEAPHAR pour couvrir le rdc et l'étage de la maison.. utilisés samedi soir donc hier (soyez sans crainte on a dormi ailleurs), aération ce matin vers 7h30. Dans les 2h qui ont suivi, j'ai arpenté la maison exprès à plusieurs reprises et seulement 5-6 puces m'ont bécoté.. depuis on a réinvesti les lieux et plus aucune puce ne s'est manifestée (la journée est presque terminée).Le robot aspirateur a fait toute la maison mais sinon on a rien nettoyé et les zones grasses autour des aérosols se sont résorbées d'elles-mêmes.On va traiter nos deux chattes demain qui n'y sont sans doute pas pour rien, pour l'instant elles sont ""punies"" dehors.Bref ça a super bien fonctionné mais dans le doute je préfère en recommander par sécurité.. au pire ça servira peut-être dans quelques mois."
FR,B01JYS4W2K,Très efficace,Reviewed in France on 25 February 2026,5,Ce produit est d'une très grande efficacité.
FR,B01JYS4W2K,Je recommande ! Test suite à invasion de puces,Reviewed in France on 6 September 2018,5,"Une question que je me posais, la surface minimum où l'utiliser. C'est écrit sur la bombe : 8m2.La situationMon garage était envahie :porte jusqu'à machine à laver = 4 mètres = les pieds, les chevilles jusqu'au mollet noir de puces et le lendemain du traitaient crainte que les chats en eussent ramené du garage dans la maison.Garage (18m2 env) une bombe,maison (4 demi niveaux en quinquonce avec escalier ouvert, 89m2) deux jours après  également.Je n'ai pas pensé aux risques pour la maison sur le coup.Animaux une pipette chacun (4 chatons, 2 femelles, 1 mâle, 1 chien).J'ai suivit la notice (sur la bombe) :Préparation en ayantfermé toutes les fenêtres, ouvert toutes les portes intérieur, bloqué les chatières sur l'extérieur ;évacué les animaux, les gamelles d'eau et nourritures,idem pour nous (verres, tasses, fruits...)J'ai oublié un élément qui aurai pût permettre de faire encore mieux : couper aussi la vmc.Musée en oeuvreTourner la bague, diffusion pendant 3 minutes  en automatique (ou 5 je ne sais plus)Maison fermée pendant 3 heures, bébé, moyen, ados, Madame et moi dehors, chien et chats dehors aussi.Conformément à la notice je repasse (seul) une heure après, pour ouvrir en grand toutes les fenêtres (en cherchant à les bloquer pour que les courants d'airs ne les ferment pas.Nous rentrons et revenons. Cela sent toujours mais bon c'est la première fois en vingt ans d'animaux, tant pis pour les éventuelles odeurs.RésultatPas motivé pour se refaire piquer, je suis le premier a retourner au garage, deux jours après.Plus une puce, plus une piqûre. Et ce depuis un mois environ.Le traitement global fait et tout particulièrement le garage et plus que satisfaisant.Par mesure de précaution pour les oeufs éventuel, je vais refaire un traitement garage et maison d'ici quinze jours.Je recommande !"
FR,B01JYS4W2K,N’hésitez plus et foncez!,Reviewed in France on 7 August 2024,5,
FR,B01JYS4W2K,Efficace pour les petites zones ou prévention,Reviewed in France on 3 July 2025,5,"Produit de soutient.Je le conseille si vous avez un animal infecté, en complément à son traitement.Idéal pour les petites pièces, ou la mise en sac de couverture/panier infecté.Je l'ai utilisé autour de mon bureau où les puces proliféraient en attendant d'avoir un créneau pour la version diffuseur/fumigène, en 30 minutes j'ai vu les puces agoniser sur mon parquet. Elles auront bientôt toutes ce qu'elles méritent. (Je n'ai pas pu traité mon chat, car c'est suite à son décès que les puces se sont révélées à nous, alors que j'avais traité ma boule de poils)."
FR,B01JYS4W2K,Bon article,Reviewed in France on 28 February 2026,5,Fait le job
FR,B01JYS4W2K,Vraiment de qualité,Reviewed in France on 17 September 2025,5,J'avais des charançons j'ai été obligé de mettre beaucoup de nourriture à la poubelle j'ai acheté cette bombe car j'avais vu beaucoup de commentaires.Et je peux dire que ça fonctionne totalement.Pour tous les insectes d'ailleurs ça ne sent pas trop fort j'en ai plus le vaporiser partout dans la maison je suis sorti et quand je suis revenu ça fait plus qu'à balayer.Voir tous ces cadavres.Je le recommande vraiment
FR,B01JYS4W2K,Radical contre les puces,Reviewed in France on 19 August 2025,5,"J'ai essayé de nombreux produits au fil du temps mais celui-ci est magique comparé à Raid. Pas d'odeur suffocante après application une aération de  30 minutes a suffit. Je suis partie 7 heures et en rentrant magie une récalcitrante trouvée. Je vous le recommande vivement. Seul bémol cela laisse une fine couche graisseuse sur le sol, j'ai attendu le lendemain un coup de serpillière et hop. Cela n'est rien par rapport à des heures de piqûres dans toutes les pièces. Vraiment j'achèterai de nouveau les yeux fermés."
FR,B07TXR59Y3,Nul,Reviewed in France on 2 July 2026,1,"Nul, aucun résultats après plusieurs utilisations pour le prix, si j'avais pu j'aurais mis aucune étoile, passez votre chemin"
FR,B07TXR59Y3,colis déchiré,Reviewed in France on 26 May 2026,1,colis reçu dans les temps mais arrivé dans un triste état !! paquet tout déchiré . Le spray toutefois fonctionne
FR,B07TXR59Y3,ne fonctionne pas,Reviewed in France on 15 February 2026,1,"ne fonctionne pas, les termites y résistent sans soucis"
FR,B07TXR59Y3,Conseillé par erreur,Reviewed in France on 4 December 2025,1,Retourné suite à mauvaise proposition de la recherche. Ne conviens qu'au bois coupé.
FR,B07TXR59Y3,Tu es,Reviewed in France on 9 August 2024,1,"Bonjour, j’ai reçu le pulvérisateur détériorer dans la notice. Il est indiqué dans pulvériser seulement sur le Bois à traiter, mais vu l’état j’en avais plus sur mes mains"
FR,B07TXR59Y3,Bidon mal fermé,Reviewed in France on 25 July 2024,1,Le bidon était mail fermé (même avec l'opercule)!! résultat au moins 500 ml manquant !!
FR,B07TXR59Y3,Does not work,Reviewed in the United Kingdom on 1 June 2026,1,"Absolutely rubbish, do not waste your money, I have been spraying this on that affected area  daily for weeks, an I still find fresh piles of dust.I had to leave a 1 star rating, I would leave lower if I could"
FR,B07TXR59Y3,Does not work - don’t bother,Reviewed in the United Kingdom on 30 May 2026,1,Do not buy this. 3x attempts at killing the woodworms as per the instructions and they are still going.  The woodworms have now completely ruined my expensive wooden picture frame. Waste of time and money
FR,B07TXR59Y3,Not good.,Reviewed in the United Kingdom on 10 June 2026,1,Rubbish. It doesn't do anything.
FR,B07TXR59Y3,Risparmiate questi soldi,Reviewed in Italy on 20 June 2026,1,Prodotto assolutamente inutile. Ho rispettato tutte le indicazioni del produttore ma adesso ho di nuovo il parquet pieno di tarli. Risparmiate questi soldi
FR,B07TXR59Y3,Not effective - problem spread!,Reviewed in the United Kingdom on 20 May 2026,1,This did not work. Applied several times and drenched infected areas - problem has now spread!
FR,B07TXR59Y3,Da non comprare,Reviewed in Italy on 24 June 2026,1,Non servono a nulla la disinfestazione va fatta fare da professionisti
FR,B07TXR59Y3,INUTILE,Reviewed in Italy on 22 April 2026,1,"A DISTANZA DI UN ANNO DALL'UTILIZZO POSSO CONFERMARNE L'INUTILITA'.LO HO PRIMA NEBULIZZATO POI IGNETTATO NEI FORI CON UNA SIRINGA, I TARLI DOPO ALCUNI GIORNI HANNO CONTINUATO A ROSICCHIARE TRANQUILLAMENTE IL MIO TRAVE DEL SOTTOTETTO... MANNAGGIA A LORO"
FR,B07TXR59Y3,Non serve a nulla.,Reviewed in Italy on 26 May 2026,1,I tarli mi hanno riso in faccia e continuato la loro vita indisturbati.
FR,B07TXR59Y3,SEUR no entrega.,Reviewed in Spain on 2 April 2026,1,"Jamás llegó el producto porque SEUR no fue capaz de hacer la entrega. El de Leroy Merlín muy bueno, viene con una cánula para meterlo en los agujeros de la madera y extender el producto."
FR,B07TXR59Y3,No funciona,Reviewed in Spain on 8 May 2026,1,"No ha matado a los gusanos, tuve que comprar otro producto en la ferretería que sí acabó con ellos"
FR,B07TXR59Y3,Didn't work for me at all!!,Reviewed in the United Kingdom on 7 July 2025,1,"Didn't do the job for me at all unfortunately despite the good reviews which was why I bought it in the first place!! I used on a locally produced wooden art piece which I've had for years but somehow had got recently infected. Absolutely drenched the wood, let dry and repeated several times over a few weeks BUT the blighters gave me the finger and are still in residence! Now I need to find something else!!"
FR,B07TXR59Y3,Waste of Money !,Reviewed in the United Kingdom on 17 August 2025,1,Useless. Used the whole bottle on a small bedside cabinet. Sprayed it in three separate stages with a few days between each time and has had NO affect on killing the woodworm AT ALL !Now have to buy another product to try so won’t be wasting any more money on this again.
FR,B07TXR59Y3,Frustrated,Reviewed in the United Kingdom on 10 September 2025,1,Doesn't work used all the liquid over a period of time and still the beetles ar alive don't buy
FR,B07TXR59Y3,Not impressed!,Reviewed in the United Kingdom on 13 July 2022,1,"The 1st photo take a week and my sewing machine had no whole The 2nd photo was taken after I literally used a whole bottle on a sewing machine case to make sure there was no wood worm and this is the result three days later. There was one hole on the sewing machine case. Fearing it was woodworm I went online and bought this treatment, it came the next day and I sprayed all of the case twice and left it to dry. I put all the machine back to three days late, I have 3 new holes on the other side of the machine case. Not pleased at all. This stuff did nothing to help the wood case on my sewing machine."
FR,B07TXR59Y3,Sconsiglio totalmente,Reviewed in Italy on 25 September 2025,1,"Totalmente inutile, l'ho sia spruzzato sulle superfici sia iniettato dentro i fori e non é cambiato nulla. I tarli continuano a pasteggiare come prima. 23 euro regalati e mobili da buttare."
FR,B07TXR59Y3,Disappointed,Reviewed in the United Kingdom on 30 September 2025,1,Did not work for me.
FR,B07TXR59Y3,non efficace,Reviewed in Italy on 13 May 2025,1,attratto dalle buone recensioni. fatto un primo trattamento e il giorno dopo sono ritornate tutte le termiti al solito posto anche se ho spruzzato abbondantemente mi sembra molto strano. il prodotto lascia e penso sia pure normale un pesante odore che da fastidio solo a noi umani ma a questi insetti non mi e sembrato desse tanto fastidio a me non pare funzionare cosi tanto come mi aspettavo
FR,B07TXR59Y3,Non funziona,Reviewed in Italy on 5 September 2025,1,"Non,funziona per nulla finito la boccia e sembra che i buchi siano aumentati... cioe non fa nessun effetto tranne impuzzolentirti tutta la casa ... lasciate stare"
FR,B07TXR59Y3,Didn't work,Reviewed in the United Kingdom on 28 July 2024,1,"I treated a few pieces of wood for furniture making. I followed the directions to the letter, and treated a second time to be sure. I recently started to shave the bark off a piece of wood for a table top, and a live woodworm grub poked its head out to say hello. I'm far from happy as all the treated wood is stored in my shed."
FR,B07TXR59Y3,L'applicatore funziona male,Reviewed in Italy on 3 September 2025,1,"Il prodotto non so quanto sia valido, ma so per certo che l'applicatore perde da tutte le parti!!"
FR,B07TXR59Y3,Don’t waste your time,Reviewed in the United Kingdom on 18 May 2024,1,"All the reviews looked great and promising, though I wouldn’t bother. Complete waste of time, I followed the instructions and I may aswell have lit a candle and put on some music, all I did was give them a nice bath. They have a new lease on life and munching stronger than ever."
FR,B07TXR59Y3,Prodotto pessimo,Reviewed in Italy on 22 July 2025,1,"Pessimo. Non è cambiato assolutamente nulla, ora ho più tarli di prima."
FR,B07TXR59Y3,Poco efficace,Reviewed in Italy on 18 August 2025,1,E' risultato ben poco utile
FR,B07TXR59Y3,Doesn’t work,Reviewed in the United Kingdom on 19 June 2023,1,I applied this product by injection and sprayed it for two weeks over and over and the woodworm were still active. It was only a piece of wood a metre long and an inch in width. I used up the whole bottle in the end and still kept finding alive woodworms
FR,B07TXR59Y3,It Doesn't Work,Reviewed in the United Kingdom on 18 February 2022,1,"This was an absolute waste of money. I followed the instructions to the letter and it seems that rather than kill the woodworm, they thrived on the stuff. Despite three treatments of a very small table they just seemed more prevalent every time it was used. Rubbish is too good a word for this stuff."
FR,B07TXR59Y3,Arrived leaking,Reviewed in the United Kingdom on 28 April 2021,1,"The top on this spray bottle was loose, possibly occasioned by the way it had been shrink wrapped. Liquid (poisonous liquid, let's not forget) had leaked out and wet the cardboard box. About a quarter of the contents lost. I'm sure it will do the job well enough, just that there's not so much of it to use as there might have been."
FR,B07TXR59Y3,Didn't work like other reviews said it did,Reviewed in the United Kingdom on 30 August 2023,1,Sprayed thoroughly all over windowsills and sideboards on more than one day but still the insects seem to be appearing and walking around. Hasn't lessened. Used 2 full bottles and still the problem exists
FR,B07TXR59Y3,Didn't work,Reviewed in the United Kingdom on 25 July 2023,1,Took item outside when spray arrived  and sprayed every nook and cranny.  Left out overnight and repeated for another 2 days.  Tonight there is a little pile of dust...I'll try again.
FR,B07TXR59Y3,Malo y caro,Reviewed in Spain on 19 August 2025,1,No volver a enviar
FR,B07TXR59Y3,For Indoor Use Only,Reviewed in the United Kingdom on 14 October 2023,1,First thing on the directions in capitals FOR INDOOR USE ONLY - well that’s no good for me then!Shame they don’t mention this in the description.
FR,B07TXR59Y3,Scammed - fake product,Reviewed in the United Kingdom on 12 July 2024,1,This must have been water - it did NOTHING (despite following the instructions)
FR,B07TXR59Y3,Not great,Reviewed in the United Kingdom on 19 September 2024,1,Does not work on head lice…
FR,B07TXR59Y3,Non ha fatto effetto,Reviewed in Italy on 9 November 2024,1,Ho fatto questo tentativo ma non è servito a nulla e alla fine ho chiamato un professionista che ha risolto il problema
FR,B07TXR59Y3,Rubbish,Reviewed in the United Kingdom on 29 July 2022,1,"Used to treat a small decorative wooden box, treated the item twice and there was just as much evidence of activity once finished as when I started.  Waste of money and would not use again."
FR,B07TXR59Y3,Doesn't work,Reviewed in the United Kingdom on 31 December 2023,1,Spray function doesn't work. Not worth the hassle of trying to safely re-package it to send it back.
FR,B07TXR59Y3,Doesn't work,Reviewed in the United Kingdom on 15 July 2023,1,"Unfortunately this product did not work. They are still burrowing out of my mango wood. Sawdust for days, very sad times indeed."
FR,B07TXR59Y3,Applicator Did Nt Work.,Reviewed in the United Kingdom on 25 May 2021,1,"I went to use the treatment, but no matter how I tried, I cou;ld not get the applicator to work [and I'm an engineer!]. I had to use a syringe to apply the treatment. No idea if it's working. Be aware if you decide to purchase."
FR,B07TXR59Y3,Didn't work,Reviewed in the United Kingdom on 17 May 2024,1,Wood treated as per instruction. Wood still has Wood worm
FR,B07TXR59Y3,didn't work.,Reviewed in the United Kingdom on 17 September 2023,1,Woodworms kept returning a week after using the product. It was a waste of money for mee.
FR,B07TXR59Y3,Didn't work,Reviewed in the United Kingdom on 8 May 2023,1,Treated item over and over until the bottle was empty. Woodworm continued to come back - new activity every time.
FR,B07TXR59Y3,It doesn't justify even 1 star!,Reviewed in the United Kingdom on 11 July 2020,1,BE VERY CAREFUL-DANGEROUS....just went to use this product the top wasn't on securely and the bottle fell away and splashed into my husbands face!!!  Shocking experience!  I have bought another one before using this as was offer but will NOT be buying again.  Never had this problem with other woodworm products!!
FR,B07TXR59Y3,Doesn't work,Reviewed in the United Kingdom on 16 July 2022,1,"Used the whole bottle on 4 occasions.  Absolutely rubbish as it woodworm ""is alive"" after a couple of weeks.  Don't spend your money on this."
FR,B07TXR59Y3,Did not perform as advertised,Reviewed in the United Kingdom on 19 June 2022,1,"After following instructions my piece of decorative wood I made into a lamp and three applications, bugs were still alive in the piece!Would not recommend"
FR,B07TXR59Y3,Non utilizzato,Reviewed in Italy on 14 August 2024,1,Restituito subito. Istruzioni inesistenti.. 2 righe scritte in piccolo che rimandano ad un libretto di istruzioni che non c e.
FR,B07TXR59Y3,Onestà soprattutto👍,Reviewed in Italy on 26 April 2024,1,Arrivato in ritardo e con il prodotto inferiore in quantità ai 5.lt. della tanichetta ce ne sarà stato  poco più della metà.Poi ce scritto inodore ma in realtà puzza che accora...braviiii👏
FR,B07TXR59Y3,microbicide not woodworm treatment received,Reviewed in the United Kingdom on 22 December 2021,1,Did not contain permethrin but a microbicide so no good.Bafflingly states woodworm treatment but clearly cannot be the case so returned.
FR,B07TXR59Y3,Not working,Reviewed in the United Kingdom on 14 April 2022,1,Used the whole spray bottle treated 3 times not working still got woodworm so 0 stars from me
FR,B07TXR59Y3,Prevention not treatment,Reviewed in the United Kingdom on 21 June 2021,1,Advertising says that it can be used to treat wood worm but package says that it is only for prevention and only gives instructions for prevention.
FR,B07TXR59Y3,A mi no me ha funcionado,Reviewed in Spain on 21 October 2024,1,"He gastado todos los litros y aun sigo escuchando bichito, primero le dimos con brocha remozado bien la viga, y luego rociando y nada..."
FR,B07TXR59Y3,Non funziona,Reviewed in Italy on 3 December 2024,1,Il prodotto non funziona
FR,B07TXR59Y3,Doesn’t work,Reviewed in the United Kingdom on 14 September 2022,1,Doesn’t work at all
FR,B07TXR59Y3,Does not work,Reviewed in the United Kingdom on 7 August 2021,1,"Unsuccessful, this product does not seem to work."
FR,B07TXR59Y3,Perfecto para atraer más termitas,Reviewed in Spain on 2 November 2024,1,Hay el doble después de usarlo no  me digáis como pero así es
FR,B07TXR59Y3,Wrong info given,Reviewed in the United Kingdom on 31 August 2020,1,This is not woodworm treatment!!!It is wood beetle treatment which is different!! False information given!
FR,B07TXR59Y3,Does not work!,Reviewed in the United Kingdom on 11 October 2020,1,Soaked the wood with this product and it had little or no effect.
FR,B07TXR59Y3,Inutile,Reviewed in Italy on 13 May 2024,1,Purtroppo non funziona
FR,B07TXR59Y3,Does not work,Reviewed in the United Kingdom on 28 July 2020,1,This product does not work even after 4 separate applications.Don't buy
FR,B07TXR59Y3,waste of money,Reviewed in the United Kingdom on 10 August 2020,1,"Used this product as instructed and it made no difference at all. They were back munching away within the hour. Tried twice more, same rubbish result. Thats £25 that i will never get back and i still have the woodworm."
FR,B07TXR59Y3,Not as described - No spray,Reviewed in the United Kingdom on 17 September 2019,1,It was supposed to be a spray bottle all I received was a refill type bottle.
FR,B07TXR59Y3,Produit bof,Reviewed in France on 5 April 2026,2,Pas terrible des mois que je l utilise et elle sont encore là
FR,B07TXR59Y3,Didn’t work for me,Reviewed in the United Kingdom on 30 April 2026,2,Hasn’t worked on my wooden floors. As I spray one area more holes appear somewhere else. Literally sprayed the whole floor but they’re still coming back! Wouldn’t recommend.
FR,B07TXR59Y3,Non ha funzionato,Reviewed in Italy on 30 May 2026,2,"Purtroppo con me non ha funzionato. L'ho spruzzato due volte a distanza di qualche ora su pareti e ripiani del mobili ma dopo 2 giorni ho notato nuovamente piccoli mucchietti di polverina marrone chiaro, simile alla farina."
FR,B07TXR59Y3,Un furto autorizzato,Reviewed in Italy on 29 November 2025,2,"Il prodotto è  efficace ma il prezzo non conviene.  Se acquistate la tanica da 5 litri la pagate 44 euro. Quindi 9 euro al litro. Invece Questa bottiglietta da 1/2 litro l'ho pagata 19 euro. Quindi, tirando le somme, l'ho pagata più di 4 volte il suo prezzo reale. Viene 38€ al litro.  Un furto. Vero che se acquisti quantità maggiori risparmi. Ma questo è  un furto!!!!"
FR,B07TXR59Y3,"Didn’t get rid of woodworm - don’t waste time, go straight to a professional",Reviewed in the United Kingdom on 5 December 2023,2,"I had a new piece of furniture which turned out to be infested with woodworm 🤢 Bought this item, followed the instructions, used the whole bottle on the one piece of furniture and it made zero impact on the woodworm. They were still burrowing away into my sideboard. I had to get a professional pest controller out.This product did inadvertently relieve us of a fly problem we didn’t know we had (after using it loads of dead flies appeared, we have no idea where they came from as we hadn’t been having issues with any in the house at all, so that was gross), so it definitely does work to kill some forms of insect life (hence the 2 stars).But, with woodworm and given the potential significant consequences, from my plight I would recommend going straight to the professional pest controllers and don’t waste time trying to save money by doing it yourself first. I found that most of the professionals won’t guarantee their work to 100% eliminate either, which to me makes these DIY products even less worthwhile."
FR,B07TXR59Y3,Spray didn't work,Reviewed in the United Kingdom on 5 July 2025,2,Why did you choose this product over others?:The spray supplied was useless to the point of being dangerous.Instead of a spray it spurted out in random amounts and spilt most of it over my hands.I had to clean up the mess and buy a suitable spray gun from elsewhere.
FR,B07TXR59Y3,No va tan bien como dicen,Reviewed in Spain on 27 December 2025,2,"No funciona tan bien como decían oyras reseñas, tuve que gastar todo un bote y 3 aplicaciones a jeringa para eliminar la carcoma"
FR,B07TXR59Y3,Non molto efficace,Reviewed in Italy on 27 December 2025,2,Con una sola passata non si riesce a risolvere il problena dei tarli. Vediamo con più passate.
FR,B07TXR59Y3,Anti Carcoma,Reviewed in Spain on 23 February 2026,2,No funciona
FR,B07TXR59Y3,Doesn’t work,Reviewed in the United Kingdom on 4 October 2021,2,"This is my second purchase of this solution, the first time I purchased it to spray a brand new, out-of-the-box, piece of furniture that appeared to have wood worm/beetles. I got 3 applications out of the first bottle and those three I used to spray this one piece of furniture to make absolutely sure that they were dead before bringing it back into my home. It appeared to work but then a few weeks later I started to notice the tell tale signs that they were still present (dust and new holes etc) so I purchased this new bottle to try again. I sprayed it twice very thoroughly and almost fully saturating the furniture with the solution. It was evident immediately that it killed off some of the beetles. After those applications I brought it back in to use the furniture and now several weeks later it’s clear there are still beetles. Going to have to throw this and the furniture away.. not worth the effort and purchase to be honest"
FR,B07TXR59Y3,Odore molto pungente,Reviewed in Italy on 22 June 2025,2,"Ho dato questo prodotto sui travi di una piccola tettoia, all'aperto e venitlata ma l'odore è veramente pungente e sgradevole. Nonostante sia passata una settimana quando ci camminosotto si sente ancora molto. Sull'utilità non so ancora dare una valutazione.."
FR,B07TXR59Y3,Didn't work for us,Reviewed in the United Kingdom on 13 May 2025,2,Disappointed
FR,B07TXR59Y3,Very fragile,Reviewed in the United Kingdom on 9 June 2024,2,"This arrived as expected, on time, but the spray pump has since disintegrated. Still useable, but I have to use a brush to paint it on. I won't buy this again."
FR,B07TXR59Y3,Took several doses,Reviewed in the United Kingdom on 13 October 2024,2,Had to drown my side table for about a week every day for it to work
FR,B07TXR59Y3,Didn’t work,Reviewed in the United Kingdom on 1 September 2024,2,This product did not get rid of powder post beetle from a wicker hamper.
FR,B07TXR59Y3,Not Happy,Reviewed in the United Kingdom on 2 March 2024,2,Didn’t do job it was supposed to do. Have used it several times on area affected but it has not killed off whatever is eating my skirting board.
FR,B07TXR59Y3,Non funziona tanto,Reviewed in Italy on 7 November 2024,2,Ho provato questo prodotto ma non mi ha soddisfatto pienamente… avevo dei tarli su una legnaia ma l’utilizzo del prodotto non ha fatto alcuna differenza…
FR,B07TXR59Y3,Not for outside use,Reviewed in the United Kingdom on 1 May 2024,2,It says on the bottle for indoor use only ...Nothing in the description that says that on Amazon
FR,B07TXR59Y3,Mancano le istruzioni,Reviewed in Italy on 23 October 2024,2,Nonostante quello che è scritto sul flacone non c'è nè un libretto nè un foglietto con le istruzioni. Come si usa?
FR,B07TXR59Y3,Esageratamente caro,Reviewed in Italy on 22 February 2025,2,Troppo puzzolente
FR,B07TXR59Y3,Va bene se devi fare un trattamento preventivo,Reviewed in Italy on 28 July 2024,2,"Mancava il libretto d'istruzioni, poi avendo già i tarli è stato del tutto inefficace. Non c'è niente da fare l'unica è il gas."
FR,B07TXR59Y3,Prevention better than cure,Reviewed in the United Kingdom on 13 April 2022,2,You probably don't need this stuff.It's applied to the surface which isn't where the problem is. If you cut wood with woodworm they go deep inside.Structural wood shouldn't fall prey to woodworm as it's heart wood but the starchy edges do.Your woodworm is probably caused by environmental factors such as damp from e.g. a leaking roof
FR,B07TXR59Y3,"3x local applications, and not working",Reviewed in the United Kingdom on 26 July 2021,2,Have wood beetle in a very localised area of my desk. Have applied directly to the affected area and wider on three separate occasions but they are still munching away. Obviously doesn't penetrate the wood sufficiently despite dosing and soaking as liberally as is possible. Disappointing.
FR,B07TXR59Y3,non so se il prodotto è valido,Reviewed in Italy on 5 November 2018,2,"Difficile dire se l'antitarlo è efficace perché non trovo nessun insetto morto. Magari uscissero dal legno e cadessero a terra, almeno li vedrei. Mi fido dell'effetto della PERMETRINA e perché non ci sono altri rimedi ter i travi nel sottotetto. Durante i lavori, mi sono volate sotto il naso due tarme di 1cm, un po' trasparenti e che credo quelle depositano gli ovuli nelle travi, poi quando nascono incominciano a mangiare da subito il legno. C'è un forellino da 1 o 2 mm e bisogna pennellare sopra. L'ho realizzato un mese dopo, perché li per li non ci ho pensato. Vuol dire che oltre all'antitarlo sul legno, in soffitta, bisogna  anche spruzzare col nebulizzatore questa permetrina diluita in acqua almeno 3 o 4 volte nei mesi caldi da aprile a settembre perché si risvegliano come tutta la natura. Un saluto.."
FR,B07TXR59Y3,Just be careful,Reviewed in the United Kingdom on 2 June 2023,2,Wood
FR,B07TXR59Y3,Didn't do the trick,Reviewed in the United Kingdom on 21 June 2022,2,"Used as instructed, slightly slowed the infestation but has not eliminated it"
FR,B07TXR59Y3,does the sprayer work,Reviewed in the United Kingdom on 5 November 2021,2,"as usual sprayer did not work, waste of space"
FR,B07TXR59Y3,Didn't work,Reviewed in the United Kingdom on 29 November 2020,2,Hasn't worked despite several goes.
FR,B07TXR59Y3,Not so good,Reviewed in the United Kingdom on 8 December 2019,2,Does not protect as well as other oils.
FR,B07TXR59Y3,Pas très efficace,Reviewed in France on 23 April 2026,3,déçu
FR,B07TXR59Y3,Not happy enough to buy again!,Reviewed in France on 27 June 2026,3,Can't say that I see any positive results.
FR,B07TXR59Y3,"peut-être préférer un produit en ""gel""",Reviewed in France on 12 April 2025,3,"j’espère que c'est efficace car prenez vos précautions, ça coule le long des murs et ça goute du plafond pour les poutres."
FR,B07TXR59Y3,unfortunately not complete,Reviewed in France on 17 June 2025,3,it came without the booklet of instruction
FR,B07TXR59Y3,pas efficace visiblement,Reviewed in France on 17 October 2024,3,Utilisé pour traiter les poutres d'une mezzanine suite à des traces et des bruits de xylophages. Les bruits sont toujours présents après traitement.
FR,B07TXR59Y3,Utilité,Reviewed in France on 24 October 2024,3,Pas probant pour le moment
FR,B07TXR59Y3,Livré deux fois et payé deux fois,Reviewed in France on 13 September 2024,3,Traitement d'un meuble.
FR,B07TXR59Y3,Anticarcoma,Reviewed in Spain on 11 February 2026,3,"El producto llegó en perfecto estado pero no es tan eficaz como esperábamos, elimina parte de las termitas/carcomas pero no las erradica."
FR,B07TXR59Y3,Poca resa,Reviewed in Italy on 10 July 2025,3,"Comodo e pratico lo spruzzatore, se hai bisogno per fare un mobiletto va più che bene ma non oltre. Non rende come quelli stendibili a pennello"
FR,B07TXR59Y3,Woodworm treatment,Reviewed in the United Kingdom on 14 May 2026,3,It slightly works or eliminates the insects from the wood. But not working well with infected mahogany timber / furniture
FR,B07TXR59Y3,"Buen producto, pero ahora está caro",Reviewed in Spain on 1 November 2025,3,"Es muy buen producto. Se puede usar con brocha o rociado como yo lo hago.No huele tanto como otros, pero es bastante efectivo y penetra bien en la madera.Como punto negativo, que antes costaba unos 10€ menos cada garrafa y de repente le han metido este subidón que ya no lo hace tan atractivo a poco que busques productos del estilo en otras tiendas.De ahí que le baje un par de estrellas."
FR,B07TXR59Y3,Antitarlo,Reviewed in Italy on 27 November 2025,3,L'ho usato più volte sembra funzioni anche se inodore non dò le 4 stelle solo perché avrei più fiducia in un prodotto dall'odore terribile e più impregnoso.
FR,B07TXR59Y3,Cuidado con las reacciones alérgicas.,Reviewed in Spain on 2 November 2025,3,"Cuidado con la posible reacción alérgica. Probad primera en una parte pequeña. Lo puse en todo el taller lleno de maderas y hace una semana ventilando y aún no puedo entrar porque se me irritan los ojos me pica la piel y se me hincha la cara. Me puse mascarilla y gafas, pero no fue suficiente. Me he tenido que comprar un traje completo con gorro y máscara de cara completa para poder entrar a limpiar el suelo y ordenar para que el efecto sea menor y se ventile mejor todo."
FR,B07TXR59Y3,MATA TERMITAS,Reviewed in Spain on 29 March 2026,3,AUN NO LO HE PROBADO PERO TIENE BUENA PINTA
FR,B07TXR59Y3,Mal producto,Reviewed in Spain on 9 November 2025,3,"No es tan bueno,al día d hoy y después de varias aplicaciones sigue habiendo carcoma 🫤parece agua y el pulverizador ni siquiera funciona bien,he tenido que cambiarlo a otro"
FR,B07TXR59Y3,Cumple su cometido,Reviewed in Spain on 24 October 2025,3,Cumple su cometido
FR,B07TXR59Y3,"Prodotto buono, imballo non adeguato",Reviewed in Italy on 29 August 2025,3,Bisognerebbe migliorare l' impacchettamento poichè ( forse per lo scuotimento) la confezione era tutta bagnata di prodotto una volta rimossa la pellicola di protezione.
FR,B07TXR59Y3,Forte odore,Reviewed in Italy on 23 August 2025,3,Come antitarlo fa' il suo lavoro ma l'ho trovato di odore molto fastidioso
FR,B07TXR59Y3,Did not cure woodworm,Reviewed in the United Kingdom on 23 February 2025,3,"I used this twice, absolutely drenched the wood. But noticed a bit later it had not worked. I have used an alternative and it appears, so far, to have worked."
FR,B07TXR59Y3,Caro,Reviewed in Italy on 1 August 2025,3,Prodotto nella media ma caro….
FR,B07TXR59Y3,Prodotto medio,Reviewed in Italy on 2 July 2025,3,Provato su un tavolo di legno massiccio ma l’effetto non è permanenteNon elimina tutti i tarli
FR,B07TXR59Y3,This is for indoor use only but was not advertised as such,Reviewed in the United Kingdom on 3 September 2024,3,I purchased this to treat some trellis in my garden. I was not aware that it is only for indoor use as there was nothing to say this on the Amazon system. I have used it anyway but I have no idea how effective it will be.
FR,B07TXR59Y3,Spray nozzle needs reviewing,Reviewed in the United Kingdom on 3 April 2024,3,"Got the product because I discovered the pest on my new oak bookshelf! So got the spray. Cleaned the sawdust the little mites and caused, sprayed as gently as I could, but the nozzle has only one setting, so it was however it came out, but needed several applications to stop the little bugs!!"
FR,B07TXR59Y3,Deve poter far morire i tarli del legno,Reviewed in Italy on 8 June 2025,3,Non mi pare molto efficace contro i tarli del jegno
FR,B07TXR59Y3,Es pronto para opinar,Reviewed in Spain on 18 April 2025,3,No sé si será útil o no y tendré que tirar las sillas y escritorio. Mal tratamiento de la madera
FR,B07TXR59Y3,Ok,Reviewed in Italy on 3 July 2025,3,Sembra funzionare.
FR,B07TXR59Y3,Non consiglio,Reviewed in Italy on 23 June 2025,3,Purtroppo non funziona
FR,B07TXR59Y3,Non completante soddisfatto,Reviewed in Italy on 4 October 2024,3,Avevo parecchi tarliHo spruzzato il prodotto e penso di averne eliminatiMolti però essendo all’interno dopo qualche giorno sono ripartitiHo dovuto affumicarli con un prodotto specifico
FR,B07TXR59Y3,Does it work?,Reviewed in the United Kingdom on 30 August 2021,3,"Like most people, presumably, I bought this because I had noticed evidence of some ‘woodworm’ activity. The product arrived promptly and well sealed - no leak. It was also very simple to use. I treated all the areas where there were some holes and all nearby areas - but did it work as a treatment / preventative? Who knows? I hope so :o). If there are no more holes anywhere I will be pleased (whether due to this product or not!)"
FR,B07TXR59Y3,Easy to use,Reviewed in the United Kingdom on 27 February 2024,3,Easy to use and hopefully it will work in the long term. Good price compared with similar products!
FR,B07TXR59Y3,No idea if it works,Reviewed in the United Kingdom on 14 November 2020,3,I am giving a review as amazon requested it. I have given 3 stars as solution was easy to use but only 3 stars cause i have no idea if it works and neither will you unless you chop up the wooden item you are wanting to protect from woodworm and get out a magnifying glass and hunt for the wood eating beasties to see if solution has killed them all off or solution had no effect and they are still working there way way through your wooden item.
FR,B07TXR59Y3,Very good.,Reviewed in the United Kingdom on 14 August 2024,3,Will buy again if needed.
FR,B07TXR59Y3,Prodotto non recensibile nell’immediato,Reviewed in Italy on 25 June 2024,3,"Solo con il tempo si può capire se ha debellato i tarli. Come tutti i prodotti simili ormai contengono ingredienti “depotenziati “ , meno efficaci e sembrano acquosi . C’è solo da sperare che funzioni!"
FR,B07TXR59Y3,Prodotto da provare,Reviewed in Italy on 2 December 2024,3,Pacco appena arrivato prodotto integra ben sigillato. Proverò e aggiornerò la mia recensione
FR,B07TXR59Y3,difficile da utilizzare per azioni specifiche,Reviewed in Italy on 11 November 2024,3,"difficile da utilizzare per azioni specifiche (lo spruzzo è un po' ampio), ma buon prodotto"
FR,B07TXR59Y3,Prezzo altino,Reviewed in Italy on 29 November 2024,3,Mi sa che le tarle lo bevono poca efficacia
FR,B07TXR59Y3,utile ...funzionale,Reviewed in Italy on 17 September 2024,3,dopo aver spruzzato il prodotto ho chiuso i mobili con del cellofan e messi in quarantena...il prodotto ha funzionato
FR,B07TXR59Y3,Broken bottle but timely delivery.,Reviewed in the United Kingdom on 8 April 2021,3,Would have been easy to use provided the bottle wasn’t broken and hadn’t leaked everywhere. Tried to return but I would have had to send back an empty bottle as otherwise the remaining bottle would have leaked again. There was no option for a straight refund. However I’m sure had I been able to use the product it would have worked fine and the delivery was ahead of time. Just a shame was damaged.
FR,B07TXR59Y3,It is for indoor use only,Reviewed in the United Kingdom on 22 June 2023,3,I cannot comment because I was after an external use product so this item has gone on the shelf for the time being.
FR,B07TXR59Y3,Facile da usare,Reviewed in Italy on 14 November 2024,3,Pratico da usare e non ha cattivo odore.
FR,B07TXR59Y3,If it works,Reviewed in the United Kingdom on 16 July 2023,3,Good coverage haven’t a clue if it’s going to workAs I don’t look for worms too time consuming!!!
FR,B07TXR59Y3,not possible to review,Reviewed in the United Kingdom on 15 December 2021,3,"It is not possible to review a woodworm protective product unless there is timber nearby that gets infected while the treated timber remains uninfected (or becomes infected). Therefore, I hope that none of it becomes infected. I applied Soluguard Woodworm Treatment to my shop bench a month ago, and so far, all is well."
FR,B07TXR59Y3,Woodworm,Reviewed in the United Kingdom on 10 December 2023,3,Does what it says
FR,B07TXR59Y3,Indoor use only,Reviewed in the United Kingdom on 11 June 2022,3,Despite being listed in Garden and Outdoors the container says indoor use only.I double checked the listing and I'm damned if I can find that mentioned.  Be aware.
FR,B07TXR59Y3,Didn't kill them off,Reviewed in the United Kingdom on 2 September 2022,3,seems like it slows down the termite but doesn't eliminate them completely.  termites are still there.gonna try something else now
FR,B07TXR59Y3,Non molto efficace,Reviewed in Italy on 21 April 2024,3,Mi aspettavo di meglio
FR,B07TXR59Y3,Smells alittle,Reviewed in the United Kingdom on 6 May 2021,3,"This was easy to uses, little on the runny side but made easy for spraying it. But be warned fo it outside, it smells and made me cough. Outside is a must I feel."
FR,B07TXR59Y3,Works well good general wood treatment,Reviewed in the United Kingdom on 2 January 2023,3,Good product
FR,B07TXR59Y3,Doesn't work,Reviewed in the United Kingdom on 12 May 2022,3,Doesn't work had to keep trying till gave up and threw out the whole thing
FR,B07TXR59Y3,Good if it works.,Reviewed in the United Kingdom on 13 April 2021,3,"I sprayed the wood, not seen any beasties so not sure if it’s worked or not. So put the wood in the garden and will see if i see anything !"
FR,B07TXR59Y3,Hope,Reviewed in the United Kingdom on 5 July 2021,3,"Hope it works , I’ve sold the boat !!!"
FR,B07TXR59Y3,It’s a waiting game,Reviewed in the United Kingdom on 24 September 2018,3,Goes on well but not seen many dead critters.. only time will tell.
FR,B07TXR59Y3,Produit efficace,Reviewed in France on 21 February 2026,4,Bon produit
FR,B07TXR59Y3,Efficace,Reviewed in France on 18 January 2026,4,Efficace mais il faut le pulvériser plusieurs fois.
FR,B07TXR59Y3,Bon produit,Reviewed in France on 22 December 2025,4,Un peu cher.
FR,B07TXR59Y3,Conforme,Reviewed in France on 5 October 2025,4,"Première impression très positive, rest à voir dans le temps"
FR,B07TXR59Y3,Need to see results,Reviewed in France on 27 July 2025,4,Good nut xait to see the results
FR,B07TXR59Y3,Il faut bien aèrer le local.,Reviewed in France on 20 June 2025,4,Il sent fort et j'espère que c'est le signe qu'il est efficace. il faut plusieurs mois pour évaluer.
FR,B07TXR59Y3,traitement suite apparition de pourssiere de bois sur la charpente de mmon vieux garage,Reviewed in France on 15 August 2024,4,"Semble efficace, a voir sur la duréeBien protéger vos équipements au sol si vaporisation, cela laisse des traces sinon"
FR,B07TXR59Y3,pas facile à trouver!,Reviewed in France on 31 October 2024,4,"produit anti-termites parfait, et produit pas facile à trouver! livraison également parfaite!"
FR,B07TXR59Y3,Bon produit - Excellent raport qualité-prix,Reviewed in France on 10 September 2024,4,Pour l'instant semble efficace et correspondre au descriptif. Application très aisée.
FR,B07TXR59Y3,Efficace,Reviewed in France on 4 July 2024,4,Efficace pour un début d'invasion de termites.
FR,B07TXR59Y3,Debelliamo i tarli dai nostri mobili,Reviewed in Italy on 22 April 2026,4,Strumento molto valido per la lotta contro i tarli. Si applica con facilità ed il risultato è efficace già dalla prima applicazione.
FR,B07TXR59Y3,Stermina tarlo.,Reviewed in Italy on 17 April 2026,4,Prodotto valido.
FR,B07TXR59Y3,Cover up . . .,Reviewed in the United Kingdom on 2 July 2026,4,Easy enough to use but make sure you cover up! No noxious smells. The liquid is pumped out of the container by squeezing a trigger so it goes where you want it to in the quantity you require. Has good coverage. Will have to give it  a couple of weeks then check the result then apply again - hence 4 Stars.
FR,B07TXR59Y3,Buena calidad,Reviewed in Spain on 17 February 2026,4,"Producto incoloro, al ser de base al agua es bastante líquido y ayuda a que la madera la absorba con facilidad.Lo he aplicado en el porche con bigas de madera y la madera se ve hidratada."
FR,B07TXR59Y3,Good Quality,Reviewed in the United Kingdom on 8 June 2026,4,"Very well made  Gloves.My advice would be to order one sizeLarger than you Take.I ordered XXL,Pleased i did, a Little tight ,But still very pleased with the Gloves."
FR,B07TXR59Y3,es facil de usar,Reviewed in Spain on 19 November 2025,4,funciona muy bien
FR,B07TXR59Y3,OK,Reviewed in Italy on 22 May 2026,4,aggiornero questa recensione in futuro perora tutto ok
FR,B07TXR59Y3,Ottimo prodotto,Reviewed in Italy on 23 May 2026,4,Ottimo prodotto
FR,B07TXR59Y3,Easier than a brush applicator,Reviewed in the United Kingdom on 15 May 2026,4,Easy to apply spray bottle and it seems to be effective - the only problem with my purchase is that the sprayhead leaked all over my hand. Not pleasant but I guess i haven't got woodworm.......
FR,B07TXR59Y3,Fácil de aplicar y buen formato,Reviewed in Spain on 20 September 2025,4,"Lo he aplicado hace unos días contra la carcoma. Es fácil de usar, lo di con brocha y no huele demasiado. El bote de 5 litros cunde bastante y el precio está bien para la cantidad. Eso sí, conviene usar guantes y mascarilla. Aún no puedo valorar la eficacia, habrá que esperar unos días para ver resultados."
FR,B07TXR59Y3,Woodworm treatment,Reviewed in the United Kingdom on 16 June 2026,4,Arrived in good time and will buy again
FR,B07TXR59Y3,Veremos si funciona,Reviewed in Spain on 2 May 2026,4,"Todavía es pronto para hablar de la eficacia, hasta que haga más calor que es cuando suelen salir a la superficie no podré valorar si ha eliminado la carcoma o no. Si veo que ha funcionado y no vuelven a salir actualizaré la reseña y subiré la puntuación a 5 estrellas.Sobre lo que puedo hablar es el olor del producto, lo esperaba más penetrante pero nada de eso, con dejar la ventana abierta no olía nada por la noche pero no recomendaría estar cerca de la zona hasta pasadas unas horas."
FR,B07TXR59Y3,Good price,Reviewed in the United Kingdom on 9 May 2026,4,"It was a good price, only time will tell if it works."
FR,B07TXR59Y3,Buono,Reviewed in Italy on 3 May 2026,4,Buono
FR,B07TXR59Y3,Todo correcto,Reviewed in Spain on 26 April 2026,4,Buen estadi tiene buena pinta en unos meses veremos la efectividad
FR,B07TXR59Y3,"Buono, ma non troppo",Reviewed in Italy on 2 May 2026,4,"Prodotto conforme alla descrizione, spedizione veloce,  purtroppo non ha funzionato per l,'eliminazione totale delle tarme."
FR,B07TXR59Y3,Un día tarde,Reviewed in Spain on 16 April 2026,4,"el producto es como en la descripción, le doy 4 estrellas por que llego un día tarde, por culpa de correos que son funcionarios."
FR,B07TXR59Y3,Good product,Reviewed in the United Kingdom on 20 February 2026,4,Easy to find on Amazon easy to use. Not had time yet to test efficiency.
FR,B07TXR59Y3,Thank you,Reviewed in Italy on 19 March 2026,4,Nice and well received
FR,B07TXR59Y3,Buono,Reviewed in Italy on 12 February 2026,4,Bukno
FR,B07TXR59Y3,Cumple,Reviewed in Spain on 21 November 2025,4,"Por el momento pongo 5 estrellas. Había usado un otro producto hace un año y pense que había subsanado el tema. Pero, al mover unas maletas en el trastero, vi que empezaba a salir otra vez. Probé ese producto y desde hace 15 días no han vuelto a salir."
FR,B07TXR59Y3,Ok,Reviewed in the United Kingdom on 17 November 2025,4,Ok
FR,B07TXR59Y3,Bello,Reviewed in Italy on 14 February 2026,4,Bello
FR,B07TXR59Y3,Producto poco oloroso,Reviewed in Spain on 17 November 2025,4,"No puedo opinar porque tiene que hacer su función, cuando pase un tiempo se sabrá si a sido efectivo, no mancha y no tiene casi olor"
FR,B07TXR59Y3,Solución carcoma,Reviewed in Spain on 29 December 2025,4,"Bien, eficiente"
FR,B07TXR59Y3,Buen producto,Reviewed in Spain on 21 October 2025,4,Producto usado para el mantenimiento de un tejado durante su reforma. Producto algo elevado de precio pero bastante competente para los productos similares que ofrece el mercado. Eficacia testada y que hará que mi tejado este seguro
FR,B07TXR59Y3,Killed the bugs,Reviewed in the United Kingdom on 5 July 2025,4,Seemed closestmatch to what I was looking for.  Had a problem with teeny-weeny bugs munching a cupboard and leaving a pile of fine shavings.  No idea what these bugs are/were but they spray did the job and they are no more.Why did you choose this product over others?:
FR,B07TXR59Y3,Woodworm,Reviewed in Italy on 31 December 2025,4,Seems to work ok
FR,B07TXR59Y3,Todo bien,Reviewed in Spain on 24 September 2025,4,Faciel de ysar ahora toca ver si hace efecto
FR,B07TXR59Y3,Useful,Reviewed in the United Kingdom on 7 September 2025,4,Effective
FR,B07TXR59Y3,Eficaz,Reviewed in Spain on 29 October 2025,4,De momento funciona.
FR,B07TXR59Y3,Precio,Reviewed in Spain on 14 July 2025,4,"Lo acabo de recibir, aún no lo he probado. Lo que me ha gustado es el precio."
FR,B07TXR59Y3,Buono,Reviewed in Italy on 3 July 2025,4,"Il prodotto sembra buono. L'odore non è sgradevole e non lascia aloni. Ho trattato un tavolo, ora devo vedere nel tempo  se ha svolto bene il suo lavoro"
FR,B07TXR59Y3,Aún no lo he abierto,Reviewed in Spain on 22 July 2025,4,"Parece buen producto, aún no lo he abierto"
FR,B07TXR59Y3,Antitarlo inodore,Reviewed in Italy on 8 August 2025,4,Utilizzato per proteggere le travi del tetto senza rischi di intossicazione. Ottimo prezzo
FR,B07TXR59Y3,Looking OK so far,Reviewed in the United Kingdom on 30 November 2023,4,"Difficult to review a product like this at an early stage as wont really know if destroyed any woodworm for some time and if at all as I purchased to coat a handle riddled with exit holes from an antique saw. The infestation could of course be historic and not active? But wanted to do this as a precaution.So all I can say really is the spray bottle is good and the product goes on the wood well, without too strong a smell.  I sanded the wood prior to application and It does stain the wood  a little darker. But yes all seems good at the moment."
FR,B07TXR59Y3,Only treated one but time will tell,Reviewed in the United Kingdom on 21 June 2025,4,Seems friendly to use no horrible smells
FR,B07TXR59Y3,Handy size for smaller area,Reviewed in the United Kingdom on 25 April 2025,4,"Hopefully it has done the job,  too early to tell yet though"
FR,B07TXR59Y3,soddisfatta,Reviewed in Italy on 6 June 2025,4,Ho dovuto passare 2 volte il prodotto .... mi sembra che abbia fatto il suo dovere....
FR,B07TXR59Y3,Arrivato nei tempi indicati,Reviewed in Italy on 15 May 2025,4,"Il prodotto è valido, funziona perfettamente per elininare i tarli dal legno"
FR,B07TXR59Y3,handy for small treatments,Reviewed in the United Kingdom on 21 April 2025,4,good value
FR,B07TXR59Y3,Pretty good,Reviewed in the United Kingdom on 16 July 2024,4,"This worked pretty well. I had to spray again about a week later but even after the first spray I noticed a huge improvement, since the second spray (about a fortnight ago) I haven’t noticed them coming back. This was on a sleeper used as patio edging in the garden."
FR,B07TXR59Y3,Buen producto,Reviewed in Spain on 3 June 2025,4,Fácil de aplicar y espero que funcione
FR,B07TXR59Y3,Utile,Reviewed in Italy on 1 June 2025,4,Buon prodotto da verificare nel tempo se la combinazione del liquido è stato proficuo x eliminare gli insetti....
FR,B07TXR59Y3,Woodworm beware!,Reviewed in the United Kingdom on 30 July 2024,4,"Very easy to use, read the (clear) instructions  before  you start.  Not too smelly. Used to treat an old sideboard,  which  has sentimental  value,  as a preventative  measure  before  short term storage."
FR,B07TXR59Y3,Good,Reviewed in the United Kingdom on 21 February 2025,4,Appears to have worked
FR,B07TXR59Y3,It’s easy to apply,Reviewed in the United Kingdom on 24 September 2023,4,"This product is easy to apply, and I’ve given the effected area two coats, with the item upside down so the spray get a chance to get into the critters little holes. Only time will show whether it has worked or not. I will be checking regularly to see whether there is any reoccurrence. So far so good."
FR,B07TXR59Y3,Seems to start working within hours,Reviewed in the United Kingdom on 19 November 2023,4,"I brushed this on rafters at eaves which were looking dotted with worm activity. The liquid got the worms eating out of the timbers, judging by the dust that was noticed on the clean laminate board laid underneath the infected areas. After a few days the powder dust had stopped so guessing worm activity had ceased."
FR,B07TXR59Y3,Works but needs 2 applications,Reviewed in the United Kingdom on 10 July 2024,4,"I like it, the woodworm didn’t like it so it works. Applied to oak fireplace beam, significantly less woodworm dust within a day but still some there. After a second application a couple of weeks late, no further signs."
FR,B07TXR59Y3,Easy to apply,Reviewed in the United Kingdom on 3 August 2023,4,Hard to review product of this nature since only time will tell its efficacy. I used it on floorboards which showed only sporadic signs of woodworm. It sprayed on easily and evenly without any unpleasant odour. I kept room ventilated and the cat out of the way. Pleased to say she is still ok! Not much else I can say.
FR,B07TXR59Y3,Efficace,Reviewed in Italy on 4 June 2025,4,Efficace
FR,B07TXR59Y3,Buon prodotto,Reviewed in Italy on 11 April 2025,4,"Provato e funziona.Non é inodore, lasciando aperto dopo pochi giorni quasi scompare.Buon prodotto!"
FR,B07TXR59Y3,In presenza di pochi tarli può essere una riposta,Reviewed in Italy on 19 May 2025,4,Pare vada bene
FR,B07TXR59Y3,FUNZIONA,Reviewed in Italy on 6 March 2025,4,Usato regolarmente per due anni... riduce la presenza dei tarli fino ad eliminarli.Usato su un piccolo vecchio mobile.
FR,B07TXR59Y3,Ottimo prodotto senza solventi,Reviewed in Italy on 2 March 2025,4,Ottimo prodotto di facile applicazione
FR,B07TXR59Y3,Worked well. Did the job.,Reviewed in the United Kingdom on 18 October 2024,4,The spray worked well and did the job.
FR,B07TXR59Y3,Good value for money,Reviewed in the United Kingdom on 8 August 2024,4,Definitely good value for money and appears to be doing what it says on the label.
FR,B07TXR59Y3,Caro,Reviewed in Italy on 21 March 2025,4,"Un po' caro, ma efficace"
FR,B07TXR59Y3,Aceite,Reviewed in Spain on 30 October 2024,4,"No tan bueno como se decía, el barniz no queda muy bien"
FR,B07TXR59Y3,Easy to use,Reviewed in the United Kingdom on 25 November 2023,4,"Ready.mixed so easy to use.  Just dispensed into a sprayer, and sprayed all areas of the floor.  Couldn't give 5 stars as not seen the results."
FR,B07TXR59Y3,To early,Reviewed in the United Kingdom on 28 May 2024,4,Easy to use I cant really say it works good or bad it's to early to say yet
FR,B07TXR59Y3,Buena compra,Reviewed in Spain on 23 October 2024,4,No huele y cumple con su función
FR,B07TXR59Y3,Good value,Reviewed in the United Kingdom on 17 February 2024,4,Good value. Went on well and quick delivery. Can’t say whether it works. You’d have to ask the woodworm 🤣
FR,B07TXR59Y3,GREAT,Reviewed in the United Kingdom on 8 February 2024,4,EASY TO USE JUST SPRAY ON SEEMS TO HAVE WORKED MIGHT GIVE IT ANOTHER SPRAY JUST TO MAKE SURE
FR,B07TXR59Y3,Good,Reviewed in the United Kingdom on 6 October 2024,4,Good
FR,B07TXR59Y3,Arrive on time and very easy to use,Reviewed in the United Kingdom on 18 May 2023,4,"Arrive on time and very easy to use. The product comes with spray bottle, it is very handy to use directly. The effectiveness of the solution yet to be seen in coming days and month."
FR,B07TXR59Y3,Good stuff,Reviewed in the United Kingdom on 13 June 2022,4,"Moved into a new home and found wood work in the skirting boards. This stuff did the trick on the first round of spraying. We've just found new evidence of woodworm, almost a year after we first sprayed, so are assuming this is a new batch. Ordered a new bottle and will see if that works."
FR,B07TXR59Y3,"Good product, but not environment friendly",Reviewed in the United Kingdom on 25 July 2021,4,"Easy to apply with the spray, dries quickly and has no impact on furniture looks. The smell fades away within 24h in a ventilated room. Got us rid of the wood worms so far.This is still a biocide and needs to be used carefully, I may consider more health & environment friendly alternatives next time, now I read all the warning section on product toxicity.."
FR,B07TXR59Y3,Good - but get ready to spray on several coats,Reviewed in the United Kingdom on 10 July 2021,4,"2 months after using, my oak wardrobes seem to be no longer filled with pesky sawdust.It took 4/5 coats over 4/5 weeks to get to that stage.Definitely not a one coat and done.My only tip would be buy one size product higher than you think.I bought the 500ml first and realised that was nowhere near enouh."
FR,B07TXR59Y3,Seems to do the job,Reviewed in the United Kingdom on 2 June 2023,4,After using this I have not seen any woodworm beetles so it looks like job done.Easy to apply non staining and good coverage.
FR,B07TXR59Y3,Ottimo prodotto,Reviewed in Italy on 24 October 2024,4,Ottimo prodotto ma troppo caro...
FR,B07TXR59Y3,eficaz,Reviewed in Spain on 25 September 2024,4,Eficaz
FR,B07TXR59Y3,Woodworm,Reviewed in the United Kingdom on 24 August 2023,4,Put down as precaution as sign of old activity but who knows if it’s working
FR,B07TXR59Y3,Woodworm killer,Reviewed in the United Kingdom on 16 September 2023,4,I presume it’ll do what it’s supposed to do. Only time will tell.
FR,B07TXR59Y3,Ottimo,Reviewed in Italy on 11 March 2024,4,Utile per poter risolvere il problema dei tarli che si vanno a mangiare il legno presente nei nostri appartamentiIl prodotto riesce a sterminarli tranquillamente
FR,B07TXR59Y3,Easy to apply,Reviewed in the United Kingdom on 15 April 2023,4,The product is easy to apply but it isn’t possible to say how effective it has been
FR,B07TXR59Y3,It smells,Reviewed in the United Kingdom on 9 August 2023,4,It works but you need to be careful with the aroma
FR,B07TXR59Y3,Eficacia a un precio moderado,Reviewed in Spain on 27 March 2024,4,"Control eficaz de termitas, fácil de usar a un precio moderado."
FR,B07TXR59Y3,Funziona,Reviewed in Italy on 8 May 2024,4,Semplice da usare e svolge bene il suo compito
FR,B07TXR59Y3,Useful & Effective,Reviewed in the United Kingdom on 5 January 2021,4,This product was very helpful for an old wooden item that  I inherited that I wanted to keep using. I had to spray the item a few times but it has been effective as far as I can see so far. Thank you.
FR,B07TXR59Y3,"i could not make it work, until i noticed a tag underneath which you have to remove",Reviewed in the United Kingdom on 2 February 2022,4,"I could not use it as a spray as the nozzle would not open, but after a few days i found a tag you had to remove i think it should have told customers on the bottle"
FR,B07TXR59Y3,Buono,Reviewed in Italy on 27 July 2024,4,Buono
FR,B07TXR59Y3,Easy to use,Reviewed in the United Kingdom on 12 June 2021,4,Have used this product doesn't leave a bad smell easy to use with a garden sprayer don't know if it has got rid of my wood worm wil have to wait and see
FR,B07TXR59Y3,Buon prodotto,Reviewed in Italy on 19 April 2024,4,Ci sono voluti diversi giorni ma alla fine li ha seccati tutti quei piccoli bastardi mangia legna.
FR,B07TXR59Y3,Great product,Reviewed in the United Kingdom on 21 April 2023,4,"It works very well,"
FR,B07TXR59Y3,Does What is Written on the Tin,Reviewed in the United Kingdom on 21 January 2023,4,"Does the job, seems to have solved the problem."
FR,B07TXR59Y3,Great product,Reviewed in the United Kingdom on 4 April 2023,4,Great product
FR,B07TXR59Y3,No tarli,Reviewed in Italy on 8 December 2018,4,"Per valutare bene questo prodotto servirebbe davvero molto tempo. Perchè solo il tempo direbbe se funziona o meno. Posso dire di averlo usato su di una sedia piena di buchi di tarlo. Buchi dai quali fuori usciva la tipica polverina. Dopo averlo applicato e dopo aver stuccato i forellini non se ne sono presentati altri, di buchi. Quindi pare che la sedia sia ""disinfestata"" dai tarli.Aggiungo che il prodotto ha, tutto sommato, un sopportabile odore.Pare funzioni, alla fine."
FR,B07TXR59Y3,Delivered fast and easy to use.,Reviewed in the United Kingdom on 30 September 2019,4,"Easy to use,just painted it on with a brush.It was delivered quickly.And fairly good value for money.Dont know how effective it's been yet as only just used it!"
FR,B07TXR59Y3,Easy to use,Reviewed in the United Kingdom on 1 May 2021,4,"Easy to use trigger spray, recently used so hope it works, a bit early to tell"
FR,B07TXR59Y3,Buon antitarlo,Reviewed in Italy on 6 August 2023,4,Giudicherò i risultati a distanza di un anno
FR,B07TXR59Y3,Elevata concentrazione di permetrina. Efficacia nel tempo. CONSIGLI,Reviewed in Italy on 30 July 2023,4,"I prodotti biocidi in formulazione liquida come questo hanno una efficacia che può essere valutata soltanto a distanza di almeno un anno tra una stagione estiva e l’altra.I tarli cominciano ad uscire dai mobili infestati nel momento in cui le temperature superano i 21-22° per cui, il periodo in cui escono dalle tane (e si notano i classici forellini) e iniziano a volare per l’accoppiamento e per il deposito delle uova è tra maggio e settembre.In attesa che faccia effetto posso dire che il prodotto ha una elevata concentrazione di permetrina che è la sostanza biocida principale che va ad uccidere il tarlo in ogni suo stadio (dalle uova fino all’età adulta).Di colore quasi trasparente e di odore leggermente pungente (ci sono in commercio prodotti molto più forti e poco tollerati), il prodotto può essere passato su legno infestato mediante pennello, siringa o spruzzatore (in quest’ultimo caso è fondamentale indossare occhiali protettivi, maschera FFP2 e guanti).Considerate che il prodotto è abbastanza irritante per le mucose del nostro corpo per cui maneggiatelo con molta cautela.Ricordatevi di tappare tutti i fori che sono stati trattati con questo prodotto mediante una pasta di legno. Questo metodo aumenterà l’efficacia del trattamento soprattutto se avete utilizzato l’inoculazione del prodotto mediante siringa all’interno dei fori."
FR,B07TXR59Y3,Molto pratico e con odore sopportabile,Reviewed in Italy on 24 July 2023,4,"Il prodotto arriva ben confezionato ed è subito pronto all'uso, visto che la soluzione non ha bisogno di essere diluita. Per l'applicazione posso impiegare uno spruzzino oppure un pennello a seconda delle situazioni.L'odore non è particolarmente intenso e piuttosto sopportabile. Prima di procedere al trattamento è bene tener presente che il preparato contiene benzisothiazolone, ovvero una sostanza che può provocare reazioni allergiche. Inoltre, alcuni ingredienti causano forti irritazioni agli occhi e sono estremamente dannosi per gli organismi acquatici.Personalmente ho applicato la soluzione tramite pennello su un vecchio mobile preso di mira dalle tarme e verificherò tra qualche tempo gli effetti."
FR,B07TXR59Y3,Antitarlo per mobili in legno,Reviewed in Italy on 6 June 2023,4,"Arrivato all'interno di un fusto contenente una soluzione antitarlo pronta all'uso, quindi non va diluita.Nella soluzione da 5 litri sono presenti una serie di componenti chimici che la rendono potente ed efficace.Ad esempio:- 2,5 grammi/Litro di Permetrina;- 2,5 g/L di Propiconazolo;- 2,5 g/L di IPBC... etcetc....Non ha un odore forte, devo dire che a differenza di altri prodotti simili è abbastanza sopportabile.Ho applicato un litro di soluzione per curare alcuni mobiletti a casa al mare per circa 3 mq di superficie.In linea di massima l'intera tanica di soluzione arriva a coprire tranquillamente 25 mq.E' un buon prodotto e pratico allo stesso tempo, in quanto essendo già diluito non si perde nemmeno tempo a preparare la lozione e con il tempo potrò valutare al meglio la resa e i suoi effetti.Lo consiglio."
FR,B07TXR59Y3,Per prevenzione e per cura dei mobili,Reviewed in Italy on 4 June 2023,4,"Dopo aver portato a casa dei vecchi mobili di famiglia che riposavano in soffitta, ci siamo accorti che perdevano la classica farina anche al minimo spostamento.Quindi, prima di posizionarli vicino ad altro mobilio di legno sano, mi sono messa di buona lena a pulirli con l'aria compressa per individuare i vari buchi dei tarli, passando poi tutti i buchi rinvenuti con un pennellino e questa soluzione a base di Permetrina 0,2%.Ovviamente, ho adottato i possibili accorgimenti di sicurezza, dalla mascherina ai guanti, con ampia areazione nella stanza dove ho fatto il trattamento, comunque l'odore non era forte come mi aspettavo.Al momento sono passate tre settimane e non ho visto nuovi buchi, a parte in un mobile, dove ho effettuato una seconda passata di prodotto.Credo che passerò comunque i mobili a cadenza periodica, soprattutto a scopo prevenzione.Il flacone consente un certo risparmio."
FR,B07TXR59Y3,Trattamento ad alta resistenza per prevenire e porre fine alle infestazioni da tarli,Reviewed in Italy on 4 June 2023,4,"Tanica in plastica contenente 5 litri di prodotto.Contiene lo 0,25% di permetrina come ingrediente attivo, più del doppio della forza di molti prodotti concorrenti. Questo è stato selezionato perché ha dimostrato efficacia contro tutte le fasi del ciclo di vita delle specie di tarli comuni (uova, larve e coleotteri adulti).Il trattamento antitarlo SoluGuard può essere applicato a pennello o a spruzzo a bassa pressione.Per il trattamento curativo (vale a dire il trattamento del legno che è già stato attaccato dai tarli), il trattamento antitarlo SoluGuard viene applicato a una velocità di 300 ml/m 2 – questo richiederà tipicamente più di una mano a seconda dell'assorbimento del legno.Il prodotto antitarlo evaporando satura l'ambiente e contribuisce alla distruzione totale degli insetti infestanti. Meglio eseguire il trattamento in autunno o primavera, periodo in cui le larve raggiungono la via di uscita dopo essere rimaste nel legno mediamente per due anni per poi diventare farfalle.Adatto per la prevenzione, conservazione, restauro e trattamento del legno.Caratteristiche generali:INODOREBASSISSIMA TOSSICITA' PER L'UOMOALTA EFFICACIAPERSISTENZA NEL TEMPONON INFIAMMABILEVantaggi del trattamento:uccisione immediata di insetti adulti in sfarfallamento e in fase di larva;protezione contro infestazioni stagionali provenienti dall'esterno;lunga permanenza dell'efficacia dovuta alla stabilità chimica del principio attivo.COME SI USACon un pennello adeguatamente largo, spennelleremo abbondantemente l'antitarlo su tutte le parti del mobile non verniciate (legno grezzo). Nei casi di superfici interamente trattate (ad esempio verniciate) dove non sia possibile portare il legno allo stato grezzo, bisogna procedere iniettando l' antitarlo con una siringa nei fori fatti dagli insetti."
FR,B07TXR59Y3,🆗 Occorrono più applicazioni ma funziona a dovere 🆗,Reviewed in Italy on 24 May 2023,4,"✔️ 🅿🅷🅸🅻  🆃🅸  🅲🅾🅽🆂🅸🅶🅻🅸🅰 ✔️📦 Prodotto 📦All'interno presente permetrina che a tutti gli effetti g è un’insetticida per scacciare i tarli , ilconsiglio è di utilizzarlo con il vecchio metodo della siringa buco per buco , ma all'occorrenza senon avete tempo potete utilizzarlo anche con appositi strumenti a spray , ma specifico cheovviamente in questo caso la funzione è minore.Quando lo utilizzate vi ricordo di fare uso di appositi e strumenti di sicurezza come mascherineguanti e quant'altro , perché all'interno ha dei prodotti tossici e pericolosi.Nella confezione ne verranno forniti ben cinque litri e quindi a sufficienza per più utilizzi e per piùmobili , ma soprattutto per più utilizzi in quanto di giorno in giorno dovrete utilizzare più volte ilprodotto, affinché avrete la garanzia di scacciare i tarli definitivamente."
FR,B07TXR59Y3,"Soluguard - Soluzione Antitarlo da 5 Lt. (Permetrina 0,2%) Ideale contro larve, uova e tarli adulti",Reviewed in Italy on 23 May 2023,4,"Nel fusto è contenuta una soluzione antitarlo da 5 Litri pronta all'uso (da non diluire), contenente 2,5 grammi/Litro di Permetrina, 2,5 g/L di Propiconazolo e 2,5 g/L di IPBC, più altri componenti chimici.Ho apprezzato notare che (nel mio caso) la data di scadenza sia a poco meno di 2 anni dall'ordine.E' una formulazione a base d'acqua con un colore leggermente tendente al giallino e va protetto dal gelo.Questo prodotto può esser impiegato sia come soluzione preventiva che curativa e va utilizzato solo per uso interno.Il trattamento può esser fatto sia con pennello che con l'utilizzo di un nebulizzatore a bassa pressione in modo da far penetrare al meglio la soluzione anche nei fori più piccoli.Sulle istruzioni presenti sul retro del fusto, vengono specificati i quantitativi per l'impiego, dove se usato come trattamento preventivo, va applicato 1 Litro su 5 mq (quindi con 5 Lt. si possono coprire fino a 25 mq.), mentre in caso di applicazione come trattamento curativo, va applicato 1 Litro per ogni 3,3 mq. (con 5 Litri si coprono fino a 16,5 mq.).In quest'ultimo caso viene indicato che basta una sola applicazione ogni 5 anni.Nel mio caso ho iniziato subito ad applicarlo su un mobile di casa che nell'ultimo periodo ha iniziato ad esser mangiato da alcuni tarli.Sto valutando di provarlo anche sulle travi della tettoia del mio cortile (comunque al riparo dalla pioggia), per vedere se può funzionare anche li nonostante sia suggerito solo per un uso interno.Prima del trattamento va rimossa qualsiasi vernice, sporco o altro rivestimento superficiale.Il legno deve essere pulito e privo di polvere o di altri contaminanti.Il costo è pari ad € 34,99 (a maggio 2023) e considerandone il livello che ho potuto riscontrare in generale, ne fanno un prodotto dal rapporto qualità-prezzo in linea con altri prodotti analoghi presenti sul mercato.Ovviamente venisse proposto a qualcosina in meno durante un'eventuale promozione, diventerebbe ancora più appetibile.Ho fatto alcune Foto per aiutarvi a capire meglio ""dal vivo"" come risulta qualora decideste di valutarne l'acquisto.Nel complesso mi sembra un buon prodotto e con il tempo ne valuterò meglio gli effetti.Essendo una soluzione già pronta, l'ho trovata molto pratica per esser distribuita velocemente sulle parti in legno colpite da tarli.Spero di esservi stato utile nelle informazioni fornite."
FR,B07TXR59Y3,Come trattamento preventivo o curativo,Reviewed in Italy on 20 May 2023,4,"Usato sui travi che ho in mansarda come trattamento preventivo, i tarli c'erano, sono stati trattati e ogni tanto effettuo il trattamento nuovamente per sicurezza, al momento non sono ricomparsiIl prodotto è in confezione da 5 litriÈ di colore trasparente, l odore non da fastidio ma bisogna comunque arieggiare la stanzaIl legno va precedentemente pulito per bene e fatto asciugare, in seguito si può applicare il prodotto a pennello o a spruzzoI dosaggi sono indicati dietro l etichetta del prodotto, basta sollevare il lembo, le istruzioni sono multilingua tra cui anche l italianoOvviamente quando va applicato indossate guanti e occhialiBuon prodottoHo avuto modo di testare questo prodotto tramite il programma Amazon Vine"
FR,B07TXR59Y3,Efficace,Reviewed in France on 23 June 2026,5,Super efficace
FR,B07TXR59Y3,TRAITEMENT LARVES,Reviewed in France on 15 April 2026,5,EXCELLENT
FR,B07TXR59Y3,"Facile à appliquer, mais difficile de savoir si ça a marché",Reviewed in France on 2 June 2025,5,
FR,B07TXR59Y3,Pas d'odeur et bons réusltats pour un prix abordable.,Reviewed in France on 20 July 2025,5,"Très satisfait de ce produit. J'avais des meubles attaqués, repérés par les petits tas de sciure.  J'ai mis le produit dans un pulvérisateur ménager, très pratique. Pas d'odeur, c'est vraiment appréciable.Pour le moment, le résultat est probant. J'ai toujours mon petit pulvérisateur pas loin, et si je revois un petit tas de sciure, je traite aussitôt localement sans avoir à bouger le meuble.Un bidon économique en plus !"
FR,B07TXR59Y3,Sèche très vite,Reviewed in France on 11 November 2025,5,"Très bon produit ! Il faut bien nettoyer le bois avec une brosse, puis passer un sèche-cheveux chaud dans chaque trou. Ensuite, appliquer le produit, repasser le sèche-cheveux, puis renouveler l’opération plusieurs fois. Je suis très contente du résultat et je recommande vivement !"
FR,B07TXR59Y3,Facile à appliquer,Reviewed in France on 18 September 2025,5,"Facile à appliquer. À voir dans le temps si c’est efficace.Mettez des gants, des manches longues et un masque surtout lorsque vous l’utilisez. Ça se sent que c’est ultra toxique."
FR,B07TXR59Y3,très satisfaite,Reviewed in France on 24 August 2025,5,"Je possède un vieux meuble savoyard en merisier qui s'est malheureusement retrouvé infesté de xylophage. J'ai utilisé le produit avec un vaporisateur, j'ai appliqué tous les jours, deux fois par jour durant 5 jours et aujourd'hui plus rien."
FR,B07TXR59Y3,merci,Reviewed in France on 24 December 2025,5,ca fonctionne!!!
FR,B07TXR59Y3,Efficace !,Reviewed in France on 5 August 2025,5,"A très bien fonctionné. Je l’ai mis sur un tour de porte en bois et les résultats ont été très rapides. Je suis très satisfaite et rassurée.Attention à bien vous protéger, le produit sent fort."
FR,B07TXR59Y3,Efficace,Reviewed in France on 16 November 2025,5,Efficace
FR,B07TXR59Y3,Produit contre les vers de bois,Reviewed in France on 18 August 2025,5,J'ai reçu le produit bien emballé. Il ne coule pas.J'ai commencé à l'utiliser aujourd'hui.Je verrai avec le temps s'il est efficace.
FR,B07TXR59Y3,La rapidité,Reviewed in France on 5 November 2025,5,Nikel
FR,B07TXR59Y3,Très efficace,Reviewed in France on 22 August 2025,5,Il a l'air très esfficace
FR,B07TXR59Y3,Facile d'utilisation,Reviewed in France on 20 August 2024,5,"Produit facile à utiliser, faible odeur.Avec un spray j'ai pu traiter une grande bibliothèque et une grande table de salle à manger. J'en ai commandé 2 autres pour terminer mes meubles en bois.Par contre ça m'a provoqué une forte allergie respiratoire, pensez donc à vous protéger avec un masque lors de l'utilisation."
FR,B07TXR59Y3,Efficace,Reviewed in France on 23 June 2025,5,Efficace pour surfaces visibles. Impossible pour la partie basse d’une armoire difficile d’accès
FR,B07TXR59Y3,ok,Reviewed in France on 26 August 2025,5,ok
FR,B07TXR59Y3,Très bien,Reviewed in France on 19 August 2025,5,Très bien
FR,B07TXR59Y3,Parfait contre les vrillettes,Reviewed in France on 15 July 2025,5,Très efficace du premier coup
FR,B07TXR59Y3,traitement du bois,Reviewed in France on 30 May 2025,5,tout est parfait merci beaucoup
FR,B07TXR59Y3,parfait,Reviewed in France on 27 April 2025,5,Conforme a la description et facile a appliquer
FR,B07TXR59Y3,Très bien,Reviewed in France on 7 May 2025,5,Très bien et très pratique. top !
FR,B07TXR59Y3,Efficace,Reviewed in France on 16 March 2025,5,EfficaceBeaucoup de vrillette à bois mortes retrouvées
FR,B07TXR59Y3,Efficace,Reviewed in France on 10 April 2025,5,"Résultats impeccable, problème résolu!"
FR,B07TXR59Y3,Bien,Reviewed in France on 16 April 2025,5,A l air efficace
FR,B07TXR59Y3,Efficace,Reviewed in France on 19 May 2025,5,Efficace
FR,B07TXR59Y3,Insecticide,Reviewed in France on 16 April 2025,5,Produit efficace
FR,B07TXR59Y3,pratique,Reviewed in France on 11 January 2025,5,La bouteille de 500 ml est pratique pour une application ciblée.
FR,B07TXR59Y3,Très bien,Reviewed in France on 14 April 2025,5,Très bien
FR,B07TXR59Y3,Efficace,Reviewed in France on 8 April 2025,5,Très efficace
FR,B07TXR59Y3,Facile,Reviewed in France on 29 December 2024,5,Facile d'utilisation. En attente pour les résultats répulsifs
FR,B07TXR59Y3,très bien,Reviewed in France on 25 June 2024,5,"utiliser sur une poutre en bois et pour le moment je ne vois plus de termites, à voir dans la durée"
FR,B07TXR59Y3,efficace,Reviewed in France on 9 July 2024,5,plus d'insectes xylophages après traitement .une petite canule aurait été bienvenue pour traiter les trous d'entrée des galeries ...
FR,B07TXR59Y3,Efficacités  super,Reviewed in France on 7 November 2024,5,100 pour 100 efficace même pour les fourmis.
FR,B07TXR59Y3,A recommander,Reviewed in France on 15 January 2025,5,Très efficace
FR,B07TXR59Y3,Fais le job,Reviewed in France on 13 October 2024,5,Efficace.. parfait
FR,B07TXR59Y3,Parfait,Reviewed in France on 21 March 2024,5,Parfait
FR,B07TXR59Y3,Traitement destructeur bois,Reviewed in France on 5 April 2023,5,Bon produit
FR,B07TXR59Y3,Great and seems very effective,Reviewed in the United Kingdom on 19 October 2025,5,"Easy to use, just requires a spray bottle, seems to be very effective as i had an issue but everytime I seen then or where they came from I could spray and wouldn't seem them again. Does has a strong smell but this does subside after a few days"
FR,B07TXR59Y3,Does exactly what it says,Reviewed in the United Kingdom on 22 February 2026,5,"Brilliant, one treatment sorted the problem with my chair leg."
FR,B07TXR59Y3,"Maravilloso, las mata al instante.",Reviewed in Spain on 7 June 2026,5,Estamos de obras y en maderas que había en el patio estaban  llenas de termitas y el producto es fulminante.
FR,B07TXR59Y3,Prodotto veramente eccezionale,Reviewed in Italy on 23 May 2026,5,"Prodotto eccezionale acquistato senza aspettative. Lo dovevo utilizzare per delle tapparelle ormai rovinate dagli anni e dal sole. Privato come tentativo prima di cambiarle. Facile da applicare (io ho utilizzato un pennello), sono tornate nuove. A distanza di settimane sono sempre bellissime come fossero appena sostituite! Veramente consigliato!"
FR,B07TXR59Y3,Solucion muy completa para prevenir y tratar madera,Reviewed in Spain on 27 April 2026,5,"Después de probar Soluguard Anticarcoma en varias piezas de madera (vigas antiguas, marcos y algún mueble afectado), la sensación general es muy positiva. Se nota que no es el típico producto básico, sino una solución bastante completa tanto para prevenir como para tratar infestaciones ya visibles de carcoma, termitas y otros insectos xilófagos.La aplicación es sencilla, penetra bien en la madera y no deja un acabado excesivamente agresivo ni olor insoportable como ocurre con otros tratamientos más fuertes. En casos de carcoma activa, combinado con una aplicación cuidadosa, transmite bastante confianza por su capacidad de actuación, especialmente en zonas delicadas o maderas viejas.El formato de 5 litros además cunde mucho, por lo que sale rentable si tienes varias superficies o estructuras que tratar, en lugar de quedarse corto como otros envases más pequeños.En resumen: buena relación entre eficacia, cantidad y facilidad de uso. Una opción recomendable si buscas proteger madera de forma seria sin complicarte demasiado."
FR,B07TXR59Y3,Ottimo prodotto,Reviewed in Italy on 13 May 2026,5,"Molto efficace, da utilizzare indossando guanti, cuffia e mascherina"
FR,B07TXR59Y3,Recomendable 100%,Reviewed in Spain on 1 March 2026,5,"Excelente, elimina todo! Hay que colocarlo dos o tres veces sobre la zona afectada pero luego de eso nunca más. Muy bueno"
FR,B07TXR59Y3,Funciona,Reviewed in Spain on 11 August 2025,5,Fàcil de usar con spray y con brocha. Lo usamos para unas vigas de techo y hemos visto buenos resultados. Aparecieron bichos muertos. Por ahora no hemos vuelto a ver serrín.  Algo de olor pero no desagradable y soportable
FR,B07TXR59Y3,Easy to use,Reviewed in the United Kingdom on 28 May 2026,5,Easy to use
FR,B07TXR59Y3,Prodotto serio... Se hai pochi mobili infestati,Reviewed in Italy on 8 April 2026,5,"Hai un mobile antico elegante e poi nel silenzio più assordante senti cric cric cric e la mattina seguente ti accorgi che i tarli hanno fatto festa vedendo polverina gialla in terra?fai come me dopo aver letto recensioni di mille prodotti dopo qualche giorno ho acquistato soluguard e sono rimasta piacevolmente soddisfatta innanzitutto è facile da usare, non puzza (miracolo) è efficace anche se il trattamento va ripetuto ma soprattutto funziona sia per cura che per prevenzione tradotto non solo elimina i tarli ma scoraggia pure i loro amici"
FR,B07TXR59Y3,Ottimo prodotto,Reviewed in Italy on 14 February 2026,5,Facile da usare. Con una sola passata ho risolto il problema
FR,B07TXR59Y3,Easy to use in spray form.,Reviewed in the United Kingdom on 23 May 2026,5,Easy to use in spray form. No strong odour. Applied three times to affected area and it looks to have worked. Used on one section of dining chair but keeping an eye out for any spread. None at moment.
FR,B07TXR59Y3,Ottimo prodotto,Reviewed in Italy on 23 April 2026,5,Ottimo prodotto💪🏻  ha debellato i Tarli da uno specchio in legno
FR,B07TXR59Y3,Funciona al 100%,Reviewed in Spain on 20 October 2025,5,Todos los años me lo pido. Vale para todos los intrusos. Genial
FR,B07TXR59Y3,La calidad del producto,Reviewed in Spain on 6 June 2025,5,De momento todo bien. Parece que se a eliminado la carcoma. De todos modos e echado con una jeringuilla a todos los huecos. Lo malo que te deja un mal olor pero creo que eso se irá a base de abrir ventanas y tal.. el envío de Cáceres correos express penoso. No se puede contactar con la oficina ni nada. Y encima el repartidor me lo deja en un punto de recogida donde él le parezca bien. Dejé una nota que lo dejará a una dirección y a pasado del tema. Por lo demás genial.
FR,B07TXR59Y3,Works!,Reviewed in the United Kingdom on 29 January 2026,5,Definitely works!No odourSprayed on to holes on an antique cabinet and a beetle emerged dead within a couple of days. I am about to inject the holes further using a syringe to ensure all tunnels have been treated.Would definitely buy again but this will last a good while anyhow.
FR,B07TXR59Y3,un buon prodotto,Reviewed in Italy on 14 November 2025,5,E' il secondo ordine. Il prodotto non lascia aloni ed è quasi inodore
FR,B07TXR59Y3,Kills Them Little Buggers Good,Reviewed in the United Kingdom on 24 May 2026,5,Kills them good.
FR,B07TXR59Y3,tutto bene,Reviewed in Italy on 26 March 2026,5,tutto bene
FR,B07TXR59Y3,Funciona,Reviewed in Spain on 23 May 2026,5,Funciona pero es mas preventivo que curativo
FR,B07TXR59Y3,"Good item at a good price, seller recommended",Reviewed in the United Kingdom on 3 July 2026,5,"Good item at a good price, seller recommended"
FR,B07TXR59Y3,Spray anti tarlo,Reviewed in Italy on 4 June 2026,5,Funziona alla perfezione.. escono fuori che sono stecchiti!! Consigliato!!
FR,B07TXR59Y3,Bien embalado,Reviewed in Spain on 17 April 2026,5,"Ha llegado muy bien embalado, falta la aplicación, otra cosa es el envío por Correos Express. Poca comunicación."
FR,B07TXR59Y3,Me funcionó,Reviewed in Spain on 18 September 2025,5,"Parece que funciona!!..rocíe una estantería que hice con un tronco, y lo envolví con un plástico....lo dejé un tiempo, luego lo saqué y volví a rociar...de momento han pasado unos meses y ni rastro de carcoma."
FR,B07TXR59Y3,Low odour,Reviewed in the United Kingdom on 23 May 2026,5,Does what it’s supposed to do very low odour
FR,B07TXR59Y3,Ottimo,Reviewed in Italy on 20 November 2025,5,"Premetto che erano tre giorni che sentivamo il tarlo.Ero molto preoccupata pechè dovevo trattare un soffitto 4x4 in legno verniciato bene, più volte e di recente con impregnante. Della tanica da 5 litri ne ho consumato veramente poco ciò nonostante dopo la prima passata il tarlo si sentiva già molto meno e a fatica. Dopo la seconda passata a distanza di 5 giorni e solo sulla piccola area dove lo sentivamo è andata bene. Mi sento di fare un'ottima recenzione al prodotto, lo consiglio."
FR,B07TXR59Y3,Milagroso,Reviewed in Spain on 1 September 2025,5,"Producto ideal, si quieres hacer desaparecer las termitas, gusanos de la madera, carcoma. Nosotros teníamos carcoma debajo del zócalo y solo bastó con 1 pulverización directa y no han vuelto a aparecer más. Modo de uso: Pulverización directa o por los agujeros en jeringa y listo. Lo volveré a comprar cuando se me termine!"
FR,B07TXR59Y3,Value for money,Reviewed in the United Kingdom on 1 April 2026,5,Easy to use with a sprayer
FR,B07TXR59Y3,It works - some patience and persistence needed,Reviewed in the United Kingdom on 2 June 2026,5,"The war against the wood beetles in our wooden sideboard is still ongoing (day 3 today) but I can see the results already - the fresh frass still appears but much less, and I've seen 2 dead bugs already. Initally I sprayed the whole sideboard. And now, whenever I see signs of fresh frass, I immediately spray the affected area. I hope we'll manage to get rid of them completely very soon."
FR,B07TXR59Y3,Ottimo prodotto!,Reviewed in Italy on 23 January 2026,5,"L’ho usato su delle sedie in legno che erano veramente tanto tanto tanto rovinate, l’ho lasciato asciugare per due giorni e successivamente le ho aspirate bene. Finalmente non trovo più la polverina sul pavimento!!Facile da distribuire, con un flacone sono riuscita ad utilizzarlo su circa 5 sedie"
FR,B07TXR59Y3,Bien,Reviewed in Spain on 2 April 2026,5,El producto está bien en un principio me mandaron uno que se salía pero reclamé y no hubo ningún problema
FR,B07TXR59Y3,Stinks but works,Reviewed in the United Kingdom on 21 February 2026,5,"It absolutely smells, so make sure you vent it well after and I would advise using a mask .. but as done the trick on our wood worm infestation."
FR,B07TXR59Y3,Good,Reviewed in the United Kingdom on 10 March 2026,5,Good
FR,B07TXR59Y3,Good,Reviewed in the United Kingdom on 28 January 2026,5,Great thanks
FR,B07TXR59Y3,¿sabeis los años de duracion?,Reviewed in Spain on 25 September 2025,5,"YO nO TENIA TERMITAS pero si carcoma y escarabajos y desde que se ha echado no hay presencia de ellos ,me imagino que lo mismo actuara a las termitas. o que no especifica el producto es para cuantos años dura. no se si alguien lo sabrá.recomiendo los EPIS adecuados para echar este producto"
FR,B07TXR59Y3,Funciona,Reviewed in Spain on 21 February 2026,5,Va bien.
FR,B07TXR59Y3,Easy to use,Reviewed in the United Kingdom on 15 January 2026,5,Easy to use and little to no smell
FR,B07TXR59Y3,Ha eliminado toda la invasión,Reviewed in Spain on 26 January 2026,5,Ayudó a eliminar toda la invasión
FR,B07TXR59Y3,Woodworm treatment,Reviewed in the United Kingdom on 8 September 2025,5,Had a tiny infestation on my bath panel as it was wood removed and sprayed under the bath 3 times no problem 4 months down the line left my bath panel off threw it to be honest. Now be putting plastic one back so far no problems
FR,B07TXR59Y3,Easy,Reviewed in the United Kingdom on 12 December 2025,5,Iv put it on very easy to use I hope that's it
FR,B07TXR59Y3,Funciona,Reviewed in Spain on 28 October 2025,5,Lo usamos en casa de mis abuelos que se encuentra deshabitada y tenía un problema importante de térmitas. Ha funcionado de maravilla
FR,B07TXR59Y3,One application already effective,Reviewed in the United Kingdom on 29 July 2025,5,Sprayed only once through the whole table in which we had found one 5mm hole where sawdust was coming (insisting especially on said hole) and about 12 hours later we found the poor culprit laying on the floor. Almost sorry for the little creature but what can you do
FR,B07TXR59Y3,Good,Reviewed in the United Kingdom on 18 December 2025,5,Works well
FR,B07TXR59Y3,Excelente,Reviewed in Spain on 15 January 2026,5,Excelente
FR,B07TXR59Y3,My friend is quite happy with it.,Reviewed in the United Kingdom on 15 December 2025,5,Bought as a gift.
FR,B07TXR59Y3,Received Item Happy!,Reviewed in the United Kingdom on 12 December 2025,5,Received Item Happy!
FR,B07TXR59Y3,Highly recommend this,Reviewed in the United Kingdom on 29 November 2025,5,Great stuff joiner was pleased with effectiveness
FR,B07TXR59Y3,Todo correcto,Reviewed in Spain on 17 October 2025,5,"Lo he utilizado varias veces, para prevención, estoy contento, espero que el efecto dure mucho tiempo."
FR,B07TXR59Y3,IT KILLED IT DEAD.,Reviewed in the United Kingdom on 18 May 2022,5,"Brought a vintage wardrobe from a house clearance place, took it home & gave it a clean. Under the layer of filth I noticed some bore holes in the wood, not a problem it's a 30s wardrobe.Just to be safe I left it empty and monitored the holes... yep fresh sawdust *bugger*. Didn't want to mess around so got this. If the packaging tells me not to touch the solution, not to breath the fumes I thought that's the stuff I want to wage CHEMICAL WARFARE on this critter. So I deployed my FFP3+ mask and sprayed away, opened a window and left the room to air out, as I was away for the weekend.Did it work? YESI came back to find the fiendish little beastie crusty and dead at the bottom of my wardrobe. MISSION ACCOMPLISHED, no more holes, no more sawdust and best of all years of protection.The volume of the bottom means I've got loads left. For what I need this will last decades."
FR,B07TXR59Y3,Soluguard Antitarlo – Anti Tarlo e Anti Termiti di Qualità Superiore,Reviewed in Italy on 15 December 2024,5,"💪 Estremamente Efficace: Dopo aver testato vari metodi, compresi i fumogeni, questo prodotto si è rivelato il più potente e risolutivo contro tarli e termiti.🧪 Alta Concentrazione: La formulazione ad alta concentrazione garantisce risultati rapidi e duraturi, assicurando una protezione ottimale del legno.💧 Pronto all’Uso e Trasparente: Nessun bisogno di diluire o mescolare. La sua finitura trasparente non altera l’aspetto originale del legno, preservando l’estetica dei tuoi mobili o strutture lignee.🏠 Versatile: Adatto sia per piccoli interventi domestici sia per progetti più ampi, questo antitarlo si presta a molteplici utilizzi.Conclusione: Un prodotto realmente risolutivo e semplice da usare. Dopo tanti tentativi falliti, Soluguard Antitarlo ha finalmente messo fine al problema, meritando senza dubbio le cinque stelle."
FR,B07TXR59Y3,The worm that turned,Reviewed in the United Kingdom on 3 September 2025,5,"Not cheap but used it forva wk on said areas ,little blighters have died or vacated ."
FR,B07TXR59Y3,"Può aiutare, ci vuole pasienza",Reviewed in Italy on 12 August 2025,5,Con uno spruzzino e un pennello ho trattato 35 mq di sottotetto con travi e perline e abbattuto di molto le fuoriuscite di segatura quindi ritengo che il prodotto sia efficace. Ora sto utilizzando una siringa da 50 ml nei fori dove si vede palesemente attività.
FR,B07TXR59Y3,Hope it works,Reviewed in the United Kingdom on 18 August 2025,5,It has a distinctive smell about it but not unpleasant.I hope it’s doing what it says on tin.No problem to use had mask on and garage door open
FR,B07TXR59Y3,Ottimo prodotto,Reviewed in Italy on 20 February 2026,5,Ha funzionato fermando l’infestazione nel mobile
FR,B07TXR59Y3,buen producto,Reviewed in Spain on 27 October 2025,5,Tal cual esperaba.Envio en el plazo previsto
FR,B07TXR59Y3,Perfetto,Reviewed in Italy on 17 January 2026,5,Ottimo
FR,B07TXR59Y3,Easy application,Reviewed in the United Kingdom on 4 October 2025,5,"Seemed effective for treating local areas, time will tell if beetle evidence has gone."
FR,B07TXR59Y3,Wood treatment,Reviewed in the United Kingdom on 1 September 2025,5,Excellent product and hopefully works had no call back as yet
FR,B07TXR59Y3,Woodworm  spray,Reviewed in the United Kingdom on 29 June 2025,5,Easy to use woodworm sprayAlthough the woodworms don’t appear still active I have sprayed all the exit holes the createdTime will tell if this will workGood price for appears to be a good product
FR,B07TXR59Y3,"Great, worked within a day",Reviewed in the United Kingdom on 4 March 2025,5,"Applied the liquid to area, spray was perfect type of mist. Next day I saw 4 dead wood boring beetles. I’ve not seen any more dust. It’s early March, so more may start to come out now as April is when they start to fly. But now it’s treated I hope no other come. But a great start."
FR,B07TXR59Y3,Devo dare altre mani e si vedrà se funziona verso primavera,Reviewed in Italy on 21 December 2025,5,"Ho dato solo la prima mano e non so se funziona.  Ne darò altre due.  Non ha cattivo odore, è quasi inodore."
FR,B07TXR59Y3,Antitarme,Reviewed in Italy on 18 December 2025,5,Problema risolto con questo prodotto. Ottimo!
FR,B07TXR59Y3,Works great,Reviewed in the United Kingdom on 1 June 2025,5,"works really well, just make sure you find where they’re all breeding/ coming from as took us a few tries. we had an infestation in our home, spraying it daily and finding dead bugs everyday, hopefully continues to work"
FR,B08F7JHXJX,Difficultés d’utilisation.,Reviewed in France on 29 April 2026,1,"Il est sûrement utile, mais la difficulté vient du montage."
FR,B08F7JHXJX,Je ne recommande pas,Reviewed in France on 8 August 2025,1,N'est pas pratique à plier et à mettre en place (colle)
FR,B08F7JHXJX,Inefficace car pas de phéromones,Reviewed in France on 24 August 2024,1,Il n'y a plus le trait de phéromones de ce fait il est complètement inutile. Sachant que c'est la phéromones qui les attirent sur le piège.Ceux de l'année dernière fonctionnaient vraiment bien.Bien sûr impossible de renvoyer l'article car obligé d'ouvrir pour voir si il y a la phéromone ou pas.
FR,B08F7JHXJX,Zéro résultat,Reviewed in France on 27 July 2024,1,"J’ai mis plusieurs pièges partout depuis 4 jours aucun cafard n’a été attrapé, je pensais qu’il y’avait plus sauf que hier je les ai vu se balader tranquillement donc les pièges n’ont aucune efficacité et ne servent absolument à rien, perdez pas votre argent"
FR,B08F7JHXJX,Bof,Reviewed in France on 13 August 2023,1,"Pas très efficace, à moins que nous n'avons pas autant d'insectes que nous le pensions...Toutefois, j'en vois quand même qui se baladent, mais ils ne sont jamais capturés par ce piège.J'ai quand même pu voir un insecte qui a réussi à se libérer."
FR,B08F7JHXJX,Pas efficace,Reviewed in France on 9 August 2022,1,"Je me suis laissé influencer par une photo d'utilisateur. Mais après avoir installé plus de 20 pièges dans une pièce de 50m2, je n'ai rien attrapé. Et je vois toujours quelques cafards se ballader. Cela n'attire en rien le cafard, il faut juste poser les pièges en espérant qu'il passe par là, autant vous dire que c'est peine perdue."
FR,B08F7JHXJX,N'attrape rien,Reviewed in France on 1 August 2022,1,"Installés depuis plusieurs jours partput dans la maison pour lutter contre les blates de jardin qui envahissent la cuisine et les chambres.Les bestioles se baladent toujours et rien dans les pièges. On en attrape même juste a côté !On a mis du sucre ou des miettes de pain dans les pièges, ça ne change rien."
FR,B08F7JHXJX,Désolée mais nul,Reviewed in France on 28 September 2022,1,"Le seul Point positif de cet article est la facilité d'utilisation,pour autant les pièges ne restent pas collés une fois assemblés,et n'attirent nullement les bébêtes pour lesquelles ils ont été achetés,je ne recommande pas cet article pour le coup de l'argent foutu en l'air 😔"
FR,B08F7JHXJX,Pffff le jouet,Reviewed in France on 25 May 2022,1,"Passer votre chemin,  c'est pas ce truc qui va vous débarrasser des cafards. Déposer depuis 4 jours, seulement 3 pauvres cafards piègés pourtant je les vois se balader partout."
FR,B08F7JHXJX,nul,Reviewed in France on 20 September 2022,1,tres decu  les cafards il passe dessu sans se coller argent jeter par les fenetre
FR,B08F7JHXJX,Inutile,Reviewed in France on 20 August 2022,1,Les insectes courent dessus
FR,B08F7JHXJX,arnaque sur les piscines,Reviewed in France on 4 August 2022,1,arnaque sur les piscines
FR,B08F7JHXJX,"Je déconseille ce produit, médiocre, un rouleau d'adhésif est préférable !",Reviewed in France on 27 August 2021,1,Médiocre
FR,B08F7JHXJX,Its not worth buying,Reviewed in the United Kingdom on 2 May 2024,1,It didnt do what the advert said it would do.
FR,B08F7JHXJX,No effect,Reviewed in the Netherlands on 12 December 2022,1,Catch master didn’t catch anything. Has been 9 days now. Very disappointed
FR,B08F7JHXJX,Mai più!!!,Reviewed in Italy on 4 July 2026,1,"Sono morti tutti gli altri animali che, come ad esempio le lucertole; mi dispiace, ma è davvero un peccato!!!"
FR,B08F7JHXJX,Très peu de résultats !,Reviewed in Belgium on 22 February 2024,1,"Très faible prises, deux à trois incectes par pièges après une srmaine !"
FR,B08F7JHXJX,Katzen vs. Silberfische 4:1,Reviewed in Germany on 13 December 2021,1,"Wir wohnen auf 90qm, in einer 4 Zimmerwohnung - wir - das sind 2 Erwachsene + 4 Katzen und neuerdings wird unsere Wohnkommune erweitert, durch sog. Silberfische.Ganz ehrlich - Silberfische sind ja nun nicht ganz so eklig wie Kakerlaken und auch nicht ganz so gefährlich, wie eine schwarze Witwe aber die kleinen Biester nerven halt.Man geht morgens durch den Westflügel, ins Badezimmer, macht schlaftrunken die 5 Watt Energiesparlampe an und im Schein dieses kalten Lichtes, bewegt sich plötzlich der Badezimmerboden…nicht, weil man noch Restalkohol vor vorabendlichen Altstadtbesuch im Blut hat…nein….sondern, weil die Silberfischkommune gerade ihr Coachella 2021 bei uns im Badezimmer feiert und die Badezimmerbeleuchtung eine Art Katalysator für den Fluchttrieb der Partygesellschaft ist…Gleiches gilt für die Küche - man betritt seine Küche, öffnet den Kühlschrank und sieht aus dem Augenwinkel, wie ein Rudel Silberfische die Stellung wechselt - von unter dem Kühlschrank, zieht der Treck in Richtung unter den Küchenschrank…Nun könnte man ja denken, das unsere restlichen Hausbewohner, unsere Miezen, den Silberfischen den gar aus machen…aber…nöp…Wer keine Katzen hat…Katzen jagen eigentlich alles, was sich schneller bewegt, wie ein Regenwurm aber dies trifft ganz ganz ganz sicher nicht auf unsere Katzen zu !Unsere Mietzen sind so etwas von domestiziert - da wird nichts mehr gejagt, da wird auf die Uhr geschaut und um Punkt 19.00 Uhr gemauzt, weil es dann Zeit für das Abendessen ist…und Silberfische gehören scheinbar nicht zu den Nahrungsmitteln unserer Miezen…Tatatataaaaa….wer kann helfen ? Natürlich - Herr Bezos…Fluchs den PC hochgefahren ( Ja, wir sind halt Oldstyle ), Browser gestartet und Tante Google gefragt, was es für Mittel gegen die kleinen, unliebsamen, Mehrfüssler gibt.Keine 2 Sekunden später, kommt besagter Herr Bezos ins Rennen und man landet bei diesem Produkt.Nun muss man sagen, das wir schon einmal das Thema mit den kleinen Silberlingen hatten und damals haben wir uns dazu entscheiden, so blaue Dosen zu kaufen ( Gibts auch bei Amazon ). Diese muss man erst mit brachialer Gewalt und einem Schraubenzieher öffnen, um die Dosen dann unter Sofas, Betten usw. zu kicken. Nachteil bei den Dosen - abgesehen davon, das man sich beim öffnen der Dosen, den besagten Schraubenzieher ( JaJa - Schraubendreher ) mind. 2 x  in die Hand rammt - der Inhalt ist giftig.Wir wissen das und nehmen deswegen Abstand davon, auf den Dosen rumzulutschen oder diese abzulecken…unsere Miezen dagegen…naja…die sind da halt anders gestrickt…DAS war der Grund, warum wir uns für die Klebestreifen entschieden haben - sie ( sollen ) ungiftig sein und was auch nicht zu verachten ist - der Preis und die dafür gebotene Stückzahl.Die Kleberlinge kommen als vorperforierte Bögen an und die Erste Amtshandlung besteht darin, seine Origami Fachkenntnisse abzurufen und aus den Bögen lustige kleine Häuschen zu falten. Dies ist schon einmal Beschäftigungstherapie für locker 20 Minuten. Nach dem man dann die Bögen getrennt, gefaltet und zusammengeklebt hat, muss man sich In die Psyche eines Silberfisches versetzen - man muss sozusagen den Ho Chi Minh Pfad der Silberfische ausmachen.Nach dem man diesen dann in den Grundriss seiner Wohnung eingezeichnet hat, gehts ans Platzieren der Pappfallen - Badezimmer, Wohnzimmer, Schlafzimmer…die kleinen Papphäuschen sehen von oben aus, wie kleine, weisse Zelte und manche unsere Zimmer sehen nun aus, wie kleinen Campingplätze für Familie Silberfisch…Nach den man dann alle Fallen aufgestellt hat, heisst es - abwarten !In der ersten Woche wurde die übermäßige Neugierde unsere Miezen bestraft - wirklich JEDE Mieze hat es geschafft, wenigstens eine der Klebefallen, in Ihren Pelz kleben zu haben - Hinterpfote, Vorderpfote, Kopf !!! und auch IM Stetz…Spitzenreiter unserer pelzigen Silberfische war unser sibirischer Waldkater - der sah z.T. so aus, wie ein Werbeträger für diese Klebefallen - 3 Klebefallen an einer Katze…Rekord !Wir mussten deswegen noch einmal ein schnelles Teammeeting einberufen und unser lokalisierter Ho Chi Minh Pfad stand zur Disposition aber …die uns bekannten Feinbewegungen, auf den uns bekannten Routen, liessen keine Umpositionierung der Klebefallen zu…davon abgesehen, wurden in den ersten Tagen, eine Vielzahl der Klebefallen nach dem Gusto unserer Miezen umgeordnet - manche Klebefallen wurden nur mit der Pfote angestupst, bei anderen klebten die Fallen am Pelz der Miezen und fielen dann irgendwo in der Wohnung wieder ab…Nach nun knapp 14 Tagen kann man sagen - wir haben definitiv mehr Miezen wie Silberfische mit den Fallen gefangen !Im Badezimmer wurden wir sogar von einem der Silberfische verhöhnt - meine Frau machte da morgens das Licht an und ein Silberfisch in Waschbärklasse ( O-Ton Ehefrau ) , beschleunigte auf max. Warpgeschwindigkeit, rannte direkt auf die Klebefalle zu, um dann im letzten Augenblick, dieser gekonnt auszuweichen und in einer naheliegenden Badezimmerfuge zu verschwinden…Falls nun jemand wissen möchte, wie groß unsere Badezimmerfugen sind, das da ein Waschbär durchschlüpfen kann…fragt meine Frau…Wie auch immer - aktuell erfreuen sich alles Lebewesen in unserer Wohnung, bester Gesundheit. Es kann natürlich sein, das die Silberfische sich erst einmal an die kleinen, klebrigen, Pappzelte gewöhnen müssen und wenn dies dann passiert ist, das große Kleben bei den Silberfischen losgeht…aber aktuell…sind die wohl noch in der Gewöhnunsphase…falls sich daran etwas ändert, werden wir uns hier melden.Bis dahin, werden wir Mal nach anderen Mitteln suchen…meine Frau erzählte etwas von Honig auf Papier…ich möchte mir aber ehrlich nicht ausmalen, was passiert, wenn eine unsere Miezen plötzlich aussieht, wie Winnie Pooh, der in einen Honigtopf gefallen ist…habt ihr schon einmal versucht, eine sibirische Waldkatze, gegen ihren Willen ( Und es ist immer gegen ihren Willen ! ), unter die Dusche zu stellen ?Stellt euch einen schlecht gelaunten Velociraptor vor, welchen man mit einem hungrigen weissen Hai gekreuzt hätte…Da lebe ICH lieber mit den Silberfischen…."
FR,B08F7JHXJX,Inutili,Reviewed in Italy on 24 June 2026,1,Difficili da montare e quando ci riesci ti accorgi che sono poco pratici e peggio ancora non fanno quello che promettono. Sconsiglio l'acquisto
FR,B08F7JHXJX,Per nulla utile,Reviewed in Italy on 22 June 2026,1,Prodotto purtroppo inutile. Ho assistito al passaggio all’interno della casetta di una blatta (è entrata da un lato ed è uscita dall’altro). Peccato.
FR,B08F7JHXJX,No sirven,Reviewed in Spain on 27 June 2026,1,"Muy malas. Por webcam vi como las cucarachas pasan por encima, se atascan un poco y siguen su camino tan tranquilas. No sirven para nada."
FR,B08F7JHXJX,No funciona.,Reviewed in Spain on 24 June 2026,1,"No sirve, las cucarachas pasan por al lado como si nada. Se ríen del producto vamos. A ver qué respuesta me dan."
FR,B08F7JHXJX,Peores que cualquier otra marca.,Reviewed in Spain on 9 October 2025,1,"Peores que cualquier otra marca de trampas similares:- Huelen. No mucho, y no es desagradable, pero huelen.- Son más pequeñas que la mayoría. De ancho iguales, pero de largo, bastante menos.- Por apurar el papel al máximo, viene con pegamento hasta por los lados, con lo que se pega a todas partes: la bolsa donde vienen, el suelo, las manos... Y como toques el pegamento (que es inevitable a menos que uses guantes), luego no hay forma de quitarlo de las manos.He comprado trampas iguales de 3 o 4 marcas distintas y ninguna me ha dado estos problemas... salvo el del olor."
FR,B08F7JHXJX,Timo total,Reviewed in Spain on 3 July 2026,1,"Me parece un timo total, son muy pequeñas y  no hace ningún efecto"
FR,B08F7JHXJX,NO SÉ SI FUNCIONARÁN,Reviewed in Spain on 9 July 2025,1,"No me gustan nada. No sé si las cucarachas se pegarán, pero tú te pones las manos llenas de pegamento que es bastante difícil de quitar. Las trampas vienen pegadas de 3 en 3 y hay que separarlas y doblarlas, el problema es que los filos de las trampas chorrean pegamento, si usas guantes no hay manera de despegar los y si las tocas sin guantes, te pones de pegamento hasta arriba ... En fin, espero que al menos cumplan su función, si es así actualizaré mi comentario. Ya llevan dos días puestas y no ha caído ninguna. Otra cosa es que es difícil que las cucas pasen por estas trampas tan pequeñas si además no llevan ningún compuesto que las atraigan a la trampa."
FR,B08F7JHXJX,No sirve,Reviewed in Spain on 6 June 2026,1,No sirve para nada. Es como jugar  a las cositas con las cucarachas. Cero
FR,B08F7JHXJX,No valen,Reviewed in Spain on 12 June 2026,1,"No vale para nada,las cucarachas literalmente al lago y no caen"
FR,B08F7JHXJX,Nicht empfehlenswert für die bernsteinfarbene Gartenscharbe,Reviewed in Germany on 16 December 2025,1,Habe mich aufgrund der vielen guten Bewertungen für dieses Produkt entschieden. Leider interessiert die bernsteinfarbene Gartenscharbe dieses Lockmittel nicht im geringsten. Habe im Keller pro Raum 2-3 Fallen aufgestellt. Das Insekt befindet sich in unmittelbarer Nähe aber auch nach 5 Wochen nicht mal eins ist in die Falle getappt. Zwei Spinnen hab ich jetzt wohl weniger…
FR,B08F7JHXJX,Sind das Attrapen?,Reviewed in Germany on 11 September 2024,1,"Das Produkt ist an sich gut verpackt, man bekommt es einfach getrennt und zusammengebaut. Anweisungen minimal vorhanden. Sonderbarer, nicht unangenehmer Geruch wird direkt wahrgenommen sobald die Folie geöffnet wird. Sehr wahrscheinlich handelt es sich dabei um den Lockstoff, der vermutlich einfach über die Pappe gesprüht wurde, zumindest ist keiner separat beigelegt, wodurch die Anwendung sich nur aufs abreißen und zusammenfalten beschränkt und anschließendem platzieren. Der Geruch ist nach wenigen Wochen nicht mehr wahrnehmbar, also wahrscheinlich verflogen. Blöd nur dass auch die Fallen, die ich nicht platziert habe, ebenfalls keinen Geruch mehr haben und somit eventuell unbrauchbar sind. Egal, denn für mich haben die Fallen sich sowieso als unbrauchbar erwiesen. Auf 10 Fallen ist mir eine Fliege auf die Klebestreifen gegangen, sonst nichts, obwohl ich dennoch hier und da eine Schabe entdeckt habe. Über den genauen Befall kann ich nicht berichten, da es immer nur eine ist auf paar Tage, was auch einfach an offenem Fenster bei Erdgeschoß Wohnung liegen könnte."
FR,B08F7JHXJX,No sirven para acabar con las cucharachas,Reviewed in Spain on 5 June 2026,1,No sirven para nada
FR,B08F7JHXJX,Sconsigliatissimo,Reviewed in Italy on 24 October 2025,1,"Inutili, non servono a nulla, è come comprare cartoncino ma ad un prezzo elevatissimo poiché non catturano nessun tipo di scarafaggio/insetto.Li sconsiglio anche perché successivamente ho fatto la prova a mettere un gel per blatte (che funziona in modo efficace) sopra le trappole ma neanche si avvicinano, invece il gel messo singolarmente negli angoli funziona in modo assoluto (trovo decine di scarafaggi stecchiti)."
FR,B08F7JHXJX,Nicht effizient,Reviewed in Germany on 10 August 2025,1,"Nicht zu gebrauchen, Tiere (Schaben) sitzen vor der Falle. Wenn man sie hineindrängt kleben sie nur fest und verenden ewige Zeit Später. Auch hier sollte man Respekt vor dem Leben haben und einen schnellen und nicht qualvollen Tod als Ziel haben. Absolut nicht zu empfehlen, die Falle muss auch genau im Laufweg sein und dann darf das Tier nicht drumherum laufen, was es natürlich macht weil es eine Hürde ist. Schade für den Preis."
FR,B08F7JHXJX,keine Wirkung,Reviewed in Germany on 7 February 2026,1,"Absolut nutzlos.Ich habe langsam alle dieser Fallen durch, Klebeband ist genauso effektiv."
FR,B08F7JHXJX,Nutzlos,Reviewed in Germany on 2 September 2025,1,"Am Liebsten Null Sterne. Sie funktionieren nicht- sie locken die Schaben nicht wirklich an. Hab 10 Stück auf 2qm aufgestellt- die Schaben laufen einfach überall lang, aber nicht durch die fallen. Eine hatte sich mal darin verirrt (morgens gesehen). Als ich abends nachschaute, war sie nicht mehr da- hatte sich also befreien können. Völlig nutzlos diese Fallen."
FR,B08F7JHXJX,NO FUNCIONA,Reviewed in Spain on 30 July 2025,1,"Es inútil no le pongo 0 estrellas porque no deja, el pegante que tiene no funciona es muy débil lo que hace que se despegue de la superficie y ni hablar del que se encuentra dentro de la trampa que es igual o peor ya que permite que la cucaracha escape después de ""quedar atrapada"" (lo he visto).Es dinero perdido ya que no cumplen su función."
FR,B08F7JHXJX,No sirven,Reviewed in Spain on 11 September 2025,1,"No atrae a las cucarachas. Tenía localizada una cucaracha en una habitación. Puse 3 trampas y las dejé durante 3 días. Al tercer día, miré debajo de la cama, la vi y la tuve que coger con un vaso. No merece la pena gastar el dinero en estas trampas."
FR,B08F7JHXJX,Pésima experiencia,Reviewed in Spain on 19 May 2025,1,La verdad compre el producto por las reseñas que pone que son súper creíbles. En mi caso pesi llevan puestas más de 3 dias donde tengo el problema con estos animales y no tengo ni tan solo 1. Y cada que vengo tarde de noche que enciendo la luz las veo pasear por los costados y no entran en la trampa.
FR,B08F7JHXJX,Es war sehr schlimm.,Reviewed in Germany on 6 November 2025,1,"Es war nicht gut, und nach zwei Tagen war kein Klebstoff mehr vorhanden, um die Kakerlaken zu fangen."
FR,B08F7JHXJX,Nach 1 Woche noch kein Erfolg zu sehen,Reviewed in Germany on 5 August 2025,1,"Die Fallen stehen seit fast 1 Woche und leider ist noch nichts passiert. Silberfische, Küchenschaben rennen in der Wohnung rum, aber die Fallen sind leer. Heute erst ist ein Silberfisch auf der Falle gewesen und ist dann gemütlich runterspaziert🫣 Ich hoffe, es tut sich noch was"
FR,B08F7JHXJX,Strong glue,Reviewed in Germany on 9 August 2023,1,"The glue is very strong. So strong that in a single trap, three little lizards got caught. I was devastated when I saw them there. After a lot of effort and with the help of olive oil I managed to get them free but I can't imagine their suffering and struggle before that.We bought the traps for some german cockroaches that we see at night in our garden fence. No cockroaches when caught, only the poor lizards, a couple of spiders, some isopods, and a fly. I guess that they do what they are supposed to, they catch creatures that walk on them, but they didn't solve our problem."
FR,B08F7JHXJX,Null Tierchen gefangen,Reviewed in Germany on 6 June 2022,1,"Das Produkt kam schnell und gut verpackt bei uns an.Leider war's das dann auch schon mit dem Positiven. Das Zusammenbauen geht mit etwas Übung auch ohne, dass die eigenen Finger festkleben. Leider muss man die Falle am Fußboden festkleben, sonst flattert sie beim kleinsten Lüftchen weg (Staubsauger). Ich gehe davon aus, dass selbst die Silberfische das Ding wegschieben. Wenn man es aber festklebt, geht es nicht mehr vom Boden ab und da man die Falle ja eher an unzugänglichen Stellen aufstellt, ist das echt sehr ungünstig. Ansonsten kleben auch alle anderen Klebeflächen sehr stark!Übrigens ist kein einziges Tierchen in die Falle getappt. Wahrscheinlich lachen die sich im Vorübergehen über die Falle schlapp."
FR,B08F7JHXJX,Kein Erfolg,Reviewed in Germany on 28 November 2025,1,Funktioniert nicht
FR,B08F7JHXJX,Nutzlos,Reviewed in Germany on 31 August 2025,1,Nach 2 Wochen keine einzige Schabe gefangen. Die laufen einfach daran vorbei. Lediglich eine kleine Spinne ist hängen geblieben in den Fallen. Habe sie an mehreren Orten aufgestellt
FR,B08F7JHXJX,Keine Falle für Scheben aber für die eigene Finger,Reviewed in Germany on 19 July 2025,1,Die Falle hat keine Anziehung für Schaben. Schon seit 2 Wochen wurden 6 Stück an verschiedenen Stellen gestellt. Die Schaben laufen einfach vorbei und keine Änderungen zum vorher. Auch die Falle selbst ist sehr klebrig - schwer zu entfernen oder tauschen.
FR,B08F7JHXJX,NICHT KAUFEN,Reviewed in Germany on 6 September 2024,1,"Ich habe viele von diesen Fallen im Haus verteilt, insgesamt nach Tagen nur 3 Kakerlaken gefangen, der Rest rennt freudig weiter umher, aber leider haben sich insgesamt 3 große Spinnen drin verfangen, was ich echt ganz furchtbar finde, die brauchen wir nämlich auch zur Schädlingsbekämpfung. Ich musste die Spinnen natürlich umbringen, da es keinen Weg gibt, sie von diesem Klebstoff zu entfernen. Ganz schrecklich. Nicht hilfreich für Kakerlakenbefall!"
FR,B08F7JHXJX,Falle für welches Getier?,Reviewed in Germany on 29 August 2025,1,...fängt keine Schaben: die laufen drumrum.Wirklich.Kommt mglweise aus den USA: vllt gehen die Schaben dort auf den Leim...
FR,B08F7JHXJX,Non ha funzionato con noi,Reviewed in Italy on 27 November 2025,1,Non hanno funzionato
FR,B08F7JHXJX,"Sehr schlecht,  keine Wirkung",Reviewed in Germany on 20 September 2025,1,"Sehr schlecht,  keine Wirkung,  bitte nicht kaufen!!!!!"
FR,B08F7JHXJX,"NO Funciona, las cucarachas se despegan.",Reviewed in Spain on 20 June 2025,1,"No sé si es que ha venido defectuoso o qué, pero he visto como pasan cucarachas por encima sin quedarse pegadas. Otras se han quedado un poco pegadas, pero en cuestión de minutos han conseguido despegarse y salir… NO SIRVEN."
FR,B08F7JHXJX,Leider unwirksam bei unseren Küchenschaben,Reviewed in Germany on 28 February 2023,1,"Leider hat mich das Produkt sehr enttäuscht.Ich war sehr begeistert von dem tolle Preis-Leistungsverhältnis - wäre aber natürlich nur aufgegangen wenn die Schaben auch in die Fallen gegangen wären.Es gab ein informatives PDF umsonst per Mail, was auch sehr hilfreich war, allerdings sind von den 8 beobachteten Schaben -0,0 in die Fallen gegangen. Ich habe ihnen teilweise zugeschaut, wie sie um die Falle rum liefen …Am Ende hat regelmäßiges Einsaugen der Viecher und Absaugen der Oberflächen den Erfolg gebracht. In den Fallen war keine einzige Schabe."
FR,B08F7JHXJX,Nicht empfehlen,Reviewed in Germany on 31 August 2025,1,"Dings bringt nichts, bis jetzt keine Spinne gefangen (("
FR,B08F7JHXJX,Esca inesistente o inefficace.,Reviewed in Italy on 30 July 2025,1,Davvero inutili... I scarafaggi ci girano intorno e basta.L'esca che dovrebbe essere all'interno della colla (se c'è davvero poi un esca) non funziona affatto.
FR,B08F7JHXJX,No sirve para nada,Reviewed in Spain on 13 August 2025,1,Las cucarachas se pasean al lado y no entran ahí. Lo compré por los buenos comentarios pero serán que las de mi barrio son más listas que ninguna.
FR,B08F7JHXJX,Funktioniert nicht,Reviewed in Germany on 1 July 2025,1,Die Fallen stehen und keine Kakerlake erbarmt sich reinzulaufen. Jetzt existieren die Fallen und die Kakerlaken nebeneinander.Funktioniert vielleicht nur bei deutschen Kakerlaken nicht. Das Geld ist auf jeden Fall verschwendet.
FR,B08F7JHXJX,Schädlinge,Reviewed in Germany on 7 August 2025,1,Von mir keinen Stern. Leider spazieren die Tiere an der Klebefalle vorbei.Würde ich nicht mehr kaufen
FR,B08F7JHXJX,Klebeflächen fehlen,Reviewed in Germany on 1 July 2025,1,"Set mit 30 Fallen erhalten. Bei über der Hälfte der Fallen fehlt die Klebefläche, so dass sie ohne Funktion sind.Also ganz klar Finger weg von diesem Produkt! 0 Sterne"
FR,B08F7JHXJX,No sirve para nada,Reviewed in Spain on 14 July 2025,1,"No sirve para nada, solo para gastar dinero. Puse 4 en una habitación grande y estaban 5 cucarachas grandes paseándose por el lado y de entrar dentro nada. Me tocó matarlas a mi."
FR,B08F7JHXJX,No funciona,Reviewed in Spain on 6 July 2025,1,En mi casa hay cucarachas por que las he visto y llevo días poniendo estas trampas y no ha caído ni una . Y eso que las he repartido por toda la casa .
FR,B08F7JHXJX,No funciona!!,Reviewed in Spain on 19 August 2025,1,No funciona!!!!! las cucarachas esquivan la trampa.Incluso si pones comida dentro de la trampa solo entran 2 o 3 (y tengo muchas en casa de esas pequeñitas)
FR,B08F7JHXJX,Absolut unwirksam,Reviewed in Germany on 26 July 2025,1,Diese Falle hilft gar nicht! Die Kakerlaken laufen drum herum ohne jegliche Notiz davon zu nehmen. Eine völlige Fehlinvestition!
FR,B08F7JHXJX,0 servicio,Reviewed in Spain on 15 December 2025,1,No sirve para nada. Caen más arañas que otra cosa.
FR,B08F7JHXJX,No sirve contra cucarachas grandes,Reviewed in Spain on 4 July 2025,1,"No sirve para las cucarachas Americanas. No se quedan pegadas, son tran grandes que se despegan y se van tan tranquilas. No volveré a comprar estas trampas. Las cucarachas gigantes se ríen de ellas."
FR,B08F7JHXJX,Worst,Reviewed in Germany on 15 September 2025,1,Don’t waste your money
FR,B08F7JHXJX,Kein Insekt interessiert sich für die „Falle“,Reviewed in Germany on 5 August 2025,1,Bringen nichts.Ich habe die bereits über eine Woche verteilt. Kein einziges Insekt drin.
FR,B08F7JHXJX,No sirven,Reviewed in Spain on 26 November 2025,1,"Las cucarachas entran y salen con facilidad, no se pegan."
FR,B08F7JHXJX,No sirve,Reviewed in Spain on 6 August 2025,1,"No vale para nada, he colocado 8 en diferentes partes y ni una cucaracha… sin embargo, han aparecido muertas dos, pero no por las trampas"
FR,B08F7JHXJX,Nutzlos,Reviewed in Germany on 8 December 2024,1,"Die Insekten laufen freudig an der Falle vorbei und würdigen ihr keines Blickes.Vielleicht fehlt ein starkes Lockmittel, damit die Falle einwandfrei funktioniert, aber leider haben wir keine Lust wieder Geld auszugeben, nur um zu schauen, ob es klappt und am Ende wieder enttäuscht zu werden."
FR,B08F7JHXJX,Keine einzige Schabe gefangen,Reviewed in Germany on 14 October 2024,1,"Ich weiß, dass Klebefallen dieser Bauart -- richtig an der Wand positioniert -- super gegen Silberfische wirken. Aber Schaben haben wir mit diesen Fallen innerhalb von zwei Wochen keine einzige gefangen, obwohl wir in der 90-Quadratmeter-Wohnung zehn Fallen platziert hatten. Für uns für diesen speziellen Verwendungszweck rausgeschmissenes Geld."
FR,B08F7JHXJX,No funciona,Reviewed in Spain on 15 July 2025,1,
FR,B08F7JHXJX,Soldi buttati,Reviewed in Italy on 1 November 2024,1,"Non serve a niente. Le recensioni non credo siano veritiere( a meno che non si stato aggiunto appunto un attrattivo) . I cartoncini sono privi di veleno o prodotto attrattivo per gli insetti, la colla che secondo la descrizione dovrebbe servire ad attrarli non fa niente. Inutile."
FR,B08F7JHXJX,No funciona,Reviewed in Spain on 23 November 2025,1,Nada efectivo
FR,B08F7JHXJX,Useless,Reviewed in Spain on 23 October 2025,1,This is useless. It doesn’t work
FR,B08F7JHXJX,No funciona,Reviewed in Spain on 12 September 2025,1,En dos años no ha caído ningún bicho en la trampa.
FR,B08F7JHXJX,No atrae cucarachas y en pocos días ni pega...,Reviewed in Spain on 24 June 2024,1,"Ya he matado tres cucarachas cerca de los cebos, que no han recogido ninguna.Puse algún resto de comida para atraer más, pero tampoco.A los pocos días, noto que apenas pega el pegamento...Creía que funcionaría, pero debe caer alguna cuando hay una buena infectación...En la foto se ve la trampa i una cucaracha que he tenido que matar."
FR,B08F7JHXJX,NON FUNZIONA,Reviewed in Italy on 19 June 2025,1,"non funziona non cattura un bel niente, gli  infestanti ci passano attraverso senza problemi"
FR,B08F7JHXJX,Not worth it,Reviewed in Spain on 6 October 2025,1,A complete waste of money.
FR,B08F7JHXJX,Photos mensongères,Reviewed in Belgium on 23 August 2024,1,"Sur LES photos on voit bien qu'il y est censé avoir un trait ""d'appâts"" ce qu'il n'y a pas, j'ai déjà acheté les mêmes avec cette ligne brune qui attire les cafards."
FR,B08F7JHXJX,Funktioniert nicht!,Reviewed in Germany on 5 September 2024,1,"Funktioniert nicht. Wenn eine Schabe reinläuft, dann aus Versehen. Die Schaben laufen schnurstracks an den Fallen vorbei und ich fange mehr selbst, als die Fallen es für mich tun. Rausgeschmissenes Geld."
FR,B08F7JHXJX,Nicht kaufen!,Reviewed in Germany on 15 June 2025,1,Bringt absolut nichts.
FR,B08F7JHXJX,Absolut nutzlos,Reviewed in Germany on 13 September 2024,1,"Nicht eine einzige Schabe wurde mit diesen Fallen gefangen, obwohl mehrere gesichtet wurden. Das Produkt wird dem Namen in gar keinem Fall gerecht. Reine Geldverschwendung. Schade"
FR,B08F7JHXJX,Nefasto,Reviewed in Spain on 18 June 2025,1,Ha llegado el pedido y en vez de haber30 trampas sólo hay 10 ! Me siento estafada
FR,B08F7JHXJX,No hacen su trabajo,Reviewed in Spain on 11 July 2025,1,No funcionan. Pedazo de papel con algo de goma que no atrapa nada.
FR,B08F7JHXJX,No funcionan,Reviewed in Spain on 7 September 2025,1,No consigue atraer ni atraparlas
FR,B08F7JHXJX,Poco utile,Reviewed in Italy on 10 July 2023,1,"Tra i vari sistemi per debellare gli scarafaggi, questo credo che sia proprio il meno efficace.Veleno e Spray sono di gran lunga più raccomandabili.Queste trappole alla fine catturano formichine e altri insettini vari, tranne gli scarafaggi che le evitano accuratamente.Naturalmente, in un'azione d'urto contro le blatte, le si può anche mettere, ma non bisogna aspettarsi chissà cosa."
FR,B08F7JHXJX,Funktioniert Nicht,Reviewed in Germany on 15 October 2024,1,Habe die Fallen wegen Kakerlaken gekauft. Sie laufen einfach durch die Fallen durch und bleiben nicht kleben
FR,B08F7JHXJX,Unbrauchbare Insektenfalle,Reviewed in Germany on 15 September 2024,1,"Da keinerlei Lockstoff, sondern nur Klebstoff in den winzigen Häuschen enthalten ist, war der der Erfolg gleich 0. Völlig Unbrauchbar."
FR,B08F7JHXJX,Es stinkt,Reviewed in Germany on 3 June 2024,1,"Diese Fallen stinken bestialisch. Der Gestank geht nicht mal nach stundenlangem Lüften raus. Wurde in USA hergestellt. Würde ich nie wieder kaufen. Billiger Preis, taugen nichts, stinken nur. Absolut keine Kaufempfehlung."
FR,B08F7JHXJX,Duftstoff zum Anlocken der Schaben fehlt,Reviewed in Germany on 25 September 2023,1,"Bin total enttäuscht vom Produkt. Wie im Video zu sehen ist, befindet sich auf dem Klebeabschnitt ein brauner Duftstoff zum Anlocken der Schaben. Dieser fehlt auf den 6 von mir gefalteten Pappfallen. Leider habe ich die Verpackung schon entsorgt, sonst hätte ich das Päckchen zurück geschickt.CH"
FR,B08F7JHXJX,Inútiles,Reviewed in Spain on 12 June 2025,1,"No sirven para nada, las cucarachas pasan por encima y no se pegan."
FR,B08F7JHXJX,No sirven para nada. caro y malo,Reviewed in Spain on 26 July 2025,1,No sirven para nada. caro y malo
FR,B08F7JHXJX,Nicht zu gebrauchen,Reviewed in Germany on 10 August 2023,1,Im Wohnmobil bei 20m2 wurden 15st. aufgestellt. Auf den Boden in den Schränken usw.Das Ergebnis ist  nach einer Woche ernüchternd. Ein Schabe hat sich in eine Falle verirrt. Weitere 7 haben wir nach und nach per Hand erlegt.Leider kann ich das Produkt nicht empfehlen.
FR,B08F7JHXJX,No sirven y huelen fortísimo,Reviewed in Spain on 10 February 2025,1,Las puse durante 2 días y no atrapó ni un bicho ... la que casi cae soy Yo del olor tan fuerte que quedó del adhesivo. Horribles. No recomiendo en absoluto.
FR,B08F7JHXJX,Bringt überhaupt nichts,Reviewed in Germany on 16 August 2024,1,Komplett wirkungslos und alle Kakerlaken latschen brav Drumherum. Seit 8 Tagen im Gebrauch und bis dato komplett wirkungslos.
FR,B08F7JHXJX,Es tirar el dinero,Reviewed in Spain on 1 August 2025,1,Que no sirve para nada
FR,B08F7JHXJX,Funktioniert leider nicht.,Reviewed in Germany on 13 August 2024,1,Das einzige was sich in die Fallen verlaufen hat war eine Spinne.Die Schaben laufen drumherum.Schade.
FR,B08F7JHXJX,nutzlos,Reviewed in Germany on 14 August 2024,1,"Die Klebestreifen haben überhaupt kein Lockmittel,nur Klebstoff. Jegliche Insekten liefen um die Klebestreifen herum, reine Geldverschwendung"
FR,B08F7JHXJX,No funciona,Reviewed in Spain on 19 April 2025,1,No confío realmente en este producto ya que he visto atravesar la trampa a una cucaracha sin inmutarse
FR,B08F7JHXJX,Trappole anti scarafaggi,Reviewed in Italy on 27 March 2024,1,"Le trappole funzionano solo se all'interno ci viene inserito il composto in gel che li attira e li stermina. Gli scarafaggi ingeriscono il gel, ma solo pochi rimangono i trappola ti al suo interno a causa della colla"
FR,B08F7JHXJX,No resulta eficaz,Reviewed in Spain on 9 July 2025,1,Las cucharadas evitan entrar. Rodean las trampas.
FR,B08F7JHXJX,Noch nie eine Schabe gefangen ...,Reviewed in Germany on 12 August 2024,1,"Habe ca. 20-30 Fallen aufgestellt, nach 1 Monat immer noch keine einzige Schabe gefangen. Geldverschwendung."
FR,B08F7JHXJX,No las compro más,Reviewed in Spain on 15 June 2025,1,"Llevan 1 semana puestas y ni una cucaracha, no sirven"
FR,B08F7JHXJX,Producto totalmente inutil,Reviewed in Spain on 7 May 2025,1,No sirve para nada
FR,B08F7JHXJX,No funciona,Reviewed in Spain on 6 May 2025,1,"No sirve, no sé pega ni una, ya lo tengo puesto hace tiempo y nada"
FR,B08F7JHXJX,Falta otra unidad de 30,Reviewed in Spain on 23 April 2025,1,Falta 1 unidad solo me vino 1 de 30 unidades
FR,B08F7JHXJX,Gracias por el producto,Reviewed in Spain on 20 December 2024,1,Alguien me puede explicar porque aparece este producto descontado de mi cuenta de banco cuando yo no lo he solicitado? Me siento estafada 😠
FR,B08F7JHXJX,No funciona,Reviewed in Spain on 14 December 2024,1,"No ha cogido ni una, con otros productos si"
FR,B08F7JHXJX,no sierve para nada,Reviewed in Spain on 10 December 2024,1,tengo cucarachas en casa y pasan por al lado y no hacen y ni se pegan ni nada
FR,B08F7JHXJX,no tiene el pegamento,Reviewed in Spain on 27 November 2024,1,
FR,B08F7JHXJX,Attrape cucaracha,Reviewed in Spain on 17 November 2024,1,"Después de una semana de trabajo , ningún animal está en la trampa, hemos puesto tres en la habitación"
FR,B08F7JHXJX,Inutile,Reviewed in Italy on 13 November 2024,1,Non  serve assolutamente a niente..
FR,B08F7JHXJX,Troppo piccole e senza esca,Reviewed in Italy on 12 October 2024,1,Come nel titolo
FR,B08F7JHXJX,Atrapa otros animalitos :(,Reviewed in Spain on 29 September 2024,1,"El pegamento es potente, pero esta trampa atrapa cualquier animal. Se nos quedó atrapada una salamanquesa y mis hijos y yo nos llevamos un buen disgusto…No me gusta este sistema."
FR,B08F7JHXJX,Nicht brauchbar,Reviewed in Germany on 18 September 2024,1,"Ist leider nicht effektiv, keine einzige schabe wurde gefangen"
FR,B08F7JHXJX,Schaben,Reviewed in Germany on 17 September 2024,1,"Die Fallen Tauben nix, bin enttäuscht"
FR,B08F7JHXJX,Fängt leider keine Silberfische,Reviewed in Germany on 14 September 2024,1,Leider laufen die Tierchen daran vorbei.Rausgeschmissenes 💰 Geld.Keine Empfehlung
FR,B08F7JHXJX,Engaño,Reviewed in Spain on 11 September 2024,1,Vienen menos
FR,B08F7JHXJX,Absolute waste of time,Reviewed in Spain on 9 September 2024,1,Have these all over the house. They attract ants but on a couple go in. We have more ants swarming around them than we have ever had in the house. Worse situation that before!
FR,B08F7JHXJX,Falle blieb leer! Keine Silberfische gefangen!,Reviewed in Germany on 8 September 2024,1,Kein Erfolg bei Silberfischen!
FR,B08F7JHXJX,Nicht zu empfehlen,Reviewed in Germany on 6 September 2024,1,.
FR,B08F7JHXJX,Attrape votre argents,Reviewed in France on 28 September 2024,2,"Produit inutile, n'attrape rien de rien, 1 semaine = 0 cafards."
FR,B08F7JHXJX,Manque de la glue sur les côté,Reviewed in France on 28 May 2023,2,"Pour le prix de l'article, il aurait pu faire l'effort de mettre la glue sur l'intégralité du piège.. car pour l'utilisation de celui-ci il faut mettre un appât au milieu un peu difficile quand il manque de la glue alors que le piège est déjà assez petit"
FR,B08F7JHXJX,Ne m'a pas convaincu !,Reviewed in France on 7 November 2022,2,Ne semble pas d'une grande efficacité : les insectes concernés ne s'y précipitent pas vraiment.Aucune prise depuis plus d'un mois ?!
FR,B08F7JHXJX,Pas très efficace,Reviewed in France on 20 September 2022,2,Pas très efficace trop peu de cafard  viennent si coller rien ne les attire  dessus
FR,B08F7JHXJX,slecht,Reviewed in the Netherlands on 18 January 2025,2,"het plakt geweldig,maar het lokt geen enkele insekt jhon"
FR,B08F7JHXJX,pas très efficace,Reviewed in Belgium on 24 July 2025,2,pas très efficace
FR,B08F7JHXJX,Leider völlig wirkungslos,Reviewed in Germany on 3 June 2026,2,"Leider hat dieses Produkt bei mir überhaupt nicht funktioniert. Die Fallen haben nichts gefangen, obwohl sie über einen längeren Zeitraum aufgestellt waren. Ich bin sehr enttäuscht und kann das Produkt daher nicht weiterempfehlen."
FR,B08F7JHXJX,poco atrayentes,Reviewed in Spain on 27 May 2026,2,son muy pequeñas y apenas atrapan insectos
FR,B08F7JHXJX,A mí no me sirve,Reviewed in Spain on 19 March 2026,2,"Lo compré porque tenía buenas referencias,pero a mí no me sirve las tengo puestas y nada ni una ahí están a sus anchas 😔"
FR,B08F7JHXJX,Unnötig,Reviewed in Germany on 9 November 2022,2,"Meine Frau bemerkte eines Tages das sich seit dem es kälter geworden ist ab und zu sich mal eine Scharbe bei uns in der Küche verirrt.Daraufhin habe ich dank der Positiven Rezessionen die vielversprechend geschrieben sind einen 30er Pack Catchmaster bestellt.Diese nun mühevoll und zeitaufwendig gerissen, gefaltet, und zusammengeklebt alle 30 Stück in der Küche verteilt.Die Küche sieht nun aus wie eine Altpapier Annahmestelle.Nach einer Woche Hoffnung das die Plagegeister gefangen sind kam die Enttäuschung.Das einzige was in den Fallen gefangen wurde, waren Kaffeebohne die neben die Kaffeemaschine gefallen sind, Staub unter der Küchenleiste und Luft haben Sie nichts gebracht.Ich habe morgens als ich vom Aufstehen in die Küche ging und gesehen hab wie eine kleine Scharbe zwischen 2 fallen gemütlich entlang lief und sich die neue Einrichtung ansah musste ich schmunzeln.Es hat sie allerdings nicht interessiert und lief gemütlich weiter.Meiner Meinung nach ist es rausgeschmissenes Geld.Nachdem mich dies aber nicht losgelassen hat warum auf einmal diese Dinger da sind bin ich der Sache genauer auf den Grund gegangen.Nicht lange habe ich gebracht um zu bemerken das sie vom Küchenfenster draußen den Weg ins warme suchten, also meine Küche.Dabei ist mir aufgefallen dass das Küchenfenster selbst bei geschlossenem Zustand einen Spalt hatte und diese Dinger so rein kamen.Mein Fazit nach dem Fehlkauf, Stellt den Raum auf den Kopf und sucht nach der Ursache.Preis Leistung kann man sagen ja ist vertretbar aber nur wenn das Produkt auch seinen Zweck erfüllen würde."
FR,B08F7JHXJX,No muy efectivas,Reviewed in Spain on 13 March 2024,2,"Después de probar las trampas adhesivas Catchmaster 100i para lidiar con un problema de cucarachas en mi hogar, debo decir que quedé bastante decepcionado con su efectividad.A pesar de seguir las instrucciones de instalación y colocar las trampas en áreas donde había notado actividad de cucarachas, las trampas no lograron capturar a muchas de ellas. Aunque algunas cucarachas quedaron atrapadas, la mayoría parecía ignorar por completo las trampas o caminar sobre ellas sin quedar atrapadas.Además, noté que la adhesión de las trampas no era tan fuerte como esperaba. En algunas ocasiones, las cucarachas lograban liberarse de la trampa, lo que disminuía aún más su efectividad.Aunque aprecio el hecho de que estas trampas sean libres de veneno y biocidas, lo cual es beneficioso para la seguridad de mi familia y mascotas, lamentablemente no puedo recomendarlas debido a su falta de eficacia en mi experiencia.En resumen, las trampas adhesivas Catchmaster 100i no cumplieron con mis expectativas en términos de captura de cucarachas. Aunque pueden ser una opción segura, su falta de efectividad las hace una inversión poco recomendable para aquellos que buscan una solución rápida y eficaz para el control de plagas."
FR,B08F7JHXJX,trappole troppo piccole e senza esca,Reviewed in Italy on 8 August 2024,2,"dall'immagine del prodotto sembra che si tratti di scatole di almeno 20 cm.. non so voi ma gli scarafaggi da me si sono evoluti geneticamente e sono lunghi almeno 7-8 cm.. che risulta essere praticamente la grandezza della trapppola. Per questo motivo non credo sia possibile catturarne decine con un unica trappola.. ma neanche 2. Va bene se si riesce a prendere UN SOLO SCARAFAGGIO per trappola. Tenere presente che contrariamente alla descrizione fraudolenta del prodotto, lo stesso non presenta l'esca. Ho letto in altre recensioni che qualcuno ha usato l'esca presente... quindi evidentemente sarò stato sfortunato io, oppure in alternativa il venditore ci tira su qualcosa inviando un prodotto corretto e l'altro no.."
FR,B08F7JHXJX,No recomiendo,Reviewed in Spain on 10 January 2026,2,"Se despegaban todo el tiempo, fueron q la basura."
FR,B08F7JHXJX,Durchwachsenes Ergebnis,Reviewed in Germany on 8 September 2024,2,"Wir haben die Fallen gekauft, da abends beim Sitzen auf der Terrasse immer wieder Schaben/Kakerlaken auf Stühle/Tisch gekrabbelt sind.Also die Fallen gekauft und ausgelegt.Zwar wurden dutzende Kellerasseln und andere Insekten von den Fallen angelockt, die Schaben/Kakerlaken scheinen diese jedoch zu meiden. Brachte daher nicht den erhofften erfolgt.Insbesondere da gerade damit auf dem Produkt geworben wird.Sollte es im Freien nicht funktionieren und nur vor einem ""Nest"" ausgelegt werden erschließt sich mir der Sinn nicht, da man dann auch normales Klebeband nehmen könnte oder schlicht das Nest direkt beseitigen kann.Daher nur 2 Sterne.1 Stern für einfachen Aufbau1 Stern dafür das man offensichtlich andere Insekten wie Kellerasseln damit gut losbekommt."
FR,B08F7JHXJX,Klebefallen mit Mankos,Reviewed in Germany on 21 September 2025,2,Leider halten die Fallen nicht alle zusammen und fallen deshalb wieder auseinander. Ebenfalls klebt dass doppelseitige Klebeband nicht.
FR,B08F7JHXJX,Naja,Reviewed in Spain on 30 December 2025,2,Hilft nur bedingt
FR,B08F7JHXJX,Nicht gut,Reviewed in Germany on 2 November 2025,2,Finde es nicht gut
FR,B08F7JHXJX,No,Reviewed in Italy on 31 October 2025,2,Gli scarafaggi neanche le guardano
FR,B08F7JHXJX,No fue eficaz,Reviewed in Spain on 8 October 2025,2,"No me ha capturado de momento nada, asi que no lo volveré a comprar."
FR,B08F7JHXJX,Odore penetrante,Reviewed in Italy on 28 May 2025,2,"Usate per le formiche. Però hanno un profumo penetrante, e non so se sono veramente atossiche. Io ho il gatto che mi trova le formiche per casa e ho paura lasciare questi oggetti a portata di naso."
FR,B08F7JHXJX,Ernüchternd,Reviewed in Germany on 9 August 2025,2,
FR,B08F7JHXJX,No le veo mucha utilidad a este sistema,Reviewed in Spain on 8 October 2025,2,"Bueno, siempre pilla alguna araña, hormiga, pero cucarachas……"
FR,B08F7JHXJX,No sé si lo recomendaría..,Reviewed in Spain on 27 June 2025,2,No sé si es solo a mi pero no entran ninguna. Tengo trampas en lugares donde he visto salir pero no entran. Seguiré buscando...
FR,B08F7JHXJX,Good quality overall,Reviewed in Spain on 7 November 2024,2,"Good quality product, but the stickiness only works if someone travels across it. I was waiting to have some fluid that attracts spiders, but should have maybe read more of the information. VERY SAD thing is, that this ended up killing geckos instead as the glue is very strong for small lizards. And in Spain, geckos are more than welcome to keep the spiders away, so cannot recommend"
FR,B08F7JHXJX,Fragili,Reviewed in Italy on 30 July 2025,2,Purtroppo sono molto fragili e si schiacciano facilmente
FR,B08F7JHXJX,"Very Strong Glue, but does not attract cocroaches or insects",Reviewed in Germany on 4 August 2024,2,"Very strong glue, easy to assemble.  I kept almost all the traps throughout the apartment, kitchen and bathroom. But it does not attract any insect -> hence its useless. You have to catch the cockroach and then stick him to this trap then only this is useful."
FR,B08F7JHXJX,Das Ungeziefer interessiert sich nicht dafür,Reviewed in Germany on 15 November 2024,2,Haben im Altbau-Keller das ein oder ander Krabbeltier. Haben in einigen Ecken die Teile ausgelegt aber auch nach Wochen nichts gefangen. Bringt also nix
FR,B08F7JHXJX,Non ha intrappolato nemmeno una blatta.,Reviewed in Italy on 28 September 2023,2,"Abitando in una zona periferica di una grande città, in un quartiere residenziale vicino ad un fiume, capita spesso di avere in casa delle blatte.  Ho posizionato in diverse zone della casa tutte le trappole della confezione e per giorni non è ha intrappolate nemmeno una. Le blatte purtroppo ci sono con certezza visto che le vedo specialmente in cucina se di notte accendo la luce all' improvviso e sono tutte vive."
FR,B08F7JHXJX,Leider nix,Reviewed in Germany on 21 July 2024,2,Bei uns haben sie silberfische einen großen Bogen um das Teil gemacht.. hilft nicht.... vielleicht sollt ich ihnen die Gebrauchsanleitung zum lesen geben 😉
FR,B08F7JHXJX,Pegan mucho,Reviewed in Spain on 10 July 2024,2,"El pegamento es muy fuerte, pero llené la casa y no han cazado a ni una sola. Tiene un buen aroma, una vez se pegó una medio muerta y aún así logró escaparse. Pensaba que estas trampas me iban a dar más seguridad pero no."
FR,B08F7JHXJX,Keine Gebrauchsanweisung,Reviewed in Germany on 21 August 2024,2,"Es fehlen sämtliche Hinweise, wie die Falle zu verwenden ist. Keine Gebrauchsanweisung, keine Sicherheitshinweise, keine Ausstellungweise."
FR,B08F7JHXJX,Non so che dire,Reviewed in Italy on 3 September 2024,2,"Articolo arrivato in anticipo,  trappola facile da preparare ma ne ho messe tante.....senza nessun risultato.  I scarafaggi vanno alla parte opposta delle esche......"
FR,B08F7JHXJX,These glue traps have a strong smell,Reviewed in Germany on 18 March 2022,2,"Catchmaster traps have ""food grade molasses"" in them as it says in the Catchmaster website. As a result they have a very strong, sweet odor. I store them inside of three plastic bags and it penetrates even them. It doesen't go away, your house will reek of the molasses 24/7. Next time I'm going to look elsewhere."
FR,B08F7JHXJX,Nicht so gut,Reviewed in Germany on 29 September 2024,2,Habe keine einzige Waldschabe damit eingefangen
FR,B08F7JHXJX,Fängt nicht alles - zumindest keine Küchenschaben,Reviewed in Germany on 12 September 2022,2,"Interessant ist, dass sich das Produkt ""Schaben- bzw. Kakerlakenfalle"" nennt. Mit dieser Falle wurden Spinnen, kleine Fliegen und Silberfische gefangen aber keine einzige Küchenschabe - die müssen manuell bei Sichtung entfernt werden.Also Monitor zur Kontrolle eines Silberfischbefalls geeignet, um Küchenschaben zu fangen jedoch nicht."
FR,B08F7JHXJX,Inutili,Reviewed in Italy on 16 September 2024,2,Pensavo fosse qualcosa di piu' professionale invece sono proprio un giocattolo!
FR,B08F7JHXJX,Naja…,Reviewed in Germany on 11 November 2021,2,"Also die Fallen konnten bisher einige winzige Tierchen festhalten… und das Aufbauen ging auch gut… aber sind mal mittlere oder gar große Tiere dabei, versagt die Klebleistung. Es hing mal eine Spinne mit 4 Beinen fest… diese war nach 2 Stunden leider wieder fort 😅"
FR,B08F7JHXJX,Senza escs,Reviewed in Italy on 26 April 2024,2,Prodotto con descrixione conesca......arrivate senza esca non me ne faccio niente
FR,B08F7JHXJX,No funciona bien,Reviewed in Spain on 16 July 2024,2,Simplemente es pegamento. Te obliga a dejar los bichitos todo el tiempo hasta que quitas la trampa. No lo compréis
FR,B08F7JHXJX,"No me convence, no atrae las cucarachas",Reviewed in Spain on 4 August 2024,2,No parece que atraiga las cucarachas por lo que su utilidad no es la que esperaba.
FR,B08F7JHXJX,Poco efficaci,Reviewed in Italy on 8 August 2023,2,"Poco efficaci. Sarà che gli insetti a casa mia sono più intelligenti, ma purtroppo le trappole non hanno funzionato per niente."
FR,B08F7JHXJX,Diferente a la primera,Reviewed in Spain on 10 November 2023,2,"La primera vez me mandaron unos de color blanco como salen en la foto y me gustaron porque el cartón era grueso, pero en esta ocasión me han mandado con un cartón súper ligero que no me acabó gustando nada!!"
FR,B08F7JHXJX,Creo q no cumple la funcion,Reviewed in Spain on 29 July 2023,2,"He colocado varias y en una de ellas se quedó enganchada una cucaracha mediana pero en otra vi con mis ojos pasar por dentro a una cucaracha grande y no se enganchó. Así q no confío en que vaya a hacer su función, ya no he colocado más"
FR,B08F7JHXJX,Mala explicacion de montaje,Reviewed in Spain on 28 August 2024,2,Vienen pero si. Instrucciones de montaje
FR,B08F7JHXJX,...,Reviewed in Germany on 13 October 2022,2,Nach 2 Wochen endlich 1 Silberfischchen gefangen. Lol
FR,B08F7JHXJX,Ok,Reviewed in Germany on 18 March 2023,2,So so
FR,B08F7JHXJX,No funciona,Reviewed in Spain on 7 April 2024,2,No funciona como trampas
FR,B08F7JHXJX,No tiene instrucciones de montaje y colocación,Reviewed in Spain on 16 May 2021,2,"Viene en inglés o francés las instrucciones, al final me guiado por las fotos de Amazon para su montaje, además en ningún sitio pone si es necesario poner un cebo o viene incluido,. Por el olor imagino que viene incluido el cebo pero como no veía nada claro yo le he colocado un poco de azucar"
FR,B08F7JHXJX,De momento no está siendo eficaz,Reviewed in Spain on 7 May 2023,2,"Me salen unas cucarachas, ahora para el verano y ninguna entra en las cajas, y eso que tengo un montón puestas, se pasean alrededor."
FR,B08F7JHXJX,Muy caros,Reviewed in Spain on 7 November 2023,2,Los encontré de mejor precio y hacen la misma funcion
FR,B08F7JHXJX,Poco pesadas y se mueven,Reviewed in Spain on 24 July 2023,2,Las cucarachas grandes mueven las trampas y no entran dentro
FR,B08F7JHXJX,Para plagas poco importantes,Reviewed in Spain on 22 September 2022,2,No va a acabar con las cucarachas (en mi caso germanas) con este producto.
FR,B08F7JHXJX,Pas très efficace,Reviewed in France on 29 December 2025,3,Pas très efficace
FR,B08F7JHXJX,Utile seulement lors des fortes chaleurs,Reviewed in France on 15 June 2026,3,"Après plusieurs semaines et alors que l’autre produit acheté (seringue de gel) s’était déjà avérée performant, les pièges ont finalement été efficaces lors de la canicule."
FR,B08F7JHXJX,Moyen,Reviewed in France on 21 February 2023,3,"J'ai étalé ces petits pièges partout où passaient ces saletés de cafards, en rajoutant des appâts différents pour chaque pièges : miel, confiture, bout de charcuterie/viande/poisson, fromage, sucre en poudre... chez moi c'est le fromage qui les a le plus attiré, mais ça n'attirait que quelques cafards de petites tailles, les bébés cafards et les cafards ados. Pour les cafards adultes, turlututu !!! J'ai vu un cafard tomber dans le piège par le trou du dessus, et arriver a se décoller en 4 secondes et s'enfuir. Ca en attrape 10 et 2 jours après vous en avez 10 de nouveaux qui arrivent par on ne sait où.Je n'ai réussi en m'en débarrasser totalement hélas qu'avec un produit professionnel interdit à la vente pour particulier."
FR,B08F7JHXJX,Minuscule,Reviewed in France on 14 July 2024,3,Très petits donc moins de résultat.
FR,B08F7JHXJX,Piège à insectes,Reviewed in France on 9 October 2022,3,Facile à monter. Ras pour l'instant.
FR,B08F7JHXJX,PIÈGE À CAFARD,Reviewed in France on 6 December 2022,3,Trop petit
FR,B08F7JHXJX,50/50,Reviewed in Germany on 29 December 2025,3,Nicht wirksam. Wirkt zu 50 %.
FR,B08F7JHXJX,pièged a cafards,Reviewed in Belgium on 8 September 2024,3,on dirait que l'odeur n e les attire pas.  Si l'odeur les  attirait ils passeraient sur la partie collante
FR,B08F7JHXJX,Prodotto piccolo,Reviewed in Italy on 23 April 2026,3,"Troppo piccolo il prodotto , grazie per il vostro servizio"
FR,B08F7JHXJX,"No estoy 100% convencida, pero a probar!",Reviewed in Spain on 16 July 2025,3,"Llegó bien, embalado en plástico transparente en hojas de tres. Se tiene que doblar y montar cada uno, hay más “lados” por doblar que con otras marcas. El adhesivo es muy pegajoso, que te queda pegado en los dedos cuando manejas las hojas por los laterales. No te transfiere a los dedos, pero mientras que doblas y pegas, tienes que tener cuidado. El cartón es bastante fuerte, esto sí, porque aguantaba todo el manejo. Tengo las manos y dedos algo ahuesados, y ya no me gustaba mucho el jaleo del montaje. Me imagino que a personas con manos y dedos más carnosos, el montaje les podría resultar una manualidad compleja por el tamaño de las hojas y cantidad de los pliegues y la pegajosidad de todo.Además, los paso no están bien explicados - saltan un par de pasos - no todos los pliegues están explicados y el orden de estos afectan por el tema del adhesivo y evitar tocarlo, así te tienes que espabilar. He montado seis, porque luego me cansaba. A ver si atrapamos alguna cucaracha esta noche. Intento actualizar la reseña."
FR,B08F7JHXJX,Hatte mehr erwartet !,Reviewed in Germany on 28 March 2026,3,"Ich hatte Probleme mit den amerikanischen Kakalaken auf einer portugiesischen Insel !Allerdings hatten die Eidechsen mehr Interesse an diesen Fallen als die Kakalaken !Nach dieser kurzen Erfahrung stellte ich meine Jagd um auf halbhoheSossengläser, gefüllt mit ein wenig Wasser und einige Tropfen Olivenöl,dazu eine kleine Scheibe vom Knoblauch und fertig ist die Falle.Das Glas an die Wand oder einen Schrank lehnen und nach ein paar Tagen hatte ich teilweise 1 bis 5 von den Viechern ertrunken im Glas !Weidmann Heil !"
FR,B08F7JHXJX,Klebefalle,Reviewed in Germany on 25 May 2026,3,Geht so!
FR,B08F7JHXJX,Producto muy bueno,Reviewed in Spain on 1 December 2025,3,"El producto es muy bueno. Pero le mandan con SEUR. Y en esta empresa no lo quieren llevar los paquetes, ellos siempre ponen “no estás en casa” pero es mentira!!! y tengo que perder tiempo en el día de entrega, y después otra vez para ir a buscar donde está el centro de recogida. Es horrible!!!"
FR,B08F7JHXJX,Löst sich von alleine auseinander,Reviewed in Germany on 17 February 2026,3,"Bleiben gut drin kleben .Nur das falten bzw. das es auch zusammenkleben bleibt , bringt nichts . Man muss es zusätzlich zutackern."
FR,B08F7JHXJX,OK,Reviewed in Spain on 26 November 2025,3,OK
FR,B08F7JHXJX,No muy buenas,Reviewed in Spain on 11 October 2025,3,Cuando las montas se despegan rápido!!
FR,B08F7JHXJX,Puede que no funcione bien del todo,Reviewed in Spain on 30 May 2025,3,"En mi caso, he echado veneno en polvo y he puesto estas trampas en varios puntos. Las cucarachas aparecen muertas a escasos centímetros de cada trampa, pero ninguna dentro. Por eso tengo la duda de si son efectivas, aunque me da la sensación de que se pasean por alrededor y no entran."
FR,B08F7JHXJX,Kakerlakenfalle,Reviewed in Germany on 2 November 2025,3,Dies ist kein sehr wirksames Mittel zur Kakerlakenbekämpfung.
FR,B08F7JHXJX,"Stark klebend, aber kein zuverlässiger Monitoring",Reviewed in Germany on 25 February 2025,3,"Ich muss leider sagen, dass bei mir haben die Fallen nichts gebracht. Die Papierfischchen liefen an ihnen vorbei und Kakerlaken drehten ihre Kreise auf den Fallen. Vermutlich angelockt von der Erdnuss in der Miete der Falle, die ich nach einem Tipp eines Nutzers dort plaziert habe. Also fing ich diese und tötete von Hand auf der Falle. Alles andere (Kellerasseln, Spinnen etc. ) klebten fleißig drin. Nur nach einer Spraygiftaktion verfingen sich auch ein Paar Papierfischchen drin, so konnte ich zumindestens meinem Vermieter zeigen, dass es sich nicht um harmlosen Silberfischchen handelt. Das Thema Kakerlaken blieb für mich ungeklärt."
FR,B08F7JHXJX,Zobaczymy czy się sprawdzi,Reviewed in Germany on 28 August 2025,3,Czekam na efekty
FR,B08F7JHXJX,Es regular,Reviewed in Spain on 23 July 2025,3,Es regular
FR,B08F7JHXJX,Habe kaum was gefangen,Reviewed in Germany on 21 June 2025,3,Geht so.
FR,B08F7JHXJX,Eficacia no probada aún.,Reviewed in Spain on 28 July 2024,3,"No ha atrapadoninguna todavía y llevan una semana puestas.Lo que sí está claro es que son inocuas para mis gatos, seguro que son más eficientes las trampas con veneno pero no me atrevo a ponerlas en casa porque las cucarachas arrastran el veneno por donde se muevan y los gatos pueden pisar por encima y luego lamerse las patas."
FR,B08F7JHXJX,"Fängt Staub, aber selten Ungeziefer",Reviewed in Germany on 9 March 2024,3,"Der Gedanke der Falle ist soweit gut, aber anlocken kann man damit bestimmt keine Schabe. Eher verirrt sich eine versehentlich hinein. Trotz unterschiedlicher Lockstoffe wurde bisher nur eine Schabe damit gefangen, obwohl in dem Bereich schon mehrere gesichtet wurden und an allen Ecken und Enden solche Fallen aufgestellt wurden. Also bei uns hat es nichts gebracht."
FR,B08F7JHXJX,Esta bien pero cada vez es más caro,Reviewed in Spain on 29 August 2024,3,El producto funciona bien pero no paran de subirlo de precio. Es el tercero o cuarto que compro y siempre más caro que la vez anterior.
FR,B08F7JHXJX,Ni fu ni fa,Reviewed in Spain on 24 September 2024,3,No se si es efectivo o no. Quizás no tengo cucarachas en casa o las q hay no pasan por ahí
FR,B08F7JHXJX,kann man gut gebrauchen,Reviewed in Germany on 12 October 2024,3,"bis jetzt das einzige Bemerkung ist das falten, wenn es einmal zusammen klebt ist dann vorbei"
FR,B08F7JHXJX,Pegamento,Reviewed in Spain on 3 January 2025,3,Funciona pero no mucho
FR,B08F7JHXJX,Normal,Reviewed in Spain on 27 November 2024,3,A mi no me ha sido demasiado efectivo.
FR,B08F7JHXJX,No me ha funcionado,Reviewed in Spain on 9 October 2024,3,Tengo evidencias de que había cucarachas en el lugar pero ninguna cayó en la trampa
FR,B08F7JHXJX,keine Lockstoffe,Reviewed in Germany on 16 September 2024,3,Klebt einfach alles was sich hintraut - bis jetzt nur eine Spinne
FR,B08F7JHXJX,"Está bien, pero un poco caro",Reviewed in Spain on 13 June 2023,3,"La comodidad de este tipo de trampas es que ya llevan un atrayente olorcillo agradable como a vainilla. Pero evidentemente esto desaparece con el tiempo, aunque el pegamento siga intacto. Obviamente después se puede seguir usando añadiendo algo de comida para las princesitas, pero por esa misma razón, me resulta bastante más económico usar trampas donde la comida la pongo yo."
FR,B08F7JHXJX,Funciona pero no para todas,Reviewed in Spain on 4 August 2024,3,"Llevan varios días puestas las trampas y han ido cayendo algunas pero desgraciadamente las mas grandecitas se escapan, comprobado😥"
FR,B08F7JHXJX,Parecen buenas,Reviewed in Spain on 23 September 2024,3,"Parecen buenas trampas, aunque en mi caso ninguna ha picado."
FR,B08F7JHXJX,Top aber geht besser,Reviewed in Germany on 6 November 2022,3,"Die Dinger sind richtig gut. Haben einen angenehmen Duft ;) und fangen viel ein. Bin doch erstaunt wie viel Kleinzeugs da hängen bleibt. Meistens waren es Staubläuse oder kleine Spinnen. Habe die Fallen im ganzen Keller verteilt. Aber bitte den Kleber verbessern. Die Seite, die danach oben zeigt hält nicht richtig."
FR,B08F7JHXJX,"Lo bueno,que ocupa poco espacio",Reviewed in Spain on 6 September 2024,3,"Para mí gusto poco efectivo,no necesariamente para los demás."
FR,B08F7JHXJX,No funciona nada bien,Reviewed in Spain on 25 August 2024,3,Las cucas se pasean alrededor y pasan de la trampa
FR,B08F7JHXJX,Nichts,Reviewed in Germany on 4 August 2024,3,Macht nix
FR,B08F7JHXJX,Los bichos caen en la trampa,Reviewed in Spain on 10 August 2024,3,Es muy  buen atrapador. Pero no acaba con la plaga
FR,B08F7JHXJX,Muy pequeñas las trampas y no tienen o no se ve el cebo,Reviewed in Spain on 3 December 2023,3,Muy pequeñas las trampas y no tienen o no se ve el cebo. No sé si son efectivas. O ya no hay cucarachas o no son un reclamo para lo esperado.
FR,B08F7JHXJX,Útil,Reviewed in Spain on 18 August 2024,3,"Útiles pero no muy eficaz, son muy chicas"
FR,B08F7JHXJX,No coje a todas las que entran,Reviewed in Spain on 22 July 2024,3,Hay un montón y no caza todas las cucarachas
FR,B08F7JHXJX,Nicht wirklich gut,Reviewed in Germany on 17 December 2023,3,"Mann muss den Schaben schon direkt das Teil vor die Nase stellen, damit sie es finden..."
FR,B08F7JHXJX,Naja,Reviewed in Germany on 8 November 2022,3,"Bis jetzt (einige Wochen nach dem Aufstellen der 30 Fallen) ist gerade mal eine Spinne und ein Käfer in die Falle gelaufen. Ohne Lockmittel sinnlos, da das Ungeziefer keinen Grund hat in die Falle zu laufen."
FR,B08F7JHXJX,"Fanno il loro, senza gloria",Reviewed in Italy on 14 December 2023,3,Sono piccole e prive di esca ma fanno il loro sporco lavoro. Proporzionale al costo
FR,B08F7JHXJX,Bien,Reviewed in Spain on 23 August 2023,3,"Solo atrapó arañitas y hormigas, ah y una lagartija que estuve media hora para quitarla y que no se muera.Pero bueno, tal vez cucarachas no porque no puse comida."
FR,B08F7JHXJX,No funciona contra pececillos de plata,Reviewed in Spain on 27 November 2023,3,Las he tenido 2 semanas y no han pescado ni uno. No parecen muy eficaces como mínimo para éstos insectos.
FR,B08F7JHXJX,Trampas de cucarachas,Reviewed in Spain on 6 August 2023,3,Es efectivo por donde pasa la cucaracha que se queda atrapada pero no merece mucho la pena.Al tener animales domésticos es otro impedimento pero mejor que los sprais.
FR,B08F7JHXJX,Ok,Reviewed in Germany on 1 September 2023,3,Funktioniert nur so semi gut. Gibt bessere Produkte
FR,B08F7JHXJX,Preigünstige Klebefallen,Reviewed in Germany on 8 August 2021,3,Ich war zunächst skeptisch und da sich bis zum 3. Tag nichts tat wollte ich schon resignieren.Am 4. Tag war nichts mehr von dem nervenden Zirpen zu hören und die Klebefallen habenihre Aufgabe erfüllt.
FR,B08F7JHXJX,Consegna veloce,Reviewed in Italy on 7 May 2023,3,Consegna rapida..... Ma purtroppo non ci Sono le istruzioni di montaggio o di piegatura dei lembi per creare la trappola.....
FR,B08F7JHXJX,Funziona abbastanza bene.-,Reviewed in Italy on 21 July 2023,3,Non fa miracoli ma serve per lo scopo prefissato e per il suo acquisto
FR,B08F7JHXJX,Buono,Reviewed in Italy on 13 September 2023,3,Buono
FR,B08F7JHXJX,Inútil,Reviewed in Spain on 16 December 2022,3,En mi casa no funciona bien. Las cucarachas pasan alrededor pero no acaban de entrar
FR,B08F7JHXJX,Poscas trampas,Reviewed in Spain on 15 September 2021,3,Pocas trampas para el precio que tienen. No traen veneno ni atrayente por lo que la cucaracha tiene que ir a la caja por casualidad y quedarse pegada. No me convencen.
FR,B08F7JHXJX,De momento no ha cazado muchas,Reviewed in Spain on 2 August 2021,3,"Lo estoy usando para una plaga de arañas y de momento solo ha cazado un par poniéndolos por donde he visto las arañas, seguiré observando a ver si aumentan la caza."
FR,B08F7JHXJX,Poco operativo,Reviewed in Spain on 10 September 2022,3,Atrapa bien las Cuquis pero la esquivan deberían utilizar un atrayente o algo asi
FR,B08F7JHXJX,Funcionan,Reviewed in Spain on 26 October 2022,3,Son buenas trampas.
FR,B08F7JHXJX,CUMPLEN ESPECTATIVAS,Reviewed in Spain on 12 June 2021,3,UTIL
FR,B08F7JHXJX,Pièges efficaces mais...,Reviewed in France on 30 September 2022,4,"Les pièges sont faciles à installer, ils sont efficaces mais il y a toujours des cafards de présents malgré l'utilisation d'un bon nombre de pièges..."
FR,B08F7JHXJX,Bien,Reviewed in France on 9 July 2024,4,Si pas trop de cafards les pieges fonctionnent
FR,B08F7JHXJX,blattes attrapées !,Reviewed in France on 23 November 2021,4,Il faut plutôt place le piège à plat car l’adhésif à l’arrière ne tiens pas sur les murs.Un petit descriptif pour ouvrir les pièges serait le bienvenu.Les blattes sont bien attrapees
FR,B08F7JHXJX,Fait son boulot,Reviewed in France on 27 September 2022,4,Fait son boulot
FR,B08F7JHXJX,Piège parfait,Reviewed in France on 15 August 2021,4,Attrape les cafards sans problème. A recommander.
FR,B08F7JHXJX,facile emploi pour détection cafards,Reviewed in France on 23 November 2021,4,très attractif
FR,B08F7JHXJX,Ottimo prodotto,Reviewed in Italy on 5 August 2025,4,"Ottimo prodotto, io l'ho acquistato per le Blatte ed il risultato è eccezionale"
FR,B08F7JHXJX,het proberen waard,Reviewed in Belgium on 18 September 2025,4,Dit is een artikel dat op zichzelf het probleem misschien niet zal oplossen maar het zal zeker bijdragen om van vervelende insecten af te geraken.
FR,B08F7JHXJX,Überraschend gut,Reviewed in Germany on 25 July 2024,4,"Die Fallen funktionieren überraschend gut.Sind etwas fitzelig im Aufbau, da fehlt eine klare Anweisung. Wenn man den Bogen mal raus hat geht es flink.Die Platzierung ist natürlich eine elemtare Entscheidung, da muss man mitdenken.Der Klebestreifen, damit die Falle stehen bleibt funktioniert leider überhaupt nicht. Man kann ihn nicht wirklich festdrücken, da man sonst an der anderen Seite kleben bleibt. Hält ca 2 Stunden dann ist er wieder lose.Die ersten zwei Tiere musste ich aktiv in die Falle jagen, da sie immer außenrum sind. Dann war ein paar Tage überhaupt nichts los und jetzt findet sich immer wieder ein Mistviech mehr in den Dingern.Heute Nacht hat es sogar eine Maus gefangen, die meine Katze angeschleppt hat. Die hat so fest geklebt, dass ich sie nicht losmachen konnte. Eine Schabenfalle die auch Mäuse fängt, nicht schlecht!"
FR,B08F7JHXJX,"Eficacia media, adecuado para monitoreo",Reviewed in Spain on 16 February 2025,4,"He estado usando las trampas Catchmaster 100i durante 11 días para combatir las cucarachas, junto con otros métodos: apliqué aerosol en rincones estratégicos, instalé cebos insecticidas y añadí estas trampas adhesivas en posibles áreas de anidación.Sin atrayentes activos: No contienen feromonas ni otras sustancias para atraer a las cucarachas.Baja efectividad: De 11 trampas colocadas, solo funcionaron 2. Una de ellas en el interior del frigorífico (cerca del compresor). En otros lugares (cocina, debajo del fregadero, cerca de zócalos) quedaron vacías, incluso al añadir miel como cebo.Experiencia de uso:En 11 días, capturaron 7 cucarachas (4 adultas y 3 pequeñas), pero solo dos trampas fueron efectivas.Mi esposa mató 6 cucarachas a mano, lo que demuestra que la efectividad de las trampas apenas supera la del ""método tradicional"". 😅La trampa en el frigorífico fue la más eficaz, posiblemente debido a la humedad y el calor en esa zona.En mi opinión, estas trampas son más útiles para monitorear la actividad que para eliminar completamente la plaga.Recomendaciones de uso:Colócalas en áreas con humedad y calor, como cerca del compresor del frigorífico.Añade cebos (trozos de embutido, migas de pan o miel), aunque no siempre funcionan.Úsalas en combinación con geles insecticidas o aerosoles, ya que solas no solucionarán el problema.Conclusión:Las trampas funcionan, pero no tan eficazmente como esperaba. Recomendaría usarlas solo en combinación con otros métodos y colocarlas en zonas donde ya hayas detectado actividad de cucarachas."
FR,B08F7JHXJX,Super !!!,Reviewed in Belgium on 11 February 2025,4,Avoir une voisine qui a un nid de cafards et que ceux-ci viennent chez moi et mon autre voisine. Fonctionne bien
FR,B08F7JHXJX,Trampas,Reviewed in Spain on 4 July 2026,4,Funciona bien
FR,B08F7JHXJX,Efectivo y fácil de montar,Reviewed in Spain on 8 June 2026,4,Fácil de montar. Trampa sencilla pero efectiva. Se puede poder en paquete de tres o de forma individual
FR,B08F7JHXJX,Funciona,Reviewed in Spain on 10 June 2026,4,Muy eficaz
FR,B08F7JHXJX,Aun no lo se,Reviewed in Spain on 6 June 2026,4,"Funciona bastante bien,pesca las cucarachas con seguridad"
FR,B08F7JHXJX,Atrapa a las cucarachas pequeñas,Reviewed in Spain on 26 May 2026,4,Es excelente
FR,B08F7JHXJX,Lo que buscaba,Reviewed in Spain on 2 May 2026,4,Es la segunda vez que lo compro..Y de momento funciona
FR,B08F7JHXJX,Muy buena calidad e instalación práctica,Reviewed in Spain on 26 January 2026,4,"Me parece aceptablesHasta ahora las utilizaré, espero que cumplan su función.Es un buen material, fáciles de instalar y traen pegamento para que no se mueva.Yo utilice el mismo protector para que no se queden pegado los dedos, debería traer un espacio en la superficie para que uno pueda presionar. Es la única pega que le veo a la hora de instalarlos.Ahora solo queda esperar que atrapen si es que hay alguna."
FR,B08F7JHXJX,Trappole per scarafaggi,Reviewed in Italy on 25 April 2026,4,
FR,B08F7JHXJX,¡Las cucarachas tienen los días contados! (Y no lo vieron venir 🪤🪳),Reviewed in Spain on 8 June 2025,4,"Confieso que al principio me sentía como en una película de terror: luces apagadas, cucaracha al fondo de la cocina, y yo armado con una zapatilla en modo ninja. Spoiler: ellas siempre ganaban. Hasta que encontré estas trampas de Catchmaster. Mano de santo. O mejor dicho, de exterminador zen.Vienen 30 trampas (sí, TREINTA), listas para desplegar como un ejército en puntos estratégicos: detrás del frigorífico, bajo el fregadero, junto al cubo de la basura... El adhesivo es fuerte como mis ganas de que no haya bichos, y lo mejor es que no lleva veneno, así que las puedo poner sin miedo con niños y mascotas en casa (incluyendo mi gato, que lo investiga todo).¿Funcionan? ¡Vaya si funcionan! Las primeras noches pillaron más bichos que un casting de película apocalíptica. Silenciosas, eficaces y sin olores raros. Las cucarachas entran y... ya no salen. No voy a decir que disfruto vaciándolas, pero hay un pequeño placer culpable al ver que la estrategia funciona 😎Veredicto:Sin tóxicos, sin dramas, sin cucarachas. Y con 30 unidades, tienes para declarar la guerra como un general. Recomendadísimas. ¡Las cucas no tienen escapatoria!"
FR,B08F7JHXJX,"Faz o que é anunciado, extremamente satisfeito",Reviewed in Spain on 15 August 2025,4,"Passaram-se alguns meses desde da compra e tenho de dizer que estou muito satisfeito.A cola é forte o suficiente para agarrar qualquer insecto, e neste caso, baratas bastante grandes.Apesar de não conter nenhum tipo de isco, basta a colocação das armadilhas em cantos ou junto das paredes onde sabe que andam baratas/insectos e a armadilha torna-se bastante eficaz.Facil montagem e limpeza.Unico conselho que dou é de tirar a pelicula que cola ao chão, antes de tirar a pelicula da armadilha, ira facilitar a colocação e evitar colar os dedos.Tambem evitar colocar em sitios com humidade ""quente"" ( casas de banho com má circulação) pois a cola não funciona tão bem caso fique nessa humidade muito tempo.Irei de certeza voltar a comprar no futuro."
FR,B08F7JHXJX,"Calidad buena, sistema medio infalible",Reviewed in Spain on 20 September 2025,4,"El pegamento es fuerte, fuerte. Si el insecto entra no sale, antes se arranca las patas que se despega. Ahora bien, no he cazado ninguna grande, las cucas pequeñas y otros insectos han quedado atrapados, las grandes por lo que sea no se han metido dentro, o si lo han hecho no se han quedado atrapadas( yo creo que lo primero xq el pegamento es bueno). Creo que no es mala compra pero no es infalible el sistema, la calidad buena"
FR,B08F7JHXJX,Trampas atrapatodo,Reviewed in Spain on 14 January 2026,4,Deberian despedir algun tipo de olor para atraes mas
FR,B08F7JHXJX,No duran mucho tiempo,Reviewed in Spain on 19 November 2025,4,"Aunque cumple su función, duran poco. A los pocos días están llenos de polvo y pierden la adherencia y eso que la zona está muy limpia. Lo bueno es que son 30 y vas cambiando."
FR,B08F7JHXJX,No está mal,Reviewed in Spain on 21 December 2025,4,No está mal.  Lo único que no se pueden cerrar.  Pero funcionan.
FR,B08F7JHXJX,Funcionan muy bien,Reviewed in Spain on 10 January 2026,4,Funcionan muy bien.
FR,B08F7JHXJX,Ok,Reviewed in Germany on 4 March 2026,4,Ok
FR,B08F7JHXJX,Kompakete Fallen mit starker Klebekraft,Reviewed in Germany on 10 March 2025,4,"Auf der Suche nach einer preiswerten Menge an Ungezieferfallen, bin ich auf diese 30 Stück gestoßen.Sie sind meiner Meinung nach eher klein, funktionieren dadurch aber nicht schlechter als andere Fallen und lassen sich besser in Ecken etc. stellen, ohne zu sehr im Weg zu sein.Die Klebekraft ist stark und hält das Ungeziefer an sich fest, nachdem es in die Falle gegangen ist.Es ist aber leider ab und zu vorgekommen, dass das Ungeziefer bereits am Rand der Fallen kleben blieb, woraufhin es sich nicht ganz auf der Klebefläche der Falle befand und manchmal nach einiger Zeit wieder befreien konnte.Nicht so gut fand ich den Aufbau der Fallen, da man meiner Meinung nach etwas aufpassen muss, um keine klebrigen Finger zu bekommen und der Klebeverschluss an der Oberseite bei schon mal wieder aufgegangen ist.Aufgund des guten Preises für ganze 30 Fallen konte ich über diese kleinen Nachteile jedoch hinwegsehen."
FR,B08F7JHXJX,Atrapan a algunas pero no a todas,Reviewed in Spain on 20 September 2024,4,"Una noche vi una cucaracha en mi piso y se consiguió escapar. Cometí el error de no darle importancia y cuando volví a saber de ellas ya habían criado. He aprendido la lección, hay que actuar en cuanto se ve la primera. Ahora llevo mes y medio intentando deshacerme de ellas.Cuando puse estas trampas los dos primeros días no capturaron ninguna y pensé que había tirado el dinero. Después les puse azúcar y las van pillando, pero no penséis que estas trampas las van a exterminar, capturan bastantes pero ni mucho menos a todas. Yo tengo puestas también trampas de veneno de Cucal y además mato directamente a las que encuentro y así, con los 3 métodos va bajando su número, pero después de semanas aún quedan.Eso sí, si eres animalista o sensible que sepas que con este pegamento las puedes ver durante días en la trampa moviendo las antenas, es una muerte bastante lenta. No aptas para personas sensibles."
FR,B08F7JHXJX,Un refuerzo para controlar plagas,Reviewed in Spain on 12 October 2024,4,"Si buscas el sistema perfecto para acabar con una plaga de insectos, sobre todo de cucarachas, no lo vas a encontrar, así que hay que buscar una combinación de varios sistemas. Este es un buen sistema si sabes que te entran las cucarachas de un jardín, terraza comunitaria, vecinos con alergia a la limpieza... Lo colocas en las zonas donde hayas visto que se pasean, y se quedan pegadas. Da bastante asquete, así que no los mires después de comer, pero combinados con un buen insecticida y sistemas de prevención (trampas, aparatos de ultrasonidos, friegasuelos con insecticida...) y cuidando de no dejar armarios abiertos donde puedan colarse y conseguir comida, migas en la encimera o el suelo, o los cacharros con restos de comidas a su alcance, puedes dejar de verlas. Eso si, si bajas la guardia, tarde o temprano vuelven si o si, es una batalla de por vida."
FR,B08F7JHXJX,Fáciles de colocar,Reviewed in Spain on 15 November 2025,4,Son fáciles de colocar. No ha caído ninguna pero supongo que porque no hay. Las puse porque hay vecinos que si tienen.
FR,B08F7JHXJX,"Bien, pero podría mejorar",Reviewed in Spain on 26 August 2025,4,"Están bien, pero tienes que tener una plaga muy grande para que las cucarachas pasen por la trampa, ya que no tiene ningún tipo de cebo y a pesar de colocarla en lugares específicos, no hemos conseguido atrapar ninguna, a pesar de que sí hemos tenido alguna  en casa."
FR,B08F7JHXJX,Captura,Reviewed in Spain on 24 November 2025,4,Muy buenas pero sería ideal que tuvieran algún producto junto con el pegamentoque las atrayeran
FR,B08F7JHXJX,"Buen material, practico y funcional",Reviewed in Spain on 26 November 2025,4,"Tercera vez que lo compro, no me ha fallado cumple con su objetivo."
FR,B08F7JHXJX,Se pegan todos los bichos,Reviewed in Spain on 26 July 2025,4,"Todo lo que pasa por ahí se queda pegado.No sé si atraen a los bichos o simplemente pasan por la trampa por casualidad pero todo lo que pasa por encima se queda pegado: cucarachas, arañas, pececillos de plata, pelusas...Vienes bastabtes y son buenas si las pones en un lugar de paso de cucarachas."
FR,B08F7JHXJX,Bien pero no apto para mascotas curiosas,Reviewed in Spain on 15 July 2025,4,"Están bien, es tal cual indica y sí que hace efecto pero no para acabar con las odiosas cucas y sus plagas, si no por si salen de paseo que se queden ahí pegadas. Solo que en mi caso a mi perro le llaman la atención y va cogiendo todas las trampas llenándose las patas de pegamento. 🤦🏻‍♀️"
FR,B08F7JHXJX,Funcional,Reviewed in Spain on 26 November 2025,4,Funciona
FR,B08F7JHXJX,Método cruel,Reviewed in Spain on 8 May 2025,4,Eficaz trampa. Pero creo que el método es cruel. Pensé (porque me basé en las opiniones positivas) que por la eficacia me iba a sentir aliviada. Las cuquis se quedan pegadas sin poder escapar. Siguen vivas todo el tiempo. Sinceramente no me parece el mejor método. Preferiría algo más rápido que ahorre sufrimiento a ambas partes. Tengo 3 atrapadas en una cajita agonizando. Soy sensible y esto no me gusta
FR,B08F7JHXJX,Parece que funciona!,Reviewed in Spain on 26 August 2025,4,"El primer día ya ha capturado una de ellas, de momento estoy contenta, a ver si sigue funcionando hasta que ya no las necesite"
FR,B08F7JHXJX,Se quedan pegadas,Reviewed in Spain on 1 September 2023,4,
FR,B08F7JHXJX,Funzionano,Reviewed in Italy on 4 December 2025,4,Fanno il loro sporco mestiere
FR,B08F7JHXJX,alles in Ordnung,Reviewed in Germany on 25 November 2025,4,alles in Ordnung
FR,B08F7JHXJX,Buen Articulo,Reviewed in Spain on 23 September 2025,4,es lo que esperaba
FR,B08F7JHXJX,Buenas calidad.,Reviewed in Spain on 23 October 2024,4,"El producto es mucho más pequeño de lo que se intuye en la fotografía. El coste es algo elevado. El material es cartón poroso, así que hay que tener esto en cuenta. El producto interior es más grueso que el estándar, así que hay que tener cuidado con animales no dianas. Es evidente por su olor que contiene atrayente alimenticio. Pero lo recomiendo. Me gustaría que el coste fuese algo inferior. Sobretodo para realizar compras de mayores cantidades. Lo recomiendo."
FR,B08F7JHXJX,"Ayuda, pero no acaba con ellas",Reviewed in Spain on 29 August 2025,4,Se quedan enganchadas las crías y las pequeñas
FR,B08F7JHXJX,Buen producto,Reviewed in Spain on 8 September 2025,4,Funciona
FR,B08F7JHXJX,Buenos productos,Reviewed in Spain on 29 August 2025,4,Todo ok
FR,B08F7JHXJX,"Funktioniert gut, aber nicht immer..?",Reviewed in Germany on 28 March 2025,4,"Nachdem ich die Fallen aufgestellt hatte, habe ich viele Kakerlaken gesehen, die einfach daneben krabbelten und entkamen. Anfangs dachte ich, dass wir etwas Futter platzieren müssen, um sie anzulocken, und legte etwas Futter in die Mitte, aber es war nutzlos. In den ersten 3-4 Wochen gab es keine Fänge. Nach etwa 2 Monaten waren in jeder Falle jede Menge Kakerlaken. Allmählich hat sich der Kakerlakenbefall bei mir zu Hause verringert."
FR,B08F7JHXJX,Sencillo montaje,Reviewed in Spain on 8 August 2025,4,"Económico, efectivo y rápido de montar."
FR,B08F7JHXJX,Haushalt,Reviewed in Germany on 30 September 2025,4,"Schnelle Lieferung, alles okay."
FR,B08F7JHXJX,buena calidad,Reviewed in Spain on 15 July 2024,4,"Siento si da asquito la foto pero es para que veáis que no miento.Es limpio, no huele, fácil de montar y muy eficaz. Además lo compré pensando en mi perrita. La verdad es que estoy encantada. Con este calor adelantado ya aparecen y con este sistema ya han caído muchas. Muy contenta. Lo único que podía ser más barato.PD: Después de retirar el adhesivo esparcid unos granitos de azúcar, es infalible y tendrán una muerte dulce."
FR,B08F7JHXJX,Buon prodotto,Reviewed in Italy on 29 September 2025,4,Già utilizzate e ricomprate
FR,B08F7JHXJX,Cumple su cometido,Reviewed in Spain on 21 June 2025,4,"El producto estaba en perfecto estado. Se pegan muchas cucarachas, pero no las elimina."
FR,B08F7JHXJX,Does the job effectively,Reviewed in Spain on 12 July 2025,4,They work
FR,B08F7JHXJX,Bom produto,Reviewed in Spain on 28 June 2025,4,Bom produto. Entrega rápida
FR,B08F7JHXJX,Insektenfalle funktioniert sehr gut,Reviewed in Germany on 27 March 2025,4,"Artikel erfüllt den Zweck sehr gut, wenn man ihn bestmöglich an den Laufwegen der Insekten platziert.Frei von Schädlingen bekommt man damit allerdings die befallene Region nicht. Man kann damit aber eine ordentliche Dezimierung erreichen.Gern wieder."
FR,B08F7JHXJX,"Bastante pequeño, aunque cumple su función",Reviewed in Spain on 29 November 2024,4,"Son bastante pequeñas! Parecen trampas para hormigas, aunque he de decir que al menos funcionan. He capturado unas cuantas con estas trampas, eso sí, con 1 prácticamente ya se ha llenado la trampa..."
FR,B08F7JHXJX,Herr,Reviewed in Germany on 12 July 2025,4,Gut
FR,B08F7JHXJX,fanno bene il loro lavoro,Reviewed in Italy on 22 June 2025,4,"funzionano , colla molto potente"
FR,B08F7JHXJX,Es buena,Reviewed in Spain on 23 January 2025,4,La pega que traen es bastante fuerte y atrapa a todo lo que le pase por encima.
FR,B08F7JHXJX,Funcionan,Reviewed in Spain on 1 August 2023,4,"Las puse ayer en varios sitios. Las que puse en el suelo de la cocina, en una noche han dado resultados atrapando bastantes cucarachas. Las que puse en la encimera no tienen cucarachas pegadas. Hay que probar varios sitios para ponerlas, yo pensaba erróneamente que en la de la encimera se pegarían más.Lo que no me gusta es que el pegamento huele fuerte, supongo que con los días no se notará tanto pero no me resulta agradable."
FR,B08F7JHXJX,Para bichos pequeños,Reviewed in Spain on 25 August 2024,4,"Es un buen producto con una pelicula adhesiva muy buena en el interior, pero No vale para cucarachas grandes, solo me atrapa bichos pequeños, las grandes se ríen del producto.. Puse varias juntas pero no las pilla ni así."
FR,B08F7JHXJX,Macht was es soll,Reviewed in Germany on 4 June 2023,4,"Die schlechten Bewertungen kann ich nicht nachvollziehen, die Klebefallen haben super funktioniert und meine ausgebüxten Heimchen, soweit ich das überblicken kann, alle eingefangen (und zusätzlich noch ein paar Fruchtfliegen und ein Silberfischchen). Wahrscheinlich werden nicht alle Arten gleichermaßen gut angelockt und man muss die Fallen auch an dunklen Laufwegen platzieren, dann klappt es zumindest bei Heimchen sehr gut.Alleine das etwas umständliche Knicken und Falten nervt etwas, da man eigentlich immer mit dem Klebstoff in Berührung kommt.Die Klebeleistung ist aber top und hält echt lange.Ich bin zufrieden."
FR,B08F7JHXJX,Sorge um Ungeziefer!,Reviewed in Germany on 19 March 2025,4,Viel habe ich nicht mitgekriegt.D.h. bei mir is es alles in Ordnung.
FR,B08F7JHXJX,Todo ok,Reviewed in Spain on 3 February 2025,4,Lo esperado
FR,B08F7JHXJX,Caza cucarschas,Reviewed in Spain on 11 December 2024,4,El caza moscas me ha gustado mas
FR,B08F7JHXJX,Me gusto,Reviewed in Spain on 16 November 2024,4,Lo compre por recomendacion de una vecina y muy contenta
FR,B08F7JHXJX,Eine Falle für alles...,Reviewed in Germany on 23 August 2024,4,"Mit der Falle fangen wir so ziemlich alles, was im Haus rumkriecht... leider bisher noch keine Schabe. Der Kleber ist wirklich der Hammer... die Schaben werden sicherlich auch noch kommen..."
FR,B08F7JHXJX,No muy eficaz,Reviewed in Spain on 12 August 2024,4,"Ante la presencia de cucarachas el producto no parece que las atraiga,es mas bien suerte de que la cucaracha pase por el"
FR,B08F7JHXJX,Fácil de montar,Reviewed in Spain on 22 November 2024,4,Y cumple su funcion
FR,B08F7JHXJX,Leider keine Rezession,Reviewed in Germany on 12 August 2024,4,Kann leider keine Rezession abgeben. Hatten nur 1 Kakerlake und die haben wir rechtzeitig erwischt bevor sie Eier legen konnte. Woher die kam keine Ahnung.8
FR,B08F7JHXJX,Funciona,Reviewed in Spain on 9 August 2024,4,"Esta bien para mapear por donde están los insectos, se quedan pegados y no pueden salir"
FR,B08F7JHXJX,non è specificato che vanno inserite delle esche,Reviewed in Italy on 23 May 2023,4,nelle istruzioni non è specificato che vanno inserite delle esche nel prodotto.senza queste esche non funziona perchè c'è solo colla e questa non attira gli insetti.ho messo dello zucchero di canna sulla colla e ha funzionato egregiamente catturando in una sola notte almeno 10 scarafaggi molto grossi.aspetto adesso di vedere quando dura il prodotto avendolo usato solo per una notte.
FR,B08F7JHXJX,Funzionanti,Reviewed in Italy on 2 November 2024,4,Attirano grilli e blatte anche senza aggiungere cibo.
FR,B08F7JHXJX,Ottimo,Reviewed in Italy on 6 December 2024,4,Ottimo prodotto
FR,B08F7JHXJX,Trampas cucarachas,Reviewed in Spain on 10 December 2023,4,Son super geniales!!! Caen las cucarachas muy bien lo que pasa que cuando se llena la trampa hay que tirarla y poner otra. Yo lo recomiendo
FR,B08F7JHXJX,Funcionan,Reviewed in Spain on 26 August 2024,4,"Fácil de montar, discretas y efectivas."
FR,B08F7JHXJX,Does not auto attract roaches in my case,Reviewed in Germany on 15 December 2023,4,"tried for a few weeks but did not catch cockroaches without a bait places, But yes the glue is amazing, once caught then it is not going anywhere."
FR,B08F7JHXJX,falle,Reviewed in Germany on 9 December 2024,4,sehr gut
FR,B08F7JHXJX,Efectivo,Reviewed in Spain on 25 April 2024,4,Producto muy efectivo contra las cucarachas. Llevamos tiempo usandolas y caen en la trampa.
FR,B08F7JHXJX,Funciona,Reviewed in Spain on 20 August 2024,4,Es efectivo funciona bien
FR,B08F7JHXJX,Efectivo,Reviewed in Spain on 13 June 2024,4,Cumple su función todo lo que  pasa se queda pegado.
FR,B08F7JHXJX,Porque las instalaciones No en Español,Reviewed in Spain on 23 August 2024,4,Se quedan bien pegadas
FR,B08F7JHXJX,Eine Klebefalle,Reviewed in Germany on 4 October 2024,4,Enthält einen starken Klebstoff.
FR,B08F7JHXJX,Hace su función,Reviewed in Spain on 16 December 2023,4,Para plagas necesitas llamar a un profesional porque esto no radica el problema pero para coger algunas cucarachas hace su función perfectamente
FR,B08F7JHXJX,la rapidez,Reviewed in Spain on 7 August 2024,4,para lo que indica.
FR,B08F7JHXJX,Ohne lockmittel,Reviewed in Germany on 8 April 2024,4,"Ja, es klebt... Die lockmittel muss man aber extra kaufen, sonst bringt das nicht viel."
FR,B08F7JHXJX,Son muy egectvas,Reviewed in Spain on 14 July 2024,4,Caen en la trampa perfectamente
FR,B08F7JHXJX,Se quedan súper pegadas,Reviewed in Spain on 15 August 2023,4,"Se quedan pegadísimas. No huele mal, está Bien!!! Lo único que sigo dudando un poco es si realmente funciona como cebo o simplemente pasan por allí y las atrapa."
FR,B08F7JHXJX,Cumplen su función,Reviewed in Spain on 15 October 2023,4,La verdad es que cumplen su función este verano puse unas cuatro en diferente sitios y tenía pocas cucas pero allí se quedaron atrapadas
FR,B08F7JHXJX,Cumple la función,Reviewed in Spain on 8 July 2024,4,Son pequeños pero cumple función
FR,B08F7JHXJX,Funciona,Reviewed in Spain on 30 May 2024,4,Funciona si usar productos químicos
FR,B08F7JHXJX,catchmaster schabenfalle,Reviewed in Germany on 10 July 2024,4,aufbau einfach klebt gut
FR,B08F7JHXJX,Su eficacia,Reviewed in Spain on 30 April 2024,4,Atrae a las cucarachas y las inmobiliza
FR,B08F7JHXJX,Denke Sie erfüllen ihren Zweck,Reviewed in Germany on 19 October 2023,4,"Habe die Köder in einigen Zimmern aufgestellt. Aber noch nichts gefangen.Die Zeit muss es bringen, da diese noch zu kurz ist."
FR,B08F7JHXJX,👍,Reviewed in Spain on 5 July 2024,4,👍
FR,B08F7JHXJX,Bis jetzt funktioniert es wunderbar,Reviewed in Germany on 15 April 2024,4,Also die Platten könnten etwas länger sein
FR,B08F7JHXJX,Naja,Reviewed in Germany on 1 December 2023,4,"Es blieb vieles dran kleben, aber nie das, was sollte… hat aber funktioniert wie es sollte!"
FR,B08F7JHXJX,Funciona bien,Reviewed in Spain on 5 July 2023,4,"Hasta el momento funcionan bastante bien, atrapando cucarachas de las pequeñas y alguna un poco más grande. Sin duda volveré a comprar cuando las termine"
FR,B08F7JHXJX,Bien.,Reviewed in Spain on 22 April 2024,4,Pedido para otra persona.
FR,B08F7JHXJX,Super efficace,Reviewed in France on 30 October 2025,5,"Vraiment efficace je confirme  fait ce que les specialistes non pas eradiqué .ils etaient venu 4 fois .. avec leurs masques ... leur vaporisateur et l.interdiction devrentrer chez soi plusieurs heures , ni de laver le sol.ou autres pendant 3 jours ... je ne trouvais pas de cadavres mais toujours des blates vivantes qui se promenaient ... avec ca au moins  je sais que j en attrappe .. bon c est degueu. Et elles sont bien collee mais en vie ne les tue pas. J ai essaye avec un essuit tout mais il se colle au papier donc pas la solution les taper avec une pierre peut etre pour abreger leurs souffrance... mais je recommande vraiment . A utiliser en plus advion cokroach  gel qu elles emporte au nid pour tuer les oeufs aussi  conseil de l ia"
FR,B08F7JHXJX,Le produit répond à mes attentes,Reviewed in France on 10 June 2026,5,"Les pièges sont de petite taille, ce qui permet d’être placés n’importe tout"
FR,B08F7JHXJX,RAS,Reviewed in France on 15 May 2026,5,Produit très bon
FR,B08F7JHXJX,très efficace,Reviewed in France on 2 September 2025,5,"très très efficace ! j'en ai mis à pas mal d'endroit ou je voyais bcp de petite bête, et plus rien ne circuleil faut les changer de temps en temps, quand c'est plein, ce qui montre bien l'efficacité"
FR,B08F7JHXJX,Excellent produit. Bon pour la santé. Attrape les blattes.,Reviewed in France on 21 October 2025,5,Très efficace. Facile à poser. Aucun problème pour les personnes comme les animaux.
FR,B08F7JHXJX,Bof,Reviewed in France on 2 January 2026,5,Efficace
FR,B08F7JHXJX,Bon produit pour attrapé cafard,Reviewed in France on 5 October 2025,5,Bon produit pour attrapé cafard
FR,B08F7JHXJX,Très efficace,Reviewed in France on 12 October 2025,5,Produit excellent
FR,B08F7JHXJX,Bleuffant !,Reviewed in France on 3 July 2022,5,"J'en avais marre de voir un ou deux cafard trainer et ne pas réussir à les éliminer ! J'ai donc acheté des dizaines de soit disant solutions radicales et efficace...sans succès ! J'ai acheté ce piège sans trop y croire, d'ailleurs le premier jour j'ai retrouvé les pièges complétement vide donc je me suis dit encore une arnaque ! J'ai laissé une nuit supplémentaire et là c'était le choc ! J'ai carrément trouvé une colonie coincée à l'intérieur des pièges ! Moi qui pensait n'avoir que 2 ou 3 cafards dans la cuisine ... c'est vraiment très efficaces et c'est la seule méthode qui a marché jusqu'à présent."
FR,B08F7JHXJX,Efficace,Reviewed in France on 24 January 2025,5,
FR,B08F7JHXJX,Vraiment  efficace,Reviewed in France on 16 August 2024,5,"A poser sans les endroits stratégiques  de votre  maison, inoffensif  pour les animaux et capture les cafards rapidement. Étant eu une infestation à cause de voisin pas très  propre nous avons décidé d'acheter ses pièges  qui nous ont sauvé la vie. Deuxième  fois que l'on  en prend et vraiment  pas déçu"
FR,B08F7JHXJX,Super,Reviewed in France on 13 September 2025,5,Très bon produit
FR,B08F7JHXJX,Utile et très collant,Reviewed in France on 30 August 2022,5,"Nous avons acheté ce produit car nous nous sommes retrouvés avec une armée de bébés grillons dans notre maison suite à leur reproduction dans notre terrarium. Ce produit est très efficace si on le met exactement au passage de ces petites bestioles, aux endroits stratégiques.Par contre, à notre grand regret nous avons également attrapé une souris que notre chat a fait entrer vivante dans la maison... Nous avons su la décoller avec beaucoup de mal, donc je peux dire que ce produit est très collant et efficace pour toute sorte d'insecte et animal..."
FR,B08F7JHXJX,Parfait,Reviewed in France on 22 July 2024,5,Ça fonctionne parfaitement j'ai mis un piège sur le passage supposer des cafards dans la cuisine j'ai mis un peu de sucre en poudre au milieu pour les attirer et j'en ai déjà 6 de coller. Ce qui est pratique c'est qu'il ne sont par trop grand et qu'on peut les mettre a des endroits plus restreint
FR,B08F7JHXJX,It works super well.in future I will buy again,Reviewed in France on 4 September 2025,5,Super
FR,B08F7JHXJX,Parfait,Reviewed in France on 30 June 2025,5,👍
FR,B08F7JHXJX,petit piège simple mais efficace,Reviewed in France on 15 June 2023,5,"Les cartons sont petits, à détacher selon les pointillés, à plier (ou pas). La glue est forte , sans appât qui est à ajouter dessus, j'ai mis un peu de fromage Feta, du sucre et ça fonctionne très bien pour les blattes. Je verrai si c'est infesté avant de passer à d'autres moyens plus toxiques. Correct pour prix."
FR,B08F7JHXJX,Très efficace,Reviewed in France on 17 June 2023,5,"Même pas besoin de spray pour les tuer, c'est facile à monter et j'ai mis du sucre et du yaourt, ça marche vraiment et bien plus que n'importe quel produit et il ny'a pas d'odeur, je recommande pour les gens envahi de cafards chez eux, force à vous on est ensemble"
FR,B08F7JHXJX,Bien,Reviewed in France on 25 April 2025,5,Bien
FR,B08F7JHXJX,Très efficaces.,Reviewed in France on 2 March 2025,5,Font le job!
FR,B08F7JHXJX,Fait le job,Reviewed in France on 3 September 2024,5,Parfait. Fonctionne parfaitement pour un rapport qualité prix satisfaisant. Je recommande cet article.
FR,B08F7JHXJX,Super pratique,Reviewed in France on 21 August 2023,5,Super comme produit il viennent et il se colle c est très  pratique et intelligent pour les cafards souris rats ou autre merci beaucoup
FR,B08F7JHXJX,Efficace,Reviewed in France on 28 February 2023,5,Super piège  qui emprisonne les cafard  que les araignée  à longues pattes.Petit conseil  pensez à nettoyer  les pièces infesté  tout les jours
FR,B08F7JHXJX,Efficace,Reviewed in France on 24 October 2024,5,Efficace
FR,B08F7JHXJX,Incroyable ça marche parfaitement bien,Reviewed in France on 17 July 2021,5,"Incroyable ça marche parfaitement bien.J’avais deux cafards qui rôdaient dans la cuisine la nuit, j’en ai placé deux dans la cuisine le lendemain cafards piégés !Problème résolu en une seul nuit.Achetez chez yeux fermés !"
FR,B08F7JHXJX,Très bien,Reviewed in France on 20 February 2022,5,"Je l'utilise principalement sans le plier, mais la possibilité de le plier est très bien aussi.La glue utilisée est très bien, les cafards se collent bien."
FR,B08F7JHXJX,PARFAIT,Reviewed in France on 13 February 2023,5,Fait fuir les cafards en attape peu mais cela doit être efficace a voir dans le temps
FR,B08F7JHXJX,Très bien,Reviewed in France on 13 August 2021,5,Très bien J’ai donné ses pièges à cafard à une copine le résultat bluffant plein de cafards collé à l’intérieur je vous assure vous allez pas le regretter
FR,B08F7JHXJX,Très pratique,Reviewed in France on 21 September 2021,5,
FR,B08F7JHXJX,Cela marche vraiment,Reviewed in France on 2 June 2021,5,Purée je suis choqué sa a chopé un cafard qui a pondu sur le piège du coup résultat même les petit sont piégé des la naissance... Tragique 😂
FR,B0DZN5WYJ7,Absolument inutile,Reviewed in France on 20 June 2026,1,Ne sert strictement à rien les mouches se pose à l'endroit même où j'en ai pulvérisé les fourmis se promènent sur le bord de la fenêtre qui a été largement pulvérisé de produits à croire que ça les attire plus qu'autre chose le vinaigre est bien plus utile que ce produit qui ne vaut absolument rien je pulvériserai de l'eau sur les bestioles que ça serait la même chose je vous déconseille très très fortement cet achat c'est un attire insecte et non pas une barrière aux insectes
FR,B0DZN5WYJ7,Déçu pour ce produit,Reviewed in France on 4 July 2026,1,N'éloigne pas du tout les insectes pulvériser sur des fourmis il y en a toujours autant qu'avant
FR,B0DZN5WYJ7,Inutile,Reviewed in France on 28 May 2026,1,Au final grosse déception car première utilisation tout autour de mes ouvertures et rien ne change autant de bêtes volantes qu’avant utilisation. Le lendemain même chose je réutilise le produit en pensant qu’il en fallait plus pour que ça fonctionne et le résultat est toujours le même donc achat inutile et le sentiments d’avoir perdu 20€ pour Rien…
FR,B0DZN5WYJ7,Produit manquant,Reviewed in France on 3 May 2026,1,"J'ai bien reçu ma livraison, mais j'avais commandé un lot de deux barrières à insectes et j'en ai eu qu'un seul qui de plus fuyait ce qui a endommagé les savons au lait d'ânesse, je ne félicite pas le livreur de chez SPAACK qui ne m'a pas averti de la livraison, il est 18H30 et mon colis est toujours marqué en livraison."
FR,B0DZN5WYJ7,Déception,Reviewed in France on 13 March 2026,1,"Reçu aujourd'hui, j'ai pulverisé le produit sur de simples moucherons, il y an a beaucoup à cause des arbres, pas un seul n'est mort, ça a fait l'effet d'un déodorant pour eux. Le côté ""foudroyant"" ne saute pas aux yeux, sauf si mes moucherons sont génétiquent modifiés. Très déçue! J'ajoute qu'il n'y a pas la moindre odeur, ce qui n'est pas un mal, mais je vois dans les commentaires des gens se plaindre de l'odeur désagréable, je suis donc quelque peu perplexe."
FR,B0DZN5WYJ7,Barrage insecte,Reviewed in France on 5 July 2026,1,À fuir c'est pas l'original ne fonctione pas
FR,B0DZN5WYJ7,Bof,Reviewed in France on 5 July 2026,1,Déçu aucun résultat valable insecte rentre toujours
FR,B0DZN5WYJ7,Produit à fuir . Totalement inefficace.,Reviewed in France on 14 June 2026,1,"Produit totalement ""bidon"" .... Un pulvérisateur d eau minerale serait certainement beaucoup plus efficace , et bien moins cher , pour le coup .Chat échaudé craignant l eau froide , produit à fuir ."
FR,B0DZN5WYJ7,Barrière à rien,Reviewed in France on 31 May 2026,1,"Aucun effet... tout ce joli petit monde (mouches, moustiques et j'en passe) rentre sans problème dans votre maison. A part vous donner la nausée et vous faire tourner la tête, ce produit ne sert strictement à rien. Retour..."
FR,B0DZN5WYJ7,Inutile n'arrête pas les insectes,Reviewed in France on 14 June 2026,1,"N'arrête pas les insectes les fourmis rentrent tout de même dans la maison qu'on le mette sur le bord de la porte intérieure ou extérieur, les bouchons insectes volants pareil"
FR,B0DZN5WYJ7,Erreur dans la livraison,Reviewed in France on 17 June 2026,1,J ai commandé et payé  2  barrière à insectes et je n en ai reçu qu 1 seul
FR,B0DZN5WYJ7,Pas contente du produit,Reviewed in France on 13 June 2026,1,Produit qui n'est absolument pas efficace toujours des bestioles aucune efficacité je vous le recommande pas même absolument pas
FR,B0DZN5WYJ7,Useless product,Reviewed in France on 17 June 2026,1,"It’s pretending to be a barrier, but the insects are still going inside"
FR,B0DZN5WYJ7,Inutile.,Reviewed in France on 17 April 2026,1,"Ne sert à rien, j'en ai mis partout sur les contours de fenêtre, porte... Les insectes, mouches et surtout les guêpes s'en moquent elle continuent de rentrer, ça ne sert juste à rien, de l'argent jeter par les fenêtres."
FR,B0DZN5WYJ7,Inutile,Reviewed in France on 15 June 2026,1,Je sais pas si ce n'est pas de l'eau parfumée a l'intérieur
FR,B0DZN5WYJ7,Ne fonctionne pas,Reviewed in France on 25 May 2026,1,"Ne fonctionne pas du tout. J'ai bien suivi les instructions. Nous avons eu des mouches, des moustiques et une guêpe."
FR,B0DZN5WYJ7,Nul,Reviewed in France on 31 May 2026,1,"Nul, aucune efficacité, zone vaporisée généreusement 2 fois: toujours autant de mouches qui s'y prélassent."
FR,B0DZN5WYJ7,Très déçue,Reviewed in France on 9 March 2026,1,"J'ai été prise de quintes de toux en utilisant ce produit et ai  dû mettre un masque pour finir de traiter ma maison. De plus, il n'est pas aussi efficace que celui que j'utilisais précédemment. Je reviens donc à mon ancien produit, même s'il est plus cher."
FR,B0DZN5WYJ7,Inutile,Reviewed in France on 8 June 2026,1,tous les jours j ai mouches et autres . Pourtant je pulvérise régulièrement.
FR,B0DZN5WYJ7,Totalement Inefficace,Reviewed in France on 9 May 2026,1,"Aucun résultat.Tous les volants et rempants se moquent parfaitement de cet insecticide.Vraiment déçue, je ne recommande pas."
FR,B0DZN5WYJ7,Barrage insecte,Reviewed in France on 10 May 2026,1,Produit qui n’a pas été efficace.. malgré avoir suivi à la lettre la notice.. je ne rachèterais pas!
FR,B0DZN5WYJ7,Barrière insecte,Reviewed in France on 29 May 2026,1,Nul!!!!! Ne sert à rien aussi bien à l'intérieur qu'à l'extérieur.....grosse arnaque
FR,B0DZN5WYJ7,Ne fonctionne pas !,Reviewed in France on 30 May 2026,1,N’empêche strictement aucun insecte de rentrer !Je suis mécontente !
FR,B0DZN5WYJ7,Barrière à rien,Reviewed in France on 24 May 2026,1,Achat inutile ! N'empêche aucun insecte de rentrer !
FR,B0DZN5WYJ7,Défectueux,Reviewed in France on 30 May 2026,1,Fuit de partout à chaque vaporisation
FR,B0DZN5WYJ7,Inefficace,Reviewed in France on 8 June 2026,1,"Produit inefficace,"
FR,B0DZN5WYJ7,decue,Reviewed in France on 28 May 2026,1,pas reu desolant
FR,B0DZN5WYJ7,Produit,Reviewed in France on 29 April 2026,1,Très déçu arriver colis ouvert et fuite du produit
FR,B0DZN5WYJ7,Ne sert a rien du tout,Reviewed in France on 29 May 2026,1,Inutile
FR,B0DZN5WYJ7,Ne fonctionne pas,Reviewed in France on 13 May 2026,1,Sa ne marche pas
FR,B0DZN5WYJ7,Zero,Reviewed in France on 1 May 2026,1,Fonctionne pas dus tout
FR,B0DZN5WYJ7,Ça sert a rien,Reviewed in France on 23 April 2026,1,Produit null
FR,B0DZN5WYJ7,Poux rouges des poules : barrière à insectes pour poulailler,Reviewed in France on 1 September 2023,1,
FR,B0DZN5WYJ7,Très décu. Le liquide ne correspond pas à du répulsif. Réception du colis ouvert.,Reviewed in France on 18 July 2025,1,"Colis ouvert à la réception. La bouteille était pleine, mais bizarre le produit n'a pas d'odeur et après essai, aucun effet. Je me demande si quelqu'un n'a pas remplacé le produit par de l'eau  car j'ai déjà utilisé ce produit et il avait vraiment une odeur répulsive. Ma conclusion lors du transport a mon avis il y a eu une manoeuvre pas trés catholique. Je ne recommanderai plus ce produit. Je l'achèterai à Gamvert qui le met aussi en vente."
FR,B0DZN5WYJ7,Déçu,Reviewed in France on 1 April 2026,1,Nul
FR,B0DZN5WYJ7,Ne fonctionne pas,Reviewed in France on 17 September 2025,1,"Ne fait rien du tout. J'attends toujours de voir son effet, même si je mets la dose, cela n'empêche aucun insecte de passer. Ou alors, peut-être que ça dure 30 minutes, enfin, je n'ai rien constaté et les insectes et autres bestioles de ce genre vont sur les endroits où j'ai pourtant aspergé une bonne dose de produit, tout comme s'il n'y avait aucun produit."
FR,B0DZN5WYJ7,Zéro efficacité,Reviewed in France on 16 March 2025,1,"Si je pouvais mettre zéro étoile, je le ferais. Il n'est pas du tout efficace pour moi. J'ai même l'impression que c'est ce produit qui fait pondre les cafards. Avant de l'acheter j'ai vu un cafard et quand j'ai utilisé le produit il y avait plein de cafards dans ma maison. Je suis dégoûté. J'ai choisi le produit le plus cher parce que je pensais que plus il était cher, plus il était efficace. Je ne veux pas vous dire de ne pas l'acheter, mais pour moi, il n'est pas efficace."
FR,B0DZN5WYJ7,"J'ai essayé pendant l'été, mais",Reviewed in France on 20 November 2025,1,"Je trouve que cela n'a aucun effet. Même après avoir vaporisé le spray, les guepes  continuent à faire leurs nids et les araignées entrent dans la maison."
FR,B0DZN5WYJ7,Nul,Reviewed in France on 18 February 2026,1,Nul
FR,B0DZN5WYJ7,inefficace,Reviewed in France on 27 January 2026,1,je ne l'ai pas trouvé efficace
FR,B0DZN5WYJ7,Colis ouvert,Reviewed in France on 5 November 2025,1,Colis ouvert et ce n'est pas la première fois.Il faut faire quelque choses contre çà et ça devient pénible à la fin d'avoir assez régulièrement ses colis ouvert !
FR,B0DZN5WYJ7,Une pure arnaque qui fait tousser !,Reviewed in France on 9 June 2025,1,"0 étoile serait beaucoup approprié ! C'est honteux de la part d'Amazon de vendre un pareil produit ! Il attaque mes voies respiratoires après avoir copieusement enduit mes encadrements et rebords de fenêtre comme instruit, tout cela pour voir des moustiques et des mouches passer tranquillement et venir dans les chambres !! Arnaque !! Gardez votre argent et investissez dans des moustiquaires plutôt si vous pouvez."
FR,B0DZN5WYJ7,Déçu !,Reviewed in France on 16 August 2025,1,"Très déçu de l'article.Aucun effet contre les insectes et surtout pas contre les cafards. A peine pulvérisé sur leur lieux de passage (évier de cuisine, lavabo, baignoire....), quelques minutes après, ils ré-apparaissent. M'obligeant à devoir commander un article d'une marque connue que je ne citerai pas. Je ne recommande pas."
FR,B0DZN5WYJ7,vaporisateur cassé,Reviewed in France on 16 June 2025,1,"produit reçu dans un carton, bien emballé, bien protégé, mais en le sortant, on n’aperçoit que l’embout est cassé et le produit coulecela veut dire qu’il a été déjà envoyé dans cet état, car ne pouvait pas se casser sur le cheminje ne peux même pas le renvoyer a moins de transvaser le liquide dans un autre récipientdéçue"
FR,B0DZN5WYJ7,Inefficace,Reviewed in France on 16 August 2025,1,"Après un début d'été concluant ou le produit donnait satisfaction, aujourd'hui je peux confirmer que le produit est devenu totalement inefficace. J'ai pulvérisée autour des baies vitrées les mouches entrent dans la maison, j'ai pulvérisée sur des mouches et elles sont encore en vie. Je cherche un nouveau produit..."
FR,B0DZN5WYJ7,Nul archi nul,Reviewed in France on 8 January 2026,1,Ne sert absolument à rien
FR,B0DZN5WYJ7,Produit à inefficace,Reviewed in France on 10 November 2025,1,"Ne fonctionne pas même sur les mouches, je ne recommande pas ce produit, j’ai gaspiller mon argent pour rien"
FR,B0DZN5WYJ7,Très déçu,Reviewed in France on 13 May 2024,1,"Nul. Ils utilisent un nom et un packaging  (tres) proche d'un produit connu (ce n'est pas le produit vu a la tv) RIEN A VOIR ! Ce produit ne fonctionne pas du tout. Même en vaporisant de près les insectes sur un mur (mouches) AUCUN EFFET.Je ne recommande pas du tout ! Le vrai barrière AUX (pas A) insectes est précisé sur le flacon celui là se sert du nom très ressemblant mais il ne vaut rien. Je me suis fait avoir une fois maintenant je vérifie qu'il soit précisé W2000 ou teleshopping sinon on se fait avoir car celui-la n'a pratiquement pas d'effet, vraiment très peu."
FR,B0DZN5WYJ7,Inefficace contre les araignées,Reviewed in France on 27 September 2025,1,Moi qui est une énorme peur des araignées elles rentrent quand même ! L'embout est parti du coup quand j'en mets ca ne se diffuse pas...
FR,B0DZN5WYJ7,Produit mensongé,Reviewed in France on 28 June 2025,1,"Ne fonctionne pas!!!Même après application sur tous les ouvrants et les textiles, des mouches tous les jours dans la maison.J’ai aspergé une mouche directement, elle est partie plus loin et s’est lavée 😨Produit mensongé, c’est de l’argent dépensé pour rien."
FR,B0DZN5WYJ7,inefficace,Reviewed in France on 7 July 2025,1,"je ne suis pas contente de cet achat.malhonete..est inefficace, malgré aprés avoir suivi les consignes..vaporisé plusieurs fois , laisse les mouches rentrer ..ça fait cher..envie d ' etre rembourseé.pas le choix de mettre 1 étoile mérite 0"
FR,B0DZN5WYJ7,Arnaque,Reviewed in France on 20 October 2025,1,N'achetez pas ce produit inutile qui n'a aucun effet quelque soit le type d'insecte
FR,B0DZN5WYJ7,Pas du tout efficace/ publicité mensongère,Reviewed in France on 21 August 2024,1,"J'ai acheté ce produit car à la télé, les présentateurs de télé achats vantent son efficacité.J'ai suivi le mode d'emploi, mais j'ai autant de mouches, moustiques et autres.Pourtant j'habite dans le 11 ème arrondissement de Marseille,  je n'ai pas de lac, ni de rivière, ni de mangrove, ni de parc ou jardin, etc.Toutes les fenêtres sont ouvertes la journée pour courant d'air.Les insectes quels qu'ils soient, entrent chez moi toujours.La barrière, je ne sais pas où elle est exactement ?"
FR,B0DZN5WYJ7,I article inutilisable,Reviewed in France on 2 July 2025,1,Le vaporisateur est cassé dans l'emballage ! Le carton d'emballage complètement écrasé !Je suis très en colère ! C'est la deuxième fois sur ce genre d'article !Inutilisable !
FR,B0DZN5WYJ7,PRODUIT INEFFICACE,Reviewed in France on 28 September 2025,1,Produit  vraiment inefficace  pour les punaises  des bois  NE PAS ACHETER
FR,B0DZN5WYJ7,déçue !!!!,Reviewed in France on 4 September 2024,1,Je l’ai acheté en regardant tout les commentaires positifs car je suis envahie d’araignée et de sacré araignéeÀ chaque fois que je ferme les voletsJe me retrouve avec des araignées sur les volets ou déjà rentré. Donc j’ai mis ce produit et 2h après je ferme les volets et bim une énorme araignée sur la poignet du volet ( grande peur )Donc au final pour les araignées ça ne fonctionne pas du tout
FR,B0DZN5WYJ7,"Nul , passer votre chemin",Reviewed in France on 4 September 2025,1,Ne cert a rien j'ai pulvériser a l'intérieur et l'extérieur et les mouche ou guêpes continue de rentrer
FR,B0DZN5WYJ7,Anti mouche inefficace,Reviewed in France on 28 June 2025,1,"Ne fonctionne pas du tout sur les mouchesTrès déçu sur ce produit, j’en ai vaporiser sur toutes les fenêtres, toutes les portes et aucun changement"
FR,B0DZN5WYJ7,Totalement inefficace !,Reviewed in France on 14 April 2025,1,"Produit totalement inefficace... J'ai pulvérisé de façon très abondante les rebords de ma fenêtre et pourtant, les mouches, les punaises et les guêpes sont très nombreuses à franchir la fenêtre. Annonce mensongère, passez votre chemin sur ce produit."
FR,B0DZN5WYJ7,Ne fonctionne pas,Reviewed in France on 29 June 2025,1,Ne fonctionne pas du toutÀ éviter j’ai utiliser un jour sur deux durant deux semaines et aucune action !!Donc surtout ne pas acheter
FR,B0DZN5WYJ7,inefficace,Reviewed in France on 15 July 2025,1,FOURMIS ET ARAIGNEES  dansent  sur le produit tellement il est efficace . ne pas acheter c est de la daube
FR,B0DZN5WYJ7,Zero,Reviewed in France on 23 October 2025,1,Produit inefficace.Argent jeté.
FR,B0DZN5WYJ7,Article non reçu,Reviewed in France on 24 June 2025,1,Le lot comprenait 2 articles et je n’en ai reçu qu’un seul dans la boîte. J’attends toujours le 2e… ou un remboursement ?
FR,B0DZN5WYJ7,"Mort instantané, inefficace sur la semaine qui suit",Reviewed in France on 20 August 2025,1,"Testé pendant un certain temps, s'avère inefficace , cela tue simplement sur le coup."
FR,B0DZN5WYJ7,Totalement inefficace,Reviewed in France on 31 July 2024,1,"Je l'ai testé sur ma maison comme décrit sur le mode d'emploi. Aucune différence, toujours autant d'insectes. Je l'ai également testé pour le box de mon cheval, rien ne change et aucune différence avec les boxes qui n'ont pas eu le produit. Quand je pulvérise le produit sur les murs, les mouches et les taons viennent se poser dessus, je crois qu'il y a un problème quand même !!"
FR,B0DZN5WYJ7,NUL NUL NUUUUUL,Reviewed in France on 15 July 2024,1,"Ne sert à rien, j’ai pulvérisé 4 fois en 3 jours en secouant, en mettant la bouteille à l’envers ou en sautant sur moi même, ça ne marche pas !! C’est plus utile de me tenir devant ma fenêtre avec un couteau, prêt à se la mettre avec le premier insecte qui passe que ce produit médiocre qui juste pue.Passez votre chemin, gardez votre argent, investissez."
FR,B0DZN5WYJ7,Nul à ch*****,Reviewed in France on 30 September 2025,1,Ne fonctionne pas du tout
FR,B0DZN5WYJ7,Excellent si j'arrive à le recevoir,Reviewed in France on 7 August 2025,1,"Reçu colis explosé et retourner ,recommandé mais problème avec la livraison toujours pas reçu"
FR,B0DZN5WYJ7,Inutile,Reviewed in France on 5 September 2025,1,Les insectes volants s’en foutent ils rentrent quand même
FR,B0DZN5WYJ7,Barrage aux insectes,Reviewed in France on 10 October 2024,1,Produit de très mauvaise qualité inefficace sur les mouches presque 2 litres de pulvériser partout même directement sur les mouches et elle repartent comme si de rien n'était produit à fuir j'ai déjà eu le même produit d'une autre marque on pulvériser presque rien et c'était très efficace le lendemain matin tout était par terre
FR,B0DZN5WYJ7,Ineficace,Reviewed in France on 17 July 2025,1,"Produit inefficace, j'ai même l'impression quil n'y ai que de l'eau à l'intérieur.  Dommage"
FR,B0DZN5WYJ7,Colis éventré,Reviewed in France on 17 July 2025,1,Le colis était éventré et il manquait des articles.Le chauffeur a repris le colis
FR,B0DZN5WYJ7,barriere insecte,Reviewed in France on 1 September 2025,1,inutile n'a pas fonctionné contre les mouches .
FR,B0DZN5WYJ7,Ne tue pas0 les moustiques,Reviewed in France on 28 July 2025,1,Produit pas efficaces  taches beaucoupJe conseille pas pour les achète
FR,B0DZN5WYJ7,L efficacité,Reviewed in France on 16 May 2025,1,Ne sert à rien  même en vaporisant directement sur la mouche elle continue de voler!! Pas efficace du tout 😬
FR,B0DZN5WYJ7,pourtant avant j'aimais bien ce produit,Reviewed in France on 10 September 2022,1,"Je me procure ce produit chaque année depuis longtemps car j'ai la phobie des araignées. D'habitude j'en suis satisfaite, mais cette année ce n'est pas le cas. L'odeur est beaucoup plus forte qu'avant, et me fait tousser. De plus, les araignées ne finissent par mourir que plusieurs heures plus tard. Quand à l'action répulsive, est est devenue nulle car j'ai vu des araignées tranquillement posées là ou j'avais pschitté du produit la veille. Je me suis donc procuré un vulgaire insecticide au super marché et tant pis, je n'achèterai plus ce répulsif. Je vais me mettre en quête d'un autre plus efficace!"
FR,B0DZN5WYJ7,pas efficace,Reviewed in France on 23 July 2025,1,Je pense que insectes volants ont dû s'adapter.
FR,B0DZN5WYJ7,Ne perdez pas votre argent,Reviewed in France on 29 July 2025,1,"Ne fonctionne pas du tout, inefficacité totale"
FR,B0DZN5WYJ7,Endommagé,Reviewed in France on 28 June 2025,1,Le spray est cassé impossible à utiliser tout coule au sol
FR,B0DZN5WYJ7,fonctionne pas,Reviewed in France on 23 July 2025,1,"franchement ne sert a rien ,aucun effet"
FR,B0DZN5WYJ7,Inefficace,Reviewed in France on 6 July 2024,1,Produit inutile. J'avais acheté un barrage aux insectes il y a quelques années dans mon supermarché et il était super. Je ramassais tous les insectes morts. Là en revanche nul. Je vaporise une quantité astronomique et je vois toutes les mouches marcher dans le produits et j'en ramasse aucune. Je ne rachèterais pas.
FR,B0DZN5WYJ7,Produit déjà utilisé 😡,Reviewed in France on 5 May 2025,1,"Produit reçu déjà utilisé,  tout collant. Sachet ouvert bref ce n'est clairement pas un produit neuf"
FR,B0DZN5WYJ7,NE PAS ACHETER,Reviewed in France on 18 June 2025,1,A ne pas acheter ! Ne fonctionne pas du tout !!
FR,B0DZN5WYJ7,Inefficace,Reviewed in France on 23 October 2024,1,Ce produit est inefficace pour faire une barrière certes il les tuent mais ça le ne les empêches pas de faire une toile d'araignée ni de passer Et  contre les moustiques il ne marche pas non plus.je le déconseille
FR,B0DZN5WYJ7,Nul aucune efficacité,Reviewed in France on 5 September 2023,1,"J'en ai pulvérisé plusieurs jours de suite et la semaine d'après aussi  et l'effet espéré n'est pas au rendez-vous.Autour de toutes mes fenêtres pour créer un barrage mais les mouches, les guêpes et les moustiques passent quand même.Je n'ai pas vu comme dans certains commentaires les insectes mourir après avoir passés le barrage.J'ai aussi pulvérisé sur la terrasse en espérant pouvoir y manger sans être dérangé par les guêpes mais ces dernières viennent nous narguer."
FR,B0DZN5WYJ7,Produit inefficace,Reviewed in France on 14 August 2025,1,Inefficace
FR,B0DZN5WYJ7,Médiocre,Reviewed in France on 29 June 2025,1,Ce produit ne fonctionne pas
FR,B0DZN5WYJ7,pas efficaces,Reviewed in France on 20 June 2025,1,pas du  tout  efficace
FR,B0DZN5WYJ7,Produit a anti mouche,Reviewed in France on 12 June 2025,1,Ne fonctionne pas nullll ne pas prendre
FR,B0DZN5WYJ7,Inutile,Reviewed in France on 23 June 2024,1,"Globalement ce produit ne sert à rien. Les insectes passent dessus et entrent tout de même dans la maison. Le produit est arrivé avec le pistolet cassé et avait un peu coulé dans le carton, globalement c’est inutile d’utiliser ce produit que je ne recommande pas."
FR,B0DZN5WYJ7,Inefficace,Reviewed in France on 24 July 2025,1,Inefficace
FR,B0DZN5WYJ7,Bidon !,Reviewed in France on 11 August 2024,1,"Produit inutile ! Complètement bidon , ne fonctionne pas du tout, vous allez asperger tout les coins de votre maison pour rien . Je ne comprends pas les commentaires positifs surement faux d’ailleurs. Gardez votre argent j’ai demandé un remboursement"
FR,B0DZN5WYJ7,Zéro !,Reviewed in France on 24 May 2024,1,J'ai pulvérisé sur mes contours de fenêtres... et j'ai mis la dose! Que dire... les mouches viennent carrément se poser où le produit a été mis. Et le pulvérisateur est vraiment mal fait car on s'en prend plein la main. A fuir. Ne gaspillez pas votre argent.
FR,B0DZN5WYJ7,Ça a l'air d'un faux produit,Reviewed in France on 13 August 2024,1,J'ai eu acheté ce produit il y a quelques temps sur télé-achat qui n'était carrément pas le même une odeur différente une texture différente on pourrait croire le même produit mais c'est faux à l'intérieur autre chose ?
FR,B0DZN5WYJ7,Inefficace,Reviewed in France on 9 July 2024,1,"Produits vraiment inefficace, je m’attendais à mieux les cloportes les cloportes, moustiques , moustiques, mouches, abeilles, araignées, font la fête chez moi, même en mettant du produit toute les semaines…Je suis vraiment très déçu et je n’en rachèterais plus à l’avenir."
FR,B0DZN5WYJ7,mouches aucun effet,Reviewed in France on 27 September 2024,1,"ça ne fonctionne pas!!  j'ai vaporisé autour de mes fenêtres et il y a des mouches qui rentrent dans l'appart pas du tout efficace, je ne recommande pas! pub mensongère et arnaque!"
FR,B0DZN5WYJ7,ça ne sert à rien.,Reviewed in France on 27 August 2024,1,"ça ne sert à rien, en tout cas sur le moment c'est possible que cela arrête certains insectes, en revanche ne vous attendez pas à ce que cela dure plusieurs semaines comme indiqué sur la notice."
FR,B0DZN5WYJ7,Doute sur l'efficacité !,Reviewed in France on 18 November 2024,1,Je n'ai pas l'impression que ce soit très efficace !A moins de pulvériser directement sur la bestiole.... qui trépasse plus par noyade que par le produit actif 🤣
FR,B0DZN5WYJ7,Cassé,Reviewed in France on 30 June 2025,1,Arrivé cassé
FR,B0DZN5WYJ7,A fuir....,Reviewed in France on 27 June 2024,1,Produit EFFICACE ? AUCUNE IDEELE COLIS EST ARRIVE DANS UN ETAT DÉGUEULASSE EN RAISON D'UNE MAUVAISE QUALITE DU SPRAY.PAS DE SECURITE ENFANT SUR LES BOUTEILLESET JE PARLE MEME PAS DE LA MAUVAISE FOI DU VENDEUR
FR,B0DZN5WYJ7,Pesticide efficace mais pas à mettre dans la maison,Reviewed in France on 10 May 2026,1,Prudence dans les maisons car comme indiqué dans le descriptif c'est un pesticide
FR,B0DZN5WYJ7,Inefficace,Reviewed in France on 23 October 2025,1,Cher et totalement inefficace..Les punaises de jardin se frotte les pattes ..
FR,B0DZN5WYJ7,Mauvaise qualité,Reviewed in France on 2 July 2025,1,Je produits je ne les pas acheté sur Amazon mais en magasin pour moi ils ET pas du tout efficace pour ça qu'ils merite 1 étoile j'ai perdu 8 € en sachant qu'il est on même prix sur le citeAlors passer votre chemin pour je produits
FR,B0DZN5WYJ7,arrivé abimé,Reviewed in France on 23 June 2025,1,retour
FR,B0DZN5WYJ7,Ne fonctionne pas,Reviewed in France on 17 May 2025,1,Ne fonctionne pas sur les moustiques
FR,B0DZN5WYJ7,Gâchette de mauvaise qualité rendant le produit inexploitable.,Reviewed in France on 6 May 2025,1,Gâchette de mauvaise qualité rendant le produit inexploitable.
FR,B0DZN5WYJ7,inefficace,Reviewed in France on 24 April 2025,1,inefficace
FR,B0DZN5WYJ7,nul,Reviewed in France on 10 March 2025,1,Franchement a par salir vitres aucun résultats
FR,B0DZN5WYJ7,Barrière aux insectes,Reviewed in France on 17 January 2025,1,Pas du tout efficace
FR,B0DZN5WYJ7,Ne le recommande pas,Reviewed in France on 9 January 2025,1,Ne fonctionne vraiment mais alors vraiment pas je ne le recommande pas du tout surtout le prix exorbitant
FR,B0DZN5WYJ7,pas terrible me marche pas contre les moucherons ne les dérange méme pas,Reviewed in France on 27 December 2024,1,BIEN ARROSE PLUSIEURS DÉRANGE  MÊME PAS LES MOUCHERONSDEMANDE SI C'EST VRAIMENT UN INSECTICIDE.ENCORE UN PRODUIT A LA GOMME
FR,B0DZN5WYJ7,Produits non autil,Reviewed in France on 22 December 2024,1,C'est produit ne pas autil
FR,B0DZN5WYJ7,Inutile,Reviewed in France on 18 December 2024,1,Ne fonctionne pas du tout …Pour aucun insecteÀ fuir vraimentMême de l’eau serait plus efficace
FR,B0DZN5WYJ7,ne fonctionne pas,Reviewed in France on 17 December 2024,1,Ne fonctionne paspassez votre chemin
FR,B0DZN5WYJ7,Ne marche pas du tout,Reviewed in France on 28 November 2024,1,Franchement apres avoir utilise le produit nous n'avons vu aucune difference.Le Produit ne doit pas vraiment fonctionner
FR,B0DZN5WYJ7,Bof,Reviewed in France on 12 November 2024,1,La barrière contre les insectes n'a pas durée 3 mois
FR,B0DZN5WYJ7,Fait rire les insectes,Reviewed in France on 12 November 2024,1,"Aucune efficacité du produit, les mouches, moustiques se posent sur les textiles vaporisés"
FR,B0DZN5WYJ7,Efficacité très moyenne,Reviewed in France on 1 July 2026,2,"Pour moi ce n'est pas efficace, tout au moins en ce qui concerne les mouches qui continuent joyeusement à rentrer dans la maison, alors que c'est précisé que c'est bien une barrière contre les insectes volants !...."
FR,B0DZN5WYJ7,Pas super efficace,Reviewed in France on 30 June 2026,2,"Pas trop efficace, j’en met régulièrement sur mes rebords de fenêtres, plinthes etc …. Mais j’ai quand même des insectes, peut être un peu moins… c j’en avais auparavant d’une autre marque beau coup plus efficace"
FR,B0DZN5WYJ7,Décevant,Reviewed in France on 22 June 2026,2,"Pas de différence flagrante pour les mouches … et les moustiques zéro résultats. Ne perdez pas votre argent inutilement. J’étais septique mais certains bons commentaires m’on encouragé à commander, mais je n’aurai pas du."
FR,B0DZN5WYJ7,barrière à insectes,Reviewed in France on 29 May 2026,2,"aucun effet pour les insectes volants, je suis très déçue de cet achat"
FR,B0DZN5WYJ7,Bof,Reviewed in France on 24 June 2026,2,Inefficace
FR,B0DZN5WYJ7,Nul,Reviewed in France on 16 May 2026,2,Pas efficace
FR,B0DZN5WYJ7,Embout fragile,Reviewed in France on 26 March 2025,2,"J'ai testé la barrière à insectes rampant et volant à Carien, censée durer jusqu'à trois mois, mais je suis assez déçue. En effet, l'efficacité du produit ne dure que 15 à 20 jours maximum, bien loin des trois mois annoncés. Après cette période, j'ai constaté une résurgence des insectes, ce qui ne correspond pas du tout à ce que j'attendais. De plus, l'embout du spray s'est cassé très rapidement, ce qui rend l'application difficile et peu pratique. La qualité du flacon laisse donc à désirer. Bien que le produit soit efficace pendant la période où il agit, sa durabilité et la solidité de son emballage sont clairement un point faible. En somme, je ne suis pas entièrement satisfaite et je ne pense pas que je rachèterai ce produit, compte tenu de ces défauts."
FR,B0DZN5WYJ7,Pas terrible,Reviewed in France on 16 April 2026,2,Bof
FR,B0DZN5WYJ7,bof,Reviewed in France on 7 March 2026,2,pas sur de l'effet
FR,B0DZN5WYJ7,A re tester,Reviewed in France on 31 December 2025,2,Barrière à insectes je trouve que cela ne fonctionne pas vraiment pour nous
FR,B0DZN5WYJ7,À éviter,Reviewed in France on 9 November 2025,2,NulNe tient pas ses promesses et ne repousse absolument rien et encore moins pour 3 moins !!!Ne sers à rien et cher payé pour ce que c'est !!!
FR,B0DZN5WYJ7,Bad,Reviewed in France on 5 January 2026,2,Pour moi il ne marche pas
FR,B0DZN5WYJ7,Pas vraiment efficace,Reviewed in France on 23 July 2025,2,"Le produit n'est pas efficace pour ce que je recherchais : empêcher les moustiques, moucherons guêpes d'entrer dans la maison. J'en ai bien mis, même plusieurs fois, sur les rebords des fenêtres et j'ai toujours autant d'insectes volants. Pour ce qui est des insectes rampants je ne sais pas si c'est efficace car je n'en avais pas avant."
FR,B0DZN5WYJ7,Odeur prenante,Reviewed in France on 12 July 2025,2,"Compte tenu des commentaires qui sont plus bons sur ce produit, je m'attendais a une vrai barrière.Odeur prenante et désagréable a utiliser.Le lendemain de l'application du produi, des insectes se promenait sur le seuil de porte.Donc pour moi pas d'effet.Je reviendrai modifier mon avis si sur les prochains jours cela fonctionne."
FR,B0DZN5WYJ7,Pas très efficace,Reviewed in France on 31 October 2025,2,Ça marche un peu quand on le vaporise mais l'effet ne dure pas très longtemps à peine une journée déçu
FR,B0DZN5WYJ7,Barrage qualité?,Reviewed in France on 2 October 2025,2,"Pas satisfaits.  J ai chez moi il y moustiques  et mouches  continuent, pas morts. Produits  n ont pas fort"
FR,B0DZN5WYJ7,Inneficace sur les mouches,Reviewed in France on 2 July 2025,2,Voilà j'ai pulvérisé hier soir sur un fil de luminaire le produit car les mouches y viennent tout le temps. Et aujourd'hui surprise une mouche est à cet endroit précis et se la coule douce.. je pense que c'est de l'eau qu'ils vendent ....
FR,B0DZN5WYJ7,Ne correspond pas à la description,Reviewed in France on 14 September 2025,2,"Le résultat n'a pas été aux niveau du discours marketing. La ""barrière"" a laissé passer beaucoup trop d'insecte."
FR,B0DZN5WYJ7,Pas rapide...,Reviewed in France on 4 August 2025,2,"Promesse de livraison en 24h, et ça arrive en 4 jours!!!Si j'avais su, je serais allé dans un magasin.Bon produit quand même"
FR,B0DZN5WYJ7,Insatisfait du produit,Reviewed in France on 25 June 2025,2,"Très déçu de cet article, malgré le respect des indications pour utiliser au mieux ce produit, le répulsif n’agit pratiquement pas sur les insectes. Je n’en rachèterais pas"
FR,B0DZN5WYJ7,N’a pas l’air de fonctionner,Reviewed in France on 3 June 2025,2,J’ai mit la dose sur les volets le muret les fenêtres mais j’ai toujours des mouches qui passent et pourtant je suis en ville pas à la campagne.
FR,B0DZN5WYJ7,Problème gachette,Reviewed in France on 15 August 2025,2,Système  de gâchette envoie produit en grosse quantité et non en brumatisseur
FR,B0DZN5WYJ7,Doutes sur l'efficacité.,Reviewed in France on 9 September 2025,2,Je doute de l'efficacité...
FR,B0DZN5WYJ7,inutile? je pense.,Reviewed in France on 19 May 2025,2,"j'ai vraiment l'impression que ça sert à rienen tout cas, pour les mouches et/ou moustiques, autant ne rien mettre, ça coûte moins cher ;)"
FR,B0DZN5WYJ7,Bof rien de concret,Reviewed in France on 25 July 2025,2,Aucun pouvoir répulsif j'ai vidé les deux litres et autant de moustiques et mouches
FR,B0DZN5WYJ7,pas efficace,Reviewed in France on 1 July 2025,2,pas  efficace  !!!! trop de gouttelettes ne tue rien du tous
FR,B0DZN5WYJ7,Non efficace pour les charançons,Reviewed in France on 13 October 2024,2,Voici un avis mis à jour en tenant compte de cela :Bon produit mais comme j’avais déjà des charançons je n’ai pas pu déterminer d'où il venaient donc cela n’a pas été efficace pour moi. J’ai ajouté de la lavande et du laurier pour essayer de les faire partir mais sans succès non plus
FR,B0DZN5WYJ7,Inefficace guêpes,Reviewed in France on 21 May 2025,2,Après avoir pulvérisé du bois.Le lendemain des guêpes étaient sur le matériel pulvérisé.Conclusion inefficace contre les guêpes
FR,B0DZN5WYJ7,Ne fonctionne pas en extérieur,Reviewed in France on 19 July 2025,2,"Ne fonctionne pas en extérieur, pas testé en intérieur"
FR,B0DZN5WYJ7,Bof,Reviewed in France on 9 July 2025,2,Ne fonctionne pas très bien contre les insectes volants.
FR,B0DZN5WYJ7,Inutile,Reviewed in France on 9 July 2025,2,Pas très efficace. Pourtant j'ai suivi les consignes.
FR,B0DZN5WYJ7,Inefficace sur les mouches,Reviewed in France on 23 July 2025,2,Inefficace sur les mouches
FR,B0DZN5WYJ7,C est du blabla,Reviewed in France on 7 June 2025,2,Pas aussi efficace que ont crois.
FR,B0DZN5WYJ7,inutile,Reviewed in France on 12 June 2025,2,ne fonctionnent pas du tout
FR,B0DZN5WYJ7,Ne sert à rien,Reviewed in France on 7 July 2025,2,Zero
FR,B0DZN5WYJ7,Mauvais,Reviewed in France on 19 June 2025,2,Manque d’efficacite
FR,B0DZN5WYJ7,Bof,Reviewed in France on 6 December 2024,2,"Ça n'empêche pas du tout les insectes de venir par contre quand on vaporise sur eux, ça les tueDonc l'utilisation principale à savoir repousser ne fonctionne pas du tout"
FR,B0DZN5WYJ7,Non conforme,Reviewed in France on 15 May 2025,2,Produits non efficace
FR,B0DZN5WYJ7,Je ne recommande pas,Reviewed in France on 17 March 2025,2,Le produit fuit impossible de s’en servir sans avoir partout sur soi
FR,B0DZN5WYJ7,Inefficace,Reviewed in France on 10 November 2024,2,Après des pulvérisations directement sur les blattes 5 à 10 fois ne tue pas vraiment peut-être éloigne un peu et encore.
FR,B0DZN5WYJ7,ne fonctionne pas sur les insectes volants,Reviewed in France on 23 May 2024,2,"Ne marche pas sur les mouches, j'ai appliqué le produit 2 fois et meme resultat qui si je n'avais rien mis....Je ne suis pas satisfait du tout car je suis toujours envahi pas les mouches...."
FR,B0DZN5WYJ7,Problème d’efficacité,Reviewed in France on 8 September 2024,2,"J’ai mis ce produit autour des portes des fenêtres sur les rideaux, et malheureusement les insectes rentrent quand même. Je recommande pas."
FR,B0DZN5WYJ7,Pas terrible,Reviewed in France on 21 June 2023,2,"Rien ne vaut celui de l'émission connu ""téléshopping"". C'est sur il est cher mais très efficace. J'habite en ferme et les mouches... C'est horrible. J'ai décidé d'opter pour ce produit qui est comme même moins cher. J'en vaporise bien partout à l'extérieur sur les murs et tout le contour des fenêtres et baies vitrées mais.... Les mouches et moustiques sont sont toujours présentes."
FR,B0DZN5WYJ7,Moyennement contente,Reviewed in France on 26 October 2023,2,"J’attendais de ce produit ce que j’ai eu avec d’autre: qu’il extermine les cafards soit directement quand on les vaporise, soit quand ils passent sur la barrière. Dans le premier cas, cela marche au bout d’un moment. Mais l’effet barrière n’existe pas. C’est juste du « baygon » en plus cher…. Dommage"
FR,B0DZN5WYJ7,Produit pour insectes,Reviewed in France on 9 October 2024,2,Produit qui fait rien et ne fait pas du tout de barrière pour les tuer
FR,B0DZN5WYJ7,Peu efficace,Reviewed in France on 11 August 2023,2,"Assez déçu et étonné au vu des autres commentaires. Après quelques semaines de pulvérisation massive, aucun effet sur les guêpes autour de ma terrasse, j'ai vu des mouches et des fourmis se balader sur les zones pulvérisées et vu ma peau pas de réduction du nombre de moustiques. Légère action nocive si vous vaporisez l'insecte directement"
FR,B0DZN5WYJ7,Ne fonctionne pas,Reviewed in France on 15 October 2024,2,"Application sur tous les encadrements de portes et fenêtres, très peux de resultat..."
FR,B0DZN5WYJ7,Décue!,Reviewed in France on 15 September 2024,2,Chez moi ne fonctionne absolument pas pour éloigner les insectes volants ni rampants... Très déçue!
FR,B0DZN5WYJ7,Rassurant mais en fait inefficace,Reviewed in France on 15 December 2024,2,Inefficacité contre les cancrelats
FR,B0DZN5WYJ7,Ne fonctionne pas,Reviewed in France on 14 June 2024,2,Les insectes du côté de chez moi doivent être radioactifs : il s'en tapent complètement.
FR,B0DZN5WYJ7,Bof,Reviewed in France on 26 September 2024,2,N eloigne pas les insectes...inefficace
FR,B0DZN5WYJ7,Pas efficace,Reviewed in France on 4 September 2023,2,"Acheté pour faire fuir les araignées sur mon salon de jardin en bois et tissus entreposé sous une grange, les araignées s'en donnent à cœur joie, elle tissent tout autour de l'endroit que j'ai traité !"
FR,B0DZN5WYJ7,Pas super efficace,Reviewed in France on 30 September 2023,2,Je trouve que le produit n'est pas spécialement efficace les mouches ont beau se poser dessus mais elle vole toujours autant et les insectes rentrent quand même je ne recommande pas ce produit
FR,B0DZN5WYJ7,Inutile chez moi,Reviewed in France on 20 June 2021,2,"J'ai acheté cette marque suite à des conseils mais ça n'a pas fonctionné avec mes fourmis et araignées.Ça les tues sur l'instant, ce qui n'est pas joli à voir d'ailleurs, mais ça ne les empêche pas de revenir. Et ça a l'air très douloureux sur les araignées, j'en ai aspergé une sans le vouloir, elle s'est tordu de douleur, c'était horrible !"
FR,B0DZN5WYJ7,Trop nocif,Reviewed in France on 29 June 2024,2,Trop nocif.. cela a provoqué la toux ....
FR,B0DZN5WYJ7,Pas efficace,Reviewed in France on 14 July 2024,2,Aucune différence avec et sans ce produit
FR,B0DZN5WYJ7,Bien,Reviewed in France on 20 July 2024,2,Bonne qualité moyennement efficace pratique
FR,B0DZN5WYJ7,Inutile,Reviewed in France on 29 June 2024,2,Cela n'a eu aucune efficacité cher moi
FR,B0DZN5WYJ7,Déçue,Reviewed in France on 25 July 2023,2,Certes le produit tue les insectes mais les attire là où l'on a vaporisé. Je n'ai jamais eu autant de mouches à l'intérieur depuis que jai appliqué le produit. Dommage !
FR,B0DZN5WYJ7,Pas efficace,Reviewed in France on 26 September 2023,2,J'ai vidé la bouteille dans l'appartement et pourtant j'ai toujours des moucherons et mouches qui rentrent chez moi je ne suis pas du tout satisfait du produit.
FR,B0DZN5WYJ7,Gros doute sur l'efficacité,Reviewed in France on 22 September 2021,2,"J'ai généreusement appliqué ce produit mais je trouve quand même après 2 semaines des insectes rampants (je ne parle pas des volants qui n'en on strictement rien à faire). Forcement, j'ai un gros doute sur l'efficacité du produit... a t'il au moins diminué l'entrée d'insectes à l'intérieur ? Rien n'est moins sur..."
FR,B0DZN5WYJ7,bof,Reviewed in France on 3 July 2024,2,Toujours des mouches...semble non efficace
FR,B0DZN5WYJ7,Bouteille cassée,Reviewed in France on 16 June 2024,2,Arrivée cassé beaucoup de produits perdus
FR,B0DZN5WYJ7,faible efficacité,Reviewed in France on 10 July 2023,2,je voulais utiliser ce produit pour empêcher les mouches de rentrer... Pas convaincue.. peut-être un peu moins mais sans plus. Déçue vu le prix du produit.
FR,B0DZN5WYJ7,Ne fonctionne pas,Reviewed in France on 29 September 2022,2,"J'avais grand espoir en achetant ce produit, mais un vrai flop ne fonctionne pas du tout !Direction poubelle et j'ai du racheter une autre marque qui elle éradique même les moustiques tigres (produit vendu sur téléachat tf1)"
FR,B0DZN5WYJ7,Ne fonctionne pas du tout,Reviewed in France on 22 August 2023,2,Malgré le traitement sur tout les endroits où il y a des punaises de lit rien y fait donc profondément déçu
FR,B0DZN5WYJ7,INEFFICACE,Reviewed in France on 15 July 2024,2,INUTILE
FR,B0DZN5WYJ7,Colis une deuxième fois endommagé,Reviewed in France on 17 May 2023,2,Produit bon mais il faut vraiment revoir le colis car pour la deuxième fois il est arrivé endommagé avec un flacon à moitié vide
FR,B0DZN5WYJ7,Barrage insectes,Reviewed in France on 17 October 2023,2,Je l'ai testé sur des punaises pas efficace du tout car les punaises reviennent dommage 😕
FR,B0DZN5WYJ7,Bien,Reviewed in France on 14 July 2023,2,"Pratique,et plus ou moins efficace,mais cette année les insectes sont en progression, car  le froid n’a pas fait son travail"
FR,B0DZN5WYJ7,Pas zfficacey,Reviewed in France on 27 May 2024,2,Pas efficace
FR,B0DZN5WYJ7,Attaque directement les voie respiratoire,Reviewed in France on 29 July 2023,2,Très agressif pour les voie  respiratoires.masque vivement conseiller.il al air relativement efficace. Avoir  sur la durée
FR,B0DZN5WYJ7,Peu efficace,Reviewed in France on 6 July 2023,2,"J'ai pulvérisé tout autour des fenêtres et portes,  et j'ai toujours autant de mouches...Un peu déçue 😞"
FR,B0DZN5WYJ7,Anti insectes,Reviewed in France on 2 November 2023,2,Produits qui ne fonctionne pas sur les punaises verte et marron
FR,B0DZN5WYJ7,Anti moustique,Reviewed in France on 28 December 2022,2,J’avais des araignées chez moi j’ai informé le gardien qui ne m’a pas donné de solution. J’ai donc acheter ce produit et il ne fonctionne pas
FR,B0DZN5WYJ7,Pas efficace,Reviewed in France on 19 March 2021,2,"Je l'ai acheté pour limiter les araignées et fourmis rentre par la porte d'un cellier. Mais 3 jours après l'application, il y a moins, mais toujours beaucoup qui rentre par là. J'ai bien vérifié qu'il n'y a pas d'autres endroits ou les insectes pouvent passer."
FR,B0DZN5WYJ7,Efficacité,Reviewed in France on 4 September 2023,2,"Pas très efficace, les araignées ne sont même pas perturbées"
FR,B0DZN5WYJ7,Bof,Reviewed in France on 20 July 2023,2,Sa n'a pas marché dans nôtre cas
FR,B0DZN5WYJ7,Déçue.,Reviewed in France on 8 September 2022,2,J'ai l'impression que ces nouveaux produits sont moins forts que les précédents.  Les résultats sont moins concluants.
FR,B0DZN5WYJ7,efficacité  moyenne,Reviewed in France on 14 December 2022,2,"pas efficace contre les tiques, bon rapport qualité prix"
FR,B0DZN5WYJ7,Fuite,Reviewed in France on 20 November 2022,2,Un des flacons a une fuite coule partout …
FR,B0DZN5WYJ7,produit efficace,Reviewed in France on 25 July 2021,2,pour le produit restant dans mon colis  sa va  pistolet éclate  dans le carton  emballage a revoir pour ce type de produit
FR,B0DZN5WYJ7,Efficace,Reviewed in France on 7 April 2021,2,J'en ai mis sur les murs et de mon balcon sur mes rideaux tout insecte qui se pose meurt quelques instants après
FR,B0DZN5WYJ7,Fonctionne que pour les volants,Reviewed in France on 27 April 2021,2,Franchement je pense que c est sue pour les volants j ai toujours des betes chez moiDégoûter interface
FR,B0DZN5WYJ7,decu les araignées reviennent,Reviewed in France on 4 May 2022,2,déçu les araignées reviennent après 6 jours
FR,B0DZN5WYJ7,pas vraiment efficace,Reviewed in France on 18 September 2021,2,sent très fort et n'est pas forcément utile sur les insectes à revoir..
FR,B0DZN5WYJ7,Article mal protégé par l’emballage; le spray est arrivé cassé et inutilisable. Flacons déformés.,Reviewed in France on 27 June 2022,2,
FR,B0DZN5WYJ7,barriere a insectes,Reviewed in France on 11 October 2019,2,bravo au livreur qui a bien respecté l horaire demandé - par contre sur 3 bouteilles commandées 2 ont coulé dans l emballage plastique qui les entourait - dommage - impossible de retourner un produit toxique
FR,B0DZN5WYJ7,bouteilles vides,Reviewed in France on 1 September 2020,2,produit tres efficace mais sur un lot de 6 bouteilles une  etait vide et une autre etait a peine a moitier!!!dommage
FR,B0DZN5WYJ7,Pas très répulsif comme produit,Reviewed in France on 1 August 2020,2,Bof bof pas très répulsif comme produit et ne dure pas autant de jours que prévu.Je l’utilise surtout autour des portes Vitrés du balcon
FR,B0DZN5WYJ7,Pas super efficace,Reviewed in France on 19 August 2021,2,Ce produit est très épais et pas super efficace....
FR,B0DZN5WYJ7,Bof,Reviewed in France on 14 July 2021,2,"Pas de grand changement,  ne sert à rien !"
FR,B0DZN5WYJ7,Pas terrible,Reviewed in France on 24 October 2021,2,Les insectes ce moque de mon achat
FR,B0DZN5WYJ7,Fonctionne pas énormément,Reviewed in France on 10 September 2021,2,"Fonctionne pas bien, obliger d'acheter un autre produit"
FR,B0DZN5WYJ7,trés peu efficace,Reviewed in France on 31 July 2021,2,j'ai toujours des mouches qui passent
FR,B0DZN5WYJ7,Bof,Reviewed in France on 30 March 2020,2,"Inutile ne fonctionne pas du tout , cest comme du raid , ça tue mais ça repousse pas du tout ."
FR,B0DZN5WYJ7,Moins efficace que le barage aux insectes sur tf1,Reviewed in France on 30 June 2021,2,Pas trop efficace
FR,B0DZN5WYJ7,efficacité,Reviewed in France on 26 April 2021,2,destruc tion des fourmillières
FR,B0DZN5WYJ7,apres utilisataion pas convaincu,Reviewed in France on 1 December 2019,2,pas convaincu par ce produit
FR,B0DZN5WYJ7,marche pas trop,Reviewed in France on 23 June 2018,2,"Un peu déçue du résultat, peut être il y a moins insectes qui rentrent mais quand même...dommage car j y croyais"
FR,B0DZN5WYJ7,Bof,Reviewed in France on 27 September 2025,2,"Pas efficace sur tous les insectes, malheureusement."
FR,B0DZN5WYJ7,Moyennement efficace.,Reviewed in France on 20 September 2020,2,"Mis abondamment en pourtour de moustiquaires , là où il y a encore des petits interstices. N'a pas l'ai d'être efficace pour les punaises des bois et les araignées."
FR,B0DZN5WYJ7,"Mitigé... ça fonctionne un peu, mais pas totalement convaincu",Reviewed in France on 19 August 2025,3,"J'ai acheté ce produit début août 2025 pour protéger mon balcon et ma terrasse des insectes (mouches, moustiques, rampants...), surtout en période estivale où on aime laisser les fenêtres ouvertes.J’ai pulvérisé généreusement sur les zones d’entrée : sol du balcon, rebords, encadrement de porte-fenêtre... Et je dois dire qu’il y a un peu moins de mouches qui rentrent, c’est vrai. Mais ça ne les arrête pas toutes non plus. Il en reste encore quelques-unes qui passent, malgré plusieurs pulvérisations.Je ne peux pas dire que le produit est inefficace, mais ce n’est clairement pas une barrière à 100%. Peut-être que je ne l’utilise pas de façon optimale (ou aux bons endroits ?), ou que les mouches de mon quartier sont particulièrement coriaces 😂✅ Les points positifs :Format prêt à l’emploi très pratiqueOdeur plutôt neutre, pas trop agressiveBon rapport quantité/prix (1L, ça dure un moment)Facile à pulvériser (bon jet, pas bouché)❌ Les bémols :Efficacité partielle : réduit, mais ne bloque pas totalement les insectesPeut nécessiter plusieurs applications, et rien n’indique la fréquence idéale (ça manque d’instructions claires)Ne semble pas très actif contre les moustiques (aucune différence notable sur ce point)🟠 En résumé :Je reste neutre sur ce produit. Il aide, mais ne suffit pas à lui seul. C’est peut-être un bon complément à d’autres solutions (moustiquaires, diffuseurs), mais pas une solution miracle. À tester, peut-être que ça fonctionne mieux dans d'autres contextes !"
FR,B0DZN5WYJ7,Bof,Reviewed in France on 24 June 2026,3,"Acheter cet article pour éliminer  des cafards dans ma cuisine ..Ils se font la fiesta tous les soirs ,ils passent dessus sans souci  pour leurs personnes ..Je pense que ça les fait sortir , mais pas les tuer  !! Dommage encore un achat inutile..."
FR,B0DZN5WYJ7,À moitié convaincue,Reviewed in France on 6 July 2026,3,"Je pense que ça calme certains insectes .. Araignées ,fourmis etc.. Mais les mouches et les moustiques n'en ont pas peur! Elles rentrent toujoyrs joyeusement dans ma maison.. Donc mitigée"
FR,B0DZN5WYJ7,pas moins pas plus d'insectes....,Reviewed in France on 28 June 2026,3,Pour ma part je ne trouve pas que cela arrête les insectes car s'il y a une différence elle est infime…
FR,B0DZN5WYJ7,Composition différente d'année en annee,Reviewed in France on 4 July 2026,3,Composition à évoluée... moins efficace
FR,B0DZN5WYJ7,Ne marche pas spécialement,Reviewed in France on 22 June 2026,3,Utiliser mais encore beaucoup d‘insectes rentrent
FR,B0DZN5WYJ7,Bof,Reviewed in France on 13 June 2026,3,"Je reste mitigé sur l’efficacité du produit , efficacité courte dans le temps pour beaucoup d’inhalation toxique"
FR,B0DZN5WYJ7,Bien,Reviewed in France on 20 June 2026,3,Bien
FR,B0DZN5WYJ7,Boff,Reviewed in France on 12 June 2026,3,Je m attendais a mieux
FR,B0DZN5WYJ7,Fonctionne mais l’efficacité reste moyenne selon les insectes,Reviewed in France on 30 November 2025,3,"Ce spray Barrière à Insectes est simple à utiliser : il est prêt à l’emploi, ne laisse pas de traces et l’odeur reste supportable. Il fonctionne assez bien sur certains insectes rampants comme les fourmis ou les petits cafards, mais son efficacité est moins convaincante sur les insectes volants ou lorsqu’il y a plusieurs zones à traiter.Le produit agit, mais souvent il faut pulvériser plusieurs fois pour obtenir un résultat durable, et dans certains cas, les insectes reviennent rapidement. Pour les acariens, l’effet est difficile à vérifier.C’est un bon dépanneur ponctuel, mais pas une solution très puissante si le problème est plus important.✔ Points positifsFacile à utiliser, prêt à l’emploiPas de traces sur les surfacesEfficace sur certains insectes rampantsOdeur acceptableBon format pour un usage ponctuel❗ Points à améliorerEfficacité limitée sur les insectes volantsPas toujours durable, nécessite plusieurs applicationsMoins adapté si l’infestation est importante"
FR,B0DZN5WYJ7,BARRIÈRE  insectes,Reviewed in France on 12 June 2026,3,Excellent produit je le recommande vivement
FR,B0DZN5WYJ7,Peu mieux faire !,Reviewed in France on 12 June 2026,3,N'arrête pas les insectes !
FR,B0DZN5WYJ7,"Intérieur OUI , Extérieur NON",Reviewed in France on 22 April 2026,3,"Produit efficace à l'intérieur, en extérieur aussi si il ne pleut pas ! Car sinon, il faut tout refaire jusqu'à la prochaine pluie."
FR,B0DZN5WYJ7,À voir,Reviewed in France on 20 November 2025,3,Heu….une ou deux utilisations pas trop efficace mais bon…
FR,B0DZN5WYJ7,barrière insecte,Reviewed in France on 27 November 2025,3,efficace sans plus et pas longtemps
FR,B0DZN5WYJ7,Efficacité moyen,Reviewed in France on 11 March 2025,3,"Ça ne dure pas 3 semaines d efficacite , selon ce qu il disse . J ai mis le produit aussitôt reçu,  les bêtes ( les rempantes ) sont mortes 2 mn après , mais le lendemain , elles sont de retour,  j ai remis le produit tout autour de chez moi , et le lendemain pareil , j ai presque fini la bouteille de 750 ml ."
FR,B0DZN5WYJ7,BON PRODUIT MAIS PROBLEME !,Reviewed in France on 16 May 2025,3,"Produit très efficace que j'achète depuis des années, prix compétitif. Petit problème cette fois une des deux bouteilles acheté (cf la photo) il manque le bout rouge permettant le pschitt du produit: peut être utilisé mais dégouline de partout. On peut soit le renvoyer soit le garder et pas de possibilité juste de faire  une réclamation. Dommage."
FR,B0DZN5WYJ7,décevant  pas efficace,Reviewed in France on 7 August 2025,3,livraison rapide  & bien emballéepour l'efficacité  on verra a l'usagepeu efficace  argent gaspillé
FR,B0DZN5WYJ7,Anti insectes,Reviewed in France on 21 June 2025,3,Je suis pas sur de son efficacité pour les insectes.. malgré les commentaires ce produit n'est pas terribles dommage je me suis fait avoir pour le coup
FR,B0DZN5WYJ7,Carton endommage,Reviewed in France on 12 August 2025,3,Produit bien reçu mais carton endommage
FR,B0DZN5WYJ7,Bien,Reviewed in France on 8 August 2025,3,Bien
FR,B0DZN5WYJ7,Barrage insectes,Reviewed in France on 22 June 2025,3,Article reçu très rapidement mais peu efficace. Ce n'est pas la faute du vendeur.
FR,B0DZN5WYJ7,Pas très efficace,Reviewed in France on 10 June 2025,3,Que dire : le prix justifie les 3 étoiles mais sans plus.
FR,B0DZN5WYJ7,Pas très efficace,Reviewed in France on 11 June 2025,3,Je trouve léger pas trop efficace les insectes rentrent quand même
FR,B0DZN5WYJ7,Déçu,Reviewed in France on 24 June 2025,3,Pas trop efficace
FR,B0DZN5WYJ7,Bien pour les insectes terrestres,Reviewed in France on 23 March 2025,3,"Bon produit, aucun effet sur les moustiques. Parfait sur les fourmis. Concernant les mouches, pas convaincu."
FR,B0DZN5WYJ7,Pas aussi efficace,Reviewed in France on 16 May 2025,3,Pas aussi efficace
FR,B0DZN5WYJ7,Mitigé,Reviewed in France on 20 April 2025,3,Pas sur de son efficacité
FR,B0DZN5WYJ7,A repulveriser plus que prévus,Reviewed in France on 24 February 2025,3,"A remettre plus souvent que prévus,  par contre bonne insecticide direct"
FR,B0DZN5WYJ7,"Bien mais provoque le rhume, attention",Reviewed in France on 27 August 2024,3,"Tue les punaises de lit mais attention ce sera spray fait beaucoup trop eternué! C'est horrible, tu attrapes un rhume en deux secondes avec ça.Conseils, portez un masque tout au long de son utilisation surtout si elle est intensive."
FR,B0DZN5WYJ7,Un peut surfait,Reviewed in France on 16 September 2024,3,Le produis fonctionne très bien ! mais pas 3 mois ... n'exagérons pas non plus ! il faut en remettre genre tout les 15 jours MAX ! (nous voila bien loin des 3 mois promis)
FR,B0DZN5WYJ7,Déçue,Reviewed in France on 3 September 2024,3,"Très déçue, je l'avais déjà acheté les années précédentes c'était un produit au top. Aujourd'hui il ne fonctionne pas, les insectes reste en vie même le produit mit sur eux. Étonnant."
FR,B0DZN5WYJ7,Avis mitigé fait moyennement le job,Reviewed in France on 20 November 2024,3,Dans le cadre d’une promo c’est acceptable sinon c’est cher pour le résultat
FR,B0DZN5WYJ7,bof,Reviewed in France on 25 January 2025,3,bof
FR,B0DZN5WYJ7,Peu efficace,Reviewed in France on 13 November 2024,3,"Peu efficace , je n’ai pas vu de différence avant après."
FR,B0DZN5WYJ7,ne sent pas trop fort et ne pique pas la gorge,Reviewed in France on 26 August 2022,3,"J'achète ce produit depuis 4 ans mais depuis déjà l'année dernière j'ai remarqué un changement le produit est comme dilué, il faut en mettre beaucoup plus souvent, et moins efficace car il y a 4 ans sur 2 bombes j'avais fait le bacon et autres ... pas un seul moustiques, ni autres insectes qui piquent ne rentraient Mais là l m'a fallut en mettre SOUVENT?? et les bestioles comme les moucherons piqueur viennent malgré le produit Donc y a un problème!!"
FR,B0DZN5WYJ7,Barrière à insectes et NON Barrage aux insectes!,Reviewed in France on 12 June 2023,3,"Pour ceux qui connaissent et apprécient la version ""Barrage aux insectes"" à spectre large d'une célèbre émission de télé achat, PASSEZ VOTRE CHEMIN! Rien à voir... 3 étoiles parce que fonctionne sur les mouches et papillons de nuit mais n'agit pas sur les autres invités indésirables! Mieux que rien mais loin d'être parfait sur les 4 pattes et + ! Bonne journée"
FR,B0DZN5WYJ7,flacon pas solide.,Reviewed in France on 18 September 2021,3,"J'ai fait tomber un flacon dans mon garage (d'une hauteur de 50cm environ, le bouchon a explosé et la moitié de la bouteille s'est vidée au sol.Quand au 2eme, celui qui est équipé du pulvérisateur, il fuit...A chaque application, j'ai des picotements dans la gorge, je pense qu'il faut bien aérer et publvériser uniquement sur les surfaces comme les rideaux (pas sur les rideau avec la fenetre derrière, sinon on en met plein les vitres...)Sinon, c'est un produit rudement efficace... Presque chaque soir je dois passer l'aspirateur devant mes baies vitrées tellement il y a de cadavres de mouches"
FR,B0DZN5WYJ7,produit moyen,Reviewed in France on 16 November 2024,3,elles passent quand même
FR,B0DZN5WYJ7,Barrière à insectes,Reviewed in France on 29 June 2024,3,Ce produit ne donne l'efficacité que j'espérais . Une porte fenêtre ouverte et certaines mouches rentre dans la maison.Je recommande pas spécialement ce produit.
FR,B0DZN5WYJ7,Ne tue pas les moucherons,Reviewed in France on 12 November 2023,3,"Le produit est inefficace sur les moucherons.Les moucherons se posent même sur le produit.Il n'empêche pas les mouches de rentrer à linterieur de votre domicile, le produit les tue juste à petit feu. Du coup vous retrouvez des Mouches mortes au sol."
FR,B0DZN5WYJ7,Barrière a insectes,Reviewed in France on 21 September 2024,3,"Barrière a insectes, pas efficace contre moustiques et mouches."
FR,B0DZN5WYJ7,J'ai l'impression que ça fonctionne,Reviewed in France on 23 June 2023,3,"A bout de multiples pulvérisations, j'ai l'impression de moins de mouches ou moustiques rentrent dans mon appartement quand je laisse les fenêtres ouvertes, mais je ne peux pas affirmer si c'est le produit ou si il y a moins d'insectes, ce serait un mensonge.Peut être aussi en faut il d'avantage, mais c'est trop cher."
FR,B0DZN5WYJ7,Ne dure pas 3 mois,Reviewed in France on 22 August 2024,3,"Je l'ai acheté, testé et il ne dure pas 3 mois les bêtes reviennent"
FR,B0DZN5WYJ7,Je ne vois aucune différence,Reviewed in France on 5 October 2024,3,Je ne vois aucune différence
FR,B0DZN5WYJ7,Très moyen,Reviewed in France on 5 September 2023,3,"Les fourmis s'en moquent complètement. J'en ai aspergé en direct sur un trajet d'invasion, elles continuent à avancer par dizaines comme si elles venaient de prendre une douche rafraîchissante.Normalement, par la suite, la plinthe et le mur arrosés auraient dû arrêter les envahisseuses. Non. Elles ont continué."
FR,B0DZN5WYJ7,Pas super efficace selon mes utilisations en extérieur,Reviewed in France on 24 August 2024,3,Déçu sur l’efficacité du produit en extérieur surtout sur les moustiques
FR,B0DZN5WYJ7,Mouai,Reviewed in France on 8 November 2023,3,"Mis autour de mes ouverture ça 'à pas empêché les punaise et les mouches de rentrer chez moi... Et il faut vraiment pulvérisé plusieurs fois sur les mouches pour qu'elles crèvent, autant se servir de la tapette moins cher et moins toxic"
FR,B0DZN5WYJ7,"On en met partout en fait, mais ça fonctionne !",Reviewed in France on 12 May 2023,3,"Malgré le fait qu'il faut nettoyer derrière soi après utilisation, c'est un produit efficace. Par contre, renouvelez souvent les pulvérisations, pour une meilleure efficacité (tous les 15 jours en moyennes je dirai : s'il y a trop d'eau, ça s'estompe vite). Ça reste mon produit phare, et le recommande 🙂"
FR,B0DZN5WYJ7,Fonctionne pas sur tout,Reviewed in France on 18 October 2023,3,"Fonctionne très bien sur les cloportes par temps sec ou peu humide, mais pas du tout sur les moustiques, les cafards ni les punaises. Formule à revoir mais limite déjà la venue d’un nuisible c’est un bon début"
FR,B0DZN5WYJ7,Ne semble pas très efficace,Reviewed in France on 10 July 2024,3,L'information sur l'étiquette ne dit pas clairement que ce produit détruit les insectes !!!
FR,B0DZN5WYJ7,Pas vraiment barrière,Reviewed in France on 8 June 2024,3,"Ça n'a pas trop fonctionné comme barrière à insectes. Cependant, j'ai retrouvé des ""cadavres"" le lendemain de l'application."
FR,B0DZN5WYJ7,Efficace fourmis ?,Reviewed in France on 17 July 2024,3,Après une application sur une surface béton j’observe toujours les fourmis
FR,B0DZN5WYJ7,Mouais,Reviewed in France on 11 July 2024,3,"Pas vraiment efficace, les insectes sont plutôt mort de rire ."
FR,B0DZN5WYJ7,Pas assez fort en barrage,Reviewed in France on 8 August 2024,3,Moucherons araignées abeilles…
FR,B0DZN5WYJ7,Efficace seulement qq heures,Reviewed in France on 15 May 2024,3,Les fourmis meurent ou s'en vont une fois le produit pulvériser mais finissent par revenir...
FR,B0DZN5WYJ7,les mouches rentrent quand mm,Reviewed in France on 23 July 2024,3,les mouches n ont pas peur
FR,B0DZN5WYJ7,Moyen,Reviewed in France on 31 January 2022,3,"Déçue. Le produit arrive dès dès bouteille en plastique TROP fin. Je l'ai reçu une 1ere fois et j'ai demandé un remplacement  sans ouvrir le paquet car le produit avait fuit et le paquet était mouillé. Le vendeur a été réactif et m'a retourné rapidement un nouveau paquet. En revanche, le contenant est trop fin. La bouteille est grosse et le plastique trop fin ça rend l'utilisation laborieuse. Pas pratique"
FR,B0DZN5WYJ7,Impeut déçu,Reviewed in France on 26 September 2023,3,A renouvelé tout les 15 jour et non tout les 1 mois et demi et ne tue pas tout encore quelques mouche et araignées qui rentre !! Déçu
FR,B0DZN5WYJ7,Embout du pulvérisateur cassé mais produit très efficace,Reviewed in France on 25 May 2021,3,Produit que je connais et qui est très efficace pour tuer mais pas pour empêcher de rentrer. Reste actif plusieurs mois. Mais heureusement qu'il me restait mon ancien pulvérisateur et que j'ai pu transvider le produit car le plastique de l'embout est deux ou trois fois moins épais que sur mon pulvérisateur précédent donc c'est bien pour la planète d'utiliser moins de plastique mais encore faudrait-il qu'il soit assez solide pour qu'on puisse s'en servir. Ma note tient compte du pulvérisateur qui est défectueux!
FR,B0DZN5WYJ7,Moins efficace que je ne m'y attendais.,Reviewed in France on 12 August 2022,3,"J'en ai mis sur tous les encadrements, les portes, les volets ... Il y a des moustiquaires sur la plupart des ouvertures et un rideau devant les portes. J'ai même pulvérisé du produit sur les rideaux des portes et bien qu'il n'y ai que peu de moustiques cette année, certains ont piqués mes invités."
FR,B0DZN5WYJ7,OK,Reviewed in France on 29 September 2023,3,"Semble fonctionner, mais nous avons un peu passé la saison. Donc, je ne me prononce pas. Sachez en tous cas que l'odeur est assez hard..."
FR,B0DZN5WYJ7,"Barrière ,",Reviewed in France on 12 September 2023,3,"Jusqu'à présent, se comporte plus comme un insecticide classique, c'est à dire à renouveler que comme une barrière efficace plusieurs mois (d'hiver ?)"
FR,B0DZN5WYJ7,Pas sur que ça tienne 3 mois,Reviewed in France on 21 June 2023,3,"La barrière à insecte me semble indispensable lorsqu'on aime pas ces petites bêtes, mais l'application est plutôt compliqué, après plusieurs pulvérisation on a rapidement mal aux doigts"
FR,B0DZN5WYJ7,Pas très convaincant,Reviewed in France on 27 August 2022,3,"J'en ai pulvérisé partout dans mon appartement au RDC, les insectes rentrent quand même, ça sent bon le produit bien chimique ( ça vous prend au nez et fait éternuer).Assez déçu par rapport au montagne qu'on a fait de ce produit ... Je ne recommande pas."
FR,B0DZN5WYJ7,Bon produit mais qui ne fonctionne pas sur tous les insectes,Reviewed in France on 3 December 2023,3,Fontionne contre les araignées et mouches.Moins efficace contre les moucherons
FR,B0DZN5WYJ7,très bien,Reviewed in France on 1 October 2023,3,"Bonjour,Payez-vous 8.39 € avec ma carte, je garde cet article. Je n'ai jamais demandé de remboursement.Cordialement"
FR,B0DZN5WYJ7,Fonctionne bien mais pas longtemps,Reviewed in France on 12 October 2022,3,J'ai voulu tester ce produit car j'avais des fourmis qui rentrais dans la maison. Ça fonctionne bien mais ça nécessite d'en remettre souvent.L'odeur est pas très agréable également. Vaut mieux bien aérer en suivant mais c'est indiqué sur le mode d'emploi.
FR,B0DZN5WYJ7,Efficacité moyenne,Reviewed in France on 15 August 2023,3,Déçue par ce produit acheté contre les fourmis. Même en vaporisant chaque jour les résultats sont très décevants.
FR,B0DZN5WYJ7,Ne fonctionne pas toujours,Reviewed in France on 3 September 2023,3,Le produit fonctionne plutot bien sur les mouches mais laissent entrer les frelons le soir
FR,B0DZN5WYJ7,Inefficacité après pulvérisation,Reviewed in France on 24 September 2023,3,Ne fonctionne pas comme jadis.Baisse en efficacité direct et a long terme.
FR,B0DZN5WYJ7,Bof,Reviewed in France on 13 August 2022,3,Peu efficace en long terme j'applique tout les 2 ou 3 jours car je trouve que l'effet s'estompe vite...Je n'est plus de mouches ou moucherons mais les araignées passe la barrière.Le produit est volatile attention a votre visage
FR,B0DZN5WYJ7,Barrière à insecte,Reviewed in France on 2 December 2023,3,Pas tant efficace que ça
FR,B0DZN5WYJ7,Efficacité moyenne,Reviewed in France on 27 June 2023,3,J'ai utilisé ce produit mais je n'ai pas vraiment l'impression qu'il repousse les insectes.
FR,B0DZN5WYJ7,Bien,Reviewed in France on 8 November 2023,3,Mais cher pour la quantité
FR,B0DZN5WYJ7,Efficace,Reviewed in France on 21 July 2023,3,"Fait le ""job"" mais trouvé bien moins cher ailleurs depuis l'achat"
FR,B0DZN5WYJ7,moins efficace,Reviewed in France on 29 August 2022,3,"adepte de ce produit pour son type d'application (par contact), je trouve ce produit beaucoup moins efficace que mon précédent, il faut en mettre plus et plus souvent"
FR,B0DZN5WYJ7,bof,Reviewed in France on 23 September 2023,3,ça arrête pas les punaises
FR,B0DZN5WYJ7,L'efficacité est moyenne,Reviewed in France on 10 September 2022,3,"Utilisé sur les rebords de fenêtre, je n'ai pas trouvé que son efficacité été au rendez-vous. Cela ne vaut pas le produit acheté en télé achat."
FR,B0DZN5WYJ7,Aucune utilité,Reviewed in France on 3 October 2023,3,Ne fonctionne pas
FR,B0DZN5WYJ7,Barrière,Reviewed in France on 24 July 2023,3,"Utilisé pendant les vacances, c’est moyennement satisfaisant!"
FR,B0DZN5WYJ7,Voir à l'usure,Reviewed in France on 22 May 2026,3,"c'est bien pour mettre sur des supports, style fenêtres extérieures ou des murs, mais dans un petit appartement il est difficile de pulvériser dans l'appartement sans que le produit tombe sur le parquet !! pas cool."
FR,B0DZN5WYJ7,Je sais pas trop,Reviewed in France on 21 June 2018,3,Pour l instant jl ai utilisé sur les rebords de mes fenêtre.. ça eloigne pas les mouches elles rentre normal apres les insectes je sais pas si ça fait quelque chose j ai rien vu en fait.Mais j ai mis 3 pour le doute ^^ et car ça me rassure apres niveau efficacité je suis pas envahi je peux pas me prononcer vraiment a part les insecte volant qui viennent normal.
FR,B0DZN5WYJ7,Barrière à insectes,Reviewed in France on 2 September 2022,3,"Personnellement, n'a eu aucun effet, je cohabite toujours avec les moustiques et les mouches même après avoir traité les surfaces 3fois . Dommage."
FR,B0DZN5WYJ7,Bon produit,Reviewed in France on 2 August 2023,3,Fonctionne bien
FR,B0DZN5WYJ7,???,Reviewed in France on 28 June 2022,3,Ça fait 2 fois que je pulvérise tous mes encadrements de la maison mais je continue à me faire envahir par les mouches 😣
FR,B0DZN5WYJ7,"OK sur les rampants, bof sur les volants",Reviewed in France on 21 September 2022,3,tout est dans le titre.Je n'ai plus d'araignées pendant plusieurs semaines.j'ai toujours des moustiques et des guêpes.
FR,B0DZN5WYJ7,BARRIERE A INSECTES,Reviewed in France on 20 October 2022,3,Pas donné et moins efficace qu'avant. Peut-être par respect de l'environnement... :/
FR,B0DZN5WYJ7,Un peu mitigé,Reviewed in France on 11 November 2021,3,"Un peu mitigé sur la longévité du produit. A priori indique 3 mois entre les pulvérisations, j’ai plutôt l’impression que c’est toutes les semaines."
FR,B0DZN5WYJ7,Résuktat moyen,Reviewed in France on 5 October 2022,3,"Résultat moyen en extérieur, pulvérisation hebdomadaire pour un effet significatif."
FR,B0DZN5WYJ7,barrière a insectes,Reviewed in France on 14 May 2019,3,"Pour le moment pas très efficace surtout concernant les insectes volants, et je ne retrouve aucun ""cadavres"" d'insectes aux endroits ou j'ai vaporisé le produit et il m'arrive aussi de voir des fourmis, à voir sur du long terme et lorsque il fera plus chaud."
FR,B0DZN5WYJ7,L’impression d’asperger de l’eau,Reviewed in France on 20 May 2022,3,J’en ai eu des barrages efficaces mais celui ci pas du tout
FR,B0DZN5WYJ7,Ne fait pas barrage aux insectes,Reviewed in France on 23 March 2021,3,"Pour moi il ne remplit pas son office, il laisse entrer des moucherons et me fait tousser je suis déçue par ce produit"
FR,B0DZN5WYJ7,Bof,Reviewed in France on 26 June 2022,3,N’empêche pas vraiment les mouches et moustiques de passer
FR,B0DZN5WYJ7,ù,Reviewed in France on 7 November 2022,3,heu non
FR,B0DZN5WYJ7,Pas efficace à 100%,Reviewed in France on 24 September 2021,3,"Malheureusement, ce produit, comme les autres n'est pas efficace à 100% et de nombreux moustiques subsistent"
FR,B0DZN5WYJ7,Pas 100% convaincu,Reviewed in France on 6 July 2021,3,Je n’ai pas trouvé ce produit efficace contre les mouches... pour les araignees / guepes par contre oui
FR,B0DZN5WYJ7,Quinte de toux assurée,Reviewed in France on 16 June 2021,3,Sans odeur mais après l'application du produit on n'a pas arrêté de tousser et ça pique les yeux.
FR,B0DZN5WYJ7,Conforme,Reviewed in France on 30 July 2022,3,Apparemment ce produit fonctionne on recommande
FR,B0DZN5WYJ7,Produit barriére à insecte,Reviewed in France on 30 April 2021,3,"Moins cher en magasin efficace à l intérieur mais extérieure un peu moins, les insectes rentrent quand même."
FR,B0DZN5WYJ7,Peu efficace,Reviewed in France on 3 July 2022,3,Peu  efficace
FR,B0DZN5WYJ7,Pas efficace,Reviewed in France on 28 June 2022,3,Produit pas trop efficace
FR,B0DZN5WYJ7,Pas terrible,Reviewed in France on 15 May 2022,3,Ça tu rien du tout
FR,B0DZN5WYJ7,MOINS CHER QUE LA MARQUE TRES CONNUE MAIS MOINS EFFICACE,Reviewed in France on 31 October 2021,3,Moins efficace que d'autres mais fonctionne quand même
FR,B0DZN5WYJ7,Pas terrible,Reviewed in France on 9 September 2021,3,Pas terrible
FR,B0DZN5WYJ7,Utilisation contre les cafards,Reviewed in France on 21 August 2021,3,Produit efficace mais à vaporiser toutes les 2 semaines pour une efficacité optimale.
FR,B0DZN5WYJ7,Envoi rapide,Reviewed in France on 12 August 2021,3,Moyennement efficaceOdeur désagréable
FR,B0DZN5WYJ7,"🐜 Test du BARRIÈRE À INSECTES Vaporisateur – Insectes Rampants, Volants & Acariens – 1 L",Reviewed in France on 24 April 2025,4,"🧴 Présentation & Caractéristiques – 8/10Le BARRIÈRE À INSECTES BARSEC1000N est un vaporisateur prêt à l'emploi conçu pour protéger votre maison et ses extérieurs contre une large gamme d'insectes :​Insectes volants : mouches, moustiques, guêpes, taons, punaises, mitesInsectes rampants : araignées, fourmis, poux, puces, cafards, blattesAcariens : responsables d’allergies​Sa formule micro-encapsulée offre une action choc curative et une protection préventive longue durée jusqu’à 3 mois. Le produit est utilisable sur la plupart des surfaces intérieures et extérieures (bois, stratifié, PVC, textiles, tissus d’ameublement), à l'exception du plexiglas🧪 Efficacité & Utilisation – 8/10Lors de mes tests, une application autour des fenêtres et des portes a permis de constater une réduction significative des insectes en quelques heures. Un utilisateur rapporte : ""J'ai mis un coup de spray ensuite j'ai fermé mes fenêtres pendant environ une heure. C'est magique, le lendemain matin pas de moustique, pas de guêpes et pas de mouche""Cependant, certains utilisateurs notent une efficacité variable selon les types d'insectes et les conditions d'utilisation. Un avis mentionne : ""Aucun effet sur les moustiques"" .​Barrière à Nuisibles⚠️ Précautions d'Usage – 6/10Toxicité : Le produit est très toxique pour les organismes aquatiques et peut entraîner des effets néfastes à long terme. Il est donc essentiel de l'utiliser avec précaution, en évitant les surfaces en contact avec les aliments et en respectant les consignes de sécurité.Odeur résiduelle : Une odeur peut persister sur les surfaces traitées, bien que cela soit généralement temporaire.​💰 Rapport Qualité/Prix – 8/10Proposé à un prix compétitif, ce vaporisateur offre une solution efficace pour lutter contre une large gamme d'insectes. Sa facilité d'utilisation et sa longue durée d'action en font un choix judicieux pour les foyers confrontés à des infestations récurrentes.​✅ ConclusionLe BARRIÈRE À INSECTES BARSEC1000N est un produit polyvalent et efficace pour protéger votre domicile contre divers insectes. Bien que son efficacité puisse varier selon les situations, il reste une option fiable pour une protection longue durée.​🏁 Note Finale : ★★★★☆ (4/5)"
FR,B0DZN5WYJ7,Produit satisfaisant,Reviewed in France on 22 November 2023,4,"L’article est arrivé chez moi en bon état et rapidement (3 jours). Le spray a une grande contenance (1L), ce qui est pratique en cas d’utilisation fréquente ou sur des zones importantes.J’ai acheté ce produit pour éliminer les insectes dans ma maison, notamment les scutigères. Je l’ai utilisé en complément de la terre de diatomée, notamment dans les endroits où il était difficile d’appliquer la terre, comme les murs de ma salle de bain. Mon but était d’utiliser ce spray à la fois de manière préventive (sur les surfaces identifiées comme lieux de passage ou de cachette d’insectes en particulier) et « curative » (pour éliminer un insecte directement lorsque j’en voyais un devant moi).Sur les surfaces, le produit est facile à utiliser et très pratique, même si l’effet est sans doute limité dans le temps (une autre application peut donc être nécessaire par la suite). Néanmoins, le produit a une forte odeur et le respirer trop longtemps n’est probablement pas une très bonne idée. Après application, j’ai donc quitté la pièce pour laisser le produit agir pendant au moins 30mn et, lorsque c’était possible, j’ai ensuite aéré la pièce.Ayant constaté la présence de plusieurs larves d’anthrènes dans une de mes pièces, l’utilisation de ce spray dans la pièce et sur les surfaces concernées, suivie d’une période « d’isolement » de cette pièce et des objets les plus touchés, a permis de régler rapidement le problème et d’éviter une infestation.Pour une utilisation directement sur les insectes, j’ai trouvé ce produit un peu moins efficace car il met beaucoup de temps à agir et il faut utiliser beaucoup de produit pour réussir à mettre l’insecte hors d’état de nuire, mais cela finit quand même par fonctionner en général.En conclusion, ce produit est satisfaisant et a répondu à la plupart de mes attentes."
FR,B0DZN5WYJ7,"Efficace, mais plus ""foudroyant"" que ""protecteur""",Reviewed in France on 15 April 2026,4,"Un produit pratique et efficace contre une large gamme de nuisibles. Le produit remplit bien sa mission d'élimination, même si son mode d'action diffère un peu de ce que le nom laisse entendre.Les Plus :Efficacité radicale : Très performant sur les rampants et les volants (surtout les rampants), il ne laisse aucune chance aux insectes visés.Format économique : La recharge de 1 L est un bon plus pour une protection complète pour la saison d'été.Large spectre : Pratique pour traiter aussi bien les acariens que les insectes plus visibles.Les Moins :Action curative plutôt que préventive : Compte tenu du nom ""Barrière à Insectes"", j'aurais préféré un produit qui agisse comme une véritable barrière répulsive pour empêcher les insectes d'entrer, plutôt qu'un produit qui les tue une fois qu'ils sont là.Odeur : Un peu marquée lors de la pulvérisation, nécessite une bonne aération."
FR,B0DZN5WYJ7,Parfait,Reviewed in France on 5 July 2026,4,Efficace comme toujours
FR,B0DZN5WYJ7,Bien,Reviewed in France on 4 July 2026,4,Bon produit
FR,B0DZN5WYJ7,Parasites,Reviewed in France on 4 July 2026,4,Efficacité
FR,B0DZN5WYJ7,Bon produit efficace,Reviewed in France on 11 June 2026,4,"Je n aime pas les insectes enfin j en ai.peur surtout des araignées, efficace utilisé sur les rebords des portes et fenetres"
FR,B0DZN5WYJ7,Pas mal,Reviewed in France on 20 June 2026,4,Fonctionne pas mal
FR,B0DZN5WYJ7,Efficace,Reviewed in France on 11 June 2026,4,Efficace
FR,B0DZN5WYJ7,Fast delivery and very good quality,Reviewed in France on 6 May 2026,4,It works! Normally fruit flies are stubborn. This product helps to reduce those flies.
FR,B0DZN5WYJ7,Conforme,Reviewed in France on 10 May 2026,4,Conforme
FR,B0DZN5WYJ7,Efficacité,Reviewed in France on 6 May 2026,4,Très efficace
FR,B0DZN5WYJ7,Efficacité,Reviewed in France on 19 March 2026,4,"Fonctionne très bien, j’ai vu une vraie différence rapidement. Facile à appliquer et sans odeur trop forte. Idéal pour garder la maison tranquille."
FR,B0DZN5WYJ7,"Je recommande, bon article",Reviewed in France on 17 March 2026,4,Bon article
FR,B0DZN5WYJ7,Satisfait,Reviewed in France on 17 March 2026,4,Satisfait
FR,B0DZN5WYJ7,Bien,Reviewed in France on 27 February 2026,4,Bien
FR,B0DZN5WYJ7,Produit a insectes,Reviewed in France on 13 January 2026,4,Bien comme la description efficace.
FR,B0DZN5WYJ7,Perplexe,Reviewed in France on 27 December 2025,4,Fait le job mais sur courte durée mêmes en suivant les instructions
FR,B0DZN5WYJ7,Très bon produit anti-insectes,Reviewed in France on 1 November 2025,4,"Efficace contre les insectes rampants et volants : le vaporisateur agit rapidement, la zone traitée reste bien protégée pendant plusieurs semaines. Facile à utiliser et pratique pour la maison. Je recommande."
FR,B0DZN5WYJ7,Bof,Reviewed in France on 21 December 2025,4,Pas trop efficace
FR,B0DZN5WYJ7,"Efficace, au bout d1 min",Reviewed in France on 25 August 2025,4,"Pas 5 etoiles car mon ancien produit etait plus rapide a agir. La, vous aspergez l araignee, elle court se cacher et meurt dans son coin. Avec mon ancien (achete en France dans 1 fourgon qui tourne dans les villages), j aspergeais et l araignee se crispait immediatement. Donc on ne se posait pas de question..."
FR,B0DZN5WYJ7,Produit correct,Reviewed in France on 20 June 2025,4,"C'est un spray anti-insecte à appliquer en intérieur ou extérieur. Il n'est pas odorant, une bonne quantité est fourni et le mécanisme de pulvérisation fonctionne bien. Le produit ne laisse pas de traces sur les murs ou le bois.J'en ai appliqué autour de mes fenêtres et sur les entrée/sortie, il y a moins d'insectes à la maison, même en laissant les fenêtre ouvertes.Je reviendrais sur mon commentaire sur une utilisation long terme."
FR,B0DZN5WYJ7,Attention aux emballages,Reviewed in France on 4 November 2025,4,Articles OK mais attention aux emballages car reçu avec la bouteille qui a fuit sur le reste de ma commande
FR,B0DZN5WYJ7,Efficace,Reviewed in France on 6 December 2025,4,Efficace
FR,B0DZN5WYJ7,Solidité,Reviewed in France on 1 December 2025,4,Très efficace
FR,B0DZN5WYJ7,Insecticide,Reviewed in France on 14 November 2025,4,Produit correspondant au descriptif.
FR,B0DZN5WYJ7,"Efface sur insectes, fourmis, etc sans odeur",Reviewed in France on 31 July 2025,4,"Efface le long des fenêtres, des portes, sur la terrasse, le long de la véranda... on vaporise, on laisse sécher, et plus de fourmis, insectes, araignées pendant quelques semaines. A renouveler si nécessaire.  Sans odeur et sans trace."
FR,B0DZN5WYJ7,parfait,Reviewed in France on 11 October 2025,4,rien à dire sur ce produit que j'apprécie et que j'utilise régulièrement l'été
FR,B0DZN5WYJ7,Parfait,Reviewed in France on 26 April 2025,4,
FR,B0DZN5WYJ7,Attention si Soucis allergique,Reviewed in France on 17 June 2025,4,"Je prends ce produit depuis plusieurs années maintenant, cependant, je ne sais si c'est moi, mais j'ai l'impression que les ingrédients ont été modifiées car à la vaporisation j'ai eu des sensations très bizarres au niveau de la gorge. À la prochaine vaporisation je n'oublierai pas le masque FFP2."
FR,B0DZN5WYJ7,Semble faire le job,Reviewed in France on 21 October 2025,4,À voir dans la durée
FR,B0DZN5WYJ7,Efficace,Reviewed in France on 7 August 2025,4,"Article efficace , marche très bien . Après avoir pulvériser le soir sur mais contour de fenêtre,  le lendemain matin au réveille je voyer des insectes mort par terre."
FR,B0DZN5WYJ7,Marche malgré .....,Reviewed in France on 26 August 2024,4,"Un petit soucis à la réception du produit était abîmer et j'ai perdu la moitié du bidon bref, je voulais donner mon avis sur l'efficacité du produit sa marche très bien ces sur j'ai des cafard de jardin sur ma terrasse et quelques un autour de mon spa je veut m'en débarrasser, j'en retrouve mes mort j'en ai presque plus mes le problème ces qu'il faut renouveler trop souvent pour l'instant j'arrive pas en m'en débarrasser définitivement, du coup la ces pas 1 litre qu'il faut ces 50 litresAraignées etc... y a plus trop l'odeur sa va en extérieur faut faire attention quand même, mes voilà sa marche ces sur."
FR,B0DZN5WYJ7,Fait son job,Reviewed in France on 27 September 2025,4,Fait son job
FR,B0DZN5WYJ7,Utilisé depuis sa création,Reviewed in France on 22 August 2025,4,Pas miraculeux mais efficace pour éviter aux insectes de rentrer
FR,B0DZN5WYJ7,Barrière à insectes,Reviewed in France on 13 June 2025,4,"Produit efficace, surtout contre les fourmis. Je l’ai testé autour des fenêtres et des portes, et ça fonctionne bien. À voir sur le long terme, mais pour l’instant satisfait."
FR,B0DZN5WYJ7,Efficace par temp sec,Reviewed in France on 30 July 2025,4,Efficace je recommande seulement par temp sec en extérieur
FR,B0DZN5WYJ7,"Efficace mais pas sur la durée, du moins en extérieur",Reviewed in France on 26 June 2024,4,"Ma terrasse et son mobilier sont envahis de toiles d'araignées. J'ai acheté ce produit car il vante une efficacité de 3 mois. Peut être : si on le pulvérise tous les jours. Deux semaines après avoir généreusement tout pulvérisé chaises, tables et rambarde sont de nouveau envahis de toiles d'araignées. Edit quelques mois plus tard: ce produit s'est révélé efficace contre une invasion de fourmis. Il les tue instantanément et, quelques jours plus tard, elles ne sont pas revenues. A voir sur la durée."
FR,B0DZN5WYJ7,Efficace,Reviewed in France on 20 September 2024,4,"Je l'utilise depuis quelques années car j'ai souvent des araignées et d'autres bêtes étranges qui se tapent l'incruste dans mon appartement. Et ça marchent plutôt bien car je retrouve leurs cadavres dans tous les coins. J'en remet tous les 4 mois environs sur toutes les voies d'accès possibles. Par contre, essayer de se protéger le visage quand on asperge le produit car il fait beaucoup tousser sinon."
FR,B0DZN5WYJ7,La confiance du vendeur au client merci,Reviewed in France on 3 August 2025,4,Excellent
FR,B0DZN5WYJ7,Comme indiqué dans l'annonce,Reviewed in France on 11 July 2025,4,Fait garage mais n'empêche pas les mouches de rentrer
FR,B0DZN5WYJ7,Bon rapport qualité-prix,Reviewed in France on 20 April 2025,4,"Efficace, toutes les petites bestioles qui rentrent dans la maison ne font pas long feux. Je retrouve araignées, chenilles, mouches...desséchées au coin des fenêtres et portes. Je recommande sans problème"
FR,B0DZN5WYJ7,Efficaces,Reviewed in France on 13 July 2025,4,Fait bien sa fonction
FR,B0DZN5WYJ7,Utile,Reviewed in France on 16 July 2025,4,Utile
FR,B0DZN5WYJ7,Efficace,Reviewed in France on 14 March 2025,4,"Semble efficace, ça fonctionne super bien mais il faut renouveler après les pluie ou par fort ventA quand une solution non chimique et avec des essences naturelles qui réaliseraient les mêmes effets"
FR,B0DZN5WYJ7,Répulsif,Reviewed in France on 5 June 2025,4,A voir dans le temps mais ca a l air de bien fonctionner avec les forumis
FR,B0DZN5WYJ7,parfait,Reviewed in France on 26 April 2025,4,excellent produit --nous sommes à la campagne et l'effet est appréciable --par contre nous n'attendons pas 3 MOIS  et pulvérisons bien plus souvent
FR,B0DZN5WYJ7,Barage insectes,Reviewed in France on 9 May 2025,4,Barage insectesFonctionne pour les fourmisJ'ai dû en mettre 2 fois sur 2 jours pour un résultat parfait
FR,B0DZN5WYJ7,Bien,Reviewed in France on 10 February 2025,4,Éloigne bien les fourmis. Pour les autres insectes je ne sais pas. En revanche j'ai trouvé ce produit à moins de dix euros chez Gammvert
FR,B0DZN5WYJ7,Ras,Reviewed in France on 14 May 2025,4,Bon produit
