Display Order,Product Details,ASIN,Segment,URL,Marketplace,Image URL,Brand,Price,Parent Level Sales,ASIN Sales,Recent Purchases,Parent Level Revenue,ASIN Revenue,Title Char. Count,BSR,Seller Country/Region,Fees,Active Sellers,Ratings,Review Count,Images,Review velocity,Buy Box,Category,Size Tier,Fulfillment,Dimensions,Weight,ABA Most Clicked,Creation Date,Sponsored,Best Seller,Seller Age (mo),Seller
1,Ketoz OLIN 2% Shampoo 120 ml,B00EMGLQS8,Irritated / Atopic,https://www.amazon.de/dp/B00EMGLQS8?psc=1,DE,https://m.media-amazon.com/images/I/81KWPzw0xaL._SY355_.jpg,Ketozolin,14.03,"10,880","6,121",N/A,"195,170.18","108,096.66",28,"245,199",N/A,6.2,19,4.5,"9,088",6,4,Aromaölmanufaktur,Beauty,Extra Large Envelope,MFN,17.50 x 4.70 x 6.00 cm,0.15,N/A,"Jul 26, 2013",,No,155,Aromaölmanufaktur
32,"Kérastase Genesis Bain Hydra-Fortifiant, Kräftigendes Shampoo bei Haarverlust durch Haarbruch, Haarpflege bei brüchigem Haar",B083JJHLT4,,https://www.amazon.de/dp/B083JJHLT4?psc=1,DE,https://m.media-amazon.com/images/I/51g1SCWIZNL._SX342_.jpg,KÉRASTASE,21.66,"4,952","4,080","3,000","117,718.89","91,508.54",124,149,AMZ,7.71,1,4.6,"9,648",8,196,Amazon,Beauty,Extra Large Envelope,AMZ,14.20 x 4.30 x 6.60 cm,0.29,N/A,"Jan 6, 2020",,No,77,Amazon
36,"Vichy Anti-Schuppen Pflegeshampoo für trockenes Haar, 6 Wochen Anti-Rückfall-Wirkung, Frei von Parabenen, Mit Selendisulfid und Salicylsäure, Dercos Anti-Schuppen",B01BPHAD1W,Irritated / Atopic,https://www.amazon.de/dp/B01BPHAD1W?psc=1,DE,https://m.media-amazon.com/images/I/61vZXjahglL._SX342_.jpg,VICHY,18.6,"5,713","4,115","3,000","104,961.33","76,539.29",162,183,AMZ,6.26,1,4.7,"10,565",11,195,Amazon,Kosmetik,Extra Large Envelope,AMZ,20.00 x 6.00 x 6.10 cm,0.45,N/A,"Feb 12, 2016",,No,124,Amazon
37,"Vichy Dercos Anti-Schuppen Shampoo fettige Kopfhaut, 390ml : Beruhigendes Shampoo Salicylsäure für normale bis fettiges Haar",B00WN2BY7G,Irritated / Atopic,https://www.amazon.de/dp/B00WN2BY7G?psc=1,DE,https://m.media-amazon.com/images/I/71bRhFM9XRL._SX342_.jpg,VICHY,19.2,"3,785","3,597","3,000","72,292.72","68,925.45",124,235,AMZ,6.35,1,4.6,"12,157",11,314,Amazon,Beauty,Extra Large Envelope,AMZ,20.30 x 5.40 x 5.60 cm,0.45,N/A,"Apr 24, 2015",,No,134,Amazon
6,"VICHY Anti-Haarverlust Vital-Shampoo+ für sensible Kopfhaut, Stärkt die Verankerung der Haarwurzel, Mit Aminexil, Dercos Anti-Haarverlust, 400 ml",B004SBLR4U,Irritated / Atopic,https://www.amazon.de/dp/B004SBLR4U?psc=1,DE,https://m.media-amazon.com/images/I/51ivZij+mdL._SX342_.jpg,VICHY,18.5,"3,693","3,693","2,000","68,065.46","68,065.46",145,241,AMZ,7.24,1,4.5,"5,353",9,176,Amazon,Kosmetik,Extra Large Envelope,AMZ,20.20 x 5.60 x 5.83 cm,0.47,N/A,"Jul 3, 2012",,No,167,Amazon
13,Fanola No Yellow Silver Shine Shampoo Anti Yellow 350ml,B08DFY5V5H,,https://www.amazon.de/dp/B08DFY5V5H?psc=1,DE,https://m.media-amazon.com/images/I/5145AP0WJPL._SY355_.jpg,FANOLA,11.66,"5,106","3,681","1,000","55,255.22","41,174.94",55,"1,714",IT,4.97,3,4.5,"8,936",5,129,Amazon,Beauty,Small Parcel,MFN,25.20 x 6.50 x 7.30 cm,0.4,N/A,"Apr 12, 2018",,No,98,Amazon
30,"Kérastase Resistance Bain Volumifique Shampoo, 250 ml, Pack of 1",B004CJJO2A,,https://www.amazon.de/dp/B004CJJO2A?psc=1,DE,https://m.media-amazon.com/images/I/51O+0cNB4LL._SX342_.jpg,KÉRASTASE,22.14,"1,423","1,423",700,"31,783.47","31,783.47",64,"1,915",AMZ,6.79,1,4.4,"4,705",5,33,Amazon,Beauty,Extra Large Envelope,AMZ,14.00 x 4.60 x 6.70 cm,0.29,N/A,"Jul 8, 2008",,No,215,Amazon
39,Redken Amino Mint Shampoo: Refreshing Hair Shampoo Against Oily Hair,B09LYWXD3Q,Irritated / Atopic,https://www.amazon.de/dp/B09LYWXD3Q?psc=1,DE,https://m.media-amazon.com/images/I/61ToWhHnNrL._SX342_.jpg,Redken,16.34,"1,855","1,855","1,000","30,875.38","30,875.37",68,767,AMZ,6.12,25,4.4,"2,762",6,53,Amazon,Beauty,Extra Large Envelope,AMZ,17.40 x 5.60 x 7.10 cm,0.35,N/A,"Dec 8, 2021",,No,54,Amazon
29,"Kérastase Symbiose, Feuchtigkeitsspendendes Anti-Schuppen Shampoo, Für trockene und empfindliche Kopfhaut, Ohne Sulfate und Silikone, Bain Crème Anti-Pelliculaire, 250 ml",B0BNNV8K2D,Irritated / Atopic,https://www.amazon.de/dp/B0BNNV8K2D?psc=1,DE,https://m.media-amazon.com/images/I/61trAzXGbgL._SX342_.jpg,KÉRASTASE,23.29,"1,287","1,287",700,"30,124.20","30,124.18",170,"1,871",AMZ,7.95,1,4.5,"1,795",12,38,Amazon,Kosmetik,Extra Large Envelope,AMZ,14.20 x 4.20 x 6.50 cm,0.29,N/A,"Nov 30, 2022",,No,43,Amazon
36.1.,"Vichy Anti-Schuppen Pflegeshampoo für trockenes Haar, 6 Wochen Anti-Rückfall-Wirkung, Frei von Parabenen, Mit Selendisulfid und Salicylsäure, Dercos Anti-Schuppen",B00VTQXCAE,Irritated / Atopic,https://www.amazon.de/dp/B00VTQXCAE?psc=1,DE,https://m.media-amazon.com/images/I/61-46jM7N6L._SX342_.jpg,VICHY,18.6,"5,713","1,598",500,"104,961.33","28,422.03",162,183,N/A,6.26,1,4.7,"10,565",11,273,,Beauty,Extra Large Envelope,MFN,17.40 x 5.20 x 5.50 cm,0.24,N/A,"Jun 25, 2008",,No,216,
15,Eucerin DermoCapillaire Urea Kopfhautberuhigendes Shampoo 250 ml,B0090Y79SS,Irritated / Atopic,https://www.amazon.de/dp/B0090Y79SS?psc=1,DE,https://m.media-amazon.com/images/I/419oo797GSL._SX342_.jpg,Eucerin,12.98,"1,900","1,900","1,000","27,110.04","27,110.07",64,577,AMZ,6.39,7,4.6,"1,450",6,32,Amazon,Kosmetik,Large Envelope,AMZ,19.20 x 3.10 x 6.90 cm,0.3,N/A,"Aug 21, 2012",,No,166,Amazon
29,"STIEPROXAL Shampoo - Fights Stubborn, Firm Dandruff and Strong Itching, 100 ml",B003SCE7FQ,Irritated / Atopic,https://www.amazon.de/dp/B003SCE7FQ?psc=1,DE,https://m.media-amazon.com/images/I/519Soi25lAL._AC_SY355_.jpg,STIEPROX,12.09,"1,744","1,744","1,000","25,068.71","25,068.72",78,839,AMZ,4.98,17,4.4,"2,183",6,16,Amazon,Beauty,Large Envelope,AMZ,15.00 x 3.20 x 6.80 cm,0.14,N/A,"Jun 16, 2010",,No,192,Amazon
45,"head & shoulders Citrus Fresh 2-in-1 Anti-Dandruff Shampoo for Oily Hair, 800 ml Pump Dispenser; Up to 100% Dandruff Protection, Fresh Citrus Fragrance",B0CR1LG363,Irritated / Atopic,https://www.amazon.de/dp/B0CR1LG363?psc=1,DE,https://m.media-amazon.com/images/I/71pm4bF3EzL._SY355_.jpg,Head & Shoulders,9.24,"1,886","1,705","1,000","24,357.82","21,072.19",151,"1,701",AMZ,5.09,3,4.6,"11,904",9,89,Amazon,Beauty,Small Parcel,AMZ,24.10 x 6.40 x 9.40 cm,0.9,N/A,"Feb 2, 2024",,No,28,Amazon
39,Wella Professionals Wella Ultimate Repair Shampoo - Deep Cleansing Shampoo with Metal Purifier Technology - Repairing Moisturising Shampoo,B0C49XMYH5,,https://www.amazon.de/dp/B0C49XMYH5?psc=1,DE,https://m.media-amazon.com/images/I/61SUrJZgKNL._SX342_.jpg,Wella Professionals,14.4,"1,873","1,141",800,"41,951.69","19,254.24",138,497,AMZ,7.05,26,4.5,"1,881",11,149,,Beauty,Extra Large Envelope,AMZ,14.60 x 5.10 x 5.30 cm,0.29,N/A,"Oct 1, 2023",,No,32,
57,"Head & Shoulders DERMAXPRO Beruhigendes Anti-Schuppen Shampoo 2x250 ml Kopfhautpflege bei trockener, juckender Kopfhaut (verbunden mit Schuppen) – Mit Kaktus-Extrakt, aktiver Aloe & Vitamin E",B0CR1K45P3,Irritated / Atopic,https://www.amazon.de/dp/B0CR1K45P3?psc=1,DE,https://m.media-amazon.com/images/I/714KCFgXm0L._SY355_.jpg,Head & Shoulders,14.18,"2,353","1,742","1,000","24,032.42","18,620.73",191,870,AMZ,5.43,2,4.6,831,6,21,Amazon,Kosmetik,Extra Large Envelope,AMZ,19.60 x 6.00 x 7.70 cm,0.58,N/A,"Feb 2, 2024",,No,28,Amazon
37,"Garnier Wahre Schätze Beruhigendes Shampoo Sanfte Hafermilch XXL, beruhigend und feuchtigkeitsspendend, für empfindliches Haar und sensible Kopfhaut, Maxi Format, 1000 ml",B0BWFL7K64,Irritated / Atopic,https://www.amazon.de/dp/B0BWFL7K64?psc=1,DE,https://m.media-amazon.com/images/I/81dTV4CY72L._SY355_.jpg,Garnier,5.34,"2,590","2,590","1,000","17,997.42","17,997.42",170,455,AMZ,4.01,2,4.7,842,6,17,Amazon,Kosmetik,Small Parcel,AMZ,22.70 x 7.10 x 18.70 cm,1.04,N/A,"Feb 21, 2023",,No,40,Amazon
14,"La Roche-Posay Kerium Extrem Mild, Kopfhautschonendes Gel-Shampoo, Silikonfreies Shampoo mit besänftigender Geltextur für glänzende und geschmeidige Haare, Für Kinder und Erwachsene geeignet, 400 ml",B00IVIMVFK,Irritated / Atopic,https://www.amazon.de/dp/B00IVIMVFK?psc=1,DE,https://m.media-amazon.com/images/I/61jaJXdFQJL._SX342_.jpg,La Roche-Posay,16.69,"1,060","1,060",600,"17,678.53","17,678.51",198,"2,386",AMZ,6.94,1,4.6,"2,609",1,55,Amazon,Kosmetik,Small Parcel,AMZ,19.70 x 6.30 x 6.40 cm,0.47,N/A,"Jun 4, 2008",,No,216,Amazon
33,"Vichy Dercos Psolution Pflegeshampoo: Beruhigendes Pflegeshampoo mit 5 % Urea gegen trockene juckende Kopfhaut – für empfindliche Kopfhaut geeignet, 200 ml",B09GRM5X73,Irritated / Atopic,https://www.amazon.de/dp/B09GRM5X73?psc=1,DE,https://m.media-amazon.com/images/I/71eSJ++kWuL._SY355_.jpg,VICHY,16.29,"1,040","1,040",500,"17,312.78","17,312.79",155,"2,168",AMZ,5.91,1,4.5,"1,309",8,279,Amazon,Kosmetik,Extra Large Envelope,AMZ,17.30 x 4.90 x 4.90 cm,0.25,N/A,"Sep 21, 2021",,No,57,Amazon
6,"Shampoo, Treatment and Prevention of Dandruff and Seborrheic Dermatitis, Effective Against Itching, With Dexpanthenol as a Nourishing Additive, Permanently Useable. 120 ml",B0BQCZ4QGQ,Irritated / Atopic,https://www.amazon.de/dp/B0BQCZ4QGQ?psc=1,DE,https://m.media-amazon.com/images/I/71QvRdg-90L._SX355_.jpg,KETOconazol Klinge,12.97,"1,048","1,048",N/A,"16,527.03","16,527.02",171,"475,392",DE,N/A,9,4.4,111,8,0,CuraVendi - Die Bonus-Apotheke,Beauty,N/A,MFN,N/A,N/A,N/A,"Dec 16, 2022",,No,42,CuraVendi - Die Bonus-Apotheke
56.1.,"Sebamed 5% Urea Anti-Juckreiz Shampoo 200 ml, bei trockener Kopfhaut, sanfte seifenfreie Reinigung, lindert spürbar Juckreiz der trockene Kopfhaut, spendet Feuchtigkeit, Shampoo für Damen und Herren",B0FCY7DQBG,Irritated / Atopic,https://www.amazon.de/dp/B0FCY7DQBG?psc=1,DE,https://m.media-amazon.com/images/I/516g+WeYhxL._SX342_.jpg,Sebamed,4.53,"3,013","3,013","2,000","16,152.70","16,152.72",198,402,AMZ,3.51,13,4.5,381,4,35,Amazon,Kosmetik,Extra Large Envelope,AMZ,16.50 x 4.50 x 6.40 cm,0.24,N/A,"Jun 12, 2025",,No,12,Amazon
32,"Vichy Dercos Anti-Schuppen K, Tiefenreinigendes Shampoo für fettige und empfindliche Kopfhaut, Bei hartnäckigen Schuppen und Ablagerungen, Keratolytische und antimikrobielle Wirkung, 250 ml",B08KDTMRTK,Irritated / Atopic,https://www.amazon.de/dp/B08KDTMRTK?psc=1,DE,https://m.media-amazon.com/images/I/81r9EHlkVKL._SX342_.jpg,VICHY,16.65,924,924,500,"15,468.27","15,468.28",189,"2,951",AMZ,5.97,1,4.5,477,14,10,Amazon,Kosmetik,Extra Large Envelope,AMZ,16.60 x 4.60 x 4.60 cm,0.3,N/A,"Sep 22, 2020",,No,69,Amazon
3,Ducray Kelual Shampoo 100 ml,B07TT7VMFD,Irritated / Atopic,https://www.amazon.de/dp/B07TT7VMFD?psc=1,DE,https://m.media-amazon.com/images/I/51luXtD834L._SX342_.jpg,Ducray,16,912,912,200,"14,885.25","14,885.26",28,"8,195",NL,5.44,19,4.6,"3,225",7,48,Versandapotheke Sparmed,Beauty,Large Envelope,MFN,14.20 x 3.90 x 6.30 cm,0.13,N/A,"Aug 10, 2019",,No,82,Versandapotheke Sparmed
28.1.,"Wella SP System Professional Balance Scalp Shampoo, 1 L",B005J5XPSA,Irritated / Atopic,https://www.amazon.de/dp/B005J5XPSA?psc=1,DE,https://m.media-amazon.com/images/I/51tABLc9hSL._SY355_.jpg,Wella Professionals,15.61,"1,126",618,300,"16,750.27","12,160.63",55,"1,799",DE,4.45,8,4.6,"2,999",1,13,Haarboutique,Kosmetik,Small Parcel,FBA,20.80 x 7.60 x 9.30 cm,1.11,N/A,"Mar 20, 2010",,No,195,Haarboutique
61,Maria Nila Anti-Dandruff Shampoo Head & Hair Heal I Anti-Inflammatory Shampoo for Men and Women Against Scalp Irritation I Stimulates Hair Growth,B071VZV484,Irritated / Atopic,https://www.amazon.de/dp/B071VZV484?psc=1,DE,https://m.media-amazon.com/images/I/614XxDJdE+L._SY445_.jpg,Maria Nila,25.79,608,391,200,"19,158.54","11,659.88",145,"3,948",DE,7.82,2,4.4,"1,959",6,3,Maria Nila by New Flag,Beauty,Extra Large Envelope,FBA,17.20 x 5.40 x 5.50 cm,0.38,N/A,"May 22, 2017",,No,109,Maria Nila by New Flag
35,"Sebamed Every-Day Shampoo 400 ml, Haarshampoo für Damen und Herren, schonende, seifenfreie Reinigung für empfindliche Kopfhaut, besonders mild durch Zuckertensidformel, für alle Haartypen geeignet",B0FBGQZL1W,Irritated / Atopic,https://www.amazon.de/dp/B0FBGQZL1W?psc=1,DE,https://m.media-amazon.com/images/I/61OIhLE84+L._SY445_.jpg,Sebamed,5.67,"1,820","1,820","1,000","11,303.14","11,303.13",196,533,AMZ,3.62,4,4.5,292,5,30,Amazon,Kosmetik,Extra Large Envelope,AMZ,18.40 x 5.50 x 7.80 cm,0.44,N/A,"Jun 10, 2025",,No,12,Amazon
11,"khadi Amla Volume Ayurvedic Shampoo, 100% Natural, Silicone & Sulphate-Free, Powerful Hair & Volume Thanks to Strong Hair Roots, Promotes Hair Growth, Vegan Hair Care, Natural Cosmetics 200 ml",B08NT4WR9K,,https://www.amazon.de/dp/B08NT4WR9K?psc=1,DE,https://m.media-amazon.com/images/I/61szC5WGcpL._SY355_.jpg,Khadi,13.36,711,711,300,"11,301.09","11,301.09",192,"3,359",AMZ,5.86,4,4.4,951,9,19,,Beauty,Extra Large Envelope,AMZ,16.51 x 4.80 x 5.00 cm,0.26,N/A,"Nov 18, 2020",,No,67,
53,"OUAI Detox Shampoo, Clarifying Cleanse for Dirt, Oil, Product and Hard Water Buildup. Get Back to Super Clean, Soft and Refreshed Locks, 10 oz",B084C2PC69,,https://www.amazon.de/dp/B084C2PC69?psc=1,DE,https://m.media-amazon.com/images/I/71dq5ltYhIL._SY355_.jpg,OUAI,26.89,345,345,100,"11,134.06","11,134.06",142,"9,225",GB,3.47,2,4.6,"6,656",8,86,Discovered Brands,Beauty,Extra Large Envelope,FBA,14.00 x 5.79 x 5.99 cm,0.36,N/A,"Jan 14, 2021",,No,65,Discovered Brands
55,VICHY Dercos Sensitive Shampoo 200 ml,B009USALZM,Irritated / Atopic,https://www.amazon.de/dp/B009USALZM?psc=1,DE,https://m.media-amazon.com/images/I/71kxadRVdwL._SX342_.jpg,VICHY,15.25,691,691,400,"10,540.99","10,540.98",37,"4,670",AMZ,5.71,1,4.5,"2,645",13,35,Amazon,Kosmetik,Extra Large Envelope,AMZ,17.30 x 4.90 x 5.20 cm,0.24,N/A,"Nov 13, 2014",,No,139,Amazon
21,"Kérastase Shampoo für empfindliche Kopfhaut, Klärendes Haarbad zur Milderung von Juckreiz, Bain Vital Dermo-Calm, Spécifique, 250 ml",B01HYOB0LC,Irritated / Atopic,https://www.amazon.de/dp/B01HYOB0LC?psc=1,DE,https://m.media-amazon.com/images/I/51NAURnTgeL._SY355_.jpg,KÉRASTASE,28.5,377,377,200,"10,379.54","10,379.54",132,"6,241",N/A,7.75,1,4.3,"3,290",8,17,,Kosmetik,Extra Large Envelope,MFN,14.20 x 4.30 x 6.40 cm,0.29,N/A,"Feb 15, 2013",,No,160,
37,"Aveda Rosemary Mint Purifying Shampoo, Tiefenreinigungsshampoo für normales bis fettiges Haar, verleiht Glanz und Frische, zu 97% natürlichen Ursprungs*",B07L6SWWRV,,https://www.amazon.de/dp/B07L6SWWRV?psc=1,DE,https://m.media-amazon.com/images/I/61TdMTLbINL._SX342_.jpg,Aveda,15.76,662,476,300,"18,995.66","8,858.04",152,"2,913",AMZ,6.28,3,4.6,"5,887",9,166,Amazon,Beauty,Extra Large Envelope,AMZ,18.90 x 4.90 x 5.00 cm,0.3,N/A,"Sep 21, 2011",,No,177,Amazon
39.1.,Kerastase Bain Riche,B001TANDZ4,Irritated / Atopic,https://www.amazon.de/dp/B001TANDZ4?psc=1,DE,https://m.media-amazon.com/images/I/51xsdJXWt4L._SX342_.jpg,KÉRASTASE,92.44,180,80,N/A,"12,949.83","8,582.76",20,"14,751",N/A,19.96,1,4.6,"1,696",1,4,Hairlando,Beauty,Small Parcel,MFN,29.39 x 8.99 x 10.11 cm,1.07,N/A,"Jun 22, 2011",,No,180,Hairlando
66,"Terzolin Expert Schuppen-Shampoo bei trockener Kopfhaut, Juckreiz und Schuppen, Kosmetikum mit innovativer Pflegeformel, auch bei zu Ekzemen neigender Kopfhaut geeignet – 1 x 200ml",B0D884Y71G,Irritated / Atopic,https://www.amazon.de/dp/B0D884Y71G?psc=1,DE,https://m.media-amazon.com/images/I/51kBpVyr-LL._SY355_.jpg,TERZOLIN,8.98,911,751,400,"13,304.36","8,024.96",180,"3,204",AMZ,5.28,21,4.2,347,11,15,Amazon,Kosmetik,Large Envelope,AMZ,15.90 x 3.40 x 5.70 cm,0.23,N/A,"Jun 27, 2024",,No,24,Amazon
43,Wella Professionals Elements Renewing Shampoo – sulfat- & silikonfreie Pflege für empfindliche & juckende Kopfhaut – mit Aloe Vera & Vitamin E – beruhigend & feuchtigkeitsspendend,B0CBVHXQ4B,Irritated / Atopic,https://www.amazon.de/dp/B0CBVHXQ4B?psc=1,DE,https://m.media-amazon.com/images/I/61cLH3uQsoL._SX342_.jpg,Wella Professionals,27.04,720,309,200,"13,112.46","7,930.29",179,"4,099",AMZ,7.42,12,4.6,430,6,21,,Kosmetik,Small Parcel,AMZ,25.10 x 8.40 x 8.50 cm,1.1,N/A,"Jul 20, 2023",,No,35,
62,"Head & Shoulders Juckende Kopfhaut Anti-Schuppen Shampoo 500ml, Wirkt gegen Schuppen, Öl und Juckreiz",B0B5GYR333,Irritated / Atopic,https://www.amazon.de/dp/B0B5GYR333?psc=1,DE,https://m.media-amazon.com/images/I/71GcNBuaEGL._SY355_.jpg,Head & Shoulders,4.97,"1,145","1,145",600,"7,209.96","7,209.97",101,"2,043",AMZ,3.55,6,4.6,217,7,16,Amazon,Kosmetik,Extra Large Envelope,AMZ,21.90 x 4.90 x 7.80 cm,0.56,N/A,"Jun 30, 2022",,No,48,Amazon
27,Wella Professionals INVIGO SCALP BALANCE Pure Shampoo – sanfte Reinigung für empfindliche Kopfhaut – mit beruhigendem Allantoin Blau 1000ml,B0CH9DKHSC,Irritated / Atopic,https://www.amazon.de/dp/B0CH9DKHSC?psc=1,DE,https://m.media-amazon.com/images/I/61-xkAhyadL._SY355_.jpg,Wella Professionals,15.14,558,397,200,"8,677.34","6,972.21",139,"3,223",AMZ,7.15,20,4.4,884,5,32,Amazon,Kosmetik,Small Parcel,AMZ,25.00 x 8.20 x 8.40 cm,1.09,N/A,"Sep 5, 2023",,No,33,Amazon
22,"Salthouse Totes Meer Therapie Anti-Juckreiz Shampoo, beruhigende Formel mit Urea & Panthenol, für empfindliche Kopfhaut, vegan 250ml",B0178K6CHY,Irritated / Atopic,https://www.amazon.de/dp/B0178K6CHY?psc=1,DE,https://m.media-amazon.com/images/I/71aZBzfMzJL._SY355_.jpg,Salthouse,2.66,"1,768","1,768","1,000","6,952.24","6,952.22",132,632,AMZ,3.98,6,4.5,"1,038",7,30,Amazon,Kosmetik,Large Envelope,AMZ,17.90 x 3.40 x 7.30 cm,0.29,N/A,"Jun 20, 2014",,No,144,Amazon
3,"La Roche-Posay Kerium DS Anti-Dandruff, Intensive Shampoo Treatment for Stubborn Dandruff and Strong Itching, Ultra Fine Texture with Thermal Water and 4 Week Anti-Relapse Effect, 200 ml",B0DHS7KGWT,Irritated / Atopic,https://www.amazon.de/dp/B0DHS7KGWT?psc=1,DE,https://m.media-amazon.com/images/I/51FC4V5N1QL._SX342_.jpg,La Roche-Posay,16.51,315,315,100,"6,702.50","6,702.51",186,"6,592",AMZ,6.42,9,4.5,319,1,11,Amazon,Beauty,Extra Large Envelope,AMZ,17.40 x 4.90 x 5.20 cm,0.23,N/A,"Sep 23, 2024",,No,21,Amazon
31,"Wella Professionals INVIGO SCALP BALANCE Sensitive Shampoo – Parfümfreies, sanftes Reinigungsshampoo für empfindliche Kopfhaut",B0CH8KW2WR,Irritated / Atopic,https://www.amazon.de/dp/B0CH8KW2WR?psc=1,DE,https://m.media-amazon.com/images/I/51S9jhid7AL._SX342_.jpg,Wella Professionals,8.57,773,622,300,"9,509.82","6,626.95",126,"3,298",AMZ,4.55,20,4.3,508,8,23,Amazon,Kosmetik,Small Parcel,AMZ,14.70 x 6.30 x 6.40 cm,0.35,N/A,"Sep 5, 2023",,No,33,Amazon
52,"Urtekram Fragrance Free Shampoo - Certified Organic Shampoo Vegan, Fragrance-Free for Sensitive Scalp, Aloe Vera & Glycerin, Gentle Cleansing & Moisture, 500 ml (Pack of 1)",B09GG99BX3,Irritated / Atopic,https://www.amazon.de/dp/B09GG99BX3?psc=1,DE,https://m.media-amazon.com/images/I/61wsKhF1JWL._SY355_.jpg,Urtekram,10.5,670,526,200,"7,915.28","6,602.68",172,"3,086",AMZ,5.32,7,4.3,945,6,31,Amazon,Beauty,Small Parcel,AMZ,18.90 x 6.60 x 6.70 cm,0.56,N/A,"Sep 16, 2021",,No,57,Amazon
7,"DERMASENCE Polaneth Shampoo, 200 ml, beruhigendes Shampoo gegen Juckreiz auf der Kopfhaut, mildert Irritationen, kühlt, ideal bei Neurodermitis, sensibler Kopfhaut, vegan",B08P4D38B1,Irritated / Atopic,https://www.amazon.de/dp/B08P4D38B1?psc=1,DE,https://m.media-amazon.com/images/I/61xAsnAzGyL._SX342_.jpg,DERMASENCE,13.38,388,388,200,"6,349.16","6,349.16",170,"5,541",N/A,5.86,23,4.5,534,6,12,Aromaölmanufaktur,Kosmetik,Extra Large Envelope,MFN,17.20 x 5.20 x 5.20 cm,0.25,N/A,"Oct 30, 2020",,No,68,Aromaölmanufaktur
53,"Eucerin DermoCapillaire pH5 Shampoo 250 ml, Haarshampoo reinigt mild und wirksam, Kopfhaut Pflege ohne alkalische Seife bewahrt die natürliche Schutzfunktion",B0090Y7AW8,Irritated / Atopic,https://www.amazon.de/dp/B0090Y7AW8?psc=1,DE,https://m.media-amazon.com/images/I/41biFnRJgPL._SX342_.jpg,Eucerin,9.5,493,493,200,"6,301.92","6,301.96",157,"3,700",AMZ,4.88,6,4.5,725,6,10,Amazon,Kosmetik,Large Envelope,AMZ,19.10 x 2.90 x 6.90 cm,0.31,N/A,"Aug 21, 2012",,No,166,Amazon
48,"L'Oréal Professionnel Haarshampoo zur Reinigung fettiger Kopfhaut, Scalp Advanced, Anti-Oiliness Dermo-Purifier Shampoo, 300 ml",B0BPYFBWF4,,https://www.amazon.de/dp/B0BPYFBWF4?psc=1,DE,https://m.media-amazon.com/images/I/51kVgJzErrL._SX342_.jpg,L'Oréal Professionnel Paris,14.71,516,516,300,"6,242.75","6,242.75",127,"4,320",AMZ,5.27,31,4.2,"1,283",11,22,Amazon,Kosmetik,Extra Large Envelope,AMZ,14.20 x 5.80 x 5.80 cm,0.36,N/A,"Jan 24, 2023",,No,41,Amazon
34,"L'Oréal Professionnel Haarshampoo zur Beruhigung empfindlicher Kopfhaut, Scalp Advanced, Anti-Discomfort Dermo-Regulator Shampoo",B0BPYF46LP,Irritated / Atopic,https://www.amazon.de/dp/B0BPYF46LP?psc=1,DE,https://m.media-amazon.com/images/I/51t3w2uAovL._SX342_.jpg,L'Oréal Professionnel Paris,14.14,614,385,200,"11,671.03","5,923.75",128,"4,546",AMZ,5.99,27,4.4,"1,373",10,24,Amazon,Kosmetik,Extra Large Envelope,AMZ,14.10 x 5.80 x 5.80 cm,0.35,N/A,"Jan 24, 2023",,No,41,Amazon
39,"L'Oréal Professionnel Haarshampoo zur Beruhigung empfindlicher Kopfhaut, Scalp Advanced, Anti-Discomfort Dermo-Regulator Shampoo",B0BPYG9ZRJ,Irritated / Atopic,https://www.amazon.de/dp/B0BPYG9ZRJ?psc=1,DE,https://m.media-amazon.com/images/I/61dHLXtKtIL._SX342_.jpg,L'Oréal Professionnel Paris,21.54,614,229,100,"11,671.03","5,747.28",128,"4,546",AMZ,8.27,32,4.4,"1,373",10,24,,Kosmetik,Small Parcel,AMZ,18.80 x 7.30 x 7.30 cm,0.57,N/A,"Jan 24, 2023",,No,41,
38,"Vichy Dercos Ultra-Sensitiv Shampoo, Intensiv beruhigendes Shampoo für trockenes Haar und empfindliche Kopfhaut, Bei Irritationen und Reizungen, Für trockene Kopfhaut, 200 ml",B01D5AP786,Irritated / Atopic,https://www.amazon.de/dp/B01D5AP786?psc=1,DE,https://m.media-amazon.com/images/I/51AoSyQ1JWL._SX342_.jpg,VICHY,16.45,343,343,200,"5,639.38","5,639.38",174,"7,625",AMZ,5.89,1,4.4,"1,196",1,55,Amazon,Kosmetik,Extra Large Envelope,AMZ,17.30 x 4.90 x 4.90 cm,0.26,N/A,"Mar 18, 2016",,No,123,Amazon
61.1.,Maria Nila Anti-Dandruff Shampoo Head & Hair Heal I Anti-Inflammatory Shampoo for Men and Women Against Scalp Irritation I Stimulates Hair Growth,B06XXP6TJZ,Irritated / Atopic,https://www.amazon.de/dp/B06XXP6TJZ?psc=1,DE,https://m.media-amazon.com/images/I/51XzRfoRhzL._SY445_.jpg,Maria Nila,64,608,87,N/A,"19,158.54","5,547.17",145,"3,948",N/A,14.05,1,4.4,"1,959",6,0,,Beauty,Small Parcel,FBA,29.50 x 7.70 x 7.70 cm,1.09,N/A,"Jun 7, 2017",,No,108,
2,"La Roche-Posay Kerium Anti-Schuppen, Gel-Shampoo bei fettiger und empfindlicher Kopfhaut, Juckreizmildernde, talgreduzierende Formel, Sofort wirksam gegen Schuppen, Mit Zink und Thermalwasser, 200 ml",B00HR3KHR4,Irritated / Atopic,https://www.amazon.de/dp/B00HR3KHR4?psc=1,DE,https://m.media-amazon.com/images/I/611HuCvi3vL._SX342_.jpg,La Roche-Posay,17.7,300,300,100,"5,484.45","5,484.45",199,"7,008",AMZ,6.13,1,4.5,"2,402",1,22,Amazon,Beauty,Extra Large Envelope,AMZ,17.50 x 5.00 x 5.10 cm,0.24,N/A,"Nov 30, 2007",,No,223,Amazon
57.1.,"Head & Shoulders DermaXPro Nourishing Moisture Anti-Dandruff Shampoo 500 ml with Coconut Oil and Ceramide Complex, 72H Moisture for Dry Scalp",B08FB9RLBF,Irritated / Atopic,https://www.amazon.de/dp/B08FB9RLBF?psc=1,DE,https://m.media-amazon.com/images/I/71ps-d2zt+L._SY355_.jpg,Head & Shoulders,7.55,"2,353",611,400,"24,032.42","5,411.68",141,870,N/A,3.8,5,4.5,425,7,39,Amazon,Beauty,Extra Large Envelope,AMZ,25.50 x 5.40 x 10.70 cm,0.52,N/A,"Nov 23, 2024",,No,19,Amazon
55,"DERMASENCE Adtop Medizinal Shampoo 200 ml – Anti-Schuppen Shampoo für trockene, empfindliche Kopfhaut – Lindert Juckreiz – Feuchtigkeitsspendend – Milde Formel für tägliche Anwendung – Vegan",B09WVYRWRL,Irritated / Atopic,https://www.amazon.de/dp/B09WVYRWRL?psc=1,DE,https://m.media-amazon.com/images/I/61fhIJrVXdL._SX342_.jpg,DERMASENCE,14.09,316,316,200,"5,337.58","5,337.58",190,"7,478",N/A,5.91,22,4.6,183,6,0,Schongau-apo,Kosmetik,Extra Large Envelope,MFN,17.50 x 5.20 x 5.30 cm,0.26,N/A,"Mar 30, 2022",,No,51,Schongau-apo
44,"Penaten Ultra Sensitive Bath & Shampoo Especially Mild Baby Bath & Baby Shampoo for Highly Sensitive Baby Skin Prone to Neurodermatitis, 400 ml",B01N3B1IET,Irritated / Atopic,https://www.amazon.de/dp/B01N3B1IET?psc=1,DE,https://m.media-amazon.com/images/I/61d-n9+zUPL._AC_SY355_.jpg,Penaten,4.16,"1,026","1,026",500,"5,079","5,078.99",143,474,AMZ,4.08,7,4.7,799,7,6,Amazon,Baby Products,Large Envelope,AMZ,20.50 x 4.00 x 9.60 cm,0.45,N/A,"Feb 3, 2017",,No,112,Amazon
44,"Salthouse Totes Meer Therapie Anti-Schuppen Shampoo, reduziert Neubildung von Schuppen, mit Aloe Vera für sensible Kopfhaut, 250ml",B018C4QXEM,Irritated / Atopic,https://www.amazon.de/dp/B018C4QXEM?psc=1,DE,https://m.media-amazon.com/images/I/718G1EUUJ5L._SY355_.jpg,Salthouse,2.21,"1,550","1,550",900,"5,078.69","5,078.71",130,891,AMZ,2.99,2,4.6,450,7,12,Amazon,Kosmetik,Large Envelope,AMZ,19.90 x 3.20 x 7.30 cm,0.29,N/A,"Jul 14, 2022",,No,47,Amazon
28,"Wella SP Balance Scalp Shampoo, 250 ml",B005BYPAHS,Irritated / Atopic,https://www.amazon.de/dp/B005BYPAHS?psc=1,DE,https://m.media-amazon.com/images/I/71XrHzsPFfL._SY355_.jpg,Wella Professionals,7.77,"1,126",508,200,"16,750.27","4,589.65",38,"1,799",DE,3.41,11,4.6,"2,999",5,11,Haarboutique,Kosmetik,Large Envelope,FBA,16.60 x 4.00 x 5.40 cm,0.3,N/A,"Mar 2, 2011",,No,183,Haarboutique
37,"OGX Quenching + Coconut Curls Shampoo, 385 ml",B0756J8PXX,,https://www.amazon.de/dp/B0756J8PXX?psc=1,DE,https://m.media-amazon.com/images/I/61CNO50BPHL._SY355_.jpg,OGX,4.71,"1,189",651,300,"8,824.23","4,547.07",45,"1,608",AMZ,4.07,4,4.3,"1,904",6,26,Amazon,Beauty,Extra Large Envelope,AMZ,15.10 x 5.10 x 7.80 cm,0.43,N/A,"Dec 22, 2017",,No,102,Amazon
41,lavera Pflegeshampoo Volumen & Kraft - ohne Silikone - Intensive Feuchtigkeit & sanfte Pflege - vegan - Naturkosmetik - 250 ml,B08VXYSKPD,,https://www.amazon.de/dp/B08VXYSKPD?psc=1,DE,https://m.media-amazon.com/images/I/61+XPmU+AxL._SY355_.jpg,lavera,4.16,986,986,500,"4,456","4,456.02",126,"2,032",AMZ,3.09,3,4.4,361,8,4,Amazon,Kosmetik,Large Envelope,AMZ,20.50 x 3.50 x 5.60 cm,0.29,N/A,"Feb 17, 2021",,No,64,Amazon
39,"Kérastase Shampoo für empfindliche Kopfhaut, Klärendes Haarbad zur Milderung von Juckreiz, Bain Vital Dermo-Calm, Spécifique",B00DO53Y74,Irritated / Atopic,https://www.amazon.de/dp/B00DO53Y74?psc=1,DE,https://m.media-amazon.com/images/I/61-dsPDb+JL._SX342_.jpg,KÉRASTASE,42.54,180,100,100,"12,949.83","4,367.04",124,"14,751",AMZ,9.85,1,4.6,"1,696",6,4,Amazon,Kosmetik,Extra Large Envelope,AMZ,20.00 x 5.80 x 7.40 cm,0.56,N/A,"Jun 27, 2013",,No,156,Amazon
54,SANTE Naturkosmetik Sensitive Care Shampoo - 950 ml - Hair Shampoo for Sensitive Scalp - with Probiotics & Triple Protein Complex - Vegan & Natural,B0CWS3MS1G,Irritated / Atopic,https://www.amazon.de/dp/B0CWS3MS1G?psc=1,DE,https://m.media-amazon.com/images/I/617Iswlb0VL._SY355_.jpg,Sante Naturkosmetik,11.97,301,301,100,"4,283.38","4,283.39",147,"6,184",AMZ,6.59,8,4.1,161,8,3,Amazon,Beauty,Small Parcel,AMZ,23.70 x 8.30 x 8.30 cm,1.04,N/A,"Feb 15, 2024",,No,28,Amazon
48,"Sebamed Every-Day Shampoo 200 ml, Haarshampoo für Damen und Herren, schonende, seifenfreie Reinigung für empfindliche Kopfhaut, besonders mild durch Zuckertensidformel, für alle Haartypen geeignet",B0FBGL1SFY,Irritated / Atopic,https://www.amazon.de/dp/B0FBGL1SFY?psc=1,DE,https://m.media-amazon.com/images/I/61Ew3nn-eyL._SY445_.jpg,Sebamed,2.49,"1,135","1,135",600,"4,282.35","4,282.35",196,"1,782",AMZ,3.4,3,4.6,146,5,10,Amazon,Kosmetik,Extra Large Envelope,AMZ,16.00 x 4.40 x 6.00 cm,0.23,N/A,"Jun 10, 2025",,No,12,Amazon
52,"GSK Physiogel scalp care, mild shampoo, 250 ml",B00FZE0QF0,Irritated / Atopic,https://www.amazon.de/dp/B00FZE0QF0?psc=1,DE,https://m.media-amazon.com/images/I/612JPRb3TIL._SY355_.jpg,Physiogel,13.69,343,314,100,"4,613.27","4,088.25",46,"7,913",NL,5.03,21,4.4,907,6,5,Amazon,Beauty,Extra Large Envelope,MFN,18.80 x 4.10 x 8.90 cm,0.32,N/A,"Oct 24, 2008",,No,212,Amazon
34,"Sorion Shampoo and Sorion Head Fluid Set - Skin Care also for Psoriasis and Eczema with Coconut Oil, Neem and Turmeric",B01DQPQ1QM,Irritated / Atopic,https://www.amazon.de/dp/B01DQPQ1QM?psc=1,DE,https://m.media-amazon.com/images/I/81XjcfpV-GL._SY355_.jpg,Sorion,36.93,84,84,N/A,"3,994.65","3,994.62",118,"28,533",AMZ,11.05,5,4.4,525,2,0,Amazon,Beauty,Extra Large Envelope,AMZ,22.60 x 5.40 x 16.60 cm,0.47,N/A,"Apr 2, 2016",,No,122,Amazon
36,"Ducray KERTYOL P.S.O., Psoriasis Shampoo, Balancing Hair Care for Psoriasis and Itchy Scalp, Clinically Tested, 200 ml",B09R77487Z,Irritated / Atopic,https://www.amazon.de/dp/B09R77487Z?psc=1,DE,https://m.media-amazon.com/images/I/51F4XNsyfkL._SX342_.jpg,Ducray,19.87,216,216,100,"3,962.16","3,962.17",118,"11,729",NL,6.45,24,4.6,252,5,4,Apotheke Online,Beauty,Small Parcel,MFN,19.10 x 6.30 x 6.30 cm,0.25,N/A,"Jan 26, 2022",,No,53,Apotheke Online
29,"DERMASENCE Seborra Shampoo 200 ml - Shampoo for Oily Scalp & Dandruff, with Menthol, Panthenol & Proven Dandruff Active Ingredient, Cooling & Soothing, Vegan, Suitable for Daily Use",B0CNGWNK47,Irritated / Atopic,https://www.amazon.de/dp/B0CNGWNK47?psc=1,DE,https://m.media-amazon.com/images/I/61rE87xmTeL._SY355_.jpg,DERMASENCE,14.28,232,232,100,"3,951.04","3,951.04",181,"8,263",N/A,6.02,22,4.6,122,6,0,Aromaölmanufaktur,Beauty,Extra Large Envelope,MFN,25.80 x 5.70 x 17.70 cm,0.25,N/A,"Jun 30, 2021",,No,60,Aromaölmanufaktur
10,Nova Angel Ducray Elution Shampoo 400 ml - Natural Care,B08HMWV4GD,,https://www.amazon.de/dp/B08HMWV4GD?psc=1,DE,https://m.media-amazon.com/images/I/51fznNi9hDL._SY355_.jpg,Ducray,17.95,192,192,100,"3,661.93","3,661.91",55,"18,077",GB,5.64,17,4.6,407,8,9,cyctsne®,Beauty,Extra Large Envelope,FBA,19.10 x 4.80 x 7.10 cm,0.45,N/A,"Sep 3, 2020",,No,69,cyctsne®
35,Eucerin Dermo Capillary Shampoo Extra Tolerability 250 ml,B0090Y7C1M,Irritated / Atopic,https://www.amazon.de/dp/B0090Y7C1M?psc=1,DE,https://m.media-amazon.com/images/I/41ZyYpnbhGL._SX342_.jpg,Eucerin,9.16,238,238,100,"3,626.65","3,626.65",57,"9,154",N/A,5.53,7,4.3,438,7,3,,Beauty,Large Envelope,MFN,19.30 x 3.00 x 7.10 cm,0.29,N/A,"Aug 21, 2012",,No,166,
13,"PHYSIOGEL Scalp Care Mildes Shampoo und Spülung 250 ml - sanfte Reinigung und Pflege für empfindliche, trockene Kopfhaut - Feuchtigkeitsshampoo & Conditioner für glänzendes Haar",B08VY5QXPV,Irritated / Atopic,https://www.amazon.de/dp/B08VY5QXPV?psc=1,DE,https://m.media-amazon.com/images/I/613coepJlIL._SY355_.jpg,Physiogel,12.52,237,237,200,"3,528.64","3,528.65",177,"3,400",AMZ,5.71,11,4.4,99,6,0,,Kosmetik,Extra Large Envelope,AMZ,18.50 x 4.20 x 9.00 cm,0.32,N/A,"Feb 1, 2021",,No,64,
43,"PsoriTIS 10% Urea Shampoo - Seborrheic and Psoriasis Prone Scalp | Seborrheic Dermatitis, Dandruff, Pityriasis, Ichthyosis | Itchy, Flaky, Inflamed Skin | Wheat Germ Oil - 120 ml",B0851F6C4Z,Irritated / Atopic,https://www.amazon.de/dp/B0851F6C4Z?psc=1,DE,https://m.media-amazon.com/images/I/41agaOHNtqL._SY355_.jpg,TIS farmaceutic,8.3,334,334,200,"3,334.61","3,334.61",178,"11,751",RO,3.84,1,4.2,"2,307",8,45,KLU.Farma (EU),Beauty,Extra Large Envelope,FBA,15.60 x 4.20 x 5.00 cm,0.16,N/A,"Sep 20, 2021",,No,57,KLU.Farma (EU)
51,"Tea Tree Shampoo - Fights Dandruff and Dry Scalp - for Daily Use - Men and Women, Promotes Heathy Scalp - 16 fl oz",B0849L3675,Irritated / Atopic,https://www.amazon.de/dp/B0849L3675?psc=1,DE,https://m.media-amazon.com/images/I/51YQDafFDnL._SY355_.jpg,Botanic Hearth,16.99,247,193,100,"4,120.71","3,275.80",114,"6,917",AE,6.02,1,4.3,"6,437",9,691,ROSENZA INTERNATIONAL TRADING L.L.C,Beauty,Extra Large Envelope,FBA,21.40 x 5.70 x 6.10 cm,0.54,N/A,"Aug 3, 2023",,No,34,ROSENZA INTERNATIONAL TRADING L.L.C
50,Wella Professionals Elements Renewing Shampoo ohne Sulfate und Silikone – beruhigende Haarpflege für empfindliche Kopfhaut – mit Aloe Vera und Vitamin E – 250 ml,B0CB6WCC6J,Irritated / Atopic,https://www.amazon.de/dp/B0CB6WCC6J?psc=1,DE,https://m.media-amazon.com/images/I/61eSq-6hVEL._SX342_.jpg,Wella Professionals,8.18,320,320,100,"3,119.16","3,119.18",161,"5,565",AMZ,3.86,8,4.3,260,6,7,Amazon,Kosmetik,Extra Large Envelope,AMZ,14.90 x 5.40 x 5.60 cm,0.29,N/A,"Aug 11, 2023",,No,34,Amazon
8,Ducray Kelual DS Shampoo I for the Treatment of Seborrheic Dermatitis I 3 x 100 ml Economy Set I Plus PharmaPerle giveaway,B0BNVRGVXD,Irritated / Atopic,https://www.amazon.de/dp/B0BNVRGVXD?psc=1,DE,"https://m.media-amazon.com/images/I/71r+3QxTHPL._AC_SY355_PIbundle-3,TopRight,0,0_SH20_.jpg",PHARMA PERLE,52.86,47,47,N/A,"2,951.70","2,951.70",122,"24,010",DE,N/A,1,4.9,12,5,0,Pharmacura,Beauty,N/A,MFN,N/A,N/A,N/A,"Dec 2, 2022",,No,42,Pharmacura
46,"Wella Professionals INVIGO SCALP BALANCE Sensitive Shampoo – Parfümfreies, sanftes Reinigungsshampoo für empfindliche Kopfhaut",B0CGRRDVZD,Irritated / Atopic,https://www.amazon.de/dp/B0CGRRDVZD?psc=1,DE,https://m.media-amazon.com/images/I/6114wrcTAmL._SX342_.jpg,Wella Professionals,15.43,773,151,100,"9,509.82","2,882.93",126,"3,298",AMZ,6.21,20,4.3,508,6,30,Amazon,Kosmetik,Small Parcel,AMZ,25.30 x 8.30 x 8.50 cm,1.1,N/A,"Feb 3, 2023",,No,40,Amazon
52,"OGX Nourishing + Coconut Milk Shampoo, 385 ml",B000TGEJT8,,https://www.amazon.de/dp/B000TGEJT8?psc=1,DE,https://m.media-amazon.com/images/I/61av2wt3TiL._SY355_.jpg,OGX,4.71,680,409,200,"4,621.70","2,861.04",45,"3,728",AMZ,4.63,2,4.4,"13,332",9,83,Amazon,Beauty,Extra Large Envelope,AMZ,15.30 x 5.40 x 8.30 cm,0.44,N/A,"Nov 6, 2012",,No,163,Amazon
43.3.,Wella Professionals Elements Renewing Shampoo – sulfat- & silikonfreie Pflege für empfindliche & juckende Kopfhaut – mit Aloe Vera & Vitamin E – beruhigend & feuchtigkeitsspendend,B0CHJFHY66,Irritated / Atopic,https://www.amazon.de/dp/B0CHJFHY66?psc=1,DE,https://m.media-amazon.com/images/I/61ZL6yteRML._SX342_.jpg,Wella Professionals,12.38,720,192,100,"13,112.46","2,820.80",179,"4,099",N/A,5.66,11,4.6,430,4,20,Amazon,Kosmetik,Small Parcel,AMZ,18.00 x 6.50 x 6.50 cm,0.55,N/A,"Sep 7, 2023",,No,33,Amazon
54,"Scandinavian Biolabs Bio-Pilixin Shampoo for Men - Strengthens Hair, Reduces Oiliness, Balances Scalp, 250ml",B0B5LGQY1B,,https://www.amazon.de/dp/B0B5LGQY1B?psc=1,DE,https://m.media-amazon.com/images/I/51eHFkDM08L._SY355_.jpg,Scandinavian Biolabs,24.37,115,98,50,"3,215.72","2,756.66",108,"14,154",DK,7.56,1,4,360,5,8,Scandinavian Biolabs,Beauty,Small Parcel,FBA,14.81 x 6.10 x 6.20 cm,0.29,N/A,"Jul 1, 2022",,No,47,Scandinavian Biolabs
48,DUCRAY Anaphase+ Shampoo Supplement for Hair Loss 400 ml Shampoo,B01LDQF1MQ,,https://www.amazon.de/dp/B01LDQF1MQ?psc=1,DE,https://m.media-amazon.com/images/I/41cVUqRoXoL._SY355_.jpg,Ducray,22.29,119,119,50,"2,722.50","2,722.47",64,"25,778",DE,6.58,3,4.4,282,7,13,FAAR OnlineApotheke,Beauty,Extra Large Envelope,MFN,18.70 x 4.90 x 7.20 cm,0.47,N/A,"Sep 1, 2016",,No,117,FAAR OnlineApotheke
9,Ducray Pack Extra Gentle Shampoo 2 x 400 ml,B07FCLTF6Q,Irritated / Atopic,https://www.amazon.de/dp/B07FCLTF6Q?psc=1,DE,"https://m.media-amazon.com/images/I/51tF6ufQJML._SY355_PIbundle-2,TopRight,0,0_AA355SH20_.jpg",Ducray,25.35,147,111,50,"3,073.26","2,671.73",43,"16,518",FR,7.27,10,4.6,259,1,5,INOPHARMA,Beauty,Extra Large Envelope,FBA,21.00 x 5.10 x 15.60 cm,0.92,N/A,"May 5, 2020",,No,73,INOPHARMA
48,Schwarzkopf BC Color Freeze Shampoo 1000ml Multicolor,B09TBCVGJ8,,https://www.amazon.de/dp/B09TBCVGJ8?psc=1,DE,https://m.media-amazon.com/images/I/61CRvzLRQ7L._SY355_.jpg,Schwarzkopf Professional,17.77,167,127,100,"3,263.34","2,662.09",53,"11,403",FR,6.34,24,4.5,552,8,5,FRANCE COIFFURE,Beauty,Small Parcel,FBA,26.40 x 7.80 x 8.00 cm,1.16,N/A,"Mar 15, 2022",,No,51,FRANCE COIFFURE
51,"Goldwell Dualsenses Scalp Specialist Sensitiv Schaum Shampoo für sensible Kopfhaut und dünner werdendes Haar, 250 ml | Haarshampoo für juckende Kopfhaut, mildes Schaumshampoo, sensitiv, sanft reinigend, beruhigt Juckreiz & Irritationen",B01N23X6WJ,Irritated / Atopic,https://www.amazon.de/dp/B01N23X6WJ?psc=1,DE,https://m.media-amazon.com/images/I/51xO9bjN3eL._SX342_.jpg,Goldwell,8.02,238,238,100,"2,375.49","2,375.51",235,"5,307",AMZ,4.96,13,4.6,322,10,1,Amazon,Kosmetik,Extra Large Envelope,AMZ,22.00 x 5.00 x 5.00 cm,0.31,N/A,"Jan 19, 2017",,No,113,Amazon
35,"Clear Men Shampoo Men's Refreshing Grease Control for Oily Hair, Anti-Dandruff and Anti-Sebum Effect, Up to 100% Protection Against Dandruff, with Niacinamide, 3 x 225 ml",B0DNTP3N6J,Irritated / Atopic,https://www.amazon.de/dp/B0DNTP3N6J?psc=1,DE,"https://m.media-amazon.com/images/I/81zcRwYlJ6L._SY355_PIbundle-3,TopRight,0,0_AA355SH20_.jpg",Clear,12.6,153,153,100,"2,297.62","2,297.62",170,"10,048",AMZ,6.69,6,4.5,406,7,24,Amazon,Beauty,Small Parcel,AMZ,23.30 x 9.20 x 15.90 cm,0.87,N/A,"Nov 22, 2024",,No,19,Amazon
58,Ducray Sensinol Anti-Itching Shampoo Instant Soothing Polidocanol Relieves Itching by 77% pH Skin Neutral Sensitive and Irritated Scalp Without Fragrances 400 ml,B0DXFZC4WV,Irritated / Atopic,https://www.amazon.de/dp/B0DXFZC4WV?psc=1,DE,https://m.media-amazon.com/images/I/510b1uwC5WL._SX342_.jpg,Ducray,19.15,93,93,50,"2,268.11","2,268.12",161,"41,900",N/A,7.35,14,4.4,53,6,2,,Beauty,Extra Large Envelope,MFN,18.60 x 5.00 x 6.60 cm,0.48,N/A,"Apr 24, 2020",,No,74,
51,"PHYSIOGEL Scalp Care Extra mildes Shampoo 200 ml - milde Reinigung und Pflege für irritierte, gereizte, trockene Kopfhaut - Irritationen minderndes Feuchtigkeitsshampoo",B08SWTQ2KS,Irritated / Atopic,https://www.amazon.de/dp/B08SWTQ2KS?psc=1,DE,https://m.media-amazon.com/images/I/61fbq6CqpNL._SY355_.jpg,Physiogel,13.36,137,137,50,"2,184.49","2,184.47",168,"12,173",AMZ,5.81,21,4.2,79,7,0,Amazon,Kosmetik,Extra Large Envelope,AMZ,18.20 x 5.30 x 7.90 cm,0.25,N/A,"Jan 1, 2021",,No,65,Amazon
57,"Kérastase Shampoo für empfindliche Kopfhaut und trockenes Haar, Beruhigendes und hypoallergenes Haarbad, Bain Riche Dermo-Calm, Spécifique, 250 ml",B01HBRACPW,Irritated / Atopic,https://www.amazon.de/dp/B01HBRACPW?psc=1,DE,https://m.media-amazon.com/images/I/61zhn5KeJ6L._SX342_.jpg,KÉRASTASE,36.4,60,60,N/A,"2,174.47","2,174.47",146,"29,541",AMZ,9.66,1,4.5,"2,089",7,7,Amazon,Kosmetik,Extra Large Envelope,AMZ,14.00 x 4.50 x 6.60 cm,0.28,N/A,"Aug 18, 2012",,No,166,Amazon
49,Balea Med Ultra Sensitive Shampoo Pack of 3 x 250 ml,B006NW34VG,Irritated / Atopic,https://www.amazon.de/dp/B006NW34VG?psc=1,DE,"https://m.media-amazon.com/images/I/61+uHcvawZL._AC_SY355_PIbundle-3,TopRight,0,0_SH20_.jpg",Volans,10.29,195,178,100,"2,563.78","2,164.21",52,"9,069",DE,5.31,10,4.6,69,1,0,Alle Preise inkl. Mwst,Beauty,Extra Large Envelope,FBA,15.20 x 15.60 x 6.00 cm,0.9,N/A,"Dec 19, 2011",,No,174,Alle Preise inkl. Mwst
38,"DERMASENCE Vitop Forte Mild Care Shampoo, 200 ml - For Itchy & Dry Scalp, for Eczema & Sensitive Skin, Daily Care with Oats & Panthenol, Vegan, for Children & Adults",B09XRCMJB8,Irritated / Atopic,https://www.amazon.de/dp/B09XRCMJB8?psc=1,DE,https://m.media-amazon.com/images/I/61YRqrFNWyL._AC_SY355_.jpg,DERMASENCE,12.14,144,144,50,"2,132.35","2,132.34",165,"11,185",N/A,5.64,20,4.5,79,6,5,Aromaölmanufaktur,Beauty,Extra Large Envelope,MFN,17.30 x 5.20 x 5.40 cm,0.26,N/A,"Apr 12, 2022",,No,50,Aromaölmanufaktur
33,Urtekram Nettle Shampoo Organic Anti-Dandruff 500 ml,B00K2VGTVG,Irritated / Atopic,https://www.amazon.de/dp/B00K2VGTVG?psc=1,DE,https://m.media-amazon.com/images/I/61CTjMUGzYL._SY355_.jpg,Urtekram,8.7,272,205,100,"7,153.33","2,123.18",52,"9,211",AMZ,4.95,9,4.2,"1,248",6,14,Amazon,Beauty,Small Parcel,AMZ,19.20 x 6.30 x 6.40 cm,0.55,N/A,"May 2, 2014",,No,145,Amazon
61.2.,Maria Nila Anti-Dandruff Shampoo Head & Hair Heal I Anti-Inflammatory Shampoo for Men and Women Against Scalp Irritation I Stimulates Hair Growth,B06XY486ZH,Irritated / Atopic,https://www.amazon.de/dp/B06XY486ZH?psc=1,DE,https://m.media-amazon.com/images/I/511jUO8jkuL._SY445_.jpg,Maria Nila,12.48,608,130,N/A,"19,158.54","1,951.50",145,"3,948",N/A,6.28,1,4.4,"1,959",6,0,Maria Nila by New Flag,Beauty,Large Envelope,FBA,10.90 x 3.90 x 3.90 cm,0.11,N/A,"Apr 26, 2017",,No,110,Maria Nila by New Flag
42,"ANNEMARIE BÖRLIND HAIR CARE BALANCE SHAMPOO (250 ml) - Anti-Schuppen-Shampoo, Beruhigung & Pflege für Empfindliche, Gereizte Kopfhaut, Lindert Juckreiz, Vegan",B0FKNK21FN,Irritated / Atopic,https://www.amazon.de/dp/B0FKNK21FN?psc=1,DE,https://m.media-amazon.com/images/I/61RmMD23dyL._SY355_.jpg,ANNEMARIE BÖRLIND,12.56,270,129,50,"4,088.79","1,929.86",158,"6,364",DE,5.66,2,4.7,47,9,1,ANNEMARIE BÖRLIND EU,Kosmetik,Extra Large Envelope,FBA,14.90 x 4.90 x 5.00 cm,0.28,N/A,"Jul 31, 2025",,No,11,ANNEMARIE BÖRLIND EU
20,"Evolsin Eczema & Psoriasis Shampoo for Psoriasis, Eczema & Eczema on Scalp & Body I Without Cortison I Medical Device I For Neurodermatitis & Psoriasis Scalp",B07TZ9HV1S,Irritated / Atopic,https://www.amazon.de/dp/B07TZ9HV1S?psc=1,DE,https://m.media-amazon.com/images/I/61scJ6ON4pL._SY355_.jpg,Evolsin,19.29,92,75,300,"2,529.68","1,724.93",157,"3,239",DE,6.86,12,4.2,"1,744",8,21,Evolsin,Beauty,Extra Large Envelope,FBA,18.40 x 5.50 x 5.70 cm,0.31,N/A,"Aug 21, 2019",,No,82,Evolsin
16,SIRIDERMA Care Basic Care Shampoo 250 ml Without Parabens and Silicone Vegan for Stressed Scalp,B07MCKSMMM,Irritated / Atopic,https://www.amazon.de/dp/B07MCKSMMM?psc=1,DE,https://m.media-amazon.com/images/I/61cP7Qzrt4L._SY355_.jpg,SIRIDERMA,15.08,102,93,50,"1,897.17","1,722.70",95,"17,146",N/A,6.25,6,4.4,153,8,0,Schongau-apo,Beauty,Extra Large Envelope,MFN,18.40 x 4.80 x 4.90 cm,0.3,N/A,"Oct 17, 2018",,No,92,Schongau-apo
27.1.,Wella Professionals INVIGO SCALP BALANCE Pure Shampoo - Gentle Cleansing for Sensitive Scalp - with Soothing Allantoin White 300 ml,B0CH8K9NMR,Irritated / Atopic,https://www.amazon.de/dp/B0CH8K9NMR?psc=1,DE,https://m.media-amazon.com/images/I/61na0I+S6dL._SY355_.jpg,Wella Professionals,7.47,558,161,50,"8,677.34","1,705.10",131,"3,223",N/A,4.28,27,4.4,884,6,36,,Beauty,Large Envelope,AMZ,14.00 x 3.00 x 3.00 cm,0.27,N/A,"Sep 4, 2023",,No,33,
9,"BIODERMA Nodé DS+ Anti-Dandruff Shampoo - Care for Hair and Scalp - Gently Cleans Reduces Sebum Secretion - Fresh, Light Fragrance - Prescribed by Dermatologists - Tube 125 ml",B09SKJM99R,Irritated / Atopic,https://www.amazon.de/dp/B09SKJM99R?psc=1,DE,https://m.media-amazon.com/images/I/61hE-QiKzjL._SY355_.jpg,Bioderma,16.04,88,88,50,"1,661.68","1,661.67",175,"26,382",DE,7.34,35,4.5,984,8,12,DermoBox,Beauty,Small Parcel,FBA,25.60 x 6.40 x 16.80 cm,0.16,N/A,"Feb 15, 2022",,No,52,DermoBox
63.1.,Guhl Kopfhaut Sensitiv Shampoo - Inhalt: 250 ml - Haartyp: alle,B0B6ZWM925,Irritated / Atopic,https://www.amazon.de/dp/B0B6ZWM925?psc=1,DE,https://m.media-amazon.com/images/I/71FUW+Fc1IL._SY355_.jpg,Guhl,2.76,412,412,400,"1,613.67","1,613.68",63,"2,596",AMZ,2.99,5,4.5,479,9,11,Amazon,Kosmetik,Large Envelope,AMZ,18.90 x 3.50 x 7.10 cm,0.3,N/A,"Jul 25, 2022",,No,47,Amazon
41,"Linola Shampoo 200ml – For Dry, Sensitive or eczema prone skin",B00E67IAXW,Irritated / Atopic,https://www.amazon.de/dp/B00E67IAXW?psc=1,DE,https://m.media-amazon.com/images/I/61L+Uk-dygL._SY355_.jpg,Linola,14.45,101,101,50,"1,490.74","1,490.75",62,"17,275",N/A,6.64,21,4.4,"1,318",8,1,Schongau-apo,Beauty,Extra Large Envelope,MFN,16.31 x 4.39 x 6.81 cm,0.26,N/A,"Jun 13, 2008",,No,216,Schongau-apo
52,Terzolin® Gentle PSO Care Shampoo for Psoriasis Prone Scalp and Stubborn Dandruff 200 ml,B0GVJNQXZP,Irritated / Atopic,https://www.amazon.de/dp/B0GVJNQXZP?psc=1,DE,https://m.media-amazon.com/images/I/512uqZzMCeL._SY355_.jpg,TERZOLIN,15.45,94,94,50,"1,486.89","1,486.90",88,"47,985",N/A,6.44,5,4.6,27,10,5,counterapo,Beauty,Large Envelope,MFN,15.90 x 3.50 x 5.70 cm,0.2,N/A,"Mar 31, 2026",,No,3,counterapo
14,RoyceDerm Seborrheic Psoriasis Scalp Shampoo: Neurodermatitis Anti-Dandruff Scalp Shampoo for Scalp & Body - Seborrheic Dermatitis Psoriasis Shampoo,B0D8JVCFZT,Irritated / Atopic,https://www.amazon.de/dp/B0D8JVCFZT?psc=1,DE,https://m.media-amazon.com/images/I/71Wa0BprzKL._SY355_.jpg,Roycederm,20.16,212,65,50,"4,077.32","1,431.77",148,"7,610",US,6.77,2,4.1,"2,032",8,26,Icarus Foundry,Beauty,Extra Large Envelope,FBA,18.20 x 5.40 x 5.60 cm,0.33,N/A,"Jul 1, 2024",,No,23,Icarus Foundry
21,Set of 2: Elkaderm Neutrea Sensitive Shampoo 250 ml (Suitable for Allergy Sufferers),B00KBWEDCI,Irritated / Atopic,https://www.amazon.de/dp/B00KBWEDCI?psc=1,DE,"https://m.media-amazon.com/images/I/41PbUL6skeL._SX355_PIbundle-2,TopRight,0,0_SX355SY309SH20_.jpg",Elkaderm,19.9,71,71,N/A,"1,403.68","1,403.70",84,"35,413",DE,6.41,3,4.7,80,1,0,hair & beauty center,Beauty,Extra Large Envelope,MFN,17.90 x 4.90 x 9.80 cm,0.57,N/A,"Jun 19, 2014",,No,144,hair & beauty center
20,Wella Professionals Wella Ultimate Repair Shampoo - Deep Cleansing Shampoo with Metal Purifier Technology - Repairing Moisturising Shampoo,B0C4PQKTGP,,https://www.amazon.de/dp/B0C4PQKTGP?psc=1,DE,https://m.media-amazon.com/images/I/6142OJwVbHL._SX342_.jpg,Wella Professionals,9.08,"1,873",148,N/A,"41,951.69","1,349.96",138,497,AMZ,5.3,16,4.5,"1,881",6,149,Amazon,Beauty,Large Envelope,AMZ,11.10 x 3.90 x 4.10 cm,0.12,N/A,"May 9, 2023",,No,37,Amazon
43.2.,Wella Professionals Elements Renewing Shampoo – sulfat- & silikonfreie Pflege für empfindliche & juckende Kopfhaut – mit Aloe Vera & Vitamin E – beruhigend & feuchtigkeitsspendend,B0CHJH4TW9,Irritated / Atopic,https://www.amazon.de/dp/B0CHJH4TW9?psc=1,DE,https://m.media-amazon.com/images/I/61cMNbHrZzL._SX342_.jpg,Wella Professionals,7.22,720,179,N/A,"13,112.46","1,345.07",179,"4,099",N/A,3.38,5,4.6,430,6,21,Haarboutique,Beauty,Extra Large Envelope,FBA,11.10 x 4.10 x 4.10 cm,0.1,N/A,"Sep 7, 2023",,No,33,Haarboutique
43,Bioxcin Keratin & Argan Repair Shampoo 300 Ml - Verwittertes und beschädigtes Haar,B0BWFMKW31,,https://www.amazon.de/dp/B0BWFMKW31?psc=1,DE,https://m.media-amazon.com/images/I/718+U2dhGtL._SY355_.jpg,Bioxcin,7.1,157,157,100,"1,328.40","1,328.41",82,"15,287",DE,3.72,6,4.5,364,6,1,Whole Basket,Beauty,Extra Large Envelope,FBA,16.50 x 4.90 x 11.10 cm,0.38,N/A,"Mar 9, 2023",,No,39,Whole Basket
52.1.,"Urtekram Fragrance Free Shampoo – Zertifiziertes Bio-Shampoo Vegan, Parfümfrei für empfindliche Kopfhaut, Aloe Vera & Glycerin, sanfte Reinigung & Feuchtigkeit, 250 ml (1er Pack)",B09GG91T8M,Irritated / Atopic,https://www.amazon.de/dp/B09GG91T8M?psc=1,DE,https://m.media-amazon.com/images/I/61f83PUYmLL._SY355_.jpg,Urtekram,6.64,670,144,50,"7,915.28","1,312.57",178,"3,086",N/A,3.08,9,4.3,945,6,29,Amazon,Kosmetik,Extra Large Envelope,AMZ,17.10 x 4.90 x 5.00 cm,0.29,N/A,"Sep 16, 2021",,No,57,Amazon
12,Joanna Ultra Color - Shampoo für Rosa Blond-Töne - Stärkendes revitalisierendes Haar-Shampoo - Farbauffrischung & Haarpflege - Neutralisiert gelblichen Farbton - 200 ml,B076H44J37,,https://www.amazon.de/dp/B076H44J37?psc=1,DE,https://m.media-amazon.com/images/I/610QNtrLvvL._SY355_.jpg,Joanna,5.51,282,187,50,"1,963.90","1,253.70",168,"7,465",LV,3.23,9,4.1,"1,650",7,15,EdelMarkt,Beauty,Large Envelope,FBA,16.40 x 3.20 x 6.30 cm,0.23,N/A,"Oct 18, 2017",,No,104,EdelMarkt
13,"Elkaderm Neutrea Plus 5% Urea Shampoo, 1000 ml, Unscented",B00JR10J4A,Irritated / Atopic,https://www.amazon.de/dp/B00JR10J4A?psc=1,DE,https://m.media-amazon.com/images/I/61VFvbZGwCL._SY355_.jpg,Elkaderm,29.85,37,37,N/A,"1,232.10","1,232.08",57,"49,324",DE,8.31,7,4.4,118,4,0,Haarfritzen,Beauty,Small Parcel,MFN,26.80 x 10.30 x 10.40 cm,1.09,N/A,"Apr 17, 2014",,No,146,Haarfritzen
58,"PHYSIOGEL Scalp Care Extra mildes Shampoo 200 ml - Kids Edition - milde Reinigung und Pflege für irritierte, gereizte, trockene Kopfhaut - Irritationen minderndes Feuchtigkeitsshampoo",B0F9LGCKF2,Irritated / Atopic,https://www.amazon.de/dp/B0F9LGCKF2?psc=1,DE,https://m.media-amazon.com/images/I/71qseV4nWuL._SY355_.jpg,Physiogel,13.36,75,75,50,"1,187.93","1,187.91",183,"3,277",AMZ,5.47,12,4.8,12,6,2,Amazon,Baby,Large Envelope,AMZ,17.80 x 3.70 x 8.20 cm,0.25,N/A,"May 22, 2025",,No,13,Amazon
31,DUCRAY Kelual Squanorm Shampoo Dry Dandruff Removes 100% Dandruff Probiotic Science Technology Moisturising 2 Months Relapse Protection Itchy Scalp 200 ml,B0DSGJF9SF,Irritated / Atopic,https://www.amazon.de/dp/B0DSGJF9SF?psc=1,DE,https://m.media-amazon.com/images/I/51mLaNrbU0L._SX342_.jpg,Ducray,13.87,88,88,50,"1,184.92","1,184.95",154,"22,063",N/A,4.97,15,4.1,70,7,5,,Beauty,Large Envelope,MFN,15.60 x 3.30 x 13.00 cm,0.25,N/A,"Jan 10, 2025",,No,17,
41,"LOGONA Naturkosmetik Sensitiv Shampoo für natürlich gesundes Haar, Geeignet für empfindliche, sensible Kopfhaut, Mildes Haarshampoo mit veganer Formel aus Bio Ringelblume, 1 x 250 ml",B005PO64BK,Irritated / Atopic,https://www.amazon.de/dp/B005PO64BK?psc=1,DE,https://m.media-amazon.com/images/I/71rWP4xbxZL._AC_SY355_.jpg,LOGONA Naturkosmetik,6.78,149,149,50,"1,122.27","1,122.24",182,"14,183",AMZ,3.34,9,4.5,378,7,2,Amazon,Kosmetik,Large Envelope,AMZ,16.60 x 3.90 x 6.50 cm,0.29,N/A,"May 4, 2010",,No,193,Amazon
51,Ducray Elution Rebalancing Shampoo 200ml,B01H5XNSI0,Irritated / Atopic,https://www.amazon.de/dp/B01H5XNSI0?psc=1,DE,https://m.media-amazon.com/images/I/61i3H8a342L._AC_SY355_.jpg,Ducray,15.12,79,68,N/A,"1,487.63","1,032.98",40,"21,705",DE,N/A,3,4.4,398,8,6,FAAR OnlineApotheke,Beauty,Extra Large Envelope,MFN,17.60 x 4.29 x 7.59 cm,0.23,N/A,"Jul 25, 2014",,No,143,FAAR OnlineApotheke
43.1.,Wella Professionals Elements Renewing Shampoo – sulfat- & silikonfreie Pflege für empfindliche & juckende Kopfhaut – mit Aloe Vera & Vitamin E – beruhigend & feuchtigkeitsspendend,B0CHLT8931,Irritated / Atopic,https://www.amazon.de/dp/B0CHLT8931?psc=1,DE,https://m.media-amazon.com/images/I/61FujloHwFL._SX342_.jpg,Wella Professionals,21.26,720,40,N/A,"13,112.46","1,016.28",179,"4,099",N/A,7.05,6,4.6,430,6,21,,Kosmetik,Small Parcel,AMZ,24.50 x 7.90 x 14.70 cm,1.1,N/A,"Sep 8, 2023",,No,33,
1,Node by Bioderma Fluide: Non-Detergent Fluid Shampoo 400ml,B002D4F100,Irritated / Atopic,https://www.amazon.de/dp/B002D4F100?psc=1,DE,https://m.media-amazon.com/images/I/61MW4X-JA6L._SY355_.jpg,Bioderma,18.33,72,59,N/A,948.33,823.43,58,"40,856",NL,5.43,9,4.2,818,4,10,Beauty by Filou,Beauty,Small Parcel,MFN,19.10 x 6.10 x 6.20 cm,0.47,N/A,"Jan 15, 2012",,No,173,Beauty by Filou
58,Ducray Sensinol Champu 400 ml,B08829W1WX,Irritated / Atopic,https://www.amazon.de/dp/B08829W1WX?psc=1,DE,https://m.media-amazon.com/images/I/619C91GD9CL._SY355_.jpg,Ducray,19.9,28,28,N/A,699.81,699.84,29,"85,979",PT,8.26,8,4.2,360,1,1,BOC Online,Beauty,Extra Large Envelope,MFN,18.60 x 5.00 x 6.20 cm,0.44,N/A,"Apr 24, 2020",,No,74,BOC Online
4,"Vichy Dercos Technique Shampoo for Treating Sensitive Scalp, Nourishes and Repairs Anti-Itch Silicone-Free Shampoo for Oily Hair and Sensitive Scalps, 200 ml",B091CM97D8,Irritated / Atopic,https://www.amazon.de/dp/B091CM97D8?psc=1,DE,https://m.media-amazon.com/images/I/61bTmTKsx1L._SX355_.jpg,La Roche-Posay,13.03,37,37,N/A,623.32,623.3,157,"23,796",AMZ,6.99,3,4.4,19,1,4,Amazon,Beauty,Extra Large Envelope,AMZ,17.20 x 4.90 x 5.00 cm,0.25,N/A,"Jun 26, 2021",,No,60,Amazon
53,Ducray Extra-gentle Shampoo 400ml,B0052ED0TM,Irritated / Atopic,https://www.amazon.de/dp/B0052ED0TM?psc=1,DE,https://m.media-amazon.com/images/I/51972eu1l1L._SX342_.jpg,Ducray,10.78,43,43,N/A,593.62,593.63,33,"22,060",AMZ,3.86,17,4.5,605,1,1,Amazon,Beauty,Extra Large Envelope,AMZ,20.10 x 4.60 x 6.70 cm,0.46,N/A,"Aug 17, 2012",,No,166,Amazon
5,Bioderma Nodé Fluide 3401573697197 Hair Shampoo 400 ml,B005ZGHCGY,Irritated / Atopic,https://www.amazon.de/dp/B005ZGHCGY?psc=1,DE,https://m.media-amazon.com/images/I/61Qa9ci9PoL._SY355_.jpg,Bioderma,12.01,44,44,N/A,547.4,547.4,54,"20,055",FR,5.27,12,4.2,138,7,0,Cocooncenter,Beauty,Extra Large Envelope,MFN,18.80 x 6.00 x 6.00 cm,0.47,N/A,"Dec 13, 2017",,No,102,Cocooncenter
6,Bioderma NODE Shampoo 400 + 400 ml Pack of 2,B00DW3IV76,Irritated / Atopic,https://www.amazon.de/dp/B00DW3IV76?psc=1,DE,"https://m.media-amazon.com/images/I/6136d5s7buL._SY355_PIbundle-2,TopRight,0,0_AA355SH20_.jpg",Bioderma,35.7,16,16,N/A,523.08,523.08,44,"77,180",N/A,9.83,4,4.4,713,4,3,Amazon,Beauty,Small Parcel,FBA,19.20 x 6.20 x 12.50 cm,0.94,N/A,"Feb 7, 2013",,No,160,Amazon
50,DUCRAY Anaphase Shampoo for Temporary Hair Loss Strengthens & Accelerates Growth Amino Acids and Minerals +81% Stronger Hair Visibly More Volume Powerless Hair 400 ml,B0FB9PFHVS,,https://www.amazon.de/dp/B0FB9PFHVS?psc=1,DE,https://m.media-amazon.com/images/I/514kz06mGmL._SX342_.jpg,Ducray,17.82,24,24,N/A,500.12,500.13,166,"40,616",N/A,6.21,16,3.3,3,8,0,,Beauty,Extra Large Envelope,MFN,18.80 x 4.80 x 7.10 cm,0.45,N/A,"May 30, 2025",,No,13,
54,DUCRAY Elution Anti-Dandruff Accompanying Care Shampoo Protects Microbiome Piroctone Olamine Prevents Relapses Particularly Mild For Sensitive Scalp & Coloured Hair 200 ml,B0DB5Y57M1,Irritated / Atopic,https://www.amazon.de/dp/B0DB5Y57M1?psc=1,DE,https://m.media-amazon.com/images/I/51T9EQwne4L._SX342_.jpg,Ducray,11.01,29,29,N/A,456.7,456.74,171,"34,468",AMZ,6.04,13,4.3,14,6,2,Amazon,Beauty,Large Envelope,AMZ,15.60 x 3.40 x 5.70 cm,0.23,N/A,"Aug 14, 2024",,No,22,Amazon
38,Ducray Ducray Elution Shampoo 2 x 400 ml,B07GWN2TBS,Irritated / Atopic,https://www.amazon.de/dp/B07GWN2TBS?psc=1,DE,"https://m.media-amazon.com/images/I/51sPOVw8tgL._AC_SY355_PIbundle-2,TopRight,0,0_SH20_.jpg",Ducray,30.92,79,11,N/A,"1,487.63",454.63,40,"21,705",N/A,8.98,4,4.4,398,1,6,NEOLUXESTORE,Beauty,Small Parcel,FBA,19.70 x 7.30 x 12.40 cm,0.91,N/A,"Jun 12, 2019",,No,84,NEOLUXESTORE
13,Bioderma Nodé A Soothing Shampoo 400ml,B0052ECRUA,Irritated / Atopic,https://www.amazon.de/dp/B0052ECRUA?psc=1,DE,https://m.media-amazon.com/images/I/51hAfqhPkdL._SY355_.jpg,Bioderma,14.8,27,27,N/A,432.15,432.14,38,"72,834",FR,5.69,6,4.3,762,1,N/A,Cocooncenter,Beauty,Extra Large Envelope,MFN,19.10 x 5.80 x 6.00 cm,0.46,N/A,"Aug 30, 2012",,No,166,Cocooncenter
45,DUCRAY Kelual Squanorm Shampoo Dry Dandruff Removes 100% Dandruff Probiotic Science Technology Moisturising 2 Months Relapse Protection Itchy Scalp 400 ml,B0DJQZN9GW,Irritated / Atopic,https://www.amazon.de/dp/B0DJQZN9GW?psc=1,DE,https://m.media-amazon.com/images/I/51PZNfBATCL._SX342_.jpg,Ducray,18.74,21,21,N/A,429.09,429.08,154,"97,030",N/A,5.8,20,4.3,52,8,2,,Beauty,Small Parcel,MFN,20.60 x 7.70 x 10.60 cm,0.49,N/A,"Oct 9, 2024",,No,20,
57,Ducray Anaphase Shampoo for Chronic Hair Loss Strengthens and Revitalises – Increases Active Ingredient Absorption by 4.6 Times in Minoxidil Therapy – For Thinning Hair – 200 ml,B07H3Q74YR,,https://www.amazon.de/dp/B07H3Q74YR?psc=1,DE,https://m.media-amazon.com/images/I/516NlVxmZpL._SX342_.jpg,Ducray,17.55,31,31,N/A,382.04,382.03,177,"31,586",NL,5.8,9,4.5,839,9,5,apodiscounter,Beauty,Extra Large Envelope,MFN,18.69 x 5.41 x 7.11 cm,0.24,N/A,"Sep 14, 2018",,No,93,apodiscounter
23,DUCRAY-SQUANORM SH FORF SECC 200,B07283S8RM,Irritated / Atopic,https://www.amazon.de/dp/B07283S8RM?psc=1,DE,https://m.media-amazon.com/images/I/61sKAeRfC3L._SY355_.jpg,Ducray,15.94,19,19,N/A,365.73,365.75,32,"32,063",BG,5.66,4,4,121,6,1,AR First Aid,Beauty,Extra Large Envelope,MFN,16.40 x 4.20 x 7.20 cm,0.26,N/A,"Nov 18, 2016",,No,115,AR First Aid
14,"Bioderma Nodé K Shampoo, 150 ml",B002WZHTXM,Irritated / Atopic,https://www.amazon.de/dp/B002WZHTXM?psc=1,DE,https://m.media-amazon.com/images/I/61-D2kwlNxL._SY355_.jpg,Bioderma,14.5,18,18,N/A,330.58,330.6,31,"46,282",DE,6.79,30,4.5,684,4,0,DermoBox,Beauty,Extra Large Envelope,FBA,16.20 x 5.70 x 9.70 cm,0.19,N/A,"Dec 17, 2008",,No,210,DermoBox
27,BIODERMA ABCDerm Baby Shampoo - Gentle Cleansing of Children's Sensitive Scalp - Does Not Burn in the Eyes - Respects Hair Balance - Bottle 200 ml,B0052EF5A4,Irritated / Atopic,https://www.amazon.de/dp/B0052EF5A4?psc=1,DE,https://m.media-amazon.com/images/I/51k7OHdL26L._SY355_.jpg,Bioderma,12.02,23,23,N/A,324.44,324.47,146,"36,687",FR,N/A,15,4.4,404,1,1,Cosmeco,Beauty,Extra Large Envelope,FBA,15.90 x 4.50 x 4.80 cm,0.25,N/A,"Feb 27, 2012",,No,172,Cosmeco
20,Ducray Elution Dermo-protective Treatment Shampoo 400ml,B0052ECZUM,Irritated / Atopic,https://www.amazon.de/dp/B0052ECZUM?psc=1,DE,https://m.media-amazon.com/images/I/51TiSx5gx6L._SY355_.jpg,Ducray,20.29,12,12,N/A,271.51,271.51,55,"96,922",N/A,6.76,2,4.3,182,1,0,europetrade,Beauty,Extra Large Envelope,FBA,18.60 x 4.90 x 7.20 cm,0.45,N/A,"Aug 7, 2012",,No,166,europetrade
40,"Ducray Extra-Mild Scalp Protection Shampoo, Dermatological Hair Care for Babies, Children and Adults, Particularly Compatible, Clinically Tested, 200 ml",B09W1LG3K1,Irritated / Atopic,https://www.amazon.de/dp/B09W1LG3K1?psc=1,DE,https://m.media-amazon.com/images/I/41Nnt892caL._AC_SX342_.jpg,Ducray,10.92,16,16,N/A,216.61,216.6,152,"80,011",DE,5.67,15,4.2,50,6,0,Svee Cosmetics,Beauty,Large Envelope,FBA,15.40 x 3.30 x 5.90 cm,0.23,N/A,"Jul 1, 2023",,No,35,Svee Cosmetics
49,Ducray Extra-gentle Shampoo Pump Bottle 400ml,B007YUN574,Irritated / Atopic,https://www.amazon.de/dp/B007YUN574?psc=1,DE,https://m.media-amazon.com/images/I/51tYj1j5W8L._SY355_.jpg,Ducray,14.35,12,12,N/A,207.29,207.27,45,"106,132",N/A,6.97,11,4.4,346,2,2,europetrade,Beauty,Extra Large Envelope,FBA,25.50 x 5.20 x 8.70 cm,0.46,N/A,"Sep 1, 2015",,No,129,europetrade
7,Bioderma Node Fluide Shampoo 200 ml shampoo,B00KTGGLWQ,Irritated / Atopic,https://www.amazon.de/dp/B00KTGGLWQ?psc=1,DE,https://m.media-amazon.com/images/I/51l-ltE-fQL._AC_SY355_.jpg,Bioderma,12.92,15,15,N/A,189.79,189.79,43,"53,096",DE,5.29,10,4.9,9,4,0,STVmedAppo,Beauty,Extra Large Envelope,MFN,15.60 x 4.60 x 4.70 cm,0.24,N/A,"Jun 5, 2014",,No,144,STVmedAppo
59,Ducray Sensinol CHAMPU 200 ml,B007YUMQ92,Irritated / Atopic,https://www.amazon.de/dp/B007YUMQ92?psc=1,DE,https://m.media-amazon.com/images/I/41xgq5vQJVL._SY355_.jpg,Ducray,16.71,10,10,N/A,166.82,166.84,29,"57,267",NL,5.68,11,4.3,333,7,0,Apotheke Online,Beauty,Extra Large Envelope,MFN,4.80 x 19.40 x 6.40 cm,0.3,N/A,"Jan 15, 2013",,No,161,Apotheke Online
54,Ducray Elution Shampoo 200ml,B000Q31OD8,Irritated / Atopic,https://www.amazon.de/dp/B000Q31OD8?psc=1,DE,https://m.media-amazon.com/images/I/41GN6X0eHAL._SY445_.jpg,Ducray,13.59,10,10,N/A,155.65,155.63,28,"43,800",BG,5.3,5,4.5,874,1,7,AR First Aid,Beauty,Large Envelope,MFN,15.40 x 3.30 x 5.60 cm,0.23,N/A,"Jun 11, 2008",,No,216,AR First Aid
8,Bioderma Italia Nodé Fluido Shampoo Delicate Daily - 280 ml,B0041MB1GA,Irritated / Atopic,https://www.amazon.de/dp/B0041MB1GA?psc=1,DE,https://m.media-amazon.com/images/I/51rEIO-aVVL._SY355_.jpg,Bioderma,12.35,72,13,N/A,948.33,124.93,59,"40,856",N/A,3.58,10,4.2,818,7,10,Schongau-apo,Beauty,Extra Large Envelope,MFN,15.90 x 5.10 x 5.20 cm,0.25,N/A,"Sep 1, 2010",,No,189,Schongau-apo
19,Bioderma Node K Shampoo 150 ml,B00E5AKUOM,Irritated / Atopic,https://www.amazon.de/dp/B00E5AKUOM?psc=1,DE,https://m.media-amazon.com/images/I/51pCgev1SwS._SY355_.jpg,Bioderma,14.63,2,2,N/A,43.26,43.27,30,"197,415",DE,6.58,5,3.8,6,2,0,CuraVendi - Die Bonus-Apotheke,Beauty,Extra Large Envelope,MFN,16.70 x 5.70 x 6.70 cm,0.18,N/A,"Jul 25, 2013",,No,155,CuraVendi - Die Bonus-Apotheke
21,NodÃ‰ P apaisant champú caspa moderada 400 ml,B09TD1CWGF,Irritated / Atopic,https://www.amazon.de/dp/B09TD1CWGF?psc=1,DE,https://m.media-amazon.com/images/I/51oiqYrjt2L._SY355_.jpg,Bioderma,14.64,2,2,N/A,30.63,30.63,45,"190,398",FR,7.05,5,4.4,65,2,0,Parapharmacie Centrale,Beauty,Small Parcel,FBA,18.90 x 6.20 x 6.40 cm,0.46,N/A,"Sep 30, 2022",,No,45,Parapharmacie Centrale
12,Ducray Extra Mild Organic Shampoo 200 ml,B007MPK4EI,Irritated / Atopic,https://www.amazon.de/dp/B007MPK4EI?psc=1,DE,https://m.media-amazon.com/images/I/41K8zEUNLPL._SY355_.jpg,Ducray,11.88,2,2,N/A,28.07,28.05,40,"211,611",DE,N/A,3,5,2,1,0,CuraVendi - Die Bonus-Apotheke,Beauty,N/A,MFN,N/A,N/A,N/A,"Mar 20, 2012",,No,171,CuraVendi - Die Bonus-Apotheke
20,"Bioderma Nodé K Shampoo, 150 ml",B00B71IKTO,Irritated / Atopic,https://www.amazon.de/dp/B00B71IKTO?psc=1,DE,https://m.media-amazon.com/images/I/614sZvaZUPL._SY355_.jpg,Bioderma,16.79,1,1,N/A,21.6,21.61,31,"177,207",FR,6.62,2,4.6,15,6,0,Parapharmacie Centrale,Beauty,Extra Large Envelope,FBA,16.40 x 5.70 x 6.50 cm,0.19,N/A,"Jan 28, 2013",,No,161,Parapharmacie Centrale
38,Bioderma Abcderm Soft Shampoo 200ml,B073DFY982,Irritated / Atopic,https://www.amazon.de/dp/B073DFY982?psc=1,DE,https://m.media-amazon.com/images/I/51srm-6JNzL._SY355_.jpg,Bioderma,18.67,1,1,N/A,15.88,15.86,35,"318,798",BG,6.86,3,4.7,17,1,0,AR First Aid,,Extra Large Envelope,MFN,15.70 x 5.00 x 5.10 cm,0.25,N/A,"Jan 4, 2018",,No,101,AR First Aid
12,Bioderma Node Shampoo Fluid 400 ml,B08HTSM6SD,Irritated / Atopic,https://www.amazon.de/dp/B08HTSM6SD?psc=1,DE,https://m.media-amazon.com/images/I/61gcZvVeCLL._SY355_.jpg,Bioderma,22.41,0,0,N/A,0,0.58,34,"564,547",PT,8.58,2,5,1,1,0,BOC Online,Beauty,Small Parcel,MFN,19.10 x 6.50 x 16.10 cm,0.48,N/A,"Jan 29, 2016",,No,125,BOC Online
28,Node A Lenit Del Shampoo 400 ml,B07H95WBPK,Irritated / Atopic,https://www.amazon.de/dp/B07H95WBPK?psc=1,DE,https://m.media-amazon.com/images/I/51KK+sEiFFL._SY355_.jpg,Bioderma,24,0,0,N/A,0,0,31,N/A,DE,6.89,5,4.9,10,2,1,PS Online Stores,,Extra Large Envelope,MFN,19.10 x 6.00 x 6.00 cm,0.45,N/A,"May 10, 2022",,No,49,PS Online Stores
7,Ducray Extra Mild Shampoo Organic 200 ml,B00E6VMARK,Irritated / Atopic,https://www.amazon.de/dp/B00E6VMARK?psc=1,DE,https://m.media-amazon.com/images/I/41tgEDmEbeL._SY355_.jpg,Ducray,13.61,0,0,N/A,0,0,40,"294,938",NL,5.07,6,5,2,6,0,apodiscounter,Beauty,Large Envelope,MFN,3.80 x 16.60 x 7.60 cm,0.28,N/A,"Jul 27, 2013",,No,155,apodiscounter
47.,"Nizoral Anti-Dandruff Treatment Shampoo, Treats and Prevents Dandruff, Clinically Proven to Control Itchy & Flaky Scalps, Contains Ketoconazole, 1 x 100ml",B0DQV8G9HR,Irritated / Atopic,https://www.amazon.co.uk/dp/B0DQV8G9HR?psc=1,UK,https://m.media-amazon.com/images/I/71a7CQJ4ZmL._AC_SY355_.jpg,Nizoral,8.12,"24,857","24,857","20,000","242,102.96","242,102.93",154,35,AMZ,4.22,7,4.6,"1,445",9,149,Amazon,Beauty,Extra Large Envelope,AMZ,15.00 x 4.20 x 6.90 cm,0.1,N/A,"Dec 18, 2024",,No,18,Amazon
49.,"Nizoral Anti-Dandruff Treatment Shampoo, Treats and Prevents Dandruff, Clinically Proven to Control Itchy & Flaky Scalps, Contains Ketoconazole, 1 x 60ml",B001ETUD5I,Irritated / Atopic,https://www.amazon.co.uk/dp/B001ETUD5I?psc=1,UK,https://m.media-amazon.com/images/I/71qKCWaWJGL._AC_SY355_.jpg,Nizoral,5.82,"22,754","22,769","10,000","150,269.81","150,375.91",153,"1,238",AMZ,2.94,18,4.6,"31,572",9,72,Amazon,Beauty,Large Envelope,AMZ,14.10 x 2.90 x 5.70 cm,0.09,N/A,"Aug 25, 2008",,No,214,Amazon
14.,"Polytar Scalp Shampoo, For Scalp Conditions, Reduces Itching, Inflammation and Scales, Shampoo Treats Psoriasis, Seborrhoeic Dermatitis, Eczema and Dandruff, Contains Coal Tar Solution, 1 x 150ml",B07NPW27GG,Irritated / Atopic,https://www.amazon.co.uk/dp/B07NPW27GG?psc=1,UK,https://m.media-amazon.com/images/I/51mDg3JzvTL._AC_SY355_.jpg,Polytar,7.49,"11,890","11,890","8,000","125,993.18","125,993.16",195,222,AMZ,3.18,10,4.5,"5,458",7,40,Amazon,Beauty,Large Envelope,AMZ,16.40 x 3.40 x 7.60 cm,0.19,N/A,"Apr 5, 2019",,No,86,Amazon
43.,"Neutrogena T/Gel Scalp Relief Anti-Dandruff Shampoo (250ml) With 3% Salicylic Acid, Suitable for Those Prone to Scalp Psoriasis and Seborrhoeic Dermatitis, Packaging may vary",B0DSGCJSZF,Irritated / Atopic,https://www.amazon.co.uk/dp/B0DSGCJSZF?psc=1,UK,https://m.media-amazon.com/images/I/61n55bAXRZL._AC_SY355_.jpg,Neutrogena,5.62,"13,718","13,718","10,000","104,974.99","104,975.02",174,136,AMZ,3.06,10,4.5,"1,900",6,134,Amazon,Beauty,Large Envelope,AMZ,17.90 x 3.70 x 7.00 cm,0.31,N/A,"Dec 1, 2024",,No,18,Amazon
65.,"Redken Amino Mint Scalp Relief Shampoo For Oily Scalps, Purifying Cleanser Formulated With Amino Acids To Soothe The Scalp And Nourish Dry Lengths, 300ml",B09LYWXD3Q,Irritated / Atopic,https://www.amazon.co.uk/dp/B09LYWXD3Q?psc=1,UK,https://m.media-amazon.com/images/I/5187r+3XKML._AC_SX342_.jpg,Redken,13.65,"4,544","4,544","2,000","86,344.89","86,344.89",153,"1,537",AMZ,5.82,12,4.4,"2,716",6,50,Amazon,Beauty,Extra Large Envelope,AMZ,17.40 x 5.60 x 7.10 cm,0.35,N/A,"Jan 14, 2022",,No,53,Amazon
64.,"Aveeno Scalp Soothing Haircare Clarify & Shine Shampoo, Apple Cider Vinegar Blend, for All Hair Types, Soothes Dry, Itchy & Flaky Scalp, Clinically Proven, Sulfate Free, 300ml",B0BQTMHNW9,Irritated / Atopic,https://www.amazon.co.uk/dp/B0BQTMHNW9?psc=1,UK,https://m.media-amazon.com/images/I/61Zo4uoLF8L._AC_SY355_.jpg,Aveeno,3.98,"14,477","14,477","10,000","79,043.26","79,043.26",175,106,AMZ,2.9,9,4.5,"3,643",9,34,Amazon,Beauty,Extra Large Envelope,AMZ,17.40 x 4.10 x 8.40 cm,0.34,N/A,"Feb 1, 2023",,No,40,Amazon
79.,"Vichy Dercos Technique Anti-Dandruff Purifying Shampoo, With 1% Salicylic Acid & Selenium Disulfide, For Sensitive Oily Hair & Scalp, Removes Visible Flakes, 390ml",B00WN2BY7G,Irritated / Atopic,https://www.amazon.co.uk/dp/B00WN2BY7G?psc=1,UK,https://m.media-amazon.com/images/I/51gUbb5fuiL._AC_SX342_.jpg,VICHY,16.79,"4,244","4,244","4,000","67,672.85","67,672.87",163,809,AMZ,5.5,1,4.7,"11,271",11,242,Amazon,Beauty,Extra Large Envelope,AMZ,20.20 x 5.90 x 5.90 cm,0.45,N/A,"Apr 24, 2015",,No,134,Amazon
21.,"Folliculitis & Seborrheic Dermatitis Shampoo – Anti-Dandruff, Psoriasis & Itchy Scalp Treatment – Soothes Redness, Flaking & Irritation",B0FGGTST5H,Irritated / Atopic,https://www.amazon.co.uk/dp/B0FGGTST5H?psc=1,UK,https://m.media-amazon.com/images/I/71IqBcDgPuL._AC_SY355_.jpg,PHARMBANNER,17.41,"3,940","3,033","2,000","85,713.66","66,029.45",135,"1,071",US,6.28,2,4.4,"1,524",8,42,PHARMBANNER Store,Beauty,Extra Large Envelope,FBA,17.70 x 5.50 x 5.60 cm,0.31,N/A,"Jul 2, 2025",,No,11,PHARMBANNER Store
8.,"E45 Dry Scalp Shampoo for Very Dry, Itchy and Flaky Scalp - Anti Dandruff Shampoo with hydrating Vitamin B5 – Free from fragrance, soap and perfume 200ml",B001RYUCQU,Irritated / Atopic,https://www.amazon.co.uk/dp/B001RYUCQU?psc=1,UK,https://m.media-amazon.com/images/I/51HBv-3f1lL._AC_SY355_.jpg,E45,4.16,"8,561","8,561","7,000","49,943.42","49,943.42",153,289,AMZ,2.86,4,4.5,"6,808",6,42,Amazon,Beauty,Large Envelope,AMZ,15.50 x 3.30 x 6.40 cm,0.23,N/A,"Aug 21, 2008",,No,214,Amazon
28.,"Neutrogena T/Gel Scalp Relief Anti-Dandruff Shampoo (150ml) With 3% Salicylic Acid, Suitable for Those Prone to Scalp Psoriasis and Seborrhoeic Dermatitis",B0DW3XJTVJ,Irritated / Atopic,https://www.amazon.co.uk/dp/B0DW3XJTVJ?psc=1,UK,https://m.media-amazon.com/images/I/61LO4LbU84L._AC_SY355_.jpg,Neutrogena,4.68,"6,863","6,863","5,000","41,180.23","41,180.23",154,71,AMZ,2.94,13,4.5,821,6,66,Amazon,Baby Products,Large Envelope,AMZ,16.00 x 3.40 x 5.60 cm,0.2,N/A,"Nov 25, 2024",,No,19,Amazon
57.,"Head & Shoulders DermaXPro Soothing Comfort Anti Dandruff Shampoo 500ml with Aloe Vera Extract and Ceramide Complex. Soothes Dry, Itchy Scalp and Helps Reinforce the Skin Barrier",B0BRCXJHNM,Irritated / Atopic,https://www.amazon.co.uk/dp/B0BRCXJHNM?psc=1,UK,https://m.media-amazon.com/images/I/51rLC5RhtnL._AC_SY355_.jpg,Head & Shoulders,5.54,"6,061","6,061","5,000","40,921.6","40,921.57",178,594,AMZ,3.97,3,4.6,"2,781",7,47,Amazon,Beauty,Extra Large Envelope,AMZ,21.70 x 4.75 x 8.00 cm,0.56,N/A,"Dec 30, 2022",,No,42,Amazon
66.,"Aveeno Scalp Soothing Haircare Daily Moisture Shampoo, Oat Milk Blend, for Dry Hair, Soothes Dry, Itchy & Flaky Scalp, Clinically Proven, Sulfate Free, 300ml",B0BQTDD9RF,Irritated / Atopic,https://www.amazon.co.uk/dp/B0BQTDD9RF?psc=1,UK,https://m.media-amazon.com/images/I/61asACT9PCL._AC_SY355_.jpg,Aveeno,3.98,"6,578","6,578","5,000","35,918.1","35,918.11",157,539,AMZ,3.65,6,4.5,"2,546",9,30,,Beauty,Extra Large Envelope,AMZ,17.30 x 4.10 x 8.20 cm,0.35,N/A,"Feb 1, 2023",,No,40,
20.,"Sea Magik - Salicylic Acid Shampoo for Psoriasis & Itchy Scalp Relief, Soothing Antibacterial Seaweed Treatment for Medicated Conditions Like Folliculitis, Eczema & Scalp Acne, Cruelty-Free (300ml)",B08NPPK4CX,Irritated / Atopic,https://www.amazon.co.uk/dp/B08NPPK4CX?psc=1,UK,https://m.media-amazon.com/images/I/61RGjHqAEyL._AC_SY355_.jpg,Sea Magik,9.79,"3,881","2,768","2,000","55,807.71","32,426.86",197,947,GB,4.74,9,4.3,"1,110",9,37,Sea Magik,Beauty,Extra Large Envelope,FBA,19.80 x 5.10 x 5.10 cm,0.34,N/A,"Nov 17, 2020",,No,67,Sea Magik
67.,"Vichy Dercos Anti-Dandruff Dermatological Shampoo for Dry Hair & Sensitive Scalp, with Salicylic Acid & Selenium Sulfide, 200ml, Soothes Itchiness & Nourishes.",B00VTQXCAE,Irritated / Atopic,https://www.amazon.co.uk/dp/B00VTQXCAE?psc=1,UK,https://m.media-amazon.com/images/I/41EUHaCZ0nL._AC_SX342_.jpg,,11.62,"2,772","2,772","2,000","32,036.09","32,036.08",159,"3,193",AMZ,4.72,1,4.6,"6,896",1,131,Amazon,Beauty,Extra Large Envelope,AMZ,17.40 x 5.20 x 5.50 cm,0.24,N/A,"May 8, 2008",,No,217,Amazon
43.,"Kérastase Symbiose, Moisturising Anti-Dandruff Cellular Shampoo, For Dry, Sensitive Scalps Prone To Dandruff, Sulphate-Free, Silicone-Free, Bain Crème Anti-Pelliculaire, 250 ml",B0BNNV8K2D,Irritated / Atopic,https://www.amazon.co.uk/dp/B0BNNV8K2D?psc=1,UK,https://m.media-amazon.com/images/I/51Yhs+38vYL._AC_SX342_.jpg,KÉRASTASE,21.7,"1,370","1,370","1,000","31,877.66","31,877.67",176,"2,479",AMZ,6.24,1,4.6,"1,780",10,38,Amazon,Beauty,Extra Large Envelope,AMZ,14.20 x 4.20 x 6.50 cm,0.29,N/A,"Jan 2, 2023",,No,41,Amazon
65.,"The Body Shop Ginger Anti-Dandruff Shampoo (1x 250ml), Clarifying Shampoo for Dry, Itchy and Flaky Scalp, Vegan Haircare, Suitable for Sensitive Scalps",B0DLKXPB3X,Irritated / Atopic,https://www.amazon.co.uk/dp/B0DLKXPB3X?psc=1,UK,https://m.media-amazon.com/images/I/718HtWV+JpL._AC_SY355_.jpg,The Body Shop,10,"8,025","2,849","2,000","115,113.73","31,392.8",151,473,GB,4.78,2,4.6,"2,621",6,63,The Body Shop UK,Beauty,Extra Large Envelope,FBA,13.40 x 5.20 x 5.30 cm,0.29,N/A,"Nov 22, 2024",,No,19,The Body Shop UK
58.,"Neutrogena T/Gel 2 in 1 Anti-Dandruff Shampoo and Conditioner (1x 250ml), Shampoo and Conditioner to Help Fight Dandruff From First Wash, Haircare for Soft, Shiny Healthy-Looking Hair and Scalp",B07N1FF7CS,Irritated / Atopic,https://www.amazon.co.uk/dp/B07N1FF7CS?psc=1,UK,https://m.media-amazon.com/images/I/71zlDE-lQ6L._AC_SY355_.jpg,Neutrogena,5,"5,878","4,480","3,000","40,775.19","30,285.16",193,540,AMZ,2.97,15,4.6,"5,942",5,46,Amazon,Beauty,Large Envelope,AMZ,18.20 x 3.70 x 6.80 cm,0.31,N/A,"Jan 22, 2019",,No,89,Amazon
73.,"Neutrogena T/Gel Anti Dandruff Shampoo for Oily Scalp and Hair (1x 250ml), Daily Anti-Dandruff Shampoo with Salicylic Acid to Remove Excess Oils from First Wash",B07N1DQ9QW,Irritated / Atopic,https://www.amazon.co.uk/dp/B07N1DQ9QW?psc=1,UK,https://m.media-amazon.com/images/I/71mj1s8Q55L._AC_SY355_.jpg,Neutrogena,5,"4,260","4,260","3,000","30,198.32","30,198.32",160,779,AMZ,2.97,10,4.6,"3,100",6,40,Amazon,Beauty,Large Envelope,AMZ,18.00 x 3.80 x 6.90 cm,0.31,N/A,"May 22, 2019",,No,85,Amazon
22.,"Psoriasis & Folliculitis Scalp Treatment Shampoo: Seborrheic Dermatitis Formula, Anti-Dandruff, Itchy and Dry Scalp Care with Salicylic Acid, Piroctone Olamine, Biotin, Rosemary, Coconut Oil",B0GL2T9QSZ,Irritated / Atopic,https://www.amazon.co.uk/dp/B0GL2T9QSZ?psc=1,UK,https://m.media-amazon.com/images/I/71laOpg4JjL._AC_SY355_.jpg,Recuren Plus,21.66,"1,180","1,180",900,"26,986.15","26,986.15",190,"6,320",GB,6.88,2,4.7,261,8,27,Regeneration Store,Beauty,Extra Large Envelope,FBA,21.50 x 5.20 x 5.50 cm,0.35,N/A,"Feb 2, 2026",,No,4,Regeneration Store
61.,"Aveeno Skin Relief Soothing Shampoo, With Soothing Oat, Suitable For very dry sensitive Scalp, Suitable for Thin & Fragile Hair, Soap Free, High Tolerance Formula, 300ml",B017TFCRHC,Irritated / Atopic,https://www.amazon.co.uk/dp/B017TFCRHC?psc=1,UK,https://m.media-amazon.com/images/I/51xlwpwxr+L._AC_SY355_.jpg,Aveeno,6.67,"2,818","2,818","2,000","25,599","25,598.98",169,"1,472",AMZ,3.2,10,4.5,"4,874",6,7,Amazon,Beauty,Extra Large Envelope,AMZ,17.30 x 4.10 x 8.30 cm,0.37,N/A,"Nov 10, 2015",,No,127,Amazon
38.,"Eucerin DermoCapillaire Calming Urea Shampoo 250ml, Psoriasis and Dermatitis Shampoo for Dry, Itchy Scalp, Fragrance-Free, Moisturising with Urea, Lactate, Paraben- and Silicon-Free",B009P0V9UQ,Irritated / Atopic,https://www.amazon.co.uk/dp/B009P0V9UQ?psc=1,UK,https://m.media-amazon.com/images/I/6176baICuVL._AC_SY355_.jpg,Eucerin,8.33,"2,161","2,250","1,000","23,775.26","24,753.89",181,"2,117",AMZ,5.16,25,4.5,"1,852",6,5,,Beauty,Large Envelope,AMZ,19.30 x 3.00 x 6.90 cm,0.3,N/A,"Oct 11, 2012",,No,164,
27.,"Seborrheic Dermatitis & Psoriasis Scalp Shampoo: Folliculitis Shampoo, Anti-Dandruff Shampoo for Itchy, Redness-Prone Scalp, with Salicylic Acid, Sulfate-Free",B0GLQ3K3B2,Irritated / Atopic,https://www.amazon.co.uk/dp/B0GLQ3K3B2?psc=1,UK,https://m.media-amazon.com/images/I/71QCJZbhIzL._AC_SY355_.jpg,Kopa Haiku,21.66,846,846,600,"21,993.32","21,993.32",158,"5,610",CN,6.88,1,4.8,266,7,45,FreshLui,Beauty,Extra Large Envelope,FBA,19.70 x 5.50 x 5.50 cm,0.35,N/A,"Feb 5, 2026",,No,4,FreshLui
54.,"Nizoral Scalp Soothing Itchy & Sensitive Shampoo, 24 Hour Soothing Care, Ongoing Relief for Dry, Itchy and Flaky Scalps, For Healthy Looking, Shiny Hair, Contains Aloe Vera, 1 x 200ml",B0CW9YBY2T,Irritated / Atopic,https://www.amazon.co.uk/dp/B0CW9YBY2T?psc=1,UK,https://m.media-amazon.com/images/I/618xTrQ36-L._AC_SY355_.jpg,Nizoral,5.32,"10,249","3,552","3,000","62,585.72","21,833.88",183,168,AMZ,3.2,11,4.3,"1,781",8,23,Amazon,Beauty,Extra Large Envelope,AMZ,16.60 x 4.80 x 7.50 cm,0.23,N/A,"Feb 23, 2024",,No,28,Amazon
56.,"Aveeno Scalp Soothing Haircare Colour Protect Shampoo, Blackberry & Quinoa Blend, for Colour Treated Hair, Soothes Dry, Itchy & Flaky Scalp, Clinically Proven, Sulfate Free, 300ml",B0BQTX44S5,Irritated / Atopic,https://www.amazon.co.uk/dp/B0BQTX44S5?psc=1,UK,https://m.media-amazon.com/images/I/61vK2-V-LdL._AC_SY355_.jpg,Aveeno,3.98,"5,157","3,803","3,000","28,320.17","20,895.16",179,562,AMZ,3.13,6,4.6,962,12,21,Amazon,Beauty,Extra Large Envelope,AMZ,17.40 x 4.20 x 8.30 cm,0.35,N/A,"Feb 1, 2023",,No,40,Amazon
44.,"MooGoo Milk Shampoo - For Itchy, Dry, Sensitive Scalps Prone to Eczema & Psoriasis – Sulphate-Free, Silicone-Free, Paraben-Free - Natural Gentle Formula – 500 ml",B00NJRTVFG,Irritated / Atopic,https://www.amazon.co.uk/dp/B00NJRTVFG?psc=1,UK,https://m.media-amazon.com/images/I/61HWUPDa32L._AC_SY355_.jpg,MooGoo,11.25,"1,473","1,473","1,000","19,883.72","19,883.75",161,"3,511",GB,5.12,2,4.4,746,9,7,MooGoo EU Ltd,Beauty,Small Parcel,FBA,17.30 x 7.80 x 8.20 cm,0.58,N/A,"Feb 29, 2016",,No,124,MooGoo EU Ltd
37.,"Oilatum Soothing Scalp Shampoo, For Itchy, Flaking Scalps Caused by Dandruff, Soothes Itchy Scalps, pH Balanced, 1 x 100ml",B001EASOJY,Irritated / Atopic,https://www.amazon.co.uk/dp/B001EASOJY?psc=1,UK,https://m.media-amazon.com/images/I/61sGB4pc9KL._AC_SY355_.jpg,Oilatum,8.66,"1,889","1,889","1,000","19,624.25","19,624.23",122,"3,198",AMZ,4.3,9,4.6,"1,530",7,5,Amazon,Beauty,Large Envelope,AMZ,15.30 x 3.20 x 7.20 cm,0.14,N/A,"Aug 14, 2008",,No,214,Amazon
65.,"Head & Shoulders Cooling Itch Rescue 400ml Selenium Sulphide Anti-Dandruff Shampoo, Clinical Strength, Fights Stubborn Dandruff and Itch, with Intense Cooling Menthol",B0DVCFK9C5,Irritated / Atopic,https://www.amazon.co.uk/dp/B0DVCFK9C5?psc=1,UK,https://m.media-amazon.com/images/I/71xZKX8GrKL._AC_SY355_.jpg,Head & Shoulders,9.45,"1,445","1,445","1,000","18,623.2","18,623.2",166,"2,774",AMZ,4.46,3,4.4,902,8,42,,Beauty,Extra Large Envelope,AMZ,20.90 x 4.10 x 7.60 cm,0.45,N/A,"Feb 25, 2025",,No,16,
53.,"Aveeno Scalp Soothing Haircare Volumising Shampoo, Fresh Green Blend, with Colloidal Oat Extract, for Fine Hair, Soothes Dry, Itchy & Flaky Scalp, pH Balanaced, Clinically Proven, 300ml",B0BQSZ1LZM,Irritated / Atopic,https://www.amazon.co.uk/dp/B0BQSZ1LZM?psc=1,UK,https://m.media-amazon.com/images/I/61oJehkIGGL._AC_SY355_.jpg,Aveeno,3.98,"2,787","2,787","2,000","15,218.23","15,218.24",185,"1,353",AMZ,2.9,9,4.5,"1,308",11,13,Amazon,Beauty,Extra Large Envelope,AMZ,17.50 x 4.10 x 7.90 cm,0.34,N/A,"Feb 1, 2023",,No,40,Amazon
67.,"Neutrogena T/Gel Anti Dandruff Shampoo for Sensitive Scalp (1x 150ml), Daily Anti-Dandruff Shampoo with Salicylic Acid, Fragrance-Free, for Sensitive Skin to Fight Dandruff from First Wash",B08S8DKWWP,Irritated / Atopic,https://www.amazon.co.uk/dp/B08S8DKWWP?psc=1,UK,https://m.media-amazon.com/images/I/71jFT8PmiXL._AC_SY355_.jpg,Neutrogena,3.75,"2,639","2,639","2,000","14,461.15","14,461.16",188,"1,427",AMZ,2.82,12,4.6,"1,487",7,9,Amazon,Beauty,Large Envelope,AMZ,16.30 x 3.60 x 5.60 cm,0.14,N/A,"Jan 6, 2021",,No,65,Amazon
37.,"Kérastase Specifique, Cleansing & Rebalancing Shampoo, For Sensitive Scalps & Combination Hair, With Calophyllum Oil & Glycerine, Bain Vital Dermo-Calm, 250ml",B01HYOB0LC,Irritated / Atopic,https://www.amazon.co.uk/dp/B01HYOB0LC?psc=1,UK,https://m.media-amazon.com/images/I/51+gbImb7+L._AC_SX342_.jpg,KÉRASTASE,22.88,526,526,400,"13,106.46","13,106.44",158,"6,972",AMZ,6.41,1,4.4,"3,302",9,17,Amazon,Beauty,Extra Large Envelope,AMZ,14.20 x 4.30 x 6.40 cm,0.29,N/A,"Apr 7, 2011",,No,182,Amazon
13.,"Nizoral Scalp Soothing Dry and Eczema Prone Shampoo, 24 Hour Soothing Care, Ongoing Relief for Dry, Itchy & Flaky Scalps, Get Soft and Silky Hair, Moisturising Care for All Hair Types, 1 x 200ml",B0D5SJBMVT,Irritated / Atopic,https://www.amazon.co.uk/dp/B0D5SJBMVT?psc=1,UK,https://m.media-amazon.com/images/I/61aIwVDIu8L._AC_SY355_.jpg,Nizoral,5.32,"10,249","1,782","2,000","62,585.72","10,183.82",194,168,AMZ,N/A,7,4.4,614,8,44,Amazon,Beauty,Extra Large Envelope,AMZ,16.70 x 4.70 x 7.80 cm,0.02,N/A,"May 31, 2024",,No,25,Amazon
71.,"Philip Kingsley | Flaky/Itchy Scalp Shampoo | Anit-Dandruff Shampoo For Flaky, Itchy, Dry, Oily Scalps | Cleansing Scalp Care | Hair Shampoo that Hydrates, Soothes and Calms | 1000ml Refill Pouch",B0DT2M4YSY,Irritated / Atopic,https://www.amazon.co.uk/dp/B0DT2M4YSY?psc=1,UK,https://m.media-amazon.com/images/I/61nShh+BdsL._AC_SY355_.jpg,Philip Kingsley,65,127,127,100,"9,937.72","9,937.7",195,"25,375",GB,14.75,1,4.6,19,6,0,Philip Kingsley,Beauty,Small Parcel,FBA,24.50 x 5.20 x 14.70 cm,1.02,N/A,"Jan 14, 2025",,No,17,Philip Kingsley
69.,Head & Shoulders DermaXPro Sensitive Care Anti Dandruff Shampoo 300ml with Manuka Honey and Ceramide Complex. Gently Moisturises Dry Scalp and Helps Reinforce the Skin Barrier for Flake-Free Hair,B0D1Y75D35,Irritated / Atopic,https://www.amazon.co.uk/dp/B0D1Y75D35?psc=1,UK,https://m.media-amazon.com/images/I/714kcL0C4hL._AC_SY355_.jpg,Head & Shoulders,2.5,"2,463","2,487","2,000","9,692.13","9,789.54",195,"1,325",AMZ,2.78,2,4.6,555,7,25,Amazon,Beauty,Large Envelope,AMZ,19.20 x 3.70 x 6.50 cm,0.34,N/A,"Apr 17, 2024",,No,26,Amazon
74.,"Vichy Dercos Technique Anti-Dandruff Purifying Shampoo, With 1% Salicylic Acid & Selenium Disulfide, For Sensitive Dry Hair & Scalp, Removes Visible Flakes, 390ml",B01BPHAD1W,Irritated / Atopic,https://www.amazon.co.uk/dp/B01BPHAD1W?psc=1,UK,https://m.media-amazon.com/images/I/51YUyXCW9wL._AC_SX342_.jpg,VICHY,21.5,600,600,400,"9,121.92","9,121.91",162,"3,369",AMZ,6.21,1,4.7,"3,614",6,134,Amazon,Beauty,Extra Large Envelope,AMZ,20.00 x 6.00 x 6.10 cm,0.45,N/A,"Feb 12, 2016",,No,124,Amazon
53.,"Philip Kingsley | Flaky/Itchy Scalp Shampoo | Anit-Dandruff Shampoo For Flaky, Itchy, Dry, Oily Scalps | Cleansing Scalp Care | Hair Shampoo that Hydrates, Soothes and Calms | 250ml",B000GI3UGW,Irritated / Atopic,https://www.amazon.co.uk/dp/B000GI3UGW?psc=1,UK,https://m.media-amazon.com/images/I/51oMBmy5jzL._AC_SY355_.jpg,Philip Kingsley,26.67,"1,065",283,300,"29,155.35","9,069.41",181,"4,398",GB,8.6,1,4.3,"1,540",6,4,Philip Kingsley,Beauty,Small Parcel,FBA,15.80 x 7.10 x 7.30 cm,0.28,N/A,"Dec 4, 2006",,No,234,Philip Kingsley
70.,"Philip Kingsley | Flaky/Itchy Scalp Shampoo | Anit-Dandruff Shampoo For Flaky, Itchy, Dry, Oily Scalps | Cleansing Scalp Care | Hair Shampoo that Hydrates, Soothes and Calms | 75ml",B01LWNR8HZ,Irritated / Atopic,https://www.amazon.co.uk/dp/B01LWNR8HZ?psc=1,UK,https://m.media-amazon.com/images/I/511dAv+0ZQL._AC_SY355_.jpg,Philip Kingsley,11.65,"1,065",618,300,"29,155.35","8,796.35",180,"4,398",GB,4.86,2,4.3,"1,540",6,4,Philip Kingsley,Beauty,Large Envelope,FBA,13.40 x 3.40 x 4.90 cm,0.09,N/A,"Oct 1, 2013",,No,152,Philip Kingsley
46.,"Healpsorin Psoriasis Anti Dandruff Shampoo. Flaky Scalp Psoriasis Treatment. Helps with Eczema, Dermatitis & Itchy Dry Scalp. Salicylic Acid Shampoo. Contains Dermosoft® 1%. 500ml",B074DWRGLK,Irritated / Atopic,https://www.amazon.co.uk/dp/B074DWRGLK?psc=1,UK,https://m.media-amazon.com/images/I/61CW9rYdqNL._AC_SY355_.jpg,Dermz,21.67,552,320,200,"15,915.44","8,314.22",179,"6,810",GB,6.99,2,4,"3,765",8,16,Dermz Laboratories,Beauty,Small Parcel,FBA,17.10 x 7.40 x 7.50 cm,0.54,N/A,"Nov 7, 2017",,No,103,Dermz Laboratories
80.,"Vichy Dercos Anti-Dandruff Dermatological Shampoo for Normal to Oily Hair & Itchy Scalp, with Salicylic Acid & Selenium Disulfide, 200ml, Clinically Proven Dandruff Treatment & Oily Scalp Care",B09QQT41TP,Irritated / Atopic,https://www.amazon.co.uk/dp/B09QQT41TP?psc=1,UK,https://m.media-amazon.com/images/I/712q9m++biL._AC_SX342_.jpg,,11.62,679,679,500,"8,068.89","8,068.88",192,"3,623",AMZ,4.72,1,4.7,821,6,52,Amazon,Beauty,Extra Large Envelope,AMZ,17.20 x 4.90 x 4.90 cm,0.25,N/A,"Mar 14, 2024",,No,27,Amazon
57.,"Vosene Anti-dandruff shampoo 300ml, reduces dandruff and scalp itch; suitable for daily use",B097CKD7N9,Irritated / Atopic,https://www.amazon.co.uk/dp/B097CKD7N9?psc=1,UK,https://m.media-amazon.com/images/I/51CG7LIea4L._AC_SY355_.jpg,Vosene,1.16,"5,494","5,406","4,000","8,310.63","7,877.63",91,570,AMZ,2.71,15,4.5,"2,040",5,18,Amazon,Beauty,Large Envelope,AMZ,19.30 x 3.80 x 6.76 cm,0.34,N/A,"Jun 16, 2021",,No,60,Amazon
45.,"Seborrheic Dermatitis & Folliculitis Scalp Shampoo: For Scalp Prone to Dandruff & Psoriasis – Soothes Itchy, Flaky Scalp – with Tea Tree, Rosemary, Biotin & Caffeine – Sulphate-Free 280ml",B0FV8KHQJ2,Irritated / Atopic,https://www.amazon.co.uk/dp/B0FV8KHQJ2?psc=1,UK,https://m.media-amazon.com/images/I/71E9jxzkvjL._AC_SY355_.jpg,Swiftalyn,24.99,298,298,200,"7,017.16","7,017.16",187,N/A,CN,7.48,2,4.4,68,7,0,Steady Roots,,Extra Large Envelope,FBA,17.90 x 4.40 x 8.00 cm,0.38,N/A,"Oct 8, 2025",,No,8,Steady Roots
63.,Dove Scalp + Hair Therapy Soothing Hydration Shampoo hair care with Hyaluron-Complex and Pharma-Grade Glycerin for up to 100 hours of hydrated hair* 400 ml,B0G3X1LSJQ,Irritated / Atopic,https://www.amazon.co.uk/dp/B0G3X1LSJQ?psc=1,UK,https://m.media-amazon.com/images/I/61guijXUh7L._AC_SY355_.jpg,Dove,2.77,"2,104","1,426","1,000","9,060.97","6,948.29",155,"2,188",AMZ,3.01,2,4.4,112,7,13,Amazon,Beauty,Extra Large Envelope,AMZ,21.70 x 4.20 x 6.80 cm,0.46,N/A,"Jan 25, 2026",,No,5,Amazon
62.,"Philip Kingsley | Flaky/Itchy Scalp Shampoo | Anit-Dandruff Shampoo For Flaky, Itchy, Dry, Oily Scalps | Cleansing Scalp Care | Hair Shampoo that Hydrates, Soothes and Calms | 1000ml",B01M5HM4RV,Irritated / Atopic,https://www.amazon.co.uk/dp/B01M5HM4RV?psc=1,UK,https://m.media-amazon.com/images/I/519jEYA9ZtL._AC_SY355_.jpg,Philip Kingsley,70,"1,065",83,50,"29,155.35","6,883.47",182,"4,398",GB,15.7,1,4.3,"1,540",6,4,Philip Kingsley,Beauty,Small Parcel,FBA,24.90 x 8.90 x 9.10 cm,1.07,N/A,"Feb 20, 2009",,No,208,Philip Kingsley
47.,"Head & Shoulders DermaXPro Pure Hydration Anti Dandruff Shampoo 300ml for Dry and Delicate Scalp & Hair, Free from Sulphated Surfactants, Silicones and Dyes, with Ceramide Complex",B0FYJ1M8JH,Irritated / Atopic,https://www.amazon.co.uk/dp/B0FYJ1M8JH?psc=1,UK,https://m.media-amazon.com/images/I/71-n6YkVjyL._AC_SY355_.jpg,Head & Shoulders,2.5,"1,684","1,684","1,000","6,673.35","6,673.37",179,592,AMZ,2.78,2,4.5,153,8,17,Amazon,Baby Products,Large Envelope,AMZ,19.40 x 3.40 x 6.50 cm,0.34,N/A,"Oct 30, 2025",,No,8,Amazon
45.,"L’Oréal Professionnel Scalp Advanced Anti-Discomfort Shampoo, For Itchy and Dry Scalps, Deep Scalp Treatment",B0BQMYDXDH,Irritated / Atopic,https://www.amazon.co.uk/dp/B0BQMYDXDH?psc=1,UK,https://m.media-amazon.com/images/I/51mz9+ev-pL._AC_SX342_.jpg,L'Oréal Professionnel Paris,12.94,490,408,300,"8,203.78","6,122.6",108,"8,474",GB,5.31,13,4.4,622,6,7,Hobcart,Beauty,Extra Large Envelope,FBA,14.20 x 5.80 x 6.00 cm,0.35,N/A,"Feb 22, 2023",,No,40,Hobcart
39.,"Green People Fragrance Free Shampoo - For Sensitive Scalps, Hypoallergenic - Green Tea & Seaweed - Silicone Free, Organic, Vegan - 200ml",B000OEVO02,Irritated / Atopic,https://www.amazon.co.uk/dp/B000OEVO02?psc=1,UK,https://m.media-amazon.com/images/I/61CevUWy8oL._AC_SY355_.jpg,Green People,15.42,287,287,200,"5,105.83","5,105.83",136,"8,750",GB,5.76,1,4.3,282,6,0,Pattern UK,Beauty,Extra Large Envelope,FBA,17.90 x 4.70 x 10.60 cm,0.22,N/A,"Mar 15, 2007",,No,231,Pattern UK
27.,"Faith In Nature Natural Fragrance Free Shampoo, Sensitive, Vegan & Cruelty Free, No SLS or Parabens, for All Hair Types, 400ml",B008BILQQ0,Irritated / Atopic,https://www.amazon.co.uk/dp/B008BILQQ0?psc=1,UK,https://m.media-amazon.com/images/I/61l+o1kEvFL._AC_SY355_.jpg,FAITH IN NATURE,7,"8,669",587,"1,000","47,292.91","4,521.31",126,40,AMZ,3.71,2,4.5,"13,542",7,"2,756",Amazon,Beauty,Small Parcel,AMZ,20.00 x 9.10 x 11.40 cm,0.43,N/A,"Jun 14, 2012",,No,168,Amazon
51.,"Sea Magik - Seaweed Shampoo to Soothe Itchy Scalp, Psoriasis, and Eczema, with Hydrating Dead Sea Salt, Suitable for All Hair and Scalp Types, Vegan and Cruelty Free (300ml)",B0BL3ZG1WZ,Irritated / Atopic,https://www.amazon.co.uk/dp/B0BL3ZG1WZ?psc=1,UK,https://m.media-amazon.com/images/I/61mMCn+OoBL._AC_SY355_.jpg,Sea Magik,10.78,319,319,200,"4,122.34","4,122.34",173,"10,754",GB,4.92,7,4.5,203,8,6,Sea Magik,Beauty,Extra Large Envelope,FBA,19.60 x 4.90 x 5.00 cm,0.34,N/A,"Nov 1, 2022",,No,43,Sea Magik
69.,"Eco Warrior Sensitive Shampoo Bar, 100g | Natural, Vegan, Cruelty Free, Eco Friendly, No SLS or Parabens | Deeply Nourishing White Clay & Clary Sage Oil | Soothing Mint Eucalyptus Essential Oils",B094PY38BL,Irritated / Atopic,https://www.amazon.co.uk/dp/B094PY38BL?psc=1,UK,https://m.media-amazon.com/images/I/81YTsKmRKgL._AC_SY355_.jpg,Little Soap Company,3.62,"2,842",846,500,"13,049.37","3,573.28",194,"1,066",AMZ,2.81,1,4.2,237,10,5,Amazon,Beauty,Large Envelope,AMZ,8.80 x 3.40 x 5.90 cm,0.11,N/A,"Sep 7, 2020",,No,69,Amazon
48.,"Seborrheic Dermatitis Folliculitis Acne Shampoo: Psoriasis Treatment & Scalp Anti-Dandruff Shampoo, Dry Scalp & Flake Control — Sulfate-Free, Nourishing",B0GF2878TD,Irritated / Atopic,https://www.amazon.co.uk/dp/B0GF2878TD?psc=1,UK,https://m.media-amazon.com/images/I/71nru1FV2OL._AC_SY355_.jpg,Recuren Plus,14.87,146,146,100,"3,506.19","3,506.18",152,"15,695",CN,6.41,2,4.8,77,7,13,Haina Select,Beauty,Extra Large Envelope,FBA,21.70 x 5.40 x 5.60 cm,0.35,N/A,"Jan 5, 2026",,No,5,Haina Select
33.,Urtekram - Urtekram Fragrance Free Sensitive Scalp Shampoo - 500ml,B09GG99BX3,Irritated / Atopic,https://www.amazon.co.uk/dp/B09GG99BX3?psc=1,UK,https://m.media-amazon.com/images/I/61isGMoojXL._AC_SY355_.jpg,Urtekram,9.03,440,295,200,"4,306.32","3,327.21",66,"9,977",AMZ,4.72,7,4,938,6,30,Amazon,Beauty,Small Parcel,AMZ,18.90 x 6.60 x 6.70 cm,0.56,N/A,"Oct 8, 2021",,No,56,Amazon
52.,Milva Pine Tar Shampoo for Seborrheic Dermatitis - 200ml Natural Dandruff Shampoo - Anti Dandruff Shampoo - Psoriasis Shampoo - Treatment Solution for Dry Itchy & Flaky Scalp,B00CRCVS78,Irritated / Atopic,https://www.amazon.co.uk/dp/B00CRCVS78?psc=1,UK,https://m.media-amazon.com/images/I/81wSpFT3U1L._AC_SY355_.jpg,Milva,6.08,"1,097",414,300,"9,982.92","3,185.39",174,"4,174",GB,3.04,1,4.2,"2,204",10,40,VS TRADE SOLUTIONS,Beauty,Large Envelope,FBA,15.29 x 3.38 x 6.68 cm,0.21,N/A,"May 13, 2013",,No,157,VS TRADE SOLUTIONS
60.,Xpel Medicated Shampoo Treatment for Dandruff Psoriasis Dry Itchy Scalp (3 x 300 millilitres),B01J61052G,Irritated / Atopic,https://www.amazon.co.uk/dp/B01J61052G?psc=1,UK,"https://m.media-amazon.com/images/I/71xP6EfJJ9S._AC_SX355_PIbundle-3,TopRight,0,0_SH20_.jpg",XHC,7.16,348,348,300,"3,111.77","3,111.77",93,"11,535",GB,3.79,7,4.3,"1,102",4,2,Direct 2 Your Door,Beauty,Small Parcel,MFN,24.00 x 7.00 x 18.60 cm,1.08,N/A,"Jul 27, 2016",,No,119,Direct 2 Your Door
71.,"Psoriasis & Folliculitis Scalp Treatment Shampoo: Seborrheic Dermatitis Shampoo，Combats Dandruff, Relieves Itchy Scalp, Reduces Oiliness And antifungal",B0GV2VYK3J,Irritated / Atopic,https://www.amazon.co.uk/dp/B0GV2VYK3J?psc=1,UK,https://m.media-amazon.com/images/I/61tEocxIWhL._AC_SY355_.jpg,WUHPOY,12.99,233,233,200,"3,031.33","3,031.34",151,"10,919",CN,4.71,1,5,2,7,0,WUHPOY,Beauty,Extra Large Envelope,FBA,15.50 x 4.10 x 5.70 cm,0.31,N/A,"Mar 27, 2026",,No,3,WUHPOY
63.,Uriage DS Hair Soft Shampoo with Edelweiss 500ml - Deeply Purifies & Soothes - Leaves Hair Soft & Shiny - Fresh & Floral Scent - Everyday Wash - Suitable for Sensitive & Irritated Scalps - Soap-Free,B0849VSLYK,Irritated / Atopic,https://www.amazon.co.uk/dp/B0849VSLYK?psc=1,UK,https://m.media-amazon.com/images/I/61VeO2UqBTL._AC_SY355_.jpg,Uriage,13.67,242,163,100,"3,506.19","2,720.8",198,"13,979",GB,5.55,13,4.6,"1,348",6,25,Uriage UK,Beauty,Small Parcel,FBA,20.40 x 6.30 x 6.40 cm,0.57,N/A,"Jan 23, 2020",,No,77,Uriage UK
36.,Head & Shoulders Anti-Dandruff Shampoo Pro-Expert 7 Intense Itch Rescue 300ml. Fights 7 Scalp Issues for Complete Scalp Protection. Clinically Proven to Instantly Cool and Fight the Causes of Itching,B0DJT5BSJ1,Irritated / Atopic,https://www.amazon.co.uk/dp/B0DJT5BSJ1?psc=1,UK,https://m.media-amazon.com/images/I/71p30g+tMKL._AC_SY355_.jpg,Head & Shoulders,3.32,511,487,500,"2,425.95","2,331.74",199,"1,284",AMZ,2.94,3,4.6,124,7,15,Amazon,Baby Products,Large Envelope,AMZ,19.40 x 3.80 x 7.40 cm,0.36,N/A,"Oct 10, 2024",,No,20,Amazon
53.,"Folliculitis Shampoo, Antidandruff Shampoo, Reduces Dandruff, Relieves Scalp Itching and Redness, Soothes Scalp, Antifungal Shampoos for Seborrheic Dermatitis, Folliculitis, Scalp Psoriasis, 200ml",B0F4KJND75,Irritated / Atopic,https://www.amazon.co.uk/dp/B0F4KJND75?psc=1,UK,https://m.media-amazon.com/images/I/71uizxmd0eL._AC_SY355_.jpg,SHVYOG,10.82,175,175,100,"2,269.59","2,269.58",196,"10,397",CN,4.71,1,4.2,126,8,1,SMAMZ EU,Beauty,Large Envelope,FBA,18.10 x 3.90 x 6.50 cm,0.26,N/A,"Apr 11, 2025",,No,14,SMAMZ EU
55.,"Vichy Dercos Anti-Dandruff Shampoo for Sensitive Scalp With Piroctone Olamine, Salicylic Acid, Bisabolol, Sulphate-Free Gentle Formula, Skin Health Alliance Approved, 200ml",B009USALZM,Irritated / Atopic,https://www.amazon.co.uk/dp/B009USALZM?psc=1,UK,https://m.media-amazon.com/images/I/713oY0evJuL._AC_SX342_.jpg,,11.62,195,195,100,"2,150.22","2,150.23",172,"8,527",AMZ,4.72,1,4.4,"2,596",7,37,Amazon,Beauty,Extra Large Envelope,AMZ,17.30 x 4.90 x 5.20 cm,0.24,N/A,"Oct 10, 2012",,No,164,Amazon
48.,"Wella Professionals Invigo Scalp Balance Anti-Dandruff - Gentle Soothing Shampoo - Dry Flaky, Scalp Shampoo For Sensitive Scalps - Fragrance Free (300ml)",B0CN9PWH5Q,Irritated / Atopic,https://www.amazon.co.uk/dp/B0CN9PWH5Q?psc=1,UK,https://m.media-amazon.com/images/I/61x0wp1nDdL._AC_SX342_.jpg,Wella Professionals,13.04,153,153,100,"1,971.48","1,971.48",153,"18,930",AMZ,5.31,5,4.2,20,9,1,Amazon,Beauty,Extra Large Envelope,AMZ,14.60 x 5.60 x 6.00 cm,0.34,N/A,"Oct 26, 2023",,No,32,Amazon
50.,Head & Shoulders Itchy Scalp Care with Eucalyptus Anti-Dandruff Shampoo 13.5 Fl Oz (Pack of 2),B0043OYFJQ,Irritated / Atopic,https://www.amazon.co.uk/dp/B0043OYFJQ?psc=1,UK,https://m.media-amazon.com/images/I/71gqQpGjCwL._SX342_.jpg,Head & Shoulders,10.68,160,160,100,"1,965.83","1,965.85",94,"20,202",GB,4.79,16,4.5,"8,401",4,3,customerscome1st,Beauty,Extra Large Envelope,FBA,22.70 x 4.80 x 17.50 cm,0.91,N/A,"Aug 13, 2012",,No,166,customerscome1st
68.,"A.Vogel Neem Shampoo – Relieves Itchy, Dry & Irritated Scalps – Enriched with Neem, Almond, Rosemary, Sunflower & Eucalyptus – Soothing action leaves scalp fresh & hair feeling healthy – 200ml",B001HZARSC,Irritated / Atopic,https://www.amazon.co.uk/dp/B001HZARSC?psc=1,UK,https://m.media-amazon.com/images/I/61GDqSnxI3L._AC_SY355_.jpg,A.Vogel,7.49,238,213,100,"2,316.8","1,914.04",192,"19,517",GB,4.12,4,4.3,447,7,6,A.Vogel,Beauty,Extra Large Envelope,FBA,16.00 x 4.70 x 4.70 cm,0.24,N/A,"Oct 10, 2008",,No,212,A.Vogel
31.,Wella Professionals INVIGO SCALP BALANCE Sensitive Scalp - Gentle Cleansing Shampoo - Dry Scalp Shampoo For Sensitive Scalps - Fragrance Free,B0CGRRDVZD,Irritated / Atopic,https://www.amazon.co.uk/dp/B0CGRRDVZD?psc=1,UK,https://m.media-amazon.com/images/I/61PSUuWMNiL._AC_SX342_.jpg,Wella Professionals,15.72,145,93,200,"2,510.79","1,783.13",141,"2,472",GB,5.98,13,4.6,188,13,9,Hair Products Online Ltd,Baby Products,Small Parcel,MFN,25.30 x 8.30 x 8.50 cm,1.1,N/A,"Sep 22, 2023",,No,33,Hair Products Online Ltd
59.,"KinKind Fragrance Free Natural Shampoo Bar. Be KIND! Dry Scalp Shampoo. Ideal Unscented Kids Shampoo. For Eczema, Itchy Scalp, Psoriasis & Folliculitis. Coconut Oil & Gentle Foaming Cleanser. UK made.",B0BQZ1QGYD,Irritated / Atopic,https://www.amazon.co.uk/dp/B0BQZ1QGYD?psc=1,UK,https://m.media-amazon.com/images/I/71jrLOfC4yL._AC_SY355_.jpg,KinKind,6.62,978,181,100,"7,949.4","1,437.05",200,"4,496",GB,2.16,1,4.4,630,9,6,KinKind,Beauty,Standard Envelope,FBA,6.40 x 2.11 x 6.30 cm,0.06,N/A,"Dec 23, 2022",,No,42,KinKind
75.,"Shampoo 500 ml Mint With 4-Terpineol, Known from Tea Tree Oil – Anti Dandruff - For Itchy, Flaky, Dry Scalp - Psoriasis & Eczema Care - Scalp Pimples",B08T1LP7KH,Irritated / Atopic,https://www.amazon.co.uk/dp/B08T1LP7KH?psc=1,UK,https://m.media-amazon.com/images/I/71T6xrdwTzL._AC_SY355_.jpg,Australian Bodycare,12.21,95,95,50,"1,414.03","1,414.04",149,"22,154",DK,5.37,1,4.6,547,5,1,Australian Bodycare,Beauty,Small Parcel,FBA,18.40 x 6.70 x 7.00 cm,0.55,N/A,"May 5, 2021",,No,61,Australian Bodycare
15.,"Vichy, DERCOS, DS Anti-Dandruff Shampoo, Dandruff & Itching, Normal to Oily Hair, 390 ml",B00WN2BY7G,Irritated / Atopic,https://www.amazon.fr/dp/B00WN2BY7G?psc=1,FR,https://m.media-amazon.com/images/I/71hyl3ZwenL._AC_SX342_.jpg,VICHY,13.69,"3,972","3,972","2,000","54,377.01","54,377.02",88,150,AMZ,6.84,1,4.6,"11,214",10,248,Amazon,Beauty,Extra Large Envelope,AMZ,20.30 x 5.40 x 5.60 cm,0.45,N/A,"Jun 3, 2015",,No,132,Amazon
20.,"Kérastase, Specific, Hydra-Soothing Shampoo, For Sensitive Scalp, Bain Vital Dermo-Calm",B01HYOB0LC,Irritated / Atopic,https://www.amazon.fr/dp/B01HYOB0LC?psc=1,FR,https://m.media-amazon.com/images/I/71YG03m9baL._AC_SX342_.jpg,KÉRASTASE,24.02,"1,736","1,543",800,"42,882.06","34,396.58",87,624,AMZ,8.39,1,4.7,"4,060",7,19,Amazon,Beauty,Extra Large Envelope,AMZ,14.20 x 4.30 x 6.40 cm,0.29,N/A,"Feb 15, 2013",,No,160,Amazon
17.,"Vichy, Dercos, Shampooing Anti-Pelliculaire DS, Pellicules & Démangeaisons, Cheveux Secs",B01BPHAD1W,Irritated / Atopic,https://www.amazon.fr/dp/B01BPHAD1W?psc=1,FR,https://m.media-amazon.com/images/I/51VG3gzfkSL._AC_SX342_.jpg,VICHY,13.87,"1,757","1,387",600,"22,638.58","19,241.88",88,976,AMZ,6.87,1,4.6,"10,457",10,269,Amazon,Beauty,Extra Large Envelope,AMZ,20.00 x 6.00 x 6.10 cm,0.45,N/A,"Feb 12, 2016",,No,124,Amazon
7.,Neutrogena – Anti-dandruff T/Gel Shampoo Strong Itching Severe (250 ml bottle) – Soothing shampoo against itching – Effective hair care from the 1st wash,B003TZZSD2,Irritated / Atopic,https://www.amazon.fr/dp/B003TZZSD2?psc=1,FR,https://m.media-amazon.com/images/I/71EfRJ8fubL._AC_SY355_.jpg,Neutrogena,9.99,"2,162","1,507","1,000","26,752.86","18,073.31",153,241,AMZ,5.82,2,4.4,"4,935",7,37,Amazon,Beauty,Large Envelope,AMZ,18.40 x 3.90 x 7.10 cm,0.31,N/A,"Jun 26, 2010",,No,192,Amazon
22.,"VICHY DERCOS PSOlution Kerator-Reductive Treatment Shampoo, Scalp with Psoriatic Tendency, Urea 5% + Salicylic Acid 2%, Anti-Squam, Anti-Itching, 200 ml",B09GRM5X73,Irritated / Atopic,https://www.amazon.fr/dp/B09GRM5X73?psc=1,FR,https://m.media-amazon.com/images/I/51st9VSR3wL._AC_SY355_.jpg,VICHY,11.2,"1,557","1,557","1,000","17,621.47","17,621.45",152,478,AMZ,6.05,1,4.6,"1,310",8,"1,085",Amazon,Beauty,Extra Large Envelope,AMZ,17.30 x 4.90 x 4.90 cm,0.25,N/A,"Sep 6, 2021",,No,57,Amazon
6.,"Vichy, Dercos, Ultra-Soothing, Anti-Itching Shampoo, Dry Hair, 200 ml",B01D5AP786,Irritated / Atopic,https://www.amazon.fr/dp/B01D5AP786?psc=1,FR,https://m.media-amazon.com/images/I/51ShtI-5AzL._AC_SX342_.jpg,VICHY,9.19,"1,148","1,148",500,"10,523.24","10,523.2",69,"1,602",AMZ,5.79,1,4.5,"1,191",7,55,Amazon,Beauty,Extra Large Envelope,AMZ,17.30 x 4.90 x 4.90 cm,0.26,N/A,"Mar 18, 2016",,No,123,Amazon
53.,REDKEN - Amino Mint Shampoo - Purifies Oily Roots & Relieves Irritated Scalp - Moisturizes Dry Ends - Fortifies Lengths - Oily Hair - For Men & Women - 300 ml,B09LYWXD3Q,Irritated / Atopic,https://www.amazon.fr/dp/B09LYWXD3Q?psc=1,FR,https://m.media-amazon.com/images/I/61fn16hkyVL._AC_SX342_.jpg,Redken,14.06,518,518,300,"8,736.03","8,736.03",158,"1,881",AMZ,7.32,3,4.4,"2,713",4,51,Amazon,Beauty,Extra Large Envelope,AMZ,17.40 x 5.60 x 7.10 cm,0.35,N/A,"Jan 1, 2022",,No,53,Amazon
35.,"Kérastase, Specific, Hydra-Soothing Shampoo, For Sensitive Scalp, Bain Vital Dermo-Calm",B00DO53Y74,Irritated / Atopic,https://www.amazon.fr/dp/B00DO53Y74?psc=1,FR,https://m.media-amazon.com/images/I/71DdiwCH4nL._AC_SX342_.jpg,KÉRASTASE,41.74,"1,736",192,100,"42,882.06","8,485.52",87,624,AMZ,11.05,1,4.7,"4,060",5,19,Amazon,Beauty,Extra Large Envelope,AMZ,20.00 x 5.80 x 7.40 cm,0.56,N/A,"Jul 6, 2013",,No,155,Amazon
63.,"Evolsin Eczema and Psoriasis Shampoo I 250ml I Relief of itchy dry and irritated scalp, atopic dermatitis and psoriasis",B07TZ9HV1S,Irritated / Atopic,https://www.amazon.fr/dp/B07TZ9HV1S?psc=1,FR,https://m.media-amazon.com/images/I/71tJPyXLtrL._AC_SY355_.jpg,Evolsin,19.12,369,369,200,"8,440.69","8,440.7",119,"3,767",DE,8.16,2,4,"1,692",8,17,Evolsin,Beauty,Extra Large Envelope,FBA,18.40 x 5.50 x 5.70 cm,0.31,N/A,"Aug 13, 2019",,No,82,Evolsin
22.,L'OREAL PROFESSIONNEL - Scalp Advanced Anti-Inconfort & Démangeaisons - +83% d'Apaisement du Cuir Chevelu et +49% d'Hydratation - Dermo-Régulateur pour Cuirs Chevelus Sensibles - Sans Silicone,B0DB8DY2BN,Irritated / Atopic,https://www.amazon.fr/dp/B0DB8DY2BN?psc=1,FR,https://m.media-amazon.com/images/I/612kyGE33CL._AC_SX342_.jpg,L'Oréal Professionnel Paris,20.44,956,275,100,"21,785.68","6,752.62",192,995,AMZ,8.47,2,4.6,249,9,12,,Beauty,Extra Large Envelope,AMZ,18.60 x 5.90 x 13.50 cm,0.5,N/A,"Sep 1, 2024",,No,21,
49.,L'OREAL PROFESSIONNEL - Scalp Advanced Anti-Inconfort & Démangeaisons - +83% d'Apaisement du Cuir Chevelu et +49% d'Hydratation - Dermo-Régulateur pour Cuirs Chevelus Sensibles - Sans Silicone,B0BPYG9ZRJ,Irritated / Atopic,https://www.amazon.fr/dp/B0BPYG9ZRJ?psc=1,FR,https://m.media-amazon.com/images/I/51BKzGZTKcL._AC_SX342_.jpg,L'Oréal Professionnel Paris,23.08,956,254,100,"21,785.68","6,702",192,994,AMZ,10.89,3,4.5,561,7,14,Amazon,Beauty,Small Parcel,AMZ,18.80 x 7.30 x 7.30 cm,0.57,N/A,"Mar 6, 2023",,No,39,Amazon
19.,L'OREAL PROFESSIONNEL - Scalp Advanced Anti-Inconfort & Démangeaisons - +83% d'Apaisement du Cuir Chevelu et +49% d'Hydratation - Dermo-Régulateur pour Cuirs Chevelus Sensibles - Sans Silicone,B0BPYF46LP,Irritated / Atopic,https://www.amazon.fr/dp/B0BPYF46LP?psc=1,FR,https://m.media-amazon.com/images/I/51kNujkXLUL._AC_SX342_.jpg,L'Oréal Professionnel Paris,15.98,956,309,100,"21,785.68","5,814.43",192,994,AMZ,7.67,3,4.4,829,6,11,Amazon,Beauty,Extra Large Envelope,AMZ,14.10 x 5.80 x 5.80 cm,0.35,N/A,"Mar 6, 2023",,No,39,Amazon
29.,"Vichy, Dercos, Anti-Dandruff Treatment Shampoo, Dandruff & Itching, Sensitive Scalp, 200 ml",B009USALZM,Irritated / Atopic,https://www.amazon.fr/dp/B009USALZM?psc=1,FR,https://m.media-amazon.com/images/I/51iZobYq1KL._AC_SY355_.jpg,VICHY,9.19,501,509,300,"4,601.62","4,671.16",91,"3,022",AMZ,5.11,1,4.4,"2,592",6,37,Amazon,Beauty,Extra Large Envelope,AMZ,17.30 x 4.90 x 5.20 cm,0.24,N/A,"Oct 27, 2012",,No,164,Amazon
55.,"Vichy, DERCOS, DS Anti-Dandruff Shampoo, Dandruff & Itching, Normal to Oily Hair, 200 ml",B09QQT41TP,Irritated / Atopic,https://www.amazon.fr/dp/B09QQT41TP?psc=1,FR,https://m.media-amazon.com/images/I/710eQv6toZL._AC_SX342_.jpg,VICHY,9.19,492,492,200,"4,509.59","4,509.59",88,"2,799",AMZ,5.79,1,4.5,819,11,58,Amazon,Beauty,Extra Large Envelope,AMZ,17.20 x 4.90 x 4.90 cm,0.25,N/A,"Oct 25, 2023",,No,32,Amazon
62.,"Sphagnum Botanicals Natural Psoriasis Shampoo - Soothing Treatment for Dry and Irritated Scalp with Cooling Menthol, Salicylic Acid 3% and Peat. Anti-Dandruff 250ml",B0D86YN54G,Irritated / Atopic,https://www.amazon.fr/dp/B0D86YN54G?psc=1,FR,https://m.media-amazon.com/images/I/61lZEkHOMiL._AC_SY355_.jpg,Sphagnum Botanicals,15.79,178,162,50,"4,451.56","3,876.47",164,"5,832",EE,8.31,1,4.1,769,8,31,Sphagnum Botanicals,Beauty,Extra Large Envelope,FBA,14.00 x 5.31 x 5.41 cm,0.29,N/A,"Sep 12, 2024",,No,21,Sphagnum Botanicals
66.,"Naturé Moi - Anti-dandruff shampoo - Sulfate free - Care for normal dandruff hair - Tea, organic cucumber water - 95% natural origin - 250 ml - Made in France",B09C2Q5K7Y,Irritated / Atopic,https://www.amazon.fr/dp/B09C2Q5K7Y?psc=1,FR,https://m.media-amazon.com/images/I/61JepcuhqSL._AC_SY355_.jpg,Naturé moi,3.87,780,780,300,"3,636.46","3,636.44",158,"1,298",AMZ,4.38,1,4.4,603,7,9,Amazon,Beauty,Extra Large Envelope,AMZ,19.10 x 4.10 x 10.40 cm,0.29,N/A,"Aug 6, 2021",,No,58,Amazon
19.,Wella Professionals INVIGO SCALP BALANCE Shampoing doux et apaisant – pour cuir chevelu sensible – sans parfum,B0CGRRDVZD,Irritated / Atopic,https://www.amazon.fr/dp/B0CGRRDVZD?psc=1,FR,https://m.media-amazon.com/images/I/61IPGkSC6kL._AC_SX342_.jpg,Wella Professionals,22.86,190,142,50,"4,206.83","3,566.72",110,"3,759",AMZ,10.03,2,4.6,310,6,16,Amazon,Beauty,Small Parcel,AMZ,25.30 x 8.30 x 8.50 cm,1.1,N/A,"Sep 22, 2023",,No,33,Amazon
14.,"Vichy, Dercos Technique, Ultra-Soothing, Anti-Itching, Oily Hair & Sensitive Scalp Shampoo, 200 ml",B01D5AP88A,Irritated / Atopic,https://www.amazon.fr/dp/B01D5AP88A?psc=1,FR,https://m.media-amazon.com/images/I/51DJNxUMgkL._AC_SX342_.jpg,VICHY,9.19,364,364,200,"3,345.69","3,345.67",98,"2,585",AMZ,5.79,1,4.4,739,5,25,Amazon,Beauty,Extra Large Envelope,AMZ,17.50 x 5.20 x 5.20 cm,0.24,N/A,"Jan 1, 2009",,No,209,Amazon
47.,"Urtekram Tea Tree Shampoo Irritated Scalp, Organic",B0019YN81E,Irritated / Atopic,https://www.amazon.fr/dp/B0019YN81E?psc=1,FR,https://m.media-amazon.com/images/I/611oHbfZd9L._AC_SY355_.jpg,Urtekram,12.49,270,221,100,"4,207.13","3,313.46",50,"2,590",AMZ,8.03,2,4.2,"4,876",6,19,Amazon,Beauty,Small Parcel,AMZ,21.80 x 7.30 x 18.50 cm,0.57,N/A,"Jan 27, 2010",,No,197,Amazon
35.,"Les Secrets de Loly Sunshine Clean - Sensitive Scalp Shampoo Soothing Anti-Itch - Wavy, Curly, Frizzy & Frizzy Hair - 98.6% Natural Origin - 200ml",B081945SKN,Irritated / Atopic,https://www.amazon.fr/dp/B081945SKN?psc=1,FR,https://m.media-amazon.com/images/I/61Ox6hm0TDL._AC_SX355_.jpg,LES SECRETS DE LOLY,14.17,191,191,100,"3,244.49","3,244.48",146,"4,469",FR,8.33,3,4.4,208,7,3,Les Secrets de Loly,Beauty,Extra Large Envelope,FBA,17.80 x 5.00 x 8.00 cm,0.22,N/A,"Nov 10, 2019",,No,79,Les Secrets de Loly
27.,"DermaXPro by Head & Shoulders Soothing Anti-Dandruff Shampoo 800ml With Aloe Vera and Ceramic Complex, Soothes Dry, Irritated Scalp and Helps Strengthen the Skin Barrier",B0G392Y83X,Irritated / Atopic,https://www.amazon.fr/dp/B0G392Y83X?psc=1,FR,https://m.media-amazon.com/images/I/71aKh8TRO4L._AC_SY355_.jpg,Head & Shoulders,16.58,429,185,100,"4,946.28","2,968.33",169,"3,275",AMZ,8.86,2,4.5,54,8,2,Amazon,Beauty,Small Parcel,AMZ,23.90 x 6.40 x 9.50 cm,0.9,N/A,"Feb 18, 2026",,No,4,Amazon
36.,"Vichy, Dercos, DS Anti-Dandruff Shampoo, Dandruff & Itching, Dry Hair, Eco-refill, 390 ml",B0F1FXH4X1,Irritated / Atopic,https://www.amazon.fr/dp/B0F1FXH4X1?psc=1,FR,https://m.media-amazon.com/images/I/61XPxo-ll8L._AC_SY355_.jpg,VICHY,10.33,202,202,100,"2,509.6","2,505.64",89,"2,725",AMZ,6.65,2,4.7,714,15,81,Amazon,Beauty,Extra Large Envelope,AMZ,16.70 x 5.50 x 13.30 cm,0.41,N/A,"May 1, 2025",,No,13,Amazon
33.,"DermaXPro by Head & Shoulders Pure Hydration Anti-Dandruff Shampoo 250 ml For Dry and Delicate Scalp, Free of Sulphate Surfactants, Silicones and Dyes, With Ceramic Complex",B0GP1KZVKW,Irritated / Atopic,https://www.amazon.fr/dp/B0GP1KZVKW?psc=1,FR,https://m.media-amazon.com/images/I/71DlYox1IWL._AC_SY355_.jpg,Head & Shoulders,5.75,613,375,200,"4,084.04","2,187.09",172,"4,877",AMZ,N/A,1,4.2,43,7,7,Amazon,Beauty,Large Envelope,AMZ,19.40 x 3.30 x 5.70 cm,0.29,N/A,"Feb 18, 2026",,No,4,Amazon
61.,"VALQUER pH Neutral Shampoo 1 Litre Hydrating with Panthenol, 99% Natural Ingredients, Frequent Use, All Hair Types, Family and Sensitive Scalp",B084S5J95Q,Irritated / Atopic,https://www.amazon.fr/dp/B084S5J95Q?psc=1,FR,https://m.media-amazon.com/images/I/51J9C9txCmL._AC_SY355_.jpg,Valquer Laboratorios,6.29,376,243,100,"4,701.78","1,833.63",142,"3,290",AMZ,6.47,2,4.3,"1,241",6,35,Amazon,Beauty,Small Parcel,AMZ,24.70 x 7.90 x 8.00 cm,1.09,N/A,"Feb 18, 2020",,No,76,Amazon
45.,"Uriage DS Hair Keratorreducer Treatment Shampoo - Lactic Acid 1.8% - Severe Dandruff - Removes Dander, Purifies, Soothes Itching, Protects Scalp - Healthy Hair - 150 ml",B07MYPX6W6,Irritated / Atopic,https://www.amazon.fr/dp/B07MYPX6W6?psc=1,FR,https://m.media-amazon.com/images/I/71zkIGK2smL._AC_SY355_.jpg,Uriage,9.88,186,186,N/A,"1,832.91","1,832.91",168,"4,129",N/A,6.15,4,4.5,443,9,15,,Beauty,Large Envelope,FBA,15.30 x 3.40 x 5.60 cm,0.2,N/A,"Dec 7, 2018",,No,90,
16.,Phyto Anti-démangeaisons Dermo-soothing Shampoo 250ml,B0D9K9YML4,Irritated / Atopic,https://www.amazon.fr/dp/B0D9K9YML4?psc=1,FR,https://m.media-amazon.com/images/I/61Hc8Ks3WHL._AC_SX342_.jpg,Phyto,7.87,185,185,100,"1,749.73","1,749.74",53,"5,933",AMZ,5.42,2,4,107,6,14,Amazon,Beauty,Large Envelope,AMZ,15.60 x 3.60 x 6.90 cm,0.3,N/A,"Jul 16, 2024",,No,23,Amazon
66.,ELEVEN Australia Gentle Clean Balancing Shampoo – Balancing and Gentle Shampoo for Sensitive Scalp,B09ZYTKDRB,Irritated / Atopic,https://www.amazon.fr/dp/B09ZYTKDRB?psc=1,FR,https://m.media-amazon.com/images/I/61sLMl5Z4uL._AC_SY445_.jpg,ELEVEN AUSTRALIA,20.83,76,65,N/A,"2,331.97","1,624.32",98,"9,285",DK,8.21,1,4.5,114,7,1,Eleven Australia EU,Beauty,Large Envelope,FBA,18.39 x 3.40 x 6.91 cm,0.35,N/A,"Jul 24, 2022",,No,47,Eleven Australia EU
52.,REDKEN - Moisturizing & Soothing Anti-Dandruff Shampoo - Clarifies & Relieves Scalp - Vegan - Zinc Pyrithione - Dry Hair & Sensitive Scalp - Scalp Relief Dandruff Control - 250ml,B08Y1D2DP8,Irritated / Atopic,https://www.amazon.fr/dp/B08Y1D2DP8?psc=1,FR,https://m.media-amazon.com/images/I/51UsOMep7tL._AC_SX342_.jpg,Redken,19.79,60,60,N/A,"1,413.8","1,413.82",178,"11,466",AMZ,8.18,2,4.5,773,6,11,,Beauty,Extra Large Envelope,AMZ,20.40 x 4.90 x 7.60 cm,0.27,N/A,"Apr 1, 2021",,No,62,
43.,"Corine de Farme - Extra-gentle shampoo with sweet almond oil - Cleanses and strengthens hair - Clean Beauty formulation, Paraben free - 500 ml",B0DCW4Y3WT,Irritated / Atopic,https://www.amazon.fr/dp/B0DCW4Y3WT?psc=1,FR,https://m.media-amazon.com/images/I/71pdnDFeAzL._AC_SY355_.jpg,Corine de Farme,2.71,568,408,200,"1,956.25","1,324.94",142,"2,058",AMZ,5.6,2,4.4,145,2,0,Amazon,Beauty,Extra Large Envelope,AMZ,19.80 x 4.40 x 8.70 cm,0.56,N/A,"Mar 1, 2024",,No,27,Amazon
60.,"La Roche-Posay, Toleriane Kerium DS Anti-Dandruff Shampoo Intensive, Reduces and Soothes Itching, Effective From First Use, 200 ml",B0DHS7KGWT,Irritated / Atopic,https://www.amazon.fr/dp/B0DHS7KGWT?psc=1,FR,https://m.media-amazon.com/images/I/61Nzimy6RcL._AC_SX342_.jpg,La Roche-Posay,21.91,32,32,N/A,697.8,697.8,130,"22,453",N/A,8.18,1,4.7,318,1,11,,Beauty,Extra Large Envelope,FBA,17.40 x 4.90 x 5.20 cm,0.23,N/A,"Aug 23, 2024",,No,22,
55.,"Kerium - Extreme Mild Shampoo - Anti-Itch Shampoo for Sensitive Scalp - Thermal Water, Polysorbate 21, Silicone-Free Formula - High Nutrition Hair Care - For Dry Skin",B00IVIMVFK,Irritated / Atopic,https://www.amazon.fr/dp/B00IVIMVFK?psc=1,FR,https://m.media-amazon.com/images/I/51A8O2fPexL._AC_SY355_.jpg,La Roche-Posay,15.05,42,43,N/A,636.79,649.97,166,"12,831",N/A,7.05,1,4.5,"2,598",10,51,,Beauty,Small Parcel,MFN,19.70 x 6.30 x 6.40 cm,0.47,N/A,"Jan 1, 2009",,No,209,
50.,"BIODERMA Nodé A Shampoo - Soothing, Anti-Irritation and Anti-Itch - For Soft and Shiny Hair - Dermatologist Prescribed - 400ml Bottle",B0052ECRUA,Irritated / Atopic,https://www.amazon.fr/dp/B0052ECRUA?psc=1,FR,https://m.media-amazon.com/images/I/51zZMpBPsOL._AC_SY355_.jpg,Bioderma,13.33,38,38,N/A,469.83,469.84,133,"14,853",N/A,6.79,2,4.3,774,8,N/A,,Beauty,Extra Large Envelope,FBA,19.10 x 5.80 x 6.00 cm,0.46,N/A,"May 24, 2011",,No,181,
47.,"Vichy Dercos, Shampoo Anti-Forfora DS, Per Capelli da Normali a Grassi, Azione Riequilibrante, Effetto Anti-Ricomparsa, Arricchito con Disolfuro di Selenio e Acido Salicilico",B00WN2BY7G,Irritated / Atopic,https://www.amazon.it/dp/B00WN2BY7G?psc=1,IT,https://m.media-amazon.com/images/I/417EbLRL-DL._AC_SX342_.jpg,VICHY,17.1,"7,715","6,691","3,000","128,832.82","115,717.47",174,75,AMZ,6.8,1,4.6,"12,132",16,327,Amazon,Beauty,Extra Large Envelope,AMZ,20.30 x 5.40 x 5.60 cm,0.45,N/A,"Jun 3, 2015",,No,132,Amazon
6.,"La Roche Posay Kerium Extra Gentle Shampoo for Sensitive Scalp, Calming and Soothing Effect, Deep Cleansed Scalp, with Polysorbate and Thermal Water, 400 ml",B00IVIMVFK,Irritated / Atopic,https://www.amazon.it/dp/B00IVIMVFK?psc=1,IT,https://m.media-amazon.com/images/I/61z-YDxVoyL._AC_SX342_.jpg,La Roche-Posay,12.78,"3,090","3,090","1,000","39,824.78","39,824.78",156,277,AMZ,6.94,1,4.5,"2,669",1,49,Amazon,Beauty,Small Parcel,AMZ,19.70 x 6.30 x 6.40 cm,0.47,N/A,"Jan 1, 2009",,No,209,Amazon
24.,"Kérastase Spécifique Dermo-Calm Hydra-Soothing Shampoo for Sensitive Scalp, Bain Vital, 250 ml",B01HYOB0LC,Irritated / Atopic,https://www.amazon.it/dp/B01HYOB0LC?psc=1,IT,https://m.media-amazon.com/images/I/51xcMrQYmgL._AC_SX342_.jpg,KÉRASTASE,23.1,"1,593","1,593",600,"36,863.63","36,863.64",94,847,AMZ,7.7,1,4.6,"3,299",7,16,Amazon,Beauty,Extra Large Envelope,AMZ,14.20 x 4.30 x 6.40 cm,0.29,N/A,"Feb 15, 2013",,No,160,Amazon
23.,"BioNike Triderm D.S. Seborrheic Dermatitis Treatment Shampoo for Seborrheic Dermatitis and Soothing Action, Relieves Itching, Irritation and Flaking, 125 ml",B08WJZXC4Y,Irritated / Atopic,https://www.amazon.it/dp/B08WJZXC4Y?psc=1,IT,https://m.media-amazon.com/images/I/41YLGNQatJL._AC_SX342_.jpg,Bionike,10.84,"2,386","2,386","1,000","32,500.01","32,500.04",156,84,AMZ,6.27,15,4.4,"1,747",6,32,Amazon,Pet Supplies,Extra Large Envelope,AMZ,18.30 x 5.30 x 5.40 cm,0.16,N/A,"Feb 11, 2021",,No,64,Amazon
32.,"Redken | Shampoo, with Peppermint for Oily Hair and Irritated Scalp, Cleanses and Refreshes Roots Without Weighting, Amino Mint",B09LYWXD3Q,Irritated / Atopic,https://www.amazon.it/dp/B09LYWXD3Q?psc=1,IT,https://m.media-amazon.com/images/I/51Pqwc0YXaL._AC_SX342_.jpg,Redken,14.46,"1,495","1,495",800,"26,648.68","26,648.69",127,728,AMZ,6.88,18,4.3,"2,766",7,60,Amazon,Beauty,Extra Large Envelope,AMZ,17.40 x 5.60 x 7.10 cm,0.35,N/A,"Feb 10, 2022",,No,52,Amazon
68.,"RestivOil Complex Gentle Anti-Dandruff Shampoo Oil for Normal to Oily Hair with Antiseborrheic and Anti Itching Action, Foam Free Shampoo, 250 ml",B00D3HXR98,Irritated / Atopic,https://www.amazon.it/dp/B00D3HXR98?psc=1,IT,https://m.media-amazon.com/images/I/814Y+gFtJPL._AC_SY355_.jpg,RestivOil,8.68,"4,196","2,051",800,"50,886.98","21,718.65",145,128,AMZ,5.23,25,4.5,"9,503",10,34,Amazon,Beauty,Small Parcel,AMZ,18.50 x 6.10 x 6.20 cm,0.31,N/A,"Mar 25, 2014",,No,147,Amazon
35.,"La Roche-Posay Toleriane Kerium DS Intensive Anti-Dandruff Shampoo Reduces and Soothes Itching, Effective from the First Application, with LHA and Salicylic Acid, 200 ml",B0DHS7KGWT,Irritated / Atopic,https://www.amazon.it/dp/B0DHS7KGWT?psc=1,IT,https://m.media-amazon.com/images/I/71UKWTAOZTL._AC_SX342_.jpg,La Roche-Posay,22.03,862,862,300,"18,311.14","18,311.13",169,"2,843",N/A,7.63,1,4.6,327,1,10,,Beauty,Extra Large Envelope,MFN,17.40 x 4.90 x 5.20 cm,0.23,N/A,"Sep 21, 2024",,No,21,
39.,"Vichy Dercos Sensitive Anti-Dandruff Shampoo for Sensitive Scalp, Soothing Action, Anti-Reappearance Effect, Enriched with Pyroctolamine and AHA, 200 ml",B009USALZM,Irritated / Atopic,https://www.amazon.it/dp/B009USALZM?psc=1,IT,https://m.media-amazon.com/images/I/71sNYlX3QsL._AC_SX342_.jpg,VICHY,14.35,"1,122","1,122",500,"16,101.86","16,101.86",152,"1,577",AMZ,6.32,1,4.5,"2,616",7,36,Amazon,Beauty,Extra Large Envelope,AMZ,17.30 x 4.90 x 5.20 cm,0.24,N/A,"Oct 27, 2012",,No,164,Amazon
63.,"RestivOil Extra Gentle Moisturizing Oil Shampoo for Normal to Delicate Hair, 400 ml, 400 ml, 1",B07R9WJ1PP,Irritated / Atopic,https://www.amazon.it/dp/B07R9WJ1PP?psc=1,IT,https://m.media-amazon.com/images/I/61F5z8SOkYL._AC_SY355_.jpg,RestivOil,10.89,"1,117","1,117",700,"14,846.98","14,846.95",94,828,AMZ,7.21,18,4.4,"1,622",7,3,Amazon,Beauty,Extra Large Envelope,AMZ,21.50 x 5.70 x 7.30 cm,0.46,N/A,"Apr 27, 2019",,No,86,Amazon
18.,"RestivOil Zero Shampoo Anti Itching and Irritation for Hair Physiological Mild Oil with Cleansing Action, for All Hair Types, Brown, 150 ml",B01B4YXHOQ,Irritated / Atopic,https://www.amazon.it/dp/B01B4YXHOQ?psc=1,IT,https://m.media-amazon.com/images/I/61iVOFdZqbL._AC_SY355_.jpg,RestivOil,8.3,"1,168","1,168",400,"12,842.09","12,842.06",139,"1,285",AMZ,5.16,18,4.3,"3,251",7,7,Amazon,Beauty,Extra Large Envelope,AMZ,16.60 x 5.20 x 5.30 cm,0.19,N/A,"Nov 11, 2015",,No,127,Amazon
15.,Aveeno Shampoo 300ml,B08GNZS4B1,Irritated / Atopic,https://www.amazon.it/dp/B08GNZS4B1?psc=1,IT,https://m.media-amazon.com/images/I/61QUJstvqjL._AC_SY355_.jpg,Aveeno,7.7,"1,436","1,129",600,"16,830.47","12,390.78",20,765,AMZ,5.14,17,4.5,875,7,16,Amazon,Beauty,Extra Large Envelope,AMZ,17.70 x 4.10 x 8.00 cm,0.33,N/A,"Jan 20, 2016",,No,125,Amazon
29.,"PsoriTIS Urea 10% Shampoo - Seborrheic Dermatitis, Scalp Prone to Psoriasis, Dandruff, Scales, Pruriginous, Inflamed Skin, Moisturizing Relief, Moisturizes and Normalizes the Skin 120 ml",B0851F6C4Z,Irritated / Atopic,https://www.amazon.it/dp/B0851F6C4Z?psc=1,IT,https://m.media-amazon.com/images/I/41agaOHNtqL._AC_SY355_.jpg,TIS farmaceutic,8.19,"1,114",996,500,"12,189.32","9,950.85",186,"1,605",RO,4.38,1,4.2,"2,478",8,39,KLU.Farma (EU),Beauty,Extra Large Envelope,FBA,15.60 x 4.20 x 5.00 cm,0.16,N/A,"Oct 28, 2021",,No,56,KLU.Farma (EU)
31.,"Bioderm Shampoo Soft - Sensitive Scalp Shampoo | Anti-Dandruff Treatment, Seborrheic Dermatitis & Itchy Scalp | Daily Use | Paraben Free | 500ml",B06ZZG2V8X,Irritated / Atopic,https://www.amazon.it/dp/B06ZZG2V8X?psc=1,IT,https://m.media-amazon.com/images/I/61LArEeM8XL._AC_SY355_.jpg,BIODERM BIODERMOCOSMETICI,7.81,"1,469","1,037",600,"14,847.27","9,884.41",144,976,AMZ,5.78,2,4.2,"1,259",8,21,Amazon,Beauty,Small Parcel,AMZ,19.40 x 6.90 x 18.60 cm,0.56,N/A,"Apr 21, 2017",,No,110,Amazon
52.,"Restivoil Physiological Sebonormalising Oil Shampoo for Sensitive Scalp and for Normal and Oily Hair Without Foaming and Aggressive Agents, 250 ml",B00S18VH8M,Irritated / Atopic,https://www.amazon.it/dp/B00S18VH8M?psc=1,IT,https://m.media-amazon.com/images/I/71rrC6A54pL._AC_SY355_.jpg,RestivOil,9.25,"3,073",852,400,"40,349.35","9,858.38",146,115,AMZ,5.66,29,4.5,"6,262",8,52,Amazon,Beauty,Small Parcel,AMZ,18.20 x 6.20 x 6.30 cm,0.31,N/A,"Feb 10, 2015",,No,136,Amazon
42.,ISDIN Shampoo Psorisdin Antiforfora | Shampoo per Eliminare le Squame e Ridurre gli Arrossamenti | Tecnologia Antiprurito,B00D3HR76M,Irritated / Atopic,https://www.amazon.it/dp/B00D3HR76M?psc=1,IT,https://m.media-amazon.com/images/I/510oN8HJ-9L._AC_SX342_.jpg,ISDIN,14.44,806,616,200,"14,324.1","8,897.58",121,"2,414",AMZ,6.17,14,4.2,"4,011",7,20,Amazon,Beauty,Large Envelope,AMZ,15.00 x 3.50 x 6.50 cm,0.25,N/A,"Jul 28, 2014",,No,143,Amazon
7.,"Vichy Dercos Ultra Soothing Shampoo for Sensitive Skin and Dry Hair, Soothing Action, Scalp Itchy and Reduced Redness with Glycerin and Panthenol, 200 ml",B01D5AP786,Irritated / Atopic,https://www.amazon.it/dp/B01D5AP786?psc=1,IT,https://m.media-amazon.com/images/I/51nI-ksFUvL._AC_SX342_.jpg,VICHY,10.79,775,775,400,"8,511.68","8,511.68",153,"1,405",AMZ,6.25,1,4.5,"1,203",6,55,Amazon,Beauty,Extra Large Envelope,AMZ,17.30 x 4.90 x 4.90 cm,0.26,N/A,"Mar 18, 2016",,No,123,Amazon
49.,Vichy Dercos Psolution Anti-Scaling Shampoo for Psoriasis Prone Scalp Tightening Itching and Tingling with Salicylic Acid 200ml,B09GRM5X73,Irritated / Atopic,https://www.amazon.it/dp/B09GRM5X73?psc=1,IT,https://m.media-amazon.com/images/I/51vkshLiWsL._AC_SX342_.jpg,VICHY,18.98,420,420,200,"8,034.75","8,034.79",127,"2,947",N/A,7.08,1,4.5,"1,307",6,286,,Beauty,Extra Large Envelope,MFN,17.30 x 4.90 x 4.90 cm,0.25,N/A,"Sep 21, 2021",,No,57,
16.,Dermovitamina Itching Soothing Shampoo - For Sensitive and Delicate Scalp - Gentle Cleansing - Frequent Washes - With Bisabolol and Oat Protein - Sulphate-free Shampoo - 200 ml,B07SHQNKFR,Irritated / Atopic,https://www.amazon.it/dp/B07SHQNKFR?psc=1,IT,https://m.media-amazon.com/images/I/41SQ42uPrlL._AC_SY355_.jpg,Dermovitamina,6.97,"1,026","1,026",400,"7,827.53","7,827.52",176,"1,532",AMZ,4.25,11,4.2,"1,069",5,11,Amazon,Beauty,Extra Large Envelope,AMZ,17.60 x 4.70 x 7.80 cm,0.23,N/A,"Jun 1, 2019",,No,84,Amazon
13.,"Bionike Defence Hair Dermolenitive Shampoo for Sensitive and Irritable Skin, Protective and Moisturizing Action, Gently Cleanses, Soothes and Gives Relief from Irritation and Itching",B075WGFSFN,Irritated / Atopic,https://www.amazon.it/dp/B075WGFSFN?psc=1,IT,https://m.media-amazon.com/images/I/41fLqJY1ryL._AC_SX342_.jpg,Bionike,5.7,"1,910","1,025",500,"13,629.58","7,772.93",182,"1,936",AMZ,4.2,24,4.4,973,6,7,Amazon,Beauty,Extra Large Envelope,AMZ,20.50 x 5.00 x 7.60 cm,0.47,N/A,"Oct 11, 2017",,No,104,Amazon
17.,"BBionike Defence Hair - Extra Gentle Shampoo Oil Frequent Washes, for Sensitive and Irritable Skin, Soothes and Relieves Itching and Irritation",B08KFV2R9M,Irritated / Atopic,https://www.amazon.it/dp/B08KFV2R9M?psc=1,IT,https://m.media-amazon.com/images/I/41oN4Hxz8GL._AC_SX342_.jpg,Bionike,4.89,881,881,400,"6,408.55","6,408.54",143,"1,178",AMZ,4.12,21,4.3,"1,076",6,5,,Beauty,Extra Large Envelope,AMZ,20.50 x 4.50 x 7.30 cm,0.47,N/A,"Sep 28, 2020",,No,69,
55.,Ducray Kelual Ds Seborrheic Dermatitis Treatment Shampoo – 200 ml (2 x 100 ml),B071214XGC,Irritated / Atopic,https://www.amazon.it/dp/B071214XGC?psc=1,IT,"https://m.media-amazon.com/images/I/61gNjyfewQL._AC_SY355_PIbundle-2,TopRight,0,0_SH20_.jpg",Ducray,26.64,229,229,100,"6,250.87","6,250.9",78,"5,698",IT,7.98,8,4.6,"1,104",2,10,Farmacia SanDiodato,Beauty,Large Envelope,FBA,14.20 x 4.00 x 12.60 cm,0.27,N/A,"May 25, 2017",,No,109,Farmacia SanDiodato
30.,"Neutrogena T/Gel Anti-Dandruff Shampoo with Scalp, Men's Shampoo for Hair and Dry Scalp with Salicylic Acid and Piroctone Olamine, Mild Anti-Dandruff Treatment and Alcohol Free, 150 ml",B091PVWK7X,Irritated / Atopic,https://www.amazon.it/dp/B091PVWK7X?psc=1,IT,https://m.media-amazon.com/images/I/71U0pK7Vp4L._AC_SY355_.jpg,Neutrogena,5.23,816,816,300,"6,233.38","6,233.36",184,"1,817",AMZ,3.91,15,4.3,"1,528",7,11,Amazon,Beauty,Large Envelope,AMZ,16.90 x 3.70 x 5.70 cm,0.19,N/A,"Mar 30, 2021",,No,63,Amazon
38.,Wella Professionals Invigo Scalp Balance Deep Cleansing Shampoo for Revitalized Hair 300 ml,B0CH8K9NMR,Irritated / Atopic,https://www.amazon.it/dp/B0CH8K9NMR?psc=1,IT,https://m.media-amazon.com/images/I/51zjcxHccIL._AC_SY355_.jpg,Wella Professionals,9.67,"1,206",520,300,"20,643.79","6,214.58",91,713,AMZ,5.94,19,4.5,885,8,33,Amazon,Beauty,Large Envelope,AMZ,14.00 x 3.00 x 3.00 cm,0.27,N/A,"Sep 10, 2023",,No,33,Amazon
55.,"Eucerin DermoCapillaire Urea Soothing Shampoo 250 ml, Shampoo for Dry Hair, Scalp and Scalp, Moisturizing Formula for a Gentle Daily Cleansing and Without Alkaline Soap",B0090Y79SS,Irritated / Atopic,https://www.amazon.it/dp/B0090Y79SS?psc=1,IT,https://m.media-amazon.com/images/I/6116LpwjBML._AC_SX342_.jpg,Eucerin,9.01,555,555,300,"6,093.05","6,093.08",168,"2,079",AMZ,5.05,28,4.3,"1,415",8,28,,Beauty,Large Envelope,AMZ,19.20 x 3.10 x 6.90 cm,0.3,N/A,"Aug 24, 2012",,No,166,
35.,"Bionike Defence Hair Dermolenitive Shampoo for Sensitive and Irritable Skin, Protective and Moisturizing Action, Gently Cleanses, Soothes and Gives Relief from Irritation and Itching",B076DCG81D,Irritated / Atopic,https://www.amazon.it/dp/B076DCG81D?psc=1,IT,https://m.media-amazon.com/images/I/61p6TzTbWpL._AC_SY445_.jpg,Bionike,6,"1,910",885,N/A,"13,629.58","5,856.68",182,"1,936",N/A,4.12,16,4.4,973,6,7,,Beauty,Extra Large Envelope,FBA,17.30 x 4.30 x 7.20 cm,0.25,N/A,"Jun 28, 2017",,No,108,
51.,"Head & Shoulders Anti-itching Dandruff Shampoo 250 ml for Daily Use, Up to 100% Dandruff Protection. Clinically Tested. For All Types of Skin and Hair. Fresh Feel",B0CRYYK89T,Irritated / Atopic,https://www.amazon.it/dp/B0CRYYK89T?psc=1,IT,https://m.media-amazon.com/images/I/61KjWBlGBdL._AC_SY355_.jpg,Head & Shoulders,2.7,"1,871","1,871",700,"5,739.25","5,739.27",162,"1,409",AMZ,3.7,4,4.6,821,6,16,Amazon,Beauty,Large Envelope,AMZ,19.30 x 3.40 x 6.00 cm,0.29,N/A,"Jan 10, 2024",,No,29,Amazon
67.,EG Nizoral Care Dry and Sensitive Skin Shampoo | Soothing and Moisturising Action | Prolonged Relief from Itching and Dandruff | 200ml,B0GN4B3NMC,Irritated / Atopic,https://www.amazon.it/dp/B0GN4B3NMC?psc=1,IT,https://m.media-amazon.com/images/I/61UBBc3LDNL._AC_SY355_.jpg,EG,13.85,"1,632",315,100,"31,408.31","5,327.66",134,169,IT,7.47,1,4.3,21,8,3,FARMACIANUOVA,Baby Products,Large Envelope,FBA,16.10 x 3.50 x 5.60 cm,0.24,N/A,"Feb 12, 2026",,No,4,FARMACIANUOVA
56.,Uriage Ds Hair Daily Rebalancing Shampoo with Edelweiss – Gentle Foaming Gel – Fresh and Floral Fragrance for Sensitive Scalp – Purifies and Soothes Deeply,B0849VSLYK,Irritated / Atopic,https://www.amazon.it/dp/B0849VSLYK?psc=1,IT,https://m.media-amazon.com/images/I/61VeO2UqBTL._AC_SY355_.jpg,Uriage,15.62,393,315,100,"6,165.31","5,269.02",155,"3,529",IT,7.57,35,4.5,"1,375",6,31,FARMATEAM,Beauty,Small Parcel,MFN,20.50 x 6.50 x 6.50 cm,0.57,N/A,"Feb 13, 2020",,No,76,FARMATEAM
48.,"Wella Professionals Invigo Scalp Balance Anti-Dandruff Shampoo - Skin Relief, 300 ml",B0CH8KW2WR,Irritated / Atopic,https://www.amazon.it/dp/B0CH8KW2WR?psc=1,IT,https://m.media-amazon.com/images/I/61NRQUyrygL._AC_SX342_.jpg,Wella Professionals,9.67,391,391,200,"4,836.58","4,836.59",84,"3,256",AMZ,6.55,22,4.4,337,5,18,Amazon,Beauty,Small Parcel,AMZ,14.70 x 6.30 x 6.40 cm,0.35,N/A,"Sep 10, 2023",,No,33,Amazon
14.,"Vichy Dercos Ultra Soothing Shampoo for All Hair Types, Soothing Action, Scalp Itchy and Reduced Redness with Vitamin Cg and Panthenol, 200 ml",B01D5AP88A,Irritated / Atopic,https://www.amazon.it/dp/B01D5AP88A?psc=1,IT,https://m.media-amazon.com/images/I/616JMgj9Q0L._AC_SX342_.jpg,VICHY,9.06,495,495,N/A,"4,479.88","4,479.9",142,"2,360",AMZ,5.35,1,4.5,742,1,28,Amazon,Beauty,Extra Large Envelope,AMZ,17.50 x 5.20 x 5.20 cm,0.24,N/A,"Jan 1, 2009",,No,209,Amazon
60.,"Eucerin DermoCapillaire Anti-Dandruff Shampoo Gel 250 ml, Anti-Dandruff Shampoo and Seborrheic Dermatitis Effective and Mild, Formula with Salicylic Acid for Oily and Flaky Scalp",B0090Y7D8E,Irritated / Atopic,https://www.amazon.it/dp/B0090Y7D8E?psc=1,IT,https://m.media-amazon.com/images/I/61TV1Rjc2SL._AC_SX342_.jpg,Eucerin,13.11,246,246,100,"3,976.07","3,976.06",178,"6,396",AMZ,6.4,12,4.3,451,8,11,,Beauty,Large Envelope,AMZ,19.70 x 3.00 x 6.90 cm,0.3,N/A,"Aug 24, 2012",,No,166,
36.,Eucerin Ph5,B00ESCS7R4,Irritated / Atopic,https://www.amazon.it/dp/B00ESCS7R4?psc=1,IT,https://m.media-amazon.com/images/I/6181ZkZNchL._AC_SX342_.jpg,Eucerin,9.01,336,336,200,"3,713.08","3,713.07",11,"3,560",AMZ,5.05,12,4.6,348,8,15,Amazon,Beauty,Large Envelope,AMZ,20.10 x 3.30 x 7.00 cm,0.31,N/A,"Sep 30, 2013",,No,153,Amazon
58.,"Kouriles® Gentle Anti-Dandruff Shampoo for Seborrheic Dermatitis, Scalp Irritations or Neonatal Milky Crust with Climbazole, Phlorogine, Vitamin E and Hyaluronic Acid (100 ml)",B08GM7SJKR,Irritated / Atopic,https://www.amazon.it/dp/B08GM7SJKR?psc=1,IT,https://m.media-amazon.com/images/I/61YzC62uI9L._AC_SY355_.jpg,KOURILES,7.83,355,355,200,"3,525.01","3,525.03",175,"3,433",AMZ,4.19,8,4.2,565,6,2,Amazon,Beauty,Large Envelope,AMZ,13.30 x 3.40 x 5.70 cm,0.13,N/A,"Jul 13, 2020",,No,71,Amazon
37.,Dermovitamina Calmilene AF Block - Anti-Dandruff Shampoo - Oily Hair Shampoo - Counteracts blemishes of Seborrheic Dermatitis - With Bisabolol - Normalizes Sebum Production - 200 ml,B015RK0LUG,Irritated / Atopic,https://www.amazon.it/dp/B015RK0LUG?psc=1,IT,https://m.media-amazon.com/images/I/51n4ZZdxQWL._AC_SY355_.jpg,Dermovitamina,7.39,397,397,200,"3,224.88","3,224.88",181,"3,454",AMZ,4.29,6,4.4,420,7,2,Amazon,Beauty,Extra Large Envelope,AMZ,17.10 x 4.70 x 7.60 cm,0.23,N/A,"Sep 24, 2015",,No,129,Amazon
59.,"Bioderm Soft Shampoo 1000 ml – Gentle Cleanser for Sensitive Scalp and Depleted Hair, Soothing Anti-Dandruff and Itching, Isodermic Formula for Daily Use, Made in Italy",B08DGB8TX2,Irritated / Atopic,https://www.amazon.it/dp/B08DGB8TX2?psc=1,IT,https://m.media-amazon.com/images/I/610v07cyCdL._AC_SY355_.jpg,BIODERM BIODERMOCOSMETICI,11.07,"1,469",213,100,"14,847.27","2,881.23",168,976,AMZ,7.22,2,4.2,"1,259",8,26,Amazon,Beauty,Small Parcel,AMZ,24.00 x 8.10 x 8.30 cm,1.05,N/A,"Jul 21, 2020",,No,71,Amazon
25.,"L'Oréal Professionnel, Shampoo Professionale Lenitivo, Per Cuoio Capelluto Sensibile, Per Capelli Luminosi e Setosi, Con Niacinamide, Anti-Discomfort, Scalp Advanced",B0BPYF46LP,Irritated / Atopic,https://www.amazon.it/dp/B0BPYF46LP?psc=1,IT,https://m.media-amazon.com/images/I/51NqBwfgEhL._AC_SX342_.jpg,L'Oréal Professionnel Paris,14.35,291,146,50,"6,206.21","2,683.31",165,"4,505",AMZ,7.15,33,4.4,"1,383",6,29,,Beauty,Extra Large Envelope,AMZ,14.10 x 5.80 x 5.80 cm,0.35,N/A,"Mar 1, 2023",,No,39,
69.,"Euphidra - AmidoMio Oil Shampoo with Rice Oil, Restructuring and Antipruritic Action, Nourishing and Emolient Properties, Protects Scalp, for Delicate Hair, 200 ml",B01N5O3T8B,Irritated / Atopic,https://www.amazon.it/dp/B01N5O3T8B?psc=1,IT,https://m.media-amazon.com/images/I/61Zs2Ob27OL._AC_SY355_.jpg,Euphidra,6.61,319,319,200,"2,598.24","2,598.26",163,"2,554",AMZ,5.28,30,4.7,360,7,7,Amazon,Beauty,Extra Large Envelope,AMZ,14.40 x 4.70 x 8.00 cm,0.23,N/A,"Jan 23, 2015",,No,137,Amazon
71.,Uriage DS Hair Anti-Dandruff Shampoo 200ml,B0BVKDTBDL,Irritated / Atopic,https://www.amazon.it/dp/B0BVKDTBDL?psc=1,IT,https://m.media-amazon.com/images/I/716aCAZ1+GL._AC_SY355_.jpg,Uriage,12.29,180,180,100,"2,472.53","2,472.51",42,"6,809",N/A,6.29,25,4.5,216,2,8,FMbeauty,Beauty,Extra Large Envelope,FBA,16.70 x 5.70 x 5.70 cm,0.25,N/A,"Dec 13, 2022",,No,42,FMbeauty
72.,"Garnier Ultra Sweet Oat Gentle Shampoo, 300 ml",B07FF3D7YB,Irritated / Atopic,https://www.amazon.it/dp/B07FF3D7YB?psc=1,IT,https://m.media-amazon.com/images/I/61x2lYXAMLL._AC_SY355_.jpg,Garnier,1.66,"2,641",897,500,"7,725.4","2,402.05",46,352,AMZ,N/A,1,4.3,"2,253",6,35,Amazon,Beauty,Large Envelope,AMZ,17.40 x 3.70 x 8.20 cm,0.34,N/A,"Jul 18, 2018",,No,95,Amazon
59.,"Bioderm Shampoo Soft - Sensitive Scalp Shampoo | Anti-Dandruff Treatment, Seborrheic Dermatitis & Itchy Scalp, Daily Use, Paraben Free, 1000ml",B09FFKMT7W,Irritated / Atopic,https://www.amazon.it/dp/B09FFKMT7W?psc=1,IT,https://m.media-amazon.com/images/I/51JQAQQC88L._AC_SY355_.jpg,FARMODERM,9.57,202,202,100,"2,323.36","2,323.37",142,"5,938",AMZ,7.93,1,4.2,287,1,6,Amazon,Beauty,Small Parcel,AMZ,23.50 x 8.40 x 8.40 cm,1.07,N/A,"Nov 15, 2022",,No,43,Amazon
60.,"Sphagnum Botanicals Shampoo for Psoriasis Scalp with Salicylic Acid - Formulated with Peat and Menthol to soothe itching and eliminate scales, 250 ml",B0D86YN54G,Irritated / Atopic,https://www.amazon.it/dp/B0D86YN54G?psc=1,IT,https://m.media-amazon.com/images/I/71hxx7lCpmL._AC_SY355_.jpg,Sphagnum Botanicals,15.53,124,113,50,"2,577.66","2,259.03",149,"7,836",EE,8.21,1,4.1,772,9,25,Sphagnum Botanicals,Beauty,Extra Large Envelope,FBA,14.00 x 5.31 x 5.41 cm,0.29,N/A,"Sep 12, 2024",,No,21,Sphagnum Botanicals
62.,PHARCOS® Deltacrin DS 125 ml - Cosmetic Adjuvant Shampoo Seborrheic Dermatitis with Sebum-Normalizing and Soothing Action of the Scalp,B0CC2TVMP2,Irritated / Atopic,https://www.amazon.it/dp/B0CC2TVMP2?psc=1,IT,https://m.media-amazon.com/images/I/61fxfJAdRoL._AC_SY355_.jpg,PHARCOS,15.16,105,105,50,"2,163.45","2,163.47",134,"11,179",N/A,7.23,2,4.6,71,2,0,Parafarmacia Farmapiù,Beauty,Extra Large Envelope,FBA,17.60 x 4.40 x 4.50 cm,0.16,N/A,"Jul 17, 2023",,No,35,Parafarmacia Farmapiù
53.,"Head & Shoulders Dermaxpro Anti-Dandruff Shampoo for Dry Scalp with Itchy Skin, with Cactus Extract, Active Aloe, Vitamin E, Clinically and Dermatologically Tested, 250 ml",B0CSPKJN7D,Irritated / Atopic,https://www.amazon.it/dp/B0CSPKJN7D?psc=1,IT,https://m.media-amazon.com/images/I/71CW4z+snXL._AC_SY355_.jpg,Head & Shoulders,3.68,750,477,300,"6,582.75","2,143.05",171,"1,019",AMZ,4.75,4,4.5,528,7,16,Amazon,Beauty,Large Envelope,AMZ,19.10 x 3.60 x 6.00 cm,0.29,N/A,"Jan 18, 2024",,No,29,Amazon
56.,Xoriderm Gentle Shampoo Useful in the Presence of Psoriasis and Scalp Dermatitis | Useful in Case of Itching and Redness of Scalp | 150 ml,B08YFKJ3PZ,Irritated / Atopic,https://www.amazon.it/dp/B08YFKJ3PZ?psc=1,IT,https://m.media-amazon.com/images/I/71xAaXhxvPL._AC_SY355_.jpg,Licofarma,15.98,104,104,50,"2,112.62","2,112.63",138,"9,973",IT,7.29,1,4.2,323,6,11,Licofarma S.r.l.,Beauty,Extra Large Envelope,FBA,17.30 x 4.90 x 5.10 cm,0.19,N/A,"Mar 9, 2021",,No,63,Licofarma S.r.l.
33.,"Mustela Stelatopia Shampoo Mousse for Scalp with Extreme Dryness or Atopic Dermatitis, Hair, Babies, Children, Whole Family, Reduces Redness and Itching (150 ml)",B075TWS319,Irritated / Atopic,https://www.amazon.it/dp/B075TWS319?psc=1,IT,https://m.media-amazon.com/images/I/51PqSz9oxoL._AC_SY355_.jpg,Mustela,5.56,225,225,100,"2,037.33","2,037.33",161,"7,911",AMZ,6.43,24,4.4,712,12,8,,Beauty,Extra Large Envelope,AMZ,17.30 x 4.60 x 4.70 cm,0.2,N/A,"Sep 30, 2017",,No,105,
65.,"Complete Scalp Care Kit: Urea Shampoo 10% for Psoriasis & Seborrheic Dermatitis + Sulphur Anti-Dandruff Shampoo for Itching, Scales, Sebum Control | Soothes Irritation, Strong, Healthy Hair",B0FBJKMG6X,Irritated / Atopic,https://www.amazon.it/dp/B0FBJKMG6X?psc=1,IT,https://m.media-amazon.com/images/I/51MmJAQSGzL._AC_SY355_.jpg,TIS farmaceutic,15.57,91,91,50,"1,730.74","1,730.73",189,"18,872",RO,4.93,1,4.2,39,8,7,KLU.Farma (EU),Beauty,Extra Large Envelope,FBA,16.80 x 4.10 x 8.80 cm,0.3,N/A,"May 31, 2025",,No,13,KLU.Farma (EU)
34.,"Urtekram Organic Tea Tree Shampoo for Irritated Scalp, 560 g",B0019YN81E,Irritated / Atopic,https://www.amazon.it/dp/B0019YN81E?psc=1,IT,https://m.media-amazon.com/images/I/6160y3zp-7L._AC_SY355_.jpg,Urtekram,12.29,"1,003",114,50,"12,687.86","1,707.76",60,"1,132",AMZ,7.2,4,4.3,"7,815",6,102,Amazon,Beauty,Small Parcel,AMZ,21.80 x 7.30 x 18.50 cm,0.57,N/A,"Aug 7, 2012",,No,166,Amazon
40.,"MOST - Dermictiol Moisturizing Shampoo Irritated Scalp, Seborrheic Dermatitis and Dandruff Without Sulfates, Frequent Wash Shampoo with Ichthyol for Sensitive Skin, Itchy Relief Irritations 150 ml",B01B4Z8HUO,Irritated / Atopic,https://www.amazon.it/dp/B01B4Z8HUO?psc=1,IT,https://m.media-amazon.com/images/I/41SG8mzfbGL._AC_SY355_.jpg,MOST,12.3,112,112,50,"1,685.03","1,685.06",196,"9,841",IT,6.25,11,4.4,124,4,5,MOST Skincare,Beauty,Large Envelope,FBA,16.00 x 4.00 x 6.80 cm,0.19,N/A,"Dec 1, 2015",,No,126,MOST Skincare
57.,"Eucerin DermoCapillaire Extra Tolerability Shampoo 250 ml, Shampoo for Sensitive and Irritated Hair and Scalp, Gentle Formula for the Whole Family Suitable for Frequent Washes and Fragrance Free",B0090Y7C1M,Irritated / Atopic,https://www.amazon.it/dp/B0090Y7C1M?psc=1,IT,https://m.media-amazon.com/images/I/61UM7-3GzIL._AC_SY355_.jpg,Eucerin,10.32,91,91,50,"1,104.59","1,104.6",194,"8,411",AMZ,5.89,24,4.5,428,8,4,Amazon,Beauty,Large Envelope,AMZ,19.30 x 3.00 x 7.10 cm,0.29,N/A,"Aug 24, 2012",,No,166,Amazon
54.,"DERMASENCE Polaneth Shampoo 200 ml, Moisturizing Shampoo for Dry, Very Dry and Prone to Itchy, Soothing Shampoo Suitable for People with Atopic Dermatitis",B08P4D38B1,Irritated / Atopic,https://www.amazon.it/dp/B08P4D38B1?psc=1,IT,https://m.media-amazon.com/images/I/61TWS8+Q0cL._AC_SY355_.jpg,DERMASENCE,15.57,54,54,N/A,"1,035.62","1,035.64",154,"25,018",DE,8.07,4,4.3,496,6,11,Medicos Kosmetik GmbH und Co KG,Beauty,Extra Large Envelope,FBA,17.20 x 5.20 x 5.20 cm,0.25,N/A,"Jan 1, 2009",,No,209,Medicos Kosmetik GmbH und Co KG
37.,Wella Professionals INVIGO SCALP BALANCE Sensitive Scalp Shampoo - per cute secca,B0CH8K7R2R,Irritated / Atopic,https://www.amazon.it/dp/B0CH8K7R2R?psc=1,IT,https://m.media-amazon.com/images/I/61uudnN00QL._AC_SX342_.jpg,Wella Professionals,10.57,109,80,N/A,"1,677.51","1,027.73",81,"9,675",AMZ,6.17,16,4.5,311,6,19,Amazon,Beauty,Extra Large Envelope,AMZ,14.70 x 5.70 x 5.80 cm,0.34,N/A,"Sep 10, 2023",,No,33,Amazon
17.,"Vichy Dercos Technique Anti-Dandruff Shampoo, Oily Hair, Eliminates Dandruff and Reduces Itching, Clean and Healthy Scalp, Double Efficiency, Unisex, Dercos Technique, 390 ml",B00WN2BY7G,Irritated / Atopic,https://www.amazon.es/dp/B00WN2BY7G?psc=1,ES,https://m.media-amazon.com/images/I/61jixBW8nsL._SX342_.jpg,VICHY,14.9,"8,242","8,242","5,000","139,159.09","139,159.07",174,41,AMZ,7.14,1,4.7,"11,337",11,285,Amazon,Beauty,Extra Large Envelope,AMZ,20.20 x 5.90 x 5.90 cm,0.45,N/A,"Apr 24, 2015",,No,134,Amazon
36.,ISDIN Nutradeica Oily Dandruff Shampoo 400ml,B07GL8W9VK,Irritated / Atopic,https://www.amazon.es/dp/B07GL8W9VK?psc=1,ES,https://m.media-amazon.com/images/I/51HtxvfPVIL._AC_SY355_.jpg,ISDIN,21.98,"1,552","1,552",800,"34,104.23","34,104.23",44,539,AMZ,7.21,12,4.4,"2,036",8,27,Amazon,Beauty,Extra Large Envelope,AMZ,20.80 x 4.50 x 10.60 cm,0.46,N/A,"Aug 10, 2018",,No,94,Amazon
20.,"Vichy Dercos Technique Dercos Technique Anti-Dandruff Shampoo, Dry Hair, Eliminates Dandruff and Reduces Itching, Clean and Healthy Scalp, Double Efficiency, Unisex, Dercos Technique",B01BPHAD1W,Irritated / Atopic,https://www.amazon.es/dp/B01BPHAD1W?psc=1,ES,https://m.media-amazon.com/images/I/61xTSvAcq+L._AC_SY355_.jpg,VICHY,15.26,"2,007","2,007","1,000","32,270.27","32,270.29",182,313,AMZ,6.2,1,4.8,"3,700",9,157,Amazon,Beauty,Extra Large Envelope,AMZ,20.00 x 6.00 x 6.10 cm,0.45,N/A,"Feb 12, 2016",,No,124,Amazon
31.,Vichy Dercos Technique Dercos Technique Refill 390 ml,B0F1FXH4X1,Irritated / Atopic,https://www.amazon.es/dp/B0F1FXH4X1?psc=1,ES,https://m.media-amazon.com/images/I/7134FpUIABL._SX342_.jpg,VICHY,12.46,"1,516","1,516",600,"24,620.78","24,620.76",53,534,AMZ,6.17,7,4.6,716,9,76,Amazon,Beauty,Extra Large Envelope,AMZ,16.70 x 5.50 x 13.30 cm,0.41,N/A,"May 25, 2025",,No,13,Amazon
22.,"ISDIN Psorisdin Anti-flaking Shampoo, Anti-flaking Shampoo that Helps Relieve Itch of Psoriasis, Relieves Itching Associated with Peeling States",B082S3GNPJ,Irritated / Atopic,https://www.amazon.es/dp/B082S3GNPJ?psc=1,ES,https://m.media-amazon.com/images/I/61rvqznXb8L._SX342_.jpg,ISDIN,23.34,"1,825","1,058",500,"34,769.91","22,951.25",144,492,AMZ,7.89,17,4.3,"4,086",8,42,Amazon,Beauty,Extra Large Envelope,AMZ,18.90 x 4.10 x 8.00 cm,0.49,N/A,"Oct 11, 2018",,No,92,Amazon
16.,"Vichy Dercos Technique Dercos Technique Psolution Shampoo for Scalp with Psoriasis, Removes Scales and Reduces Itching, Clean and Healthy Scalp, Double Effectiveness, Unisex, Dercos Technique, 200 ml",B09GRM5X73,Irritated / Atopic,https://www.amazon.es/dp/B09GRM5X73?psc=1,ES,https://m.media-amazon.com/images/I/71MZJV2dslL._SX342_.jpg,VICHY,11.32,"1,809","1,809","1,000","20,475.71","20,475.73",199,404,AMZ,4.98,1,4.6,"1,315",7,280,Amazon,Beauty,Extra Large Envelope,AMZ,17.30 x 4.90 x 4.90 cm,0.25,N/A,"Sep 21, 2021",,No,57,Amazon
46.,SEBAMED Shampoo,B07ZRQDL76,Irritated / Atopic,https://www.amazon.es/dp/B07ZRQDL76?psc=1,ES,https://m.media-amazon.com/images/I/61vCjrVNriL._SY445_.jpg,SEBAMED,10.32,"1,523","1,295",800,"20,178.57","17,991.73",15,646,AMZ,6.77,19,4.4,"4,413",5,28,Amazon,Beauty,Small Parcel,AMZ,20.30 x 6.10 x 17.20 cm,0.4,N/A,"Oct 30, 2019",,No,80,Amazon
18.,"La Roche Posay, Kerium Extra Soft Physiological Shampoo Gel, Soothes Scalp, Enriched with Thermal Water, For Sensitive Scalp, 400 ml",B00IVIMVFK,Irritated / Atopic,https://www.amazon.es/dp/B00IVIMVFK?psc=1,ES,https://m.media-amazon.com/images/I/71r42hKzfEL._SX342_.jpg,La Roche-Posay,12.88,"1,279","1,279",700,"16,468.01","16,468.01",132,584,AMZ,5.94,1,4.5,"2,608",1,62,Amazon,Beauty,Small Parcel,AMZ,19.70 x 6.30 x 6.40 cm,0.47,N/A,"Jan 1, 2009",,No,209,Amazon
50.,KÉRASTASE SPECIFIQUE & BAIN Vital DERMO-CALM Shampoo 250 ml,B01HYOB0LC,Irritated / Atopic,https://www.amazon.es/dp/B01HYOB0LC?psc=1,ES,https://m.media-amazon.com/images/I/51QM-+MwdLL._SX342_.jpg,KÉRASTASE,22.95,715,614,300,"18,980.94","14,340.75",59,"1,213",AMZ,7.35,1,4.6,"4,052",7,20,Amazon,Beauty,Extra Large Envelope,AMZ,14.20 x 4.30 x 6.40 cm,0.29,N/A,"Feb 15, 2013",,No,160,Amazon
62.,"H&S Pro-Expert 7 Anti-Dandruff Shampoo 800ml with Caffeine, Fights 7 Symptoms of Dandruff for Complete Scalp Protection, Prevents Hair Loss, Clinically Proven",B0CRZD26L9,Irritated / Atopic,https://www.amazon.es/dp/B0CRZD26L9?psc=1,ES,https://m.media-amazon.com/images/I/71SsVrHU1ML._AC_SY355_.jpg,Head & Shoulders,10.74,967,967,600,"12,556.81","12,556.8",158,"1,076",AMZ,5.86,3,4.6,"2,310",7,63,Amazon,Beauty,Small Parcel,AMZ,24.00 x 6.40 x 9.40 cm,0.9,N/A,"May 2, 2025",,No,13,Amazon
54.,"ISDIN Zincation Anti-Dandruff Shampoo, Cleaning And Care Of Hair And Scalp With Visible, Oily And Dry Dandruff, Daily Use, With Antimicrobial Properties, Pyroctone Olaminate and Zinc - 400ml",B00GY25AH6,Irritated / Atopic,https://www.amazon.es/dp/B00GY25AH6?psc=1,ES,https://m.media-amazon.com/images/I/61GvHjCN51L._SX342_.jpg,ISDIN,16.04,860,860,500,"12,490.89","12,490.86",190,"1,009",AMZ,6.1,11,4.4,665,7,5,Amazon,Beauty,Extra Large Envelope,AMZ,18.50 x 4.30 x 8.40 cm,0.45,N/A,"Mar 21, 2014",,No,147,Amazon
19.,"ISDIN Psorisdin Anti-flaking Shampoo, Anti-flaking Shampoo that Helps Relieve Itch of Psoriasis, Relieves Itching Associated with Peeling States",B00D3HR76M,Irritated / Atopic,https://www.amazon.es/dp/B00D3HR76M?psc=1,ES,https://m.media-amazon.com/images/I/519+GPV76+L._SX342_.jpg,ISDIN,10.91,"1,825",767,400,"34,769.91","11,818.71",144,492,AMZ,5.88,23,4.3,"4,086",8,47,Amazon,Beauty,Large Envelope,AMZ,15.00 x 3.50 x 6.50 cm,0.25,N/A,"Jul 28, 2014",,No,143,Amazon
41.,Wella Professionals INVIGO BALANCE PURE - Champú Purificante para Cuero cabelludo sensible,B0CH9DKHSC,Irritated / Atopic,https://www.amazon.es/dp/B0CH9DKHSC?psc=1,ES,https://m.media-amazon.com/images/I/61ygOiYdD5L._SX342_.jpg,Wella Professionals,13.31,"1,193",709,600,"15,570.08","11,448.61",90,563,AMZ,6.7,14,4.4,876,13,32,Amazon,Beauty,Small Parcel,AMZ,25.00 x 8.20 x 8.40 cm,1.09,N/A,"Aug 3, 2023",,No,34,Amazon
68.,"Urtekram Unscented Shampoo - Sensitive Scalp Care - 500ml - Organic and Vegan with Aloe Vera - Hypoallergenic, Certified, Gentle Hydration",B09GG99BX3,Irritated / Atopic,https://www.amazon.es/dp/B09GG99BX3?psc=1,ES,https://m.media-amazon.com/images/I/61wsKhF1JWL._AC_SY355_.jpg,Urtekram,12.05,880,779,400,"12,341.66","11,360.36",138,813,AMZ,6.2,14,4.1,935,5,30,Amazon,Beauty,Small Parcel,AMZ,18.90 x 6.60 x 6.70 cm,0.56,N/A,"Sep 23, 2021",,No,57,Amazon
30.,"Isdin Nutradeica Anti-Dandruff Dry Shampoo, Reduces Dandruff and Relieves Scalp Itch, 1 x 200 ml",B00J5FZXX0,Irritated / Atopic,https://www.amazon.es/dp/B00J5FZXX0?psc=1,ES,https://m.media-amazon.com/images/I/51bs8tVBrKL._SX342_.jpg,ISDIN,15.63,715,715,300,"10,361.82","10,361.83",96,"2,069",AMZ,6.03,13,4.4,770,7,10,Amazon,Beauty,Extra Large Envelope,AMZ,9.90 x 4.30 x 6.40 cm,0.26,N/A,"Sep 10, 2014",,No,141,Amazon
38.,Urtekram Tea Tree Shampoo for Irritated Scalp 500 ml - Natural and Organic Soothing Care with Aloe Vera and Glycerin,B0019YN81E,Irritated / Atopic,https://www.amazon.es/dp/B0019YN81E?psc=1,ES,https://m.media-amazon.com/images/I/6160y3zp-7L._AC_SY355_.jpg,Urtekram,9.3,840,736,500,"11,381.84","10,333.91",116,648,AMZ,5.7,13,4.2,"5,717",5,29,Amazon,Beauty,Small Parcel,AMZ,21.80 x 7.30 x 18.50 cm,0.57,N/A,"Aug 7, 2012",,No,166,Amazon
29.,Sebamed Ultra Soft Shampoo 400ml - Shampoo with extra-gentle hair care formula for sensitive scalp and normal to dry hair,B00HR4KUAC,Irritated / Atopic,https://www.amazon.es/dp/B00HR4KUAC?psc=1,ES,https://m.media-amazon.com/images/I/61i-s-IfPbL._AC_SY355_.jpg,Sebamed,11.15,604,604,300,"8,951.51","8,951.51",121,"1,436",AMZ,5.96,8,4.5,309,4,5,Amazon,Beauty,Extra Large Envelope,AMZ,17.60 x 5.10 x 10.20 cm,0.44,N/A,"Jan 8, 2014",,No,149,Amazon
28.,"Vichy Dercos Technique Ultra Soothing Shampoo Soothes Sensitive Scalp, Nourishes and Repairs, Anti-Irritation, Silicone-Free, For Normal Dry Hair, Dercos Technique, 200 ml",B01D5AP786,Irritated / Atopic,https://www.amazon.es/dp/B01D5AP786?psc=1,ES,https://m.media-amazon.com/images/I/515ud8s-dmL._SX342_.jpg,VICHY,10.49,796,796,500,"8,346.15","8,346.14",171,743,AMZ,4.84,1,4.5,"1,193",4,55,Amazon,Beauty,Extra Large Envelope,AMZ,17.30 x 4.90 x 4.90 cm,0.26,N/A,"Mar 18, 2016",,No,123,Amazon
48.,"Kérastase Symbiose, Purifying Anti-Dandruff Shampoo, For Dry And Sensitive Scalp With Dandruff Tendency, Sulfate-free Shampoo*, Bain Crème Anti-Pelliculaire, 250 ml",B0BNNV8K2D,Irritated / Atopic,https://www.amazon.es/dp/B0BNNV8K2D?psc=1,ES,https://m.media-amazon.com/images/I/41g0ILWrNwL._SX342_.jpg,KÉRASTASE,22.95,328,328,200,"7,043.45","7,043.43",164,"4,628",AMZ,7.35,1,4.6,"1,779",12,38,Amazon,Beauty,Extra Large Envelope,AMZ,14.20 x 4.20 x 6.50 cm,0.29,N/A,"Jan 1, 2023",,No,41,Amazon
32.,"NaturVital - Sensitive Shampoo, Paraben and Silicone Free, Natural Shampoo for Oily Hair, Dermatological for Atopic Skin and Sensitive Scalp, 300 ml",B0077372FO,Irritated / Atopic,https://www.amazon.es/dp/B0077372FO?psc=1,ES,https://m.media-amazon.com/images/I/61umpwsZ6eL._AC_SY355_.jpg,NaturVital,3.3,"1,469","1,340",700,"9,484.8","5,347.34",148,645,AMZ,3.32,1,4.3,"1,235",6,13,Amazon,Beauty,Large Envelope,AMZ,20.20 x 3.60 x 6.60 cm,0.34,N/A,"Sep 9, 2014",,No,141,Amazon
49.,H&S DermaXPro Soothing Shampoo 800ml with Aloe Vera Extract and Ceramide Complex Relieves Dry and Itchy Scalp Helps Strengthen Skin Barrier,B0G392Y83X,Irritated / Atopic,https://www.amazon.es/dp/B0G392Y83X?psc=1,ES,https://m.media-amazon.com/images/I/71aKh8TRO4L._AC_SY355_.jpg,Head & Shoulders,10.74,402,402,200,"5,224.87","5,224.87",139,"2,403",AMZ,5.96,1,4.6,55,8,4,Amazon,Beauty,Small Parcel,AMZ,23.90 x 6.40 x 9.50 cm,0.9,N/A,"Nov 21, 2025",,No,7,Amazon
61.,"Dr. Tree | Champú Dermoprotector Cueros Cabelludos Sensibles | Limpieza, Brillo y Fuerza | Refuerza el Microbioma | 99% Ingredientes Naturales | 400ml",B08ZD9MGLH,Irritated / Atopic,https://www.amazon.es/dp/B08ZD9MGLH?psc=1,ES,https://m.media-amazon.com/images/I/61x7WrPEd2L._SY445_.jpg,Dr. Tree,9.25,383,383,200,"4,285.73","4,285.7",150,"2,193",AMZ,5.69,7,4.1,779,8,4,Amazon,Beauty,Small Parcel,AMZ,20.40 x 7.40 x 13.20 cm,0.47,N/A,"Mar 18, 2021",,No,63,Amazon
24.,Wella Professionals INVIGO BALANCE PURE - Champú Purificante para Cuero cabelludo sensible,B0CH8K9NMR,Irritated / Atopic,https://www.amazon.es/dp/B0CH8K9NMR?psc=1,ES,https://m.media-amazon.com/images/I/61D-d5GlvIL._SX342_.jpg,Wella Professionals,7,"1,287",462,200,"17,252.01","3,930.92",90,563,AMZ,3.73,14,4.4,876,14,34,Amazon,Beauty,Large Envelope,AMZ,14.00 x 3.00 x 3.00 cm,0.27,N/A,"Sep 6, 2023",,No,33,Amazon
52.,Ducray Anti-dandruff shampoo-100 milliliters,B07TT7VMFD,Irritated / Atopic,https://www.amazon.es/dp/B07TT7VMFD?psc=1,ES,https://m.media-amazon.com/images/I/71DefMlY-sL._AC_SY355_.jpg,Ducray,16.23,231,231,N/A,"3,741.95","3,741.92",44,"5,982",AMZ,6.08,13,4.6,"3,176",1,48,Amazon,Beauty,Large Envelope,AMZ,14.20 x 3.90 x 6.30 cm,0.13,N/A,"Jun 9, 2017",,No,108,Amazon
6.,Instituto Español Atopic Skin Shampoo - 300 ML,B01CS5KDOC,Irritated / Atopic,https://www.amazon.es/dp/B01CS5KDOC?psc=1,ES,https://m.media-amazon.com/images/I/61fvp4VZU0S._AC_SY355_.jpg,Instituto Español,3.29,838,838,700,"3,369.89","3,369.9",46,411,AMZ,4.59,14,4.5,"3,067",1,18,Amazon,Beauty,Extra Large Envelope,AMZ,19.50 x 4.50 x 8.60 cm,0.37,N/A,"Mar 10, 2016",,No,123,Amazon
23.,"Rilastil - Advance Ultra-thin Shampoo for Sensitive Scalp, Seborrheic Dermatitis, Eczema, Sulfate-Free, with Oat Derivatives, Amino Acids, Hydrates Natural Volume - 500ml",B00TTX05FY,Irritated / Atopic,https://www.amazon.es/dp/B00TTX05FY?psc=1,ES,https://m.media-amazon.com/images/I/41vyuPr5I1L._AC_SY355_.jpg,Rilastil,10.4,243,243,100,"3,126.5","3,126.52",170,"3,792",AMZ,5.8,17,4.4,163,5,2,Amazon,Beauty,Extra Large Envelope,AMZ,21.90 x 5.20 x 7.30 cm,0.58,N/A,"Nov 20, 2013",,No,151,Amazon
58.,"Vichy, Dercos DS Anti-Dandruff Shampoo Conditioner 2in1, Eliminates Dandruff, Anti-relapse Effect for 6 Weeks with Selenium DS and Hyaluronic Acid, for All Hair Types, 200 ml",B0DDTXX5BT,Irritated / Atopic,https://www.amazon.es/dp/B0DDTXX5BT?psc=1,ES,https://m.media-amazon.com/images/I/71JS37pupbL._SX342_.jpg,VICHY,11.9,254,254,100,"3,029.43","3,029.44",174,"3,625",AMZ,5.12,1,4.6,228,1,15,Amazon,Beauty,Extra Large Envelope,AMZ,17.20 x 4.90 x 5.00 cm,0.24,N/A,"Sep 2, 2024",,No,21,Amazon
60.,"H&S DermaXPro Soothing Anti-Dandruff Shampoo 300ml with Aloe Vera Extract and Ceramide Complex Relieves Dry Scalp, Pack of 6",B0BDXP1TSQ,Irritated / Atopic,https://www.amazon.es/dp/B0BDXP1TSQ?psc=1,ES,"https://m.media-amazon.com/images/I/71QG5WTDz6L._AC_SX355_PIbundle-6,TopRight,0,0_SH20_.jpg",Procter & Gamble,16.52,105,105,50,"2,827.48","2,827.48",124,"1,382",AMZ,8.58,1,4.6,247,6,5,Amazon,Beauty,Small Parcel,AMZ,19.40 x 11.40 x 13.60 cm,2.05,N/A,"Dec 9, 2022",,No,42,Amazon
63.,"Eucerin DermoCapillaire Kopfhautberuhigendes Urea Shampoo, 250 ml Shampoo",B0090Y79SS,Irritated / Atopic,https://www.amazon.es/dp/B0090Y79SS?psc=1,ES,https://m.media-amazon.com/images/I/412R8iRptHL._SX342_.jpg,Eucerin,10.74,165,165,100,"2,148.94","2,148.93",73,"7,437",AMZ,5.6,21,4.4,"1,398",9,32,Amazon,Beauty,Large Envelope,AMZ,19.20 x 3.10 x 6.90 cm,0.3,N/A,"Aug 24, 2012",,No,166,Amazon
48.,Neutrogena T/Gel Strong Shampoo (250 ml bottle) – Anti-severe itching and anti-dandruff shampoo – Effective from the 1st week of use,B003TZZSD2,Irritated / Atopic,https://www.amazon.es/dp/B003TZZSD2?psc=1,ES,https://m.media-amazon.com/images/I/61WynRNn5LL._AC_SY355_.jpg,Neutrogena,10.74,174,174,100,"2,146.08","2,146.1",132,"3,775",AMZ,5.6,4,4.5,352,8,76,Amazon,Beauty,Large Envelope,AMZ,18.40 x 3.90 x 7.10 cm,0.31,N/A,"Aug 8, 2012",,No,166,Amazon
24.,Milva Pine Tar Shampoo for Seborrheic Dermatitis - 500ml Natural Anti-Dandruff Shampoo - Anti-Dandruff for Psoriasis - Solution for Dry Scalp with Itchy and Visible Flaking,B072LTMTMQ,Irritated / Atopic,https://www.amazon.es/dp/B072LTMTMQ?psc=1,ES,https://m.media-amazon.com/images/I/81cjakBEXrL._AC_SY355_.jpg,Milva,13.69,187,153,100,"2,418.48","2,091.77",172,"3,446",GB,5.96,1,3.7,"2,177",8,35,VS TRADE SOLUTIONS,Beauty,Extra Large Envelope,FBA,22.40 x 5.30 x 8.80 cm,0.55,N/A,"Aug 3, 2017",,No,106,VS TRADE SOLUTIONS
53.,Rosemary Solid Shampoo | Anti-Dandruff + Seborrheic Dermatitis | Sulfate and Paraben Free | Oily Hair + pH Balance | Vegan | Natural Ingredients - 80g,B0CW23M5YY,Irritated / Atopic,https://www.amazon.es/dp/B0CW23M5YY?psc=1,ES,https://m.media-amazon.com/images/I/71LNIZf8L7L._AC_SY355_.jpg,RAW REVIVAL,9.46,160,160,100,"2,080.85","2,080.85",150,"5,070",US,5.55,1,4.5,210,8,9,FERRER FOREL,Beauty,Large Envelope,FBA,7.10 x 3.60 x 7.10 cm,0.09,N/A,"Apr 28, 2024",,No,26,FERRER FOREL
40.,Wella Professionals ELEMENTS Champú Calmante - Cuero cabelludo seco y delicado - Sin Siliconas ni Sulfatos,B09BNSGF63,Irritated / Atopic,https://www.amazon.es/dp/B09BNSGF63?psc=1,ES,https://m.media-amazon.com/images/I/61oYSU5tyrL._SX342_.jpg,Wella Professionals,18.59,132,94,50,"2,650.1","2,054.18",106,"9,184",AMZ,7.64,10,4.6,130,11,6,Amazon,Beauty,Small Parcel,AMZ,25.30 x 8.20 x 10.00 cm,1.11,N/A,"Aug 2, 2021",,No,58,Amazon
54.,VALQUER Zero Sulfate Free Anti-Dandruff Shampoo | Reduces Itching and Irritation of Scalp | With Piroctone Olamine and TheraPyOl | For All Hair Types | Vegan | 1 L,B074CRFZ72,Irritated / Atopic,https://www.amazon.es/dp/B074CRFZ72?psc=1,ES,https://m.media-amazon.com/images/I/61XRr41aFhL._AC_SY355_.jpg,Valquer Laboratorios,14.83,118,96,50,"2,236.21","1,877.33",163,"7,953",AMZ,7.95,8,4.2,322,6,1,Amazon,Beauty,Small Parcel,AMZ,26.00 x 9.00 x 9.00 cm,1.12,N/A,"Jul 26, 2017",,No,107,Amazon
32.,"L'Oréal Professionnel, Anti Discomfort Shampoo Enriched with Dermatological Actives for Sensitive Scalp, Scalp Advanced, 300 ml",B0BPYF46LP,Irritated / Atopic,https://www.amazon.es/dp/B0BPYF46LP?psc=1,ES,https://m.media-amazon.com/images/I/51t3w2uAovL._SX342_.jpg,L'Oréal Professionnel Paris,12.64,121,121,50,"1,877.02","1,877.06",127,"4,429",AMZ,6.2,26,4.4,812,10,11,Amazon,Beauty,Extra Large Envelope,AMZ,14.10 x 5.80 x 5.80 cm,0.35,N/A,"Mar 1, 2023",,No,39,Amazon
59.,"Uriage Ds Hair Daily Regulating Shampoo with Eucalyptus - Soft, Fresh and Flora Foaming Gel",B0849VSLYK,Irritated / Atopic,https://www.amazon.es/dp/B0849VSLYK?psc=1,ES,https://m.media-amazon.com/images/I/61VeO2UqBTL._AC_SY355_.jpg,Uriage,12.93,118,118,50,"1,831.08","1,831.1",91,"6,368",ES,6.34,32,4.6,838,6,20,Farmacia la Botica,Beauty,Small Parcel,MFN,20.40 x 6.30 x 6.40 cm,0.57,N/A,"Feb 12, 2020",,No,76,Farmacia la Botica
55.,"Enooso - Anti-dandruff and Anti-Dandruff Solid Shampoo with Rosemary and Biotin, Natural, Women and Men – Volume Shampoo Fine Hair and Oily Hair, Detox Shampoo Soap in Tablet, Made in Italy, 1x65g",B0DCKCZ5X6,Irritated / Atopic,https://www.amazon.es/dp/B0DCKCZ5X6?psc=1,ES,https://m.media-amazon.com/images/I/71lqOCyABFL._AC_SY355_.jpg,ENOOSO,7.36,477,200,100,"5,930.97","1,776.93",196,"2,031",IT,4.29,1,4.4,"1,079",9,46,FIREBIZ,Beauty,Standard Envelope,FBA,5.80 x 2.40 x 5.50 cm,0.06,N/A,"Aug 8, 2024",,No,22,FIREBIZ
51.,"La Roche-Posay Kerium DS Anti-Schuppen Intensiv Shampoo, 200 ml Shampoo",B0DHS7KGWT,Irritated / Atopic,https://www.amazon.es/dp/B0DHS7KGWT?psc=1,ES,https://m.media-amazon.com/images/I/31-LGaX+ufL._SX342_.jpg,La Roche-Posay,19.26,71,71,50,"1,764.63","1,764.63",71,"7,343",AMZ,7.79,5,4.7,318,1,10,Amazon,Beauty,Extra Large Envelope,AMZ,17.40 x 4.90 x 5.20 cm,0.23,N/A,"Sep 21, 2024",,No,21,Amazon
64.,"Eucerin DermoCapillaire UREA SHAMPOO (250ml), Moisturizing and Soothing Shampoo for Dry Scalp and Skin, Gentle Cleansing, No Alkaline Soap, Ideal for Frequent Washing",B009P0V9UQ,Irritated / Atopic,https://www.amazon.es/dp/B009P0V9UQ?psc=1,ES,https://m.media-amazon.com/images/I/51LhlobQOJL._SX342_.jpg,Eucerin,8.1,177,177,100,"1,717.51","1,717.51",166,"2,796",AMZ,3.83,16,4.3,"1,818",1,11,Amazon,Beauty,Large Envelope,AMZ,19.30 x 3.00 x 6.90 cm,0.3,N/A,"Sep 12, 2012",,No,165,Amazon
64.,"Vichy Dercos Technique Ultra Soothing Shampoo Soothes Sensitive Scalp, Nourishes and Repairs, Anti-Irritation, Silicone-Free, For Normal Oily Hair, Dercos Technique, 200 ml",B01D5AP88A,Irritated / Atopic,https://www.amazon.es/dp/B01D5AP88A?psc=1,ES,https://m.media-amazon.com/images/I/71xhRU0LLBL._AC_SY355_.jpg,VICHY,9.98,153,153,100,"1,530.5","1,530.48",172,"4,765",AMZ,4.08,1,4,737,4,27,Amazon,Beauty,Extra Large Envelope,AMZ,17.50 x 5.20 x 5.20 cm,0.24,N/A,"Jan 1, 2009",,No,209,Amazon
33.,"Evolsin® Shampoo for Psoriasis and Eczema I 250ml I Without Cortisone I Shampoo Seborrheic Dermatitis – Relieves Itching of Dry, Irritated Scalp and Eczema, Neurodermatitis and Psoriasis",B07TZ9HV1S,Irritated / Atopic,https://www.amazon.es/dp/B07TZ9HV1S?psc=1,ES,https://m.media-amazon.com/images/I/71tOpk-Y0HL._AC_SY355_.jpg,Evolsin,18.97,65,65,N/A,"1,501.63","1,501.62",186,"12,249",DE,7.29,1,4.2,"1,688",7,17,Evolsin,Beauty,Extra Large Envelope,FBA,18.40 x 5.50 x 5.70 cm,0.31,N/A,"Jul 8, 2019",,No,83,Evolsin
21.,"ZIAJA MED Soothing Dermatological Antipruritic Shampoo, Natural Formula with Aloe, for All Hair Types, 300 ml",B0DF7ZD6P4,Irritated / Atopic,https://www.amazon.es/dp/B0DF7ZD6P4?psc=1,ES,https://m.media-amazon.com/images/I/51AH-2DTSNL._AC_SY355_.jpg,Ziaja,3.3,360,360,200,"1,436.74","1,436.76",109,"2,590",AMZ,3.55,1,4,109,1,9,Amazon,Beauty,Extra Large Envelope,AMZ,18.20 x 5.50 x 5.60 cm,0.34,N/A,"Aug 17, 2024",,No,22,Amazon
67.,Shampoo 300 ml,B018KA85SU,Irritated / Atopic,https://www.amazon.es/dp/B018KA85SU?psc=1,ES,https://m.media-amazon.com/images/I/51tUK4Uh+-L._AC_SY355_.jpg,Bionatar,25.79,48,48,N/A,"1,419.17","1,419.19",14,"15,597",ES,9.55,11,4.5,136,3,2,Farmacia del Canal Imperial,Beauty,Extra Large Envelope,FBA,18.00 x 5.20 x 8.20 cm,0.34,N/A,"Mar 13, 2016",,No,123,Farmacia del Canal Imperial
33.,"VALQUER Sulfate-free Shampoo for Sensitive Scalp | Soothes, Cares and Protects Against Itching, Irritation and Dryness | With Keratin and Vitamins | Vegan | 300 ml",B084S5PKYK,Irritated / Atopic,https://www.amazon.es/dp/B084S5PKYK?psc=1,ES,https://m.media-amazon.com/images/I/61KzwMlAo3L._AC_SY355_.jpg,Valquer Laboratorios,11.53,129,89,50,"2,746.36","1,368.83",163,"8,851",AMZ,6,7,4.3,196,6,10,Amazon,Beauty,Extra Large Envelope,AMZ,18.90 x 4.60 x 5.00 cm,0.34,N/A,"Feb 11, 2020",,No,76,Amazon
34.,Wella Professionals INVIGO BALANCE CALM - Champú de Limpieza Suave y Mascarilla Capilar - Para Cuero Cabelludo Sensible - Sin Fragancia,B0CH8K7R2R,Irritated / Atopic,https://www.amazon.es/dp/B0CH8K7R2R?psc=1,ES,https://m.media-amazon.com/images/I/61Za58JmlrL._SX342_.jpg,Wella Professionals,7.06,313,161,50,"3,445.82","1,366.79",135,"4,478",AMZ,3.96,12,4.4,133,13,6,Amazon,Beauty,Extra Large Envelope,AMZ,14.70 x 5.70 x 5.80 cm,0.34,N/A,"Aug 3, 2023",,No,34,Amazon
37.,"SPOTLESS Seborrheic Dermatitis and Anti-Dandruff Shampoo without Sulfates, Silicones or Petrochemicals I Organic Shampoo Sensitive and Dry Scalp with 100% Natural Mint Freshness 250ml",B08N4QV6ZS,Irritated / Atopic,https://www.amazon.es/dp/B08N4QV6ZS?psc=1,ES,https://m.media-amazon.com/images/I/91l0Iz9okXL._AC_SY355_.jpg,VIDALFORCE,19.95,71,71,N/A,"1,350.66","1,350.65",183,"16,361",ES,7.89,2,4.2,433,7,8,Natural Hi-tech Cosmetic Laboratory,Beauty,Extra Large Envelope,FBA,19.20 x 5.50 x 5.60 cm,0.31,N/A,"Nov 12, 2020",,No,67,Natural Hi-tech Cosmetic Laboratory
69.,Wella Professionals Invigo Scalp Balance Clean | Anti-Dandruff Shampoo | Sensitive Scalp 300 ml,B0CH8KW2WR,Irritated / Atopic,https://www.amazon.es/dp/B0CH8KW2WR?psc=1,ES,https://m.media-amazon.com/images/I/61Wak+5tW+L._SX342_.jpg,Wella Professionals,7.04,154,154,50,"1,305.13","1,305.13",95,"5,134",AMZ,4.19,15,4.4,326,13,12,Amazon,Beauty,Small Parcel,AMZ,14.70 x 6.30 x 6.40 cm,0.35,N/A,"Aug 3, 2023",,No,34,Amazon
56.,"Laboratorios Babé - Anti-dandruff Shampoo 250 ml, Oily Hair, Seborrheic Dermatitis, Eliminates Dandruff, Seborregulator, Combats Scalp Itch",B0041MD3CK,Irritated / Atopic,https://www.amazon.es/dp/B0041MD3CK?psc=1,ES,https://m.media-amazon.com/images/I/51l9V46CG6L._AC_SY355_.jpg,LABORATORIOS BABE,8.26,210,115,50,"2,187.36","1,146.43",139,"4,496",AMZ,4.08,7,4.1,309,3,0,Amazon,Beauty,Extra Large Envelope,AMZ,21.50 x 5.70 x 5.80 cm,0.31,N/A,"Mar 8, 2013",,No,159,Amazon
