marketplace,asin,title,date,rating,review
IT,B07NWWFLL8,Non funzionano...,Reviewed in Italy on 21 June 2026,1,"Non sono buone, cioè loro funzionano, attirando lo scarafaggio, ma lui almeno se di grande dimensione, riesce ad andarsene senza rimanere incollato.Quindi risultato e che non fanno il loro lavoro, sconsigliate al massimo.Si trova di meglio!!"
IT,B07NWWFLL8,Non funzionano,Reviewed in Italy on 21 June 2026,1,"Ho buttato via i soldi perché non sono servite a niente. Le blatte di notte facevano feste ma, non una é entrata nelle trappole."
IT,B07NWWFLL8,Non funziona,Reviewed in Italy on 12 June 2026,1,"Purtroppo, non serve. Le blatte rosse che infestano la mia cucina passano vicino alle trappole, ma non ci entrano. Peccato."
IT,B07NWWFLL8,Inutili!!,Reviewed in Italy on 26 June 2026,1,Non funzionano!! né ho prese di altre marche ma efficaci!! Non le consiglio!!
IT,B07NWWFLL8,Initile,Reviewed in Italy on 5 July 2026,1,Pessimo non ne acchiappa una!
IT,B07NWWFLL8,Evitate,Reviewed in Italy on 25 June 2026,1,"Prodotto scadente, non funziona con le blatte"
IT,B07NWWFLL8,"LE BLATTE GLI FANNO CIAO, CIAO",Reviewed in Italy on 25 June 2026,1,"non serve a niente, soldi buttati"
IT,B07NWWFLL8,Non servono a niente,Reviewed in Italy on 12 June 2026,1,Non servono a niente
IT,B07NWWFLL8,Per me non funziona,Reviewed in Italy on 16 April 2026,1,"In una settimana non ha attirato nulla. Ho visto ogni sera piccoli scarafaggi sulle scale di casa, anche vicini alla trappola, ma non sono mai entrati. Non funziona per me…"
IT,B07NWWFLL8,not a single capture,Reviewed in Italy on 24 March 2026,1,"i put 5 of these in my house, not a single scarafaggio has entered, they're still around and the traps are empy after a whole month... only thing that worked for me was RAID"
IT,B07NWWFLL8,Inutile,Reviewed in Italy on 19 February 2026,1,Inutile
IT,B07NWWFLL8,Non funzionano,Reviewed in Italy on 29 August 2025,1,Scrivo questa recensione dopo un mese di utilizzo circa e devo dire che solo una blatta è cascata nella trappola. Nel mio caso non ha funzionato e sono dovuta passare al gel.
IT,B07NWWFLL8,Non efficace,Reviewed in Italy on 7 August 2025,1,"Ho seguito le istruzioni riportate dal venditore,sarò stata sfortunata ma non ho trovato neanche uno scarafaggio nelle trappole che erano correttamente posizionate dove li avevo visti vivi. Personalmente proverò prodotti più efficaci"
IT,B07NWWFLL8,Inutile,Reviewed in Italy on 15 June 2025,1,"Ho acquistato questo prodotto sperando di risolvere il problema delle blatte in casa, ma purtroppo non ha funzionato come speravo. L’ho posizionato da diversi giorni, ma le blatte ci passano vicino senza neanche avvicinarsi. Sembra non attirarle affatto. Forse funziona in altre situazioni, ma nel mio caso non ha dato risultati."
IT,B07NWWFLL8,Nessun risultato,Reviewed in Italy on 3 October 2025,1,Messe ma senza risultatu
IT,B07NWWFLL8,Inutili,Reviewed in Italy on 22 June 2025,1,Quasi inutili .. su 12 trappole una sola ha attirato uno scarafaggio all'interno e tutto intorno alle altre gli scarafaggi pascolavano felici e contenti .. !
IT,B07NWWFLL8,Deludenti ed inefficaci,Reviewed in Italy on 29 July 2025,1,Nessuna efficacia. Gli insetti giravano indisturbati ma trappole vuote
IT,B07NWWFLL8,Funziona poco,Reviewed in Italy on 20 July 2025,1,Sono fatti di cartoncino
IT,B07NWWFLL8,inutile,Reviewed in Italy on 22 July 2025,1,rudimentale . inutile.
IT,B07NWWFLL8,Scadente,Reviewed in Italy on 2 June 2025,1,Soldi buttati via
IT,B07NWWFLL8,Non utile,Reviewed in Italy on 5 February 2025,1,Non ha catturato nulla
IT,B07NWWFLL8,Utilizzato per una settimana di seguito! Inefficace!,Reviewed in Italy on 19 October 2024,1,Come da titolo le blatte hanno girato attorno all'ostacolo e non ci sono mai passate sopra.. Lo sconsiglio
IT,B07NWWFLL8,Inutile,Reviewed in Italy on 2 February 2025,1,Non serve a nulla
IT,B07NWWFLL8,Las cucarachas no pican el anzuelo,Reviewed in Spain on 26 June 2026,1,"La trampa consiste en una pequeña caja de carton y en el centro una pildora para la cucaracha. Pues bien, las cucarachas pasan por al lado de la pildora y siguen su camino sin inmutarse. No vale de nada."
IT,B07NWWFLL8,Inutile ne fonctionne pas du tout,Reviewed in France on 13 April 2026,1,"Achèter et installer depuis le 7 février , nous sommes le 13 avril. J’avais plus aucune blattes, 12 pièges positionner dans la cuisine dont 2 pièges au niveau de la prise (là où était le nid) et bah les voilà revenu , sur la prise et 0 dans les pièges ! Pas une seule prise ! Inutile vraiment"
IT,B07NWWFLL8,Useless,Reviewed in Germany on 16 June 2026,1,UselessDidn’t catch any
IT,B07NWWFLL8,Efficacité,Reviewed in France on 24 June 2026,1,"Ça n’attire pas du tout les cafards, il faut les suivre et anticiper la colle dans leur chemin (je n’ai pas que ça à faire dans ma vie)"
IT,B07NWWFLL8,Nützliche Kleintiere verfangen sich in der Klebstofffalle ...,Reviewed in Germany on 11 August 2025,1,"Die Schabenfalle funktioniert zwar bei Kakalaken - aber leider zieht sie auch nützliche Kleintiere wie den Gecko an, der sich dann hilflos in den Klebstoff verfängt. Ich habe es selbst erlebt und musste den Gecko aufwendig von der mit Klebstoff benetzten Pappe befreien. Daher BITTE AUF KEINEN Fall in südeuropäischen Ländern mit nützlichen Kleintieren einsetzen!An den Hersteller die Bitte das Produkt zu verändern oder einen sichtbaren Hinweis in der Anleitung abzudrucken! Save the Gecko!"
IT,B07NWWFLL8,Leider keine Ergebnisse,Reviewed in Germany on 6 January 2026,1,Die leider wirken nicht
IT,B07NWWFLL8,Nutzlos,Reviewed in Germany on 18 September 2023,1,"Strategisch in den Räumen verteilt und gewartet: dass keine einzige Schabe sich in den Fallen verirrte, stimmte mich skeptisch, hatte ich doch zumindest eine in der Wohnung entdeckt. Als 2 Schaben über das Dachfenster reinkamen, aber nicht ins Zimmer, da das Fliegengitter als Barriere da war, habe ich den Härtetest gemacht: Fenster zu, Falle zwischen geschlossenem Fenster und Fliegengitter platziert und 1 Tag und 1 Nacht gewartet. Ergebnis: Schaben immer noch da, in die Falle getappt sind sie allerdings nicht. Fallen also total nutzlos! Rausgeworfenes Geld…Nachtrag: der Verkäufer hat mir nach der Rezension mitgeteilt, dass die Boxen nicht bei Waldschaben wirken, die dann wohl bei uns vorlagen. Dies war vorher nicht in den Produktbeschreibungen angegeben und auch sahen unsere Schabe genauso aus, wie in den Produktbildern."
IT,B07NWWFLL8,Normal,Reviewed in Germany on 18 December 2025,1,Normal
IT,B07NWWFLL8,Nutzlos,Reviewed in Germany on 19 September 2025,1,"Ziemlich nutzlos hat nichts gefangen, 12 Fallen und nur einmal hat sich eine Spinne verirrt und ist hängen geblieben."
IT,B07NWWFLL8,Vraiment dessus pas comme décrié sur la boîte,Reviewed in France on 23 September 2025,1,"Bonjour, dans la boîte il y’avait 3 piégé non 12 comme indiqué sur la boîte dessus"
IT,B07NWWFLL8,Ohne Erfolg,Reviewed in Germany on 10 August 2025,1,"Leider funktionieren die Fallen bei mir überhaupt nicht. Sie laufen zwar überall herum, aber die Fallen interessieren sie nicht. Wir haben 4 Fallen aufgestellt-in keiner ist eine Schabe. Sehr schade."
IT,B07NWWFLL8,Hilft gar nicht,Reviewed in Germany on 13 October 2025,1,Hilft gar nicht.
IT,B07NWWFLL8,Geldverschwendung !,Reviewed in Germany on 3 July 2025,1,Geldverschwendung. Das Produkt macht keinen Sinn – funktioniert nicht. Wird von den Insekten / Schaben überhaupt nicht wahrgenommen – funktioniert weder als Monitoring- aber auch nicht als Lock- und Falle-Instrument.Mein Tipp !Nicht kaufen.
IT,B07NWWFLL8,Nutzlos,Reviewed in Germany on 10 September 2025,1,Die Falle wird kaum betreten. Die Tiere laufen drumherum.
IT,B07NWWFLL8,Leider nutzlos,Reviewed in Germany on 22 August 2025,1,Hatte leider keinen Effekt. Schaben sind nicht in der Falle gelandet.
IT,B07NWWFLL8,Pas très efficace,Reviewed in France on 15 May 2024,1,Alors déjà le kit était pas complet il y avait que 4 pièges au lieu de 10... je ne l'ai pas retourné car je n'avais pas vérifié l'intégralité du contenu et j'avais déjà commencé à ouvrir les 2 premiers piège avant de m'apercevoir qu'il en manquait.J'ai utilisé d'autre piège que était plus efficace.Je ne recommande pas.
IT,B07NWWFLL8,Ne fonctionne pas !,Reviewed in France on 10 July 2025,1,Les cafards ne sont pas attirés... Ça ne fonctionne pas ils se baladent autour...Perte d'argent....​
IT,B07NWWFLL8,¿Funcional?,Reviewed in Spain on 25 June 2025,1,"3Trampas interpuestas entre los desagües y mi habitación, hoy he encontrado una al lado de mi cama. De momento lo único que atrapan las trampas es polvo."
IT,B07NWWFLL8,Nicht gut,Reviewed in Germany on 19 August 2025,1,"Ich finde, das ist normaler Kleber"
IT,B07NWWFLL8,"Nicht zur Bekämpfung, nur Identifikation",Reviewed in Germany on 11 July 2025,1,Leider laut Packungsangabe nicht zur Bekämpfung sondern nur zur Identifikation geeignet. Damit müsste man dann einen Kammerjäger beauftragen...
IT,B07NWWFLL8,Nicht empfehlenswert,Reviewed in Germany on 26 July 2025,1,Die Viecher laufen einfach dran vorbei...
IT,B07NWWFLL8,Etkisiz,Reviewed in Germany on 26 July 2025,1,Hiç bir etkinliğini göremedim
IT,B07NWWFLL8,Gar nix gut,Reviewed in Germany on 16 April 2025,1,"Du schmeißt dein Geld in Müll , es ist wirklich nicht gut , nicht kaufen"
IT,B07NWWFLL8,Keine Wirkung,Reviewed in Germany on 21 May 2025,1,Es hat nicht funktioniert bringt nichts schaben 🪳 keine Wirkung
IT,B07NWWFLL8,Inafficacité,Reviewed in France on 8 April 2024,1,"BonsoirJ'ai mis ces pièges dans la cuisine, salle de bain et WC et cela n'a pas fonctionné. Aucun cafard dans ces pièges quoique j'en trouvais qui trainaient . Aucune efficacité. Je regrette cet achat Cordialement Christiane"
IT,B07NWWFLL8,Keine Schabe gefangen,Reviewed in Germany on 15 October 2024,1,"Wir haben einen Befall.Alle 12 fallen wurden aufgestellt, aber keine einzige Schabe wurde gefangen.Da fange ich sie noch effizienter mit der Hand."
IT,B07NWWFLL8,Kein Nutzen,Reviewed in Germany on 12 August 2024,1,"Wir haben die aufgrund der Bewertung bestellt, leider helfen die in keinster Weise. Na h dem Aufstellen stinkt die Wohnung erstmal ein Tag lang und helfen tun sie leider null."
IT,B07NWWFLL8,Schlecht,Reviewed in Germany on 5 September 2024,1,"Wurde es bestekkt nur wegen Rezension, aber das hat überhaupt gar nicht funktioniert. Ich habe noch weiter im Haus gehabt."
IT,B07NWWFLL8,Haben nichts gebracht,Reviewed in Germany on 6 December 2023,1,"Habe die Fallen gekauft da wir Feldrandlage wohnen und im Sommer draussen diese Bernstein-Waldschaben herum wuseln. Wollte da mal bisl gegen angehen aber ohne Erfolg. Nach Wochen ist keine einige in der Falle.Und ja, Fallen wurden nat. entsprechend Anleitung zusammen gebaut..."
IT,B07NWWFLL8,Nul,Reviewed in France on 21 November 2023,1,Aucun cafard piégé ! Et en plus sent très fort.ou comment jeter son argent par la fenêtre. Je ne recommande pas du tout.les photos sont des montages(on a très certainement jeté dessus les pièges les cafards)
IT,B07NWWFLL8,Absolut schrott,Reviewed in Germany on 25 October 2024,1,Kein einziges hat funktioniert!! Hätte mir das Geld echt sparen sollen!!
IT,B07NWWFLL8,Keinerlei Wirkung bei Schabben oder anderen Insekten,Reviewed in Germany on 29 September 2023,1,"Die Fallen wurden mehrere Wochen angewandt, leider erfolglos, keinerlei Wirkung bei Schaben oder anderen Insekten.Die Stellen wurden auch gewechselt, aber alles ohne Wirkung.Das Produkt empfehle ich nicht.Reine Zeit- und Geldverschwendung."
IT,B07NWWFLL8,"Keiner der Käfer wurde gefangen, sie laufen herum und nichts passiert",Reviewed in Germany on 5 March 2025,1,Schrot
IT,B07NWWFLL8,Nicht wie erwartet,Reviewed in Germany on 7 September 2022,1,"Da wir aktuell ein Waldschaben Problem haben, haben wir uns für dieses Produkt entschieden.Wir haben die Falle jetzt 4 Tage im Einsatz leider ohne Erfolg.Keine einzige Schabe ist in die Falle gelaufen, aber in der Wohnung finden wir immer wieder welche herumlaufen."
IT,B07NWWFLL8,Arnaque,Reviewed in France on 7 June 2024,1,le paquet n'est pas complet au lieu de 12 pièges j'en ai trouvé que 4 ... vraiment fouttage de gueule!!!
IT,B07NWWFLL8,Funktioniert nicht,Reviewed in Germany on 11 September 2024,1,"Stinkt und funktioniert nicht, Schaben laufen vorbei."
IT,B07NWWFLL8,Nichts gebracht .,Reviewed in Germany on 10 September 2024,1,"nur eine Lüge, hat nichts gebracht. Geldverschwendung."
IT,B07NWWFLL8,Inefficace,Reviewed in France on 30 March 2025,1,Ne fonctionne pas
IT,B07NWWFLL8,"Nix gefangen, gut gestunken",Reviewed in Germany on 17 July 2022,1,"Nach Wochen im Einsatz kann ich eine Spinne, paar Käfer und ordentlichen Gestank vermelden. Schaben habe ich keine mit den Klebedingern gefangen.Dafür stinken die Locktabletten wie die Pest. vermutlich sind die Schaben getürmt."
IT,B07NWWFLL8,Hat bei uns leider nichts gebracht!,Reviewed in Germany on 23 July 2020,1,"Ich habe die Falle nach einigem Hin und Her überlegen dann doch bestellt (aufgrund der doch teilweise positiven Rezensionen). Was soll ich sagen... nicht eine einzige klebte in der Falle. Und genug Tiere sind auf jeden Fall da... Wir haben sogar eine rein gesetzt, die krabbelte dann weiter... Mag vielleicht bei einigen funktionieren, aber bei uns überhaupt nicht! Musste ich dann wieder retournieren."
IT,B07NWWFLL8,Funktioniert einfach nicht!,Reviewed in Germany on 21 August 2021,1,"Die Lieferung erfolgte schnell, das Aufstellen der Fallen war einfach. Leider funktionieren diese Fällen nicht. Ich hatte noch keine einzige Schaben in der Falle, sehe aber immer mal wieder ein Exemplar in meiner Wohnung.Schade drum! Ich kann die Fallen leider nicht empfehlen!"
IT,B07NWWFLL8,Der gröste mist,Reviewed in Germany on 3 July 2023,1,Solte nur die kakalachen aber die ficher gehen nicht hinein  gut das das nicht für mich war
IT,B07NWWFLL8,Reinsten Müll,Reviewed in Germany on 13 August 2022,1,"Das Produkt ist reinste Zeitverschwendung. Profesioneller Müll. Also da ist nix, keine einzige Scharbe war drauf. Null Empfehlung. Mittlerweile sind die scharben Großer und mehr geworden."
IT,B07NWWFLL8,Enttäuschend,Reviewed in Germany on 13 August 2019,1,"Nach den Rezesionen unter diesem Produkt, entschied ich mich für die äse Schabenfallen. Ich stellte mehrere in der Wohnung auf, wie beschrieben. Ich beobachtete das ganze geschehenwährend den nächsten tagen, und durfte sehen immer wieder schaben einfach an den fallen vorbei gelaufen sind. Ich lies sie dort für einige weitere Tage, jedoch kein Erfolg, in keinster weise. Keine Empfehlung! Tut nich was es soll."
IT,B07NWWFLL8,Wird von meinen Schaben ignoriert,Reviewed in Germany on 29 September 2021,1,"Habe mehrere Fallen an den wichtigsten Stellen verteilt (da, wo sie lang laufen) aber für die Fallen interessierte sich keine einzige Schabe. Habe mir Spray gekauft im Drogeriemarkt. Das hat geholfen."
IT,B07NWWFLL8,Leider bislang erfolglos,Reviewed in Germany on 28 May 2021,1,"Ich hatte gehofft, dass die Falle tatsächlich wirksam Schaben anlockt und diese dort haften bleiben. Bislang ist allerdings keine einzige in die Fall gegangen; stattdessen laufen sie einfach drum herum. Bislang leider völlig wirkungslos."
IT,B07NWWFLL8,Imcomplet,Reviewed in France on 21 November 2023,1,Produit arrivé ouvert avec 8 pièges manquants sur les 12. Demande de remboursement effectuée.
IT,B07NWWFLL8,Ne fonctionne pas,Reviewed in France on 3 October 2024,1,Aucune efficacité
IT,B07NWWFLL8,Vollkommen nutzlos,Reviewed in Germany on 9 September 2019,1,"Diese Fallen bringen überhaupt nichts. Ich habe vier Stück in einem Raum aufgestellt und nach einer Woche war nicht ein einziges Tier darin zu finden. Die Falle enthält auch keinen separaten Lockstoff, wie man es von anderen Produkten kennt. Man zieht einfach eine Folie ab und stellt die Falle auf."
IT,B07NWWFLL8,Leider ein Stern,Reviewed in Germany on 27 July 2023,1,Bei uns fuktioniert es leider gar nicht. Echt schade.
IT,B07NWWFLL8,Das war nix,Reviewed in Germany on 4 June 2023,1,"4 Fallen nach Anweisung aufgestellt. Ergebnis: Fliegenklatsche 8, Fallen 0"
IT,B07NWWFLL8,Leichter Zusammenbau,Reviewed in Germany on 17 September 2019,1,"Bisher habe wir leider nur eine kleine Spinne damit gefangen. Die Schaben laufen an der Falle vorbei. Wir hatten es beobachtet, daher kann ich nur sagen, dass es bei uns leider nicht funktioniert. In den letzten Wochen haben wir mindestens 4 Schaben gesehen."
IT,B07NWWFLL8,Absolument inefficace,Reviewed in France on 1 November 2023,1,Pourtant bien mis dans le passage des cafards.
IT,B07NWWFLL8,No sirve pérdida de dinero,Reviewed in Spain on 15 November 2024,1,No sirveNo lo recomiendo
IT,B07NWWFLL8,Nutzlos,Reviewed in Germany on 22 July 2019,1,"Ich habe überall in meinem Haus aus diesen Fallen gestellt, aber sie sind nutzlos, weil die Kakerlaken immer wieder hereinkommen. Keiner von ihnen wurde in diesen Fallen gefangen.Leider habe ich mehr von diesen Fallen erwartet, daher habe ich nur 1 Stern bewertet."
IT,B07NWWFLL8,No funciona,Reviewed in Spain on 7 December 2024,1,No funciona
IT,B07NWWFLL8,the tape has same functionality,Reviewed in Germany on 12 October 2021,1,it doesn’t attract bugs so unless you have colonies of them running around this will be useless. its just a sticky surface
IT,B07NWWFLL8,Keine Ködertabletten enthalten obwohl es auf der Packung steht,Reviewed in Germany on 19 August 2022,1,Es waren nur die 4 streifen mit 3 einzelfallen in der packung ohne Ködertabletten!
IT,B07NWWFLL8,Es ist nicht eine reingefallen,Reviewed in Germany on 12 January 2022,1,Die sind nicht reingefallen mussten doch einen Profi kommen lassen und die haben es in den Griff bekommen
IT,B07NWWFLL8,War nicht zielführend hat nichts gefangen,Reviewed in Germany on 21 May 2023,1,Aufgestellt wochenlang gewartet niks gefangen
IT,B07NWWFLL8,taugt nicht,Reviewed in Germany on 8 April 2023,1,ich kann es nicht empfehlen
IT,B07NWWFLL8,Funktioniert leider nicht,Reviewed in Germany on 12 November 2019,1,"Falle taugt leider nix. Die Schabe lief sehr relaxed auf der Oberseite der Falle spazieren und zeigte keine Intention, sich im Inneren festkleben zu lassen . Habe jetzt zusätzlich noch Gift besorgt. Das hilft hoffentlich."
IT,B07NWWFLL8,Eher nicht,Reviewed in Germany on 6 July 2022,1,Die Pillen stinken aber die Tiere gehen nicht rein.
IT,B07NWWFLL8,Fängt nix,Reviewed in Germany on 7 October 2022,1,Absoluter Müll. Keine kaufempfung meinerseits
IT,B07NWWFLL8,Funktion nicht erfüllt - fehlender Köder?,Reviewed in Germany on 30 August 2019,1,"Leider nicht eine einzige Kakerlake gefangen, nur 1 Fruchtfliege innerhalb von zwei Monaten. Die Falle vom Profi mit sichtbaren Lockstoff war deutlich erfolgreicher. Schade, da 1. Eindruck sowie Verarbeitung und Versand gut war."
IT,B07NWWFLL8,Leider kein Erfolg,Reviewed in Germany on 1 September 2019,1,"Leider konnte die Fallen keine einzige Schabe anlocken. Die Schaben liefen ständig daran vorbei. Mussten nach 2 Wochen auf etwas anderes zurück greifen, da mittlerweile schon sehr viele Schaben zu sehen waren/sind."
IT,B07NWWFLL8,Nichts,Reviewed in Germany on 6 April 2021,1,Hat null geholfen! Nicht ein Tier rein gegangen obwohl wir die Falken an mehreren Stellen aufgestellt haben
IT,B07NWWFLL8,"Kompletter Müll, nach 5 Tagen keine einzige Küchenschabe gefangen",Reviewed in Germany on 14 September 2022,1,Funktioniert überhaupt nicht
IT,B07NWWFLL8,funktioniert nicht,Reviewed in Germany on 10 October 2022,1,funktioniert nicht
IT,B07NWWFLL8,Nur betrug,Reviewed in Germany on 18 March 2020,1,Dieses Produkt ist alles andere als eine schabenfalle.die gehen darin nur spatzieren als da kleben zu bleiben würde ich nie wieder bestellen und keinen empfehlen
IT,B07NWWFLL8,Funktioniert bei mir nicht,Reviewed in Germany on 6 November 2019,1,Ein Stern fürs leichte aufstellen.Wirkung scheint jedoch nicht da zu sein.Konnte nach Wochen keine einzige schabe in den Fällen finden.Also total nutzlos
IT,B07NWWFLL8,Es hat ga gebraucht ich empfehle ihn nicht mehr,Reviewed in Germany on 16 July 2022,1,En bringt nichts
IT,B07NWWFLL8,Bis jetzt noch kein Erfolg gehabt. Habe sie seit 4 Wochen plaziert.,Reviewed in Germany on 23 May 2022,1,Bin nicht zufrieden damit
IT,B07NWWFLL8,Uninteressant,Reviewed in Germany on 3 July 2020,1,"Wir haben eine Küchenschabe dabei beobachtet, dass sie direkt vor der Falle steht und sich nicht die Bohne interessiert."
IT,B07NWWFLL8,Nutzlos,Reviewed in Germany on 23 August 2019,1,Die Fallen bringen nichts.Seit 4 Wochen sind sie in jeden Raum aufgestellt und nichts gefangen. Aber jeden Abend laufen mir Schaben über den Weg.
IT,B07NWWFLL8,Keine einzige erwischt :-(,Reviewed in Germany on 31 August 2019,1,Leider muss ich mich den schlechten Rezessionen anschließen... die Falle(n) war nutzlos.Keine einzige erwischt :-(Ich muss auf andere Mittel ausweichen.
IT,B07NWWFLL8,Nie wieder,Reviewed in Germany on 15 November 2020,1,Funktioniert bestimmt nur nicht bei mir schade
IT,B07NWWFLL8,"Trappola per scarafaggi, ottimo prodotto",Reviewed in Italy on 1 July 2026,5,Sta facendo un ottimo lavoro. Funziona molto bene.
IT,B07NWWFLL8,molto efficaci,Reviewed in Italy on 9 June 2026,5,molto efficaci sembra abbiamo sterminato tutta la famiglia di scarafaggi ..... l' unica cosa è che rimangono appiccitati alla trappola e fanno un po' impressione a vederli però se metti trappole nuove capisci che non ne hai più in giro
IT,B07NWWFLL8,Fa il suo dovere,Reviewed in Italy on 12 June 2026,4,Semplicissima da montare. Molto carina. Per una settimana non abbiamo trovato nulla e avevo perso le speranze. Ma poi ne abbiamo trovato una con lo scarafaggio. Felicissima dell'acquisto. Funziona benissimo. Non allego foto perché sono talmente spaventata dagli scarafaggi che non ho avuto il coraggio di fargli la foto.
IT,B07NWWFLL8,La prima trappola che funziona senza se e senza ma!,Reviewed in Italy on 15 June 2026,5,"Fenomenale, non mi aspettavo fosse così efficace, la prima notte ha catturato circa una decina di scarafaggi che non pensavo fossero in casa. Fortunatamente adesso ho messo le trappole nuove e sembra che li abbia catturati tutti, veramente soddisfatto!"
IT,B07NWWFLL8,Trappole furbe,Reviewed in Italy on 19 June 2026,5,Ottime trappole fornite con una pastiglia che fa da esca molto appicicose
IT,B07NWWFLL8,piccole trappole,Reviewed in Italy on 19 June 2026,3,di facile uso ma per il momento non ha preso nulla.... aspettiamo
IT,B07NWWFLL8,Semplice ma funzionale,Reviewed in Italy on 1 July 2026,5,Sembra una semplice scatolina ..invece sta funzionando..
IT,B07NWWFLL8,La serietà,Reviewed in Italy on 2 July 2026,4,Ottimo
IT,B07NWWFLL8,ottimo prodotto efficace,Reviewed in Italy on 30 June 2026,4,ottimo
IT,B088B5H3KH,inefficace,Reviewed in Italy on 15 June 2026,1,"avevo comparsa di piccoli scarafaggi in cucina nei pressi del mobile sotto lavello (simili a blatte ma piu piccoli) cosi come quelli nell'immagine del prodotto, ho seguito attentamente le istruzioni e ripetuto il trattamento, non ho avuto alcun risultato. grossa delusione considerando anche il costo per una piccola quantita di veleno"
IT,B088B5H3KH,pagato di più,Reviewed in Italy on 10 June 2026,1,pagato più del prezzo indicatoho evitato il reso perchè non valeva la pena per 2 €ma il venditore è stato scorretto
IT,B088B5H3KH,Delusione,Reviewed in Italy on 28 April 2026,1,"Applicato in vari punti della cucina infestata da scarafaggi, Per controllo efficacia vicino al veleno ho posizionato delleesche  adesive  per blatte. Dopo una settimana le trappole sono piene di scarafaggi mentre il veleno non sembra attrarli  e risulta inefficace .  Veramente deluso."
IT,B088B5H3KH,Nn vale niente quantità,Reviewed in Italy on 29 April 2026,1,Nella siringa si trova poca pochissima roba...nn vale 11€
IT,B088B5H3KH,Non finzione,Reviewed in Italy on 6 May 2026,1,Non va
IT,B088B5H3KH,Non corrisponde a quello ordinato,Reviewed in Italy on 26 December 2025,1,Prodotto non corrispondente a quello  ordinato. Efficacia inferiore
IT,B088B5H3KH,Scarso,Reviewed in Italy on 30 November 2025,1,"Assolutamente un prodotto scarso, non ha funzionato"
IT,B088B5H3KH,"Buono, ma attenzione alla consegna",Reviewed in Italy on 16 June 2025,1,"Che è un buon prodotto, però controllate sempre chi ve lo consegna, perché se lo consegna Poste  italiane ve lo porta a “babbo morto“. Io purtroppo non ho il citofono perché è saltata la corrente e lo devo rimettere a posto non mi ha telefonato niente ma non credo proprio sia passato perché tutte le volte è sempre la stessa storia."
IT,B088B5H3KH,Non c'è scadenza....,Reviewed in Italy on 11 May 2025,1,"Il prodotto arriva con la scatola esterna aperta e non confezionata. La scadenza è scritta solo sulla scatola esterna per cui non c'è modo di sapere se dentro ci sia effettivamente il prodotto ancora buono o scaduto. Non dovrebbe essere legale una cosa del genere, ci si mette poco a sostituire la siringa da una scatola all'altra."
IT,B088B5H3KH,Totalmente vuoto!?!?,Reviewed in Italy on 26 June 2024,1,"Il ""siringone"" è arrivato totalmente vuoto, non sembra neanche usato perchè il beccuccio è perfettamente pulito anche internamente e anche premendo molto forte fino in fondo non esce neanche una goccia, non si incontra la minima resistenza e l'aria che esce dal beccuccio non ha l'odore forte che ha solitamente il prodotto. Ho contattato il fornitore, come suggerito da Amazon, e ora spero sia solo un lotto errato e che mi venga spedito al più presto il prodotto con tutti i suoi 20 gramm (in tal caso aggiornerò la recensione)! Che scocciatura! PS: comunque avevo già provato in passato questo prodotto ed è efficacissimo!"
IT,B088B5H3KH,Troppo costoso rispetto alla quantità,Reviewed in Italy on 14 June 2025,1,"Dopo aver applicato due gocce in tre punti critici dell' appuntamento (quindi, sei gocce in tutto) il prodotto si è esaurito."
IT,B088B5H3KH,Non funziona,Reviewed in Italy on 18 May 2025,1,"Dopo averlo usato per un anno gli scarafaggi muoiono ma non vengono debellati, si trovano in giro solo carcasse per sempre"
IT,B088B5H3KH,Nella confezione manca la siringa,Reviewed in Italy on 9 July 2025,1,Nella confezione manca la siringa
IT,B088B5H3KH,Non funziona,Reviewed in Italy on 8 July 2025,1,Completamente inutile
IT,B088B5H3KH,Confezione aperta,Reviewed in Italy on 16 May 2025,1,"Confezione aperta, probabilmente era stata usata da qualcun'altro"
IT,B088B5H3KH,Prodotto già aperto,Reviewed in Italy on 3 May 2025,1,Scatola già aperta e prodotto già stato usato
IT,B088B5H3KH,Inutile,Reviewed in Italy on 29 April 2025,1,Non funziona
IT,B088B5H3KH,Pessimo e inutile,Reviewed in Italy on 29 June 2024,1,Ho messo il prodotto come prevedano le istruzioni e dopo 10 non solo non ho trovato blatte morte ma anzi belle viste e attive.Ho chiesto il rimborso perché il prodotto è risultato inutile e mi è stato negato.
IT,B088B5H3KH,Prodotto fuoriuscito dal dispositivo,Reviewed in Italy on 7 April 2023,1,"La consegna é stata veloce ed efficiente ma il prodotto stranamente era fuoriuscito e si disperdeva all' esterno dell' applicatore . Poiché si presentava ancora allo stato gelatinoso e molto denso ,ho provato a procedere utilizzando una parte del gel disperso che restava sulla siringa .Nessun risultato ,fino ad ora.Ordine insoddisfacente .Prevedo un reclamo a breve, in caso di echec definitivo.Il produttore dovrebbe controllare che gli erogatori siano integri ma é difficile stabilire in quale fase dello stoccaggio e/o trasporto sia avvenuto l' impatto che ha fatto traboccare il dispositivo"
IT,B088B5H3KH,Non funziona,Reviewed in Italy on 5 January 2025,1,Non funziona
IT,B088B5H3KH,Prodotto non idoneo,Reviewed in Italy on 24 March 2024,1,Ho provato a mettere il prodotto nei punti della cucina come da descrizione del prodotto ma dopo una settimana non ho ottenuto i risultati descritti prodotto difettoso o non idoneo.
IT,B088B5H3KH,Non efficace,Reviewed in Italy on 31 July 2024,1,Purtroppo non ho risolto il problema sebbene trovavo solo due piccoli scarafaggi ogni notte nel salone
IT,B088B5H3KH,Non pratico,Reviewed in Italy on 6 June 2024,1,Usato contro scarafaggi senza esito. Meglio il baygon in polvere distribuito sulla soglia delle porte. Li fulmina tutti
IT,B088B5H3KH,Fregatura,Reviewed in Italy on 20 August 2022,1,"Mi è arrivato il pacco, una volta aperto ho avuto la spiacevole sorpresa di trovare la confezione vuota! Il tubo /siringa è stato fregato o non è stato proprio messo dentro l'involucro come da foto! Adesso tento il reso con reclamo. Naturalmente è un grosso disagio perché avevo bisogno con urgenza del prodotto insetticida"
IT,B088B5H3KH,Purtroppo non funziona,Reviewed in Italy on 2 February 2022,1,la mia esperienza è negativa. Sto usando il prodotto da 15 gg ma non vedo nessun cambiamento: continuo a trovare ogni giorno gli scarafaggi che girano per casa! Accetto suggerimenti utili a risolvere il problema: pulisco tutti i gironi e non capisco da dove vengano.
IT,B088B5H3KH,Non ha risolto il problema,Reviewed in Italy on 1 October 2022,1,"Usato come da istruzioni, anche più volte, ma non ha risolto il problema. Sconsiglio l’acquisto"
IT,B088B5H3KH,Non funziona,Reviewed in Italy on 24 February 2022,1,Nessuna efficacia. Soldi buttati. Se potessi chiedere rimborso lo farei
IT,B088B5H3KH,Soldi buttati,Reviewed in Italy on 1 July 2021,1,"Nel mio caso non sta funzionando , sbaglierò qualcosa ma è solo da lasciare qualche goccia qua e là , ne trovo più di prima"
IT,B088B5H3KH,Non funziona,Reviewed in Italy on 13 June 2021,1,Prodotto copiato dalla originale ma non con gli stessi effetti. Costa 2 € in meno ma non ha paragoni. Truffa legalizzata
IT,B088B5H3KH,Nn serve a nulla nn compratelo,Reviewed in Italy on 11 January 2022,1,Nn fa nulla nn compratelo
IT,B088B5H3KH,Inefficace,Reviewed in Italy on 4 October 2021,1,Non ho risolto il problema
IT,B088B5H3KH,"Reso, non funziona",Reviewed in Italy on 22 February 2022,1,Non funzia
IT,B088B5H3KH,Non garantisco l'efficacia,Reviewed in Italy on 14 December 2025,1,Non sono sicura sia davvero efficace come dicono. Dopo 15 giorni ancora ho avvistato blatte germaniche.Poi comunque secca dopo poco e diventa quindi inutile
IT,B088B5H3KH,Ottimo Prodotto,Reviewed in Italy on 27 June 2026,5,"Buon Prodotto, lo ho usato per la cucina e dopo la seconda applicazione, non si e vista piu' una blatta. Prodotto consigliato 👍"
IT,B088B5H3KH,Ho smesso di intossicarmi con gli spray puzzolenti,Reviewed in Italy on 1 July 2026,5,"Se accendere la luce della cucina in piena notte è diventato un vero e proprio film horror e passi le serate a dare la caccia a quegli intrusi corazzati armato di ciabatta, sappi che stai solo perdendo tempo. Inseguire i singoli scarafaggi non risolve il problema, ma questa siringa promette di trasformare la loro proverbiale ingordigia nella loro definitiva condanna a morte.Punti di forzaIl colpo di genio di questa esca Protect Home sta tutto nella sua formulazione in gel a base di imidacloprid, studiata non per fulminare l'insetto all'istante, ma per sfruttare il suo ritorno al nido. L'insetto ingerisce il veleno, torna a rintanarsi e innesca un contagio letale che decima letteralmente l'intera colonia nel giro di una settimana. La densità del prodotto è una vera manna dal cielo per l'applicazione pratica, perché puoi piazzare le tue trappole chimiche anche in verticale, sotto le mensole del lavello o dietro le piastrelle del bagno, senza che coli rovinando l'arredamento. Il colore neutro chiaro lo rende praticamente invisibile e, una volta steso, continua a fare il suo lavoro silenzioso proteggendo gli ambienti interni fino a tre mesi continui dall'applicazione.Aspetti da considerareGuardando la confezione contenente solo 20 grammi di prodotto potresti sentirti spiazzato, pensando di aver a che fare con una quantità irrisoria. La realtà è che parliamo di un insetticida concentratissimo che va posato rigorosamente a gocce, quindi durerà parecchio ma esige estrema cautela. Spulciando le avvertenze di sicurezza si nota chiaramente la presenza di benzisothiazolone, un potenziale allergene, e la sua natura altamente tossica per gli organismi acquatici. Questo ti obbliga a prestare la massima attenzione per non farlo mai finire negli scarichi o vicino agli acquari, e ovviamente dovrai individuare nascondigli inaccessibili se hai animali domestici o bambini piccoli che gironzolano per casa.Esperienza d'usoImmagina di aver appena notato delle inquietanti antenne sbucare da dietro il frigorifero nuovo. Invece di vaporizzare nubi chimiche nell'aria che ti fanno tossire e impregnano i divani, apri semplicemente questa siringa. Ne applichi tre minuscole gocce per ogni metro quadro, nascondendole in modo del tutto discreto lungo le fessure del battiscopa e vicino ai tubi di scarico. Vai a dormire senza sentire alcun odore sgradevole e continui a soggiornare nei locali senza alcun problema, mentre l'esca lavora nel buio per spazzare via il problema alla radice.Conclusione e consiglioLo raccomando a occhi chiusi a chi sta affrontando un'infestazione persistente nei locali igienici o in cucina, a chi vive nei condomini cittadini più vecchi e a chi non tollera minimamente l'uso degli insetticidi aerei tradizionali. Evitalo senza esitazione se cerchi un'arma letale ad azione fulminea per abbattere al volo l'unico insetto malcapitato entrato per sbaglio dalla finestra, dato che la natura di questo gel richiede sempre il suo tempo fisiologico per farsi trasportare all'interno del nido.La dritta in piùPer evitare di lasciare fastidiosi residui secchi o microscopici aloni sui tuoi mobili su misura quando deciderai di pulire a fondo la stanza a mesi di distanza, non applicare il gel direttamente sulle superfici porose. Deposita le goccioline su dei piccoli ritagli di nastro carta o su quadrati di alluminio da spingere negli angoli più bui. L'efficacia attrattiva resterà identica, ma a emergenza finita ti basterà raccogliere i supporti per riavere superfici immacolate in un secondo netto."
IT,B088B5H3KH,Funziona se usato correttamente!,Reviewed in Italy on 3 July 2026,5,
IT,B088B5H3KH,Merita la lode,Reviewed in Italy on 23 April 2026,4,Ottimo e mirato
IT,B088B5H3KH,ottimo prodotto,Reviewed in Italy on 15 June 2026,5,ottimo prodotto che fa esattamente il suo dovere. dopo averlo messo selle zone più auspicabili di giorno in giorno si raccolgono i risultati
IT,B088B5H3KH,Problema risolto ottimo,Reviewed in Italy on 2 July 2026,5,Ottimo facile da applicare. Consigliato
IT,B088B5H3KH,Lifechanging,Reviewed in Italy on 15 June 2026,5,"Ho aspettato un mese prima di scrivere questa recensione perché volevo essere sicura che il prodotto funzionasse davvero.Beh dopo un mese posso confermare: in un giorno mi sono sparite le blatte.Devo dire che la mia situazione non era drammatica: ne avevo una ogni tot in bagno, avevo comprato le trappole che però non risolvevano il problema alla radice e ogni volta che entravo in bagno era matematico che me ne trovassi una lì.Da quando ho messo questo prodotto sono sparite, dopo due settimane ne ho trovata una mezza stordita, ho riapplicato il gel, e poi più nulla.Per me la svolta. Consigliatissimo!"
IT,B088B5H3KH,"Difficile valutarne l'efficacia, ma la confezione è davvero troppo piccola",Reviewed in Italy on 5 July 2026,3,"Ho acquistato questo gel dopo aver avvistato e catturato due scarafaggi in casa. Per sicurezza ho deciso di intervenire subito applicandolo nei punti più critici, soprattutto sotto la cucina e in bagno.Fortunatamente, nelle due settimane successive non abbiamo più visto nessun altro scarafaggio. Per questo motivo non posso dire con certezza se il merito sia del prodotto o se il problema fosse già limitato a quei due esemplari. Sarebbe quindi scorretto esprimere un giudizio sulla sua reale efficacia.Quello che invece posso valutare è la confezione, che è davvero molto piccola: è bastato applicarne un po' in due ambienti e la siringa era praticamente finita. Consiglio quindi di orientarsi direttamente sul formato più grande, soprattutto se bisogna trattare più stanze.Un'altra cosa che non mi è piaciuta è l'erogazione del gel. Essendo molto denso, bisogna esercitare una certa pressione sulla siringa prima che inizi a uscire. Inoltre, quando si smette di premere, il prodotto continua a fuoriuscire ancora per circa mezzo centimetro o un centimetro. Per evitare di sporcare bisogna tirare manualmente indietro lo stantuffo, in modo da richiamare il gel all'interno della siringa.Spero che la mia recensione ti sia stata utile."
IT,B088B5H3KH,Efficace da subito,Reviewed in Italy on 6 July 2026,5,"Sono senza parole , fantastico da subito non lo avrei mai pensato ,ho atteso qualche settimana per vedere se era il puro caso invece ,qualcosa di eccezionale acquistatelo non ve né pentirete"
IT,B088B5H3KH,Efficace,Reviewed in Italy on 6 July 2026,5,A distanza di 5 GG dal primo utilizzo sembra efficace. Diminuzione delle blatte visibili vive e presenza di diverse morte. Vediamo quanto dura
IT,B08D246QL2,Mai più!!!,Reviewed in Italy on 4 July 2026,1,"Sono morti tutti gli altri animali che, come ad esempio le lucertole; mi dispiace, ma è davvero un peccato!!!"
IT,B08D246QL2,Inutili,Reviewed in Italy on 24 June 2026,1,Difficili da montare e quando ci riesci ti accorgi che sono poco pratici e peggio ancora non fanno quello che promettono. Sconsiglio l'acquisto
IT,B08D246QL2,Per nulla utile,Reviewed in Italy on 22 June 2026,1,Prodotto purtroppo inutile. Ho assistito al passaggio all’interno della casetta di una blatta (è entrata da un lato ed è uscita dall’altro). Peccato.
IT,B08D246QL2,Sconsigliatissimo,Reviewed in Italy on 24 October 2025,1,"Inutili, non servono a nulla, è come comprare cartoncino ma ad un prezzo elevatissimo poiché non catturano nessun tipo di scarafaggio/insetto.Li sconsiglio anche perché successivamente ho fatto la prova a mettere un gel per blatte (che funziona in modo efficace) sopra le trappole ma neanche si avvicinano, invece il gel messo singolarmente negli angoli funziona in modo assoluto (trovo decine di scarafaggi stecchiti)."
IT,B08D246QL2,Non ha funzionato con noi,Reviewed in Italy on 27 November 2025,1,Non hanno funzionato
IT,B08D246QL2,Esca inesistente o inefficace.,Reviewed in Italy on 30 July 2025,1,Davvero inutili... I scarafaggi ci girano intorno e basta.L'esca che dovrebbe essere all'interno della colla (se c'è davvero poi un esca) non funziona affatto.
IT,B08D246QL2,Soldi buttati,Reviewed in Italy on 1 November 2024,1,"Non serve a niente. Le recensioni non credo siano veritiere( a meno che non si stato aggiunto appunto un attrattivo) . I cartoncini sono privi di veleno o prodotto attrattivo per gli insetti, la colla che secondo la descrizione dovrebbe servire ad attrarli non fa niente. Inutile."
IT,B08D246QL2,NON FUNZIONA,Reviewed in Italy on 19 June 2025,1,"non funziona non cattura un bel niente, gli  infestanti ci passano attraverso senza problemi"
IT,B08D246QL2,Poco utile,Reviewed in Italy on 10 July 2023,1,"Tra i vari sistemi per debellare gli scarafaggi, questo credo che sia proprio il meno efficace.Veleno e Spray sono di gran lunga più raccomandabili.Queste trappole alla fine catturano formichine e altri insettini vari, tranne gli scarafaggi che le evitano accuratamente.Naturalmente, in un'azione d'urto contro le blatte, le si può anche mettere, ma non bisogna aspettarsi chissà cosa."
IT,B08D246QL2,Trappole anti scarafaggi,Reviewed in Italy on 27 March 2024,1,"Le trappole funzionano solo se all'interno ci viene inserito il composto in gel che li attira e li stermina. Gli scarafaggi ingeriscono il gel, ma solo pochi rimangono i trappola ti al suo interno a causa della colla"
IT,B08D246QL2,Boh !,Reviewed in Italy on 26 July 2023,1,"Ho aspettato a recensire per non risultare troppo precipitoso nel parere ma a me non hanno risolto nulla, le uniche tre blatte che ho preso le ho ""segate"" io a ciabattate ! ...nelle trappole nulla !"
IT,B08D246QL2,Prodotto assolutamente inefficace,Reviewed in Italy on 19 July 2023,1,Mi sono fatto convincere dalle caratteristiche promesse e dal prezzo assolutamente non basso. Contrariamente alle indicazioni di vendita il prodotto non funge alcuna azione attraente nei confronti degli insetti e quindi risulta assolutamente inefficace
IT,B08D246QL2,Inutile,Reviewed in Italy on 13 November 2024,1,Non  serve assolutamente a niente..
IT,B08D246QL2,Esca per blatte,Reviewed in Italy on 26 July 2024,1,Prodotto costoso di piccole dimensioni senza esca all interno per le blatte.
IT,B08D246QL2,NON FA CIO' CHE DOVREBBE,Reviewed in Italy on 27 October 2023,1,"NON FA CIO' CHE PROMETTE...GLI SCARAFAGGI NON CI VANNO, HO ANCHE MESSO LO ZUCCHERO PER ATTIRARLI, E NEMMENO LE FORMICHE."
IT,B08D246QL2,Troppo piccole e senza esca,Reviewed in Italy on 12 October 2024,1,Come nel titolo
IT,B08D246QL2,Trappola,Reviewed in Italy on 10 August 2023,1,Il pacco mi è arrivato senza esca e non corrisponde al mio acquisto
IT,B08D246QL2,Nemmeno una catturata,Reviewed in Italy on 18 November 2023,1,Sono dovuto passare a rimedi più drastici come veleni.
IT,B08D246QL2,Esca per blatte,Reviewed in Italy on 6 October 2023,1,Lho usato per le blatte non è stato molto efficace
IT,B08D246QL2,Una sola,Reviewed in Italy on 19 November 2023,1,Non ha funzionato non ha catturato nulla
IT,B08D246QL2,Inefficace,Reviewed in Italy on 2 November 2023,1,Tanto economico quanto in efficace
IT,B08D246QL2,Inutili,Reviewed in Italy on 8 August 2023,1,Le blatte non attaccano sono completamente inutili
IT,B08D246QL2,Inutile,Reviewed in Italy on 28 July 2023,1,Non ho trovato nulla attaccato nonostante l'esca
IT,B08D246QL2,Un giocattolo,Reviewed in Italy on 15 September 2023,1,Non serve a nulla
IT,B08D246QL2,Non funziona,Reviewed in Italy on 22 July 2023,1,Non funziona assolutamente
IT,B08D246QL2,Assolutamente inutile,Reviewed in Italy on 28 November 2020,1,"Provato per un mese in vari locali e con tutte le modalità: NON FUNZIONA ASSOLUTAMENTE!Nessun insetto preso, al massimo raccoglie un pò di polvere e qualche pelo di gatto.Soldi buttati"
IT,B08D246QL2,Its not worth buying,Reviewed in the United Kingdom on 2 May 2024,1,It didnt do what the advert said it would do.
IT,B08D246QL2,No effect,Reviewed in the Netherlands on 12 December 2022,1,Catch master didn’t catch anything. Has been 9 days now. Very disappointed
IT,B08D246QL2,Très peu de résultats !,Reviewed in Belgium on 22 February 2024,1,"Très faible prises, deux à trois incectes par pièges après une srmaine !"
IT,B08D246QL2,Katzen vs. Silberfische 4:1,Reviewed in Germany on 13 December 2021,1,"Wir wohnen auf 90qm, in einer 4 Zimmerwohnung - wir - das sind 2 Erwachsene + 4 Katzen und neuerdings wird unsere Wohnkommune erweitert, durch sog. Silberfische.Ganz ehrlich - Silberfische sind ja nun nicht ganz so eklig wie Kakerlaken und auch nicht ganz so gefährlich, wie eine schwarze Witwe aber die kleinen Biester nerven halt.Man geht morgens durch den Westflügel, ins Badezimmer, macht schlaftrunken die 5 Watt Energiesparlampe an und im Schein dieses kalten Lichtes, bewegt sich plötzlich der Badezimmerboden…nicht, weil man noch Restalkohol vor vorabendlichen Altstadtbesuch im Blut hat…nein….sondern, weil die Silberfischkommune gerade ihr Coachella 2021 bei uns im Badezimmer feiert und die Badezimmerbeleuchtung eine Art Katalysator für den Fluchttrieb der Partygesellschaft ist…Gleiches gilt für die Küche - man betritt seine Küche, öffnet den Kühlschrank und sieht aus dem Augenwinkel, wie ein Rudel Silberfische die Stellung wechselt - von unter dem Kühlschrank, zieht der Treck in Richtung unter den Küchenschrank…Nun könnte man ja denken, das unsere restlichen Hausbewohner, unsere Miezen, den Silberfischen den gar aus machen…aber…nöp…Wer keine Katzen hat…Katzen jagen eigentlich alles, was sich schneller bewegt, wie ein Regenwurm aber dies trifft ganz ganz ganz sicher nicht auf unsere Katzen zu !Unsere Mietzen sind so etwas von domestiziert - da wird nichts mehr gejagt, da wird auf die Uhr geschaut und um Punkt 19.00 Uhr gemauzt, weil es dann Zeit für das Abendessen ist…und Silberfische gehören scheinbar nicht zu den Nahrungsmitteln unserer Miezen…Tatatataaaaa….wer kann helfen ? Natürlich - Herr Bezos…Fluchs den PC hochgefahren ( Ja, wir sind halt Oldstyle ), Browser gestartet und Tante Google gefragt, was es für Mittel gegen die kleinen, unliebsamen, Mehrfüssler gibt.Keine 2 Sekunden später, kommt besagter Herr Bezos ins Rennen und man landet bei diesem Produkt.Nun muss man sagen, das wir schon einmal das Thema mit den kleinen Silberlingen hatten und damals haben wir uns dazu entscheiden, so blaue Dosen zu kaufen ( Gibts auch bei Amazon ). Diese muss man erst mit brachialer Gewalt und einem Schraubenzieher öffnen, um die Dosen dann unter Sofas, Betten usw. zu kicken. Nachteil bei den Dosen - abgesehen davon, das man sich beim öffnen der Dosen, den besagten Schraubenzieher ( JaJa - Schraubendreher ) mind. 2 x  in die Hand rammt - der Inhalt ist giftig.Wir wissen das und nehmen deswegen Abstand davon, auf den Dosen rumzulutschen oder diese abzulecken…unsere Miezen dagegen…naja…die sind da halt anders gestrickt…DAS war der Grund, warum wir uns für die Klebestreifen entschieden haben - sie ( sollen ) ungiftig sein und was auch nicht zu verachten ist - der Preis und die dafür gebotene Stückzahl.Die Kleberlinge kommen als vorperforierte Bögen an und die Erste Amtshandlung besteht darin, seine Origami Fachkenntnisse abzurufen und aus den Bögen lustige kleine Häuschen zu falten. Dies ist schon einmal Beschäftigungstherapie für locker 20 Minuten. Nach dem man dann die Bögen getrennt, gefaltet und zusammengeklebt hat, muss man sich In die Psyche eines Silberfisches versetzen - man muss sozusagen den Ho Chi Minh Pfad der Silberfische ausmachen.Nach dem man diesen dann in den Grundriss seiner Wohnung eingezeichnet hat, gehts ans Platzieren der Pappfallen - Badezimmer, Wohnzimmer, Schlafzimmer…die kleinen Papphäuschen sehen von oben aus, wie kleine, weisse Zelte und manche unsere Zimmer sehen nun aus, wie kleinen Campingplätze für Familie Silberfisch…Nach den man dann alle Fallen aufgestellt hat, heisst es - abwarten !In der ersten Woche wurde die übermäßige Neugierde unsere Miezen bestraft - wirklich JEDE Mieze hat es geschafft, wenigstens eine der Klebefallen, in Ihren Pelz kleben zu haben - Hinterpfote, Vorderpfote, Kopf !!! und auch IM Stetz…Spitzenreiter unserer pelzigen Silberfische war unser sibirischer Waldkater - der sah z.T. so aus, wie ein Werbeträger für diese Klebefallen - 3 Klebefallen an einer Katze…Rekord !Wir mussten deswegen noch einmal ein schnelles Teammeeting einberufen und unser lokalisierter Ho Chi Minh Pfad stand zur Disposition aber …die uns bekannten Feinbewegungen, auf den uns bekannten Routen, liessen keine Umpositionierung der Klebefallen zu…davon abgesehen, wurden in den ersten Tagen, eine Vielzahl der Klebefallen nach dem Gusto unserer Miezen umgeordnet - manche Klebefallen wurden nur mit der Pfote angestupst, bei anderen klebten die Fallen am Pelz der Miezen und fielen dann irgendwo in der Wohnung wieder ab…Nach nun knapp 14 Tagen kann man sagen - wir haben definitiv mehr Miezen wie Silberfische mit den Fallen gefangen !Im Badezimmer wurden wir sogar von einem der Silberfische verhöhnt - meine Frau machte da morgens das Licht an und ein Silberfisch in Waschbärklasse ( O-Ton Ehefrau ) , beschleunigte auf max. Warpgeschwindigkeit, rannte direkt auf die Klebefalle zu, um dann im letzten Augenblick, dieser gekonnt auszuweichen und in einer naheliegenden Badezimmerfuge zu verschwinden…Falls nun jemand wissen möchte, wie groß unsere Badezimmerfugen sind, das da ein Waschbär durchschlüpfen kann…fragt meine Frau…Wie auch immer - aktuell erfreuen sich alles Lebewesen in unserer Wohnung, bester Gesundheit. Es kann natürlich sein, das die Silberfische sich erst einmal an die kleinen, klebrigen, Pappzelte gewöhnen müssen und wenn dies dann passiert ist, das große Kleben bei den Silberfischen losgeht…aber aktuell…sind die wohl noch in der Gewöhnunsphase…falls sich daran etwas ändert, werden wir uns hier melden.Bis dahin, werden wir Mal nach anderen Mitteln suchen…meine Frau erzählte etwas von Honig auf Papier…ich möchte mir aber ehrlich nicht ausmalen, was passiert, wenn eine unsere Miezen plötzlich aussieht, wie Winnie Pooh, der in einen Honigtopf gefallen ist…habt ihr schon einmal versucht, eine sibirische Waldkatze, gegen ihren Willen ( Und es ist immer gegen ihren Willen ! ), unter die Dusche zu stellen ?Stellt euch einen schlecht gelaunten Velociraptor vor, welchen man mit einem hungrigen weissen Hai gekreuzt hätte…Da lebe ICH lieber mit den Silberfischen…."
IT,B08D246QL2,Difficultés d’utilisation.,Reviewed in France on 29 April 2026,1,"Il est sûrement utile, mais la difficulté vient du montage."
IT,B08D246QL2,No sirven,Reviewed in Spain on 27 June 2026,1,"Muy malas. Por webcam vi como las cucarachas pasan por encima, se atascan un poco y siguen su camino tan tranquilas. No sirven para nada."
IT,B08D246QL2,No funciona.,Reviewed in Spain on 24 June 2026,1,"No sirve, las cucarachas pasan por al lado como si nada. Se ríen del producto vamos. A ver qué respuesta me dan."
IT,B08D246QL2,Peores que cualquier otra marca.,Reviewed in Spain on 9 October 2025,1,"Peores que cualquier otra marca de trampas similares:- Huelen. No mucho, y no es desagradable, pero huelen.- Son más pequeñas que la mayoría. De ancho iguales, pero de largo, bastante menos.- Por apurar el papel al máximo, viene con pegamento hasta por los lados, con lo que se pega a todas partes: la bolsa donde vienen, el suelo, las manos... Y como toques el pegamento (que es inevitable a menos que uses guantes), luego no hay forma de quitarlo de las manos.He comprado trampas iguales de 3 o 4 marcas distintas y ninguna me ha dado estos problemas... salvo el del olor."
IT,B08D246QL2,Timo total,Reviewed in Spain on 3 July 2026,1,"Me parece un timo total, son muy pequeñas y  no hace ningún efecto"
IT,B08D246QL2,NO SÉ SI FUNCIONARÁN,Reviewed in Spain on 9 July 2025,1,"No me gustan nada. No sé si las cucarachas se pegarán, pero tú te pones las manos llenas de pegamento que es bastante difícil de quitar. Las trampas vienen pegadas de 3 en 3 y hay que separarlas y doblarlas, el problema es que los filos de las trampas chorrean pegamento, si usas guantes no hay manera de despegar los y si las tocas sin guantes, te pones de pegamento hasta arriba ... En fin, espero que al menos cumplan su función, si es así actualizaré mi comentario. Ya llevan dos días puestas y no ha caído ninguna. Otra cosa es que es difícil que las cucas pasen por estas trampas tan pequeñas si además no llevan ningún compuesto que las atraigan a la trampa."
IT,B08D246QL2,No sirve,Reviewed in Spain on 6 June 2026,1,No sirve para nada. Es como jugar  a las cositas con las cucarachas. Cero
IT,B08D246QL2,No valen,Reviewed in Spain on 12 June 2026,1,"No vale para nada,las cucarachas literalmente al lago y no caen"
IT,B08D246QL2,Nicht empfehlenswert für die bernsteinfarbene Gartenscharbe,Reviewed in Germany on 16 December 2025,1,Habe mich aufgrund der vielen guten Bewertungen für dieses Produkt entschieden. Leider interessiert die bernsteinfarbene Gartenscharbe dieses Lockmittel nicht im geringsten. Habe im Keller pro Raum 2-3 Fallen aufgestellt. Das Insekt befindet sich in unmittelbarer Nähe aber auch nach 5 Wochen nicht mal eins ist in die Falle getappt. Zwei Spinnen hab ich jetzt wohl weniger…
IT,B08D246QL2,Sind das Attrapen?,Reviewed in Germany on 11 September 2024,1,"Das Produkt ist an sich gut verpackt, man bekommt es einfach getrennt und zusammengebaut. Anweisungen minimal vorhanden. Sonderbarer, nicht unangenehmer Geruch wird direkt wahrgenommen sobald die Folie geöffnet wird. Sehr wahrscheinlich handelt es sich dabei um den Lockstoff, der vermutlich einfach über die Pappe gesprüht wurde, zumindest ist keiner separat beigelegt, wodurch die Anwendung sich nur aufs abreißen und zusammenfalten beschränkt und anschließendem platzieren. Der Geruch ist nach wenigen Wochen nicht mehr wahrnehmbar, also wahrscheinlich verflogen. Blöd nur dass auch die Fallen, die ich nicht platziert habe, ebenfalls keinen Geruch mehr haben und somit eventuell unbrauchbar sind. Egal, denn für mich haben die Fallen sich sowieso als unbrauchbar erwiesen. Auf 10 Fallen ist mir eine Fliege auf die Klebestreifen gegangen, sonst nichts, obwohl ich dennoch hier und da eine Schabe entdeckt habe. Über den genauen Befall kann ich nicht berichten, da es immer nur eine ist auf paar Tage, was auch einfach an offenem Fenster bei Erdgeschoß Wohnung liegen könnte."
IT,B08D246QL2,No sirven para acabar con las cucharachas,Reviewed in Spain on 5 June 2026,1,No sirven para nada
IT,B08D246QL2,Nicht effizient,Reviewed in Germany on 10 August 2025,1,"Nicht zu gebrauchen, Tiere (Schaben) sitzen vor der Falle. Wenn man sie hineindrängt kleben sie nur fest und verenden ewige Zeit Später. Auch hier sollte man Respekt vor dem Leben haben und einen schnellen und nicht qualvollen Tod als Ziel haben. Absolut nicht zu empfehlen, die Falle muss auch genau im Laufweg sein und dann darf das Tier nicht drumherum laufen, was es natürlich macht weil es eine Hürde ist. Schade für den Preis."
IT,B08D246QL2,keine Wirkung,Reviewed in Germany on 7 February 2026,1,"Absolut nutzlos.Ich habe langsam alle dieser Fallen durch, Klebeband ist genauso effektiv."
IT,B08D246QL2,Nutzlos,Reviewed in Germany on 2 September 2025,1,"Am Liebsten Null Sterne. Sie funktionieren nicht- sie locken die Schaben nicht wirklich an. Hab 10 Stück auf 2qm aufgestellt- die Schaben laufen einfach überall lang, aber nicht durch die fallen. Eine hatte sich mal darin verirrt (morgens gesehen). Als ich abends nachschaute, war sie nicht mehr da- hatte sich also befreien können. Völlig nutzlos diese Fallen."
IT,B08D246QL2,NO FUNCIONA,Reviewed in Spain on 30 July 2025,1,"Es inútil no le pongo 0 estrellas porque no deja, el pegante que tiene no funciona es muy débil lo que hace que se despegue de la superficie y ni hablar del que se encuentra dentro de la trampa que es igual o peor ya que permite que la cucaracha escape después de ""quedar atrapada"" (lo he visto).Es dinero perdido ya que no cumplen su función."
IT,B08D246QL2,No sirven,Reviewed in Spain on 11 September 2025,1,"No atrae a las cucarachas. Tenía localizada una cucaracha en una habitación. Puse 3 trampas y las dejé durante 3 días. Al tercer día, miré debajo de la cama, la vi y la tuve que coger con un vaso. No merece la pena gastar el dinero en estas trampas."
IT,B08D246QL2,Pésima experiencia,Reviewed in Spain on 19 May 2025,1,La verdad compre el producto por las reseñas que pone que son súper creíbles. En mi caso pesi llevan puestas más de 3 dias donde tengo el problema con estos animales y no tengo ni tan solo 1. Y cada que vengo tarde de noche que enciendo la luz las veo pasear por los costados y no entran en la trampa.
IT,B08D246QL2,Es war sehr schlimm.,Reviewed in Germany on 6 November 2025,1,"Es war nicht gut, und nach zwei Tagen war kein Klebstoff mehr vorhanden, um die Kakerlaken zu fangen."
IT,B08D246QL2,Nach 1 Woche noch kein Erfolg zu sehen,Reviewed in Germany on 5 August 2025,1,"Die Fallen stehen seit fast 1 Woche und leider ist noch nichts passiert. Silberfische, Küchenschaben rennen in der Wohnung rum, aber die Fallen sind leer. Heute erst ist ein Silberfisch auf der Falle gewesen und ist dann gemütlich runterspaziert🫣 Ich hoffe, es tut sich noch was"
IT,B08D246QL2,Strong glue,Reviewed in Germany on 9 August 2023,1,"The glue is very strong. So strong that in a single trap, three little lizards got caught. I was devastated when I saw them there. After a lot of effort and with the help of olive oil I managed to get them free but I can't imagine their suffering and struggle before that.We bought the traps for some german cockroaches that we see at night in our garden fence. No cockroaches when caught, only the poor lizards, a couple of spiders, some isopods, and a fly. I guess that they do what they are supposed to, they catch creatures that walk on them, but they didn't solve our problem."
IT,B08D246QL2,Kein Erfolg,Reviewed in Germany on 28 November 2025,1,Funktioniert nicht
IT,B08D246QL2,Nutzlos,Reviewed in Germany on 31 August 2025,1,Nach 2 Wochen keine einzige Schabe gefangen. Die laufen einfach daran vorbei. Lediglich eine kleine Spinne ist hängen geblieben in den Fallen. Habe sie an mehreren Orten aufgestellt
IT,B08D246QL2,Keine Falle für Scheben aber für die eigene Finger,Reviewed in Germany on 19 July 2025,1,Die Falle hat keine Anziehung für Schaben. Schon seit 2 Wochen wurden 6 Stück an verschiedenen Stellen gestellt. Die Schaben laufen einfach vorbei und keine Änderungen zum vorher. Auch die Falle selbst ist sehr klebrig - schwer zu entfernen oder tauschen.
IT,B08D246QL2,NICHT KAUFEN,Reviewed in Germany on 6 September 2024,1,"Ich habe viele von diesen Fallen im Haus verteilt, insgesamt nach Tagen nur 3 Kakerlaken gefangen, der Rest rennt freudig weiter umher, aber leider haben sich insgesamt 3 große Spinnen drin verfangen, was ich echt ganz furchtbar finde, die brauchen wir nämlich auch zur Schädlingsbekämpfung. Ich musste die Spinnen natürlich umbringen, da es keinen Weg gibt, sie von diesem Klebstoff zu entfernen. Ganz schrecklich. Nicht hilfreich für Kakerlakenbefall!"
IT,B08D246QL2,Falle für welches Getier?,Reviewed in Germany on 29 August 2025,1,...fängt keine Schaben: die laufen drumrum.Wirklich.Kommt mglweise aus den USA: vllt gehen die Schaben dort auf den Leim...
IT,B08D246QL2,"Sehr schlecht,  keine Wirkung",Reviewed in Germany on 20 September 2025,1,"Sehr schlecht,  keine Wirkung,  bitte nicht kaufen!!!!!"
IT,B08D246QL2,"NO Funciona, las cucarachas se despegan.",Reviewed in Spain on 20 June 2025,1,"No sé si es que ha venido defectuoso o qué, pero he visto como pasan cucarachas por encima sin quedarse pegadas. Otras se han quedado un poco pegadas, pero en cuestión de minutos han conseguido despegarse y salir… NO SIRVEN."
IT,B08D246QL2,Leider unwirksam bei unseren Küchenschaben,Reviewed in Germany on 28 February 2023,1,"Leider hat mich das Produkt sehr enttäuscht.Ich war sehr begeistert von dem tolle Preis-Leistungsverhältnis - wäre aber natürlich nur aufgegangen wenn die Schaben auch in die Fallen gegangen wären.Es gab ein informatives PDF umsonst per Mail, was auch sehr hilfreich war, allerdings sind von den 8 beobachteten Schaben -0,0 in die Fallen gegangen. Ich habe ihnen teilweise zugeschaut, wie sie um die Falle rum liefen …Am Ende hat regelmäßiges Einsaugen der Viecher und Absaugen der Oberflächen den Erfolg gebracht. In den Fallen war keine einzige Schabe."
IT,B08D246QL2,Nicht empfehlen,Reviewed in Germany on 31 August 2025,1,"Dings bringt nichts, bis jetzt keine Spinne gefangen (("
IT,B08D246QL2,Funktioniert nicht,Reviewed in Germany on 1 July 2025,1,Die Fallen stehen und keine Kakerlake erbarmt sich reinzulaufen. Jetzt existieren die Fallen und die Kakerlaken nebeneinander.Funktioniert vielleicht nur bei deutschen Kakerlaken nicht. Das Geld ist auf jeden Fall verschwendet.
IT,B08D246QL2,No sirve para nada,Reviewed in Spain on 13 August 2025,1,Las cucarachas se pasean al lado y no entran ahí. Lo compré por los buenos comentarios pero serán que las de mi barrio son más listas que ninguna.
IT,B08D246QL2,Schädlinge,Reviewed in Germany on 7 August 2025,1,Von mir keinen Stern. Leider spazieren die Tiere an der Klebefalle vorbei.Würde ich nicht mehr kaufen
IT,B08D246QL2,Klebeflächen fehlen,Reviewed in Germany on 1 July 2025,1,"Set mit 30 Fallen erhalten. Bei über der Hälfte der Fallen fehlt die Klebefläche, so dass sie ohne Funktion sind.Also ganz klar Finger weg von diesem Produkt! 0 Sterne"
IT,B08D246QL2,No sirve para nada,Reviewed in Spain on 14 July 2025,1,"No sirve para nada, solo para gastar dinero. Puse 4 en una habitación grande y estaban 5 cucarachas grandes paseándose por el lado y de entrar dentro nada. Me tocó matarlas a mi."
IT,B08D246QL2,No funciona,Reviewed in Spain on 6 July 2025,1,En mi casa hay cucarachas por que las he visto y llevo días poniendo estas trampas y no ha caído ni una . Y eso que las he repartido por toda la casa .
IT,B08D246QL2,No funciona!!,Reviewed in Spain on 19 August 2025,1,No funciona!!!!! las cucarachas esquivan la trampa.Incluso si pones comida dentro de la trampa solo entran 2 o 3 (y tengo muchas en casa de esas pequeñitas)
IT,B08D246QL2,Absolut unwirksam,Reviewed in Germany on 26 July 2025,1,Diese Falle hilft gar nicht! Die Kakerlaken laufen drum herum ohne jegliche Notiz davon zu nehmen. Eine völlige Fehlinvestition!
IT,B08D246QL2,0 servicio,Reviewed in Spain on 15 December 2025,1,No sirve para nada. Caen más arañas que otra cosa.
IT,B08D246QL2,Worst,Reviewed in Germany on 15 September 2025,1,Don’t waste your money
IT,B08D246QL2,Kein Insekt interessiert sich für die „Falle“,Reviewed in Germany on 5 August 2025,1,Bringen nichts.Ich habe die bereits über eine Woche verteilt. Kein einziges Insekt drin.
IT,B08D246QL2,No sirve contra cucarachas grandes,Reviewed in Spain on 4 July 2025,1,"No sirve para las cucarachas Americanas. No se quedan pegadas, son tran grandes que se despegan y se van tan tranquilas. No volveré a comprar estas trampas. Las cucarachas gigantes se ríen de ellas."
IT,B08D246QL2,No sirven,Reviewed in Spain on 26 November 2025,1,"Las cucarachas entran y salen con facilidad, no se pegan."
IT,B08D246QL2,Nutzlos,Reviewed in Germany on 8 December 2024,1,"Die Insekten laufen freudig an der Falle vorbei und würdigen ihr keines Blickes.Vielleicht fehlt ein starkes Lockmittel, damit die Falle einwandfrei funktioniert, aber leider haben wir keine Lust wieder Geld auszugeben, nur um zu schauen, ob es klappt und am Ende wieder enttäuscht zu werden."
IT,B08D246QL2,No sirve,Reviewed in Spain on 6 August 2025,1,"No vale para nada, he colocado 8 en diferentes partes y ni una cucaracha… sin embargo, han aparecido muertas dos, pero no por las trampas"
IT,B08D246QL2,Keine einzige Schabe gefangen,Reviewed in Germany on 14 October 2024,1,"Ich weiß, dass Klebefallen dieser Bauart -- richtig an der Wand positioniert -- super gegen Silberfische wirken. Aber Schaben haben wir mit diesen Fallen innerhalb von zwei Wochen keine einzige gefangen, obwohl wir in der 90-Quadratmeter-Wohnung zehn Fallen platziert hatten. Für uns für diesen speziellen Verwendungszweck rausgeschmissenes Geld."
IT,B08D246QL2,Je ne recommande pas,Reviewed in France on 8 August 2025,1,N'est pas pratique à plier et à mettre en place (colle)
IT,B08D246QL2,Inefficace car pas de phéromones,Reviewed in France on 24 August 2024,1,Il n'y a plus le trait de phéromones de ce fait il est complètement inutile. Sachant que c'est la phéromones qui les attirent sur le piège.Ceux de l'année dernière fonctionnaient vraiment bien.Bien sûr impossible de renvoyer l'article car obligé d'ouvrir pour voir si il y a la phéromone ou pas.
IT,B08D246QL2,No funciona,Reviewed in Spain on 15 July 2025,1,
IT,B08D246QL2,No funciona,Reviewed in Spain on 23 November 2025,1,Nada efectivo
IT,B08D246QL2,Useless,Reviewed in Spain on 23 October 2025,1,This is useless. It doesn’t work
IT,B08D246QL2,No funciona,Reviewed in Spain on 12 September 2025,1,En dos años no ha caído ningún bicho en la trampa.
IT,B08D246QL2,No atrae cucarachas y en pocos días ni pega...,Reviewed in Spain on 24 June 2024,1,"Ya he matado tres cucarachas cerca de los cebos, que no han recogido ninguna.Puse algún resto de comida para atraer más, pero tampoco.A los pocos días, noto que apenas pega el pegamento...Creía que funcionaría, pero debe caer alguna cuando hay una buena infectación...En la foto se ve la trampa i una cucaracha que he tenido que matar."
IT,B08D246QL2,Not worth it,Reviewed in Spain on 6 October 2025,1,A complete waste of money.
IT,B08D246QL2,Photos mensongères,Reviewed in Belgium on 23 August 2024,1,"Sur LES photos on voit bien qu'il y est censé avoir un trait ""d'appâts"" ce qu'il n'y a pas, j'ai déjà acheté les mêmes avec cette ligne brune qui attire les cafards."
IT,B08D246QL2,Funktioniert nicht!,Reviewed in Germany on 5 September 2024,1,"Funktioniert nicht. Wenn eine Schabe reinläuft, dann aus Versehen. Die Schaben laufen schnurstracks an den Fallen vorbei und ich fange mehr selbst, als die Fallen es für mich tun. Rausgeschmissenes Geld."
IT,B08D246QL2,Zéro résultat,Reviewed in France on 27 July 2024,1,"J’ai mis plusieurs pièges partout depuis 4 jours aucun cafard n’a été attrapé, je pensais qu’il y’avait plus sauf que hier je les ai vu se balader tranquillement donc les pièges n’ont aucune efficacité et ne servent absolument à rien, perdez pas votre argent"
IT,B08D246QL2,Nicht kaufen!,Reviewed in Germany on 15 June 2025,1,Bringt absolut nichts.
IT,B08D246QL2,Absolut nutzlos,Reviewed in Germany on 13 September 2024,1,"Nicht eine einzige Schabe wurde mit diesen Fallen gefangen, obwohl mehrere gesichtet wurden. Das Produkt wird dem Namen in gar keinem Fall gerecht. Reine Geldverschwendung. Schade"
IT,B08D246QL2,Nefasto,Reviewed in Spain on 18 June 2025,1,Ha llegado el pedido y en vez de haber30 trampas sólo hay 10 ! Me siento estafada
IT,B08D246QL2,No hacen su trabajo,Reviewed in Spain on 11 July 2025,1,No funcionan. Pedazo de papel con algo de goma que no atrapa nada.
IT,B08D246QL2,No funcionan,Reviewed in Spain on 7 September 2025,1,No consigue atraer ni atraparlas
IT,B08D246QL2,Funktioniert Nicht,Reviewed in Germany on 15 October 2024,1,Habe die Fallen wegen Kakerlaken gekauft. Sie laufen einfach durch die Fallen durch und bleiben nicht kleben
IT,B08D246QL2,Unbrauchbare Insektenfalle,Reviewed in Germany on 15 September 2024,1,"Da keinerlei Lockstoff, sondern nur Klebstoff in den winzigen Häuschen enthalten ist, war der der Erfolg gleich 0. Völlig Unbrauchbar."
IT,B08D246QL2,Es stinkt,Reviewed in Germany on 3 June 2024,1,"Diese Fallen stinken bestialisch. Der Gestank geht nicht mal nach stundenlangem Lüften raus. Wurde in USA hergestellt. Würde ich nie wieder kaufen. Billiger Preis, taugen nichts, stinken nur. Absolut keine Kaufempfehlung."
IT,B08D246QL2,Duftstoff zum Anlocken der Schaben fehlt,Reviewed in Germany on 25 September 2023,1,"Bin total enttäuscht vom Produkt. Wie im Video zu sehen ist, befindet sich auf dem Klebeabschnitt ein brauner Duftstoff zum Anlocken der Schaben. Dieser fehlt auf den 6 von mir gefalteten Pappfallen. Leider habe ich die Verpackung schon entsorgt, sonst hätte ich das Päckchen zurück geschickt.CH"
IT,B08D246QL2,Inútiles,Reviewed in Spain on 12 June 2025,1,"No sirven para nada, las cucarachas pasan por encima y no se pegan."
IT,B08D246QL2,No sirven para nada. caro y malo,Reviewed in Spain on 26 July 2025,1,No sirven para nada. caro y malo
IT,B08D246QL2,Nicht zu gebrauchen,Reviewed in Germany on 10 August 2023,1,Im Wohnmobil bei 20m2 wurden 15st. aufgestellt. Auf den Boden in den Schränken usw.Das Ergebnis ist  nach einer Woche ernüchternd. Ein Schabe hat sich in eine Falle verirrt. Weitere 7 haben wir nach und nach per Hand erlegt.Leider kann ich das Produkt nicht empfehlen.
IT,B08D246QL2,No sirven y huelen fortísimo,Reviewed in Spain on 10 February 2025,1,Las puse durante 2 días y no atrapó ni un bicho ... la que casi cae soy Yo del olor tan fuerte que quedó del adhesivo. Horribles. No recomiendo en absoluto.
IT,B08D246QL2,Bringt überhaupt nichts,Reviewed in Germany on 16 August 2024,1,Komplett wirkungslos und alle Kakerlaken latschen brav Drumherum. Seit 8 Tagen im Gebrauch und bis dato komplett wirkungslos.
IT,B08D246QL2,buon prodotto a buon prezzo,Reviewed in Italy on 7 September 2025,5,"Ho acquistato queste trappole Catchmaster per il mio studio e devo dire che sono davvero efficaci. Il formato è pratico: si montano facilmente e possono essere posizionate in diversi punti strategici senza dare nell’occhio.Il fatto che siano senza veleno è un grande vantaggio: risultano sicure anche in ambienti dove non voglio rischiare contaminazioni o odori fastidiosi. L’adesivo è molto forte e l’esca integrata funziona bene: già dopo pochi giorni ho notato i primi insetti catturati (soprattutto blatte).Sono leggere e compatte, quindi non occupano spazio e posso sostituirle rapidamente quando necessario.✅ Pro: efficaci, facili da usare, sicure perché senza sostanze tossiche, ottimo rapporto qualità/prezzo❌ Contro: nessuno rilevante, se non che dopo un po’ vanno sostituite (ma è normale per questo tipo di prodotto)In sintesi, un prodotto semplice ma affidabile: svolge il suo lavoro senza complicazioni e dà ottimi risultati. Lo consiglio a chiunque voglia una soluzione pratica per il controllo di blatte e altri insetti striscianti."
IT,B08D246QL2,ottimo prodotto,Reviewed in Italy on 16 October 2025,5,"estremamente facile da usare, è anche molto efficace.ho letto che qualcuno ha messo dello zucchero: proverò anche io... tanto, se si avvicina una formica, non potrà raccontarlo..."
IT,B08D246QL2,Ottimo prodotto,Reviewed in Italy on 5 August 2025,4,"Ottimo prodotto, io l'ho acquistato per le Blatte ed il risultato è eccezionale"
IT,B08D246QL2,Funzionano,Reviewed in Italy on 13 May 2025,5,"Fanno benissimo il loro lavoro. blatta presa e uccisa. Okkio solo quando si togli l’adesivo, appiccia molto ma è comunque gestibile."
IT,B08D246QL2,Prodotto piccolo,Reviewed in Italy on 23 April 2026,3,"Troppo piccolo il prodotto , grazie per il vostro servizio"
IT,B08D246QL2,Consigliato!!!!!!,Reviewed in Italy on 20 May 2026,5,"Attacca tutto ciò che cammina per casa.. Incredibile, durano un mese"
IT,B08D246QL2,Efficaci e sicure,Reviewed in Italy on 29 September 2025,5,"Le trappole adesive catturano scarafaggi e altri insetti striscianti senza bisogno di veleni, quindi sono sicure anche in ambienti domestici. L’esca integrata attira bene e il risultato si vede già dopo poco tempo.La confezione è abbondante e permette di coprire più stanze. Una soluzione pratica e pulita per tenere sotto controllo infestazioni indesiderate."
IT,B08D246QL2,Trappole per scarafaggi,Reviewed in Italy on 25 April 2026,4,
IT,B08D246QL2,"utili,ho risolto il problema",Reviewed in Italy on 21 May 2026,5,"utili,ho risolto il problema"
IT,B0BQ3DGXQP,Deludenti…gli stavo dando fiducia,Reviewed in Italy on 29 June 2026,1,"All’inizio dopo la prima e ultima cattura ero fiducioso,ma poi nulla di nulla in 4 trappole nella stessa stanza, gli scarafaggi (blatte) manco se le filano."
IT,B0BQ3DGXQP,Inutili,Reviewed in Italy on 2 July 2026,1,Ho posizionato due trappole appena arrivate e dopo 8 giorni le blatte continuano a vagare indisturbate nel bagno!!!!!!! e a girargli intorno
IT,B0BQ3DGXQP,Acquisto da evitarev,Reviewed in Italy on 3 July 2026,1,"Prodotto che le blatte non avvicinano nemmeno!  Tre mattine consecutive le ho viste passeggiare tranquille senza ""abboccare"". Bella truffa!!"
IT,B0BQ3DGXQP,Troppo piccola per dimensione,Reviewed in Italy on 9 June 2026,1,"Articolo troppo piccolo ed aggiungo un poco complicato nel montaggio, descrizione poco detaglita anche nelle istruzioni allegate - sconsiglio - a parita' prezzo e molto migliore i fogli in la Colla per Trappola Topi"
IT,B0BQ3DGXQP,Trappola per scarafaggi,Reviewed in Italy on 13 June 2026,1,Ho cambiato la recensione in quanto non soddisfatto di questo articolo.Non cattura gli scarafaggi e così ho ordinato  il prodotto che usavo prima.
IT,B0BQ3DGXQP,Spesa innutile,Reviewed in Italy on 5 June 2026,1,"Spesa inutile, i scarafaggi passeggiano sopra si staccano più le mie ditta che loro! Avrei dovuto restituirli così aperti, e costano anche troppo per dei pezzi di cartone innutili !"
IT,B0BQ3DGXQP,Inutili,Reviewed in Italy on 6 July 2026,1,Ne ho usati diversi ma non servono a nulla...neanche uno preso
IT,B0BQ3DGXQP,poco efficace,Reviewed in Italy on 1 July 2026,1,non funziona almeno nel mio caso. ci girano intorno ma non entrano.
IT,B0BQ3DGXQP,Trappole non efficaci,Reviewed in Italy on 14 June 2026,1,Gli scarafaggi sono poco attirati dalle trappole. Quei pochi che entrano inoltre non restano incollati e riescono ad uscire.
IT,B0BQ3DGXQP,Assolutamente inutile!,Reviewed in Italy on 16 April 2026,1,"Non so se sia difettoso e/o scaduto, ma nonostante abbia sparso trappole ovunque in cucina, le blatte continuano a girare indisturbate. Addirittura sono riuscito a farne entrare una nella trappola, e lei dopo pochi secondi è uscita tranquillamente. ASSOLUTAMENTE INUTILE!"
IT,B0BQ3DGXQP,Non serve a nulla,Reviewed in Italy on 28 June 2026,1,Non serve a nulla
IT,B0BQ3DGXQP,Si apre continuamente,Reviewed in Italy on 10 June 2026,1,Non rimane attaccato il cartone. Devo mettere lo scotch
IT,B0BQ3DGXQP,Delusione,Reviewed in Italy on 19 June 2026,1,Per ora non funzionano.
IT,B0BQ3DGXQP,Inutile,Reviewed in Italy on 16 June 2026,1,Non funziona per niente
IT,B0BQ3DGXQP,Inutile,Reviewed in Italy on 20 May 2026,1,Inutile ho ancora blatte che ci girano attorno
IT,B0BQ3DGXQP,Difficoltà a chiudere,Reviewed in Italy on 31 May 2026,1,Trappola veramente scarso
IT,B0BQ3DGXQP,Non funziona,Reviewed in Italy on 25 April 2026,1,"Non funziona. Le blatte non ci entrano: probabilmente manca una forma di esca, che deve essere aggiunta."
IT,B0BQ3DGXQP,Inefficace,Reviewed in Italy on 18 May 2026,1,Non fanno per il mio caso
IT,B0BQ3DGXQP,Tutto appiccicoso non va bene,Reviewed in Italy on 2 May 2026,1,Tutto incollato non va bene
IT,B0BQ3DGXQP,Facile installazione,Reviewed in Italy on 29 April 2026,1,Credo non funzioni…….
IT,B0BQ3DGXQP,non ha funzionato,Reviewed in Italy on 11 February 2026,1,"Non so se è funzionale ad un tipo di scarafaggi, ma le blatte non sono attratte da questa trappola"
IT,B0BQ3DGXQP,Non funzionano,Reviewed in Italy on 2 January 2026,1,"Non funzionano affatto, ho trovato diverse blatte in casa ma dopo 3 settimane neanche una è stata catturata da questa esca."
IT,B0BQ3DGXQP,"La trappola è per allocchi, non per scarafaggi.",Reviewed in Italy on 12 November 2025,1,"Totalmente inutile, il ""potente attrattivo"" non li attrae minimamente. Le trappole sono state lasciate in un locale lasciato poi disabitato per una settimana e non ci sono passate sopra neanche per sbaglio."
IT,B0BQ3DGXQP,Non attirano gli scarafaggi,Reviewed in Italy on 16 February 2026,1,Non attirano neanche i moscerini!Non funzionano!
IT,B0BQ3DGXQP,Sconsigliato,Reviewed in Italy on 6 February 2026,1,"Non funziona , le blatte non lo considerano"
IT,B0BQ3DGXQP,Ingannevole,Reviewed in Italy on 22 November 2025,1,"Ingannevole , è solo un cartoncino con colla e attira scarafaggi.Peggiora la situazione, informatevi bene. Gli scarafaggi se spaventati si moltiplicano più velocemente"
IT,B0BQ3DGXQP,Prodotto inservibile,Reviewed in Italy on 14 September 2025,1,"Prodotto scadentissimo, il cartoncino con carta riciclabile non regge le pieghe e quindi non si riesce a creare l’involucro…prodotto da buttare! Il problema è che l’ho aperto e le due trappole si sono rotte e quindi neanche posso rimandarlo indietro! Prodotto assolutamente inservibile."
IT,B0BQ3DGXQP,Inefficaci da quando hanno cambiato la quantità/qualità di insetticida contenuto.,Reviewed in Italy on 2 July 2025,1,"Un paio di anni fa, ho acquistato queste trappole e funzionavano davvero bene. Tuttavia, ho recentemente effettuato un nuovo acquisto e ho notato che hanno modificato la quantità di prodotto che attira gli insetti all'interno, rendendole inefficaci contro gli scarafaggi. Le ho confrontate con altri prodotti simili, ma più professionali, e devo ammettere che questi ultimi stanno funzionando. Pertanto, sconsiglio l'acquisto di queste trappole."
IT,B0BQ3DGXQP,Inutili,Reviewed in Italy on 28 October 2025,1,"Queste trappole non servono, le abbiamo messe proprio nel punto in cui eravamo certi ci fossero scarafaggi. Dopo giorni le abbiamo buttate come nuove"
IT,B0BQ3DGXQP,Non funzionano,Reviewed in Italy on 11 November 2025,1,Purtroppo non funzionano a casa mia. Non attirano gli scarafaggi e quei pochi che entrano sono in grado di uscire
IT,B0BQ3DGXQP,Da sapere,Reviewed in Italy on 30 September 2025,1,Mi sembra che non funzioni affatto...probabilmente funziona solo con gli adulti ...con i piccoli e medi niente. In 10gg ho messo 4 trappole e nulla eppure ne ho uccisi 12.
IT,B0BQ3DGXQP,Trappole,Reviewed in Italy on 17 October 2025,1,Il venditore prontamente mi ha sostituito le trappole.. non riscontrando il corretto funzionamento si è reso disponibile al rimborso. Purtroppo a me non hanno funzionato.
IT,B0BQ3DGXQP,NON FUNZIONANO DA EVITARE,Reviewed in Italy on 23 September 2025,1,"NON FUNZIONANO, l'ho preso per i pesciolini d'argento ma non e' 3 giorni che ho messo le trappole e ad oggi ZERO..veramente non funzionano ho buttato i soldi"
IT,B0BQ3DGXQP,Non lo consiglio!,Reviewed in Italy on 8 September 2025,1,Per niente valido come prodotto...premesso che non ero invasa da scarafaggi. Ho messo una trappola sotto il lavello e in altri punti strategici e non è servito!Non lo consiglio
IT,B0BQ3DGXQP,No,Reviewed in Italy on 15 December 2025,1,Non soddisfacenteNon lo consiglio
IT,B0BQ3DGXQP,Inefficaci,Reviewed in Italy on 10 September 2025,1,"Davvero inefficaci .. non hanno beccato nulla . Addirittura ho messo su del cibo per cani , lo hanno mangiato ma non sono rimaste attaccate! Mah"
IT,B0BQ3DGXQP,Inutile,Reviewed in Italy on 13 September 2025,1,"Ho mia mamma che in casa sua purtroppo li ha, tutte le notti li trova in cucina, piccoli, li iccide ma nella trappola neanche 1."
IT,B0BQ3DGXQP,Non fa fede alla descrizione non erano 12,Reviewed in Italy on 8 September 2025,1,É  arrivato con L’imballaggio chiuso e la confezione del prodotto aperto con qualche trappola in menoTra l’altro penso ci siamo marche migliori
IT,B0BQ3DGXQP,Non adatto al mio problema,Reviewed in Italy on 24 October 2025,1,"Non adatto a risolvere il mio problema, molto fragili come strutture"
IT,B0BQ3DGXQP,Non funziona,Reviewed in Italy on 1 August 2025,1,Non funzionaNon ha catturato nulla .Leggendo le recensioni speravo di risolvere invece niente.Ne ho messi tre non ho trovato nulla ormai sono lì da giorni.Acquisto inutile.
IT,B0BQ3DGXQP,Inutili,Reviewed in Italy on 16 September 2025,1,Assolutamente inutili. Sono semplici casette adesive su cui si aspetta che passino gli scarafaggi e rimangano attaccati.
IT,B0BQ3DGXQP,"per me nessuna efficacia, nonostante abbia provato già 4 fogli",Reviewed in Italy on 18 August 2025,1,"terribile, non si è mai attaccata nè una blatta nè una formica, anche mettendo cibo all'internoha attirato solo un paio di calabroni"
IT,B0BQ3DGXQP,Inutile,Reviewed in Italy on 1 October 2025,1,Non ho visto nemmeno una blatta incastrata o morta nella trappolaInutile
IT,B0BQ3DGXQP,Non serve,Reviewed in Italy on 6 October 2025,1,Purtroppo non serve: le cimici non entrano. Pazienza!
IT,B0BQ3DGXQP,Non vale niente,Reviewed in Italy on 24 October 2025,1,Prodotto assolutamente inutile
IT,B0BQ3DGXQP,Esca non appetibile,Reviewed in Italy on 7 August 2025,1,"Nel mio caso non hanno funzionato, non erano attratti dall'esca. Credo sia da migliorare il prodotto esca o la dose."
IT,B0BQ3DGXQP,Non funziona,Reviewed in Italy on 7 October 2025,1,Non funziona
IT,B0BQ3DGXQP,Inutile,Reviewed in Italy on 18 September 2025,1,Lo trovo inutile ma soprattutto scomodo
IT,B0BQ3DGXQP,Sconsigliato non funziona,Reviewed in Italy on 13 September 2025,1,Non funziona gli insetti neanche le guardano
IT,B0BQ3DGXQP,Mai più,Reviewed in Italy on 2 September 2025,1,Pessimo. L'esca non attrae gli scarafaggi
IT,B0BQ3DGXQP,Useless,Reviewed in Italy on 24 September 2025,1,Useless
IT,B0BQ3DGXQP,Inutili,Reviewed in Italy on 23 May 2025,1,"Nonostante la numerosa presenza di blattella germanica, le trappole non hanno catturato nulla. Ho dovuto necessariamente ricorrere al veleno in gel. Inservibili."
IT,B0BQ3DGXQP,Non efficace,Reviewed in Italy on 10 August 2024,1,"Messa la trappola nella stanza dopo un ora circa ho visto un scarafaggio dentro. Pensando magari che ne potessero entrare altri l'ho lasciato. Dopo due ore circa, ho riguardato e lo scarafaggio non c'era più. Nei giorni successivi ho continuato a vedere qualche scarafaggio correre nella stanza e la trappola sempre vuota."
IT,B0BQ3DGXQP,Inutili,Reviewed in Italy on 23 October 2024,1,"Comprato per le blatte germaniche (non so se sia il nome corretto), non servono a niente. Nonostante il via vai delle bestie nessuna che sia stata catturata dalle trappole. Ne ho posizionate più di una in vari punti della stanza."
IT,B0BQ3DGXQP,Non consiglio il prodotto,Reviewed in Italy on 1 September 2025,1,Non hanno funzionato 😔
IT,B0BQ3DGXQP,"Aderisce, rapporto qualità prezzo, facile da usare...... però non cattura!",Reviewed in Italy on 6 June 2023,1,"Spedizione:rapida,nei tempi - OKImballaggio: cartone adeguato - OKOggetto: come da descrizione, tutto molto bello. Ma nelle trappole posizionate finora (piu di una settimana), non ne ho trovato nessuno , mentre continuano a girare indisturbati sul pavimento.!Volevo evitare le trappole con esce velenosa perchè ho dei gatti, ma quelle tempo fa mi avevano risolto il problema per due anni NEMMENO UNO!Con queste.. come se non ci fossero. assurdo.."
IT,B0BQ3DGXQP,Inutile,Reviewed in Italy on 30 August 2025,1,Inutile. Ci girano intorno.
IT,B0BQ3DGXQP,BOH?,Reviewed in Italy on 9 October 2024,1,"Credo sia ormai un mesetto che le ho posizionate, ma ho trovato comunque le blatte e non nella trappola, ma al di fuori… fino ad ora nelle trappole non c’è nulla… siamo veramente sicuri che ste cose di carta funzionino?"
IT,B0BQ3DGXQP,Inutili,Reviewed in Italy on 21 August 2024,1,"Purtroppo, le trappole per scarafaggi Super Ninja non hanno funzionato come promesso. Nonostante la descrizione affermi che siano altamente efficaci, non ho notato alcuna riduzione degli scarafaggi anche dopo settimane di utilizzo. Semplici da usare, ma purtroppo inefficaci. Non le consiglio, sono stato deluso dal risultato."
IT,B0BQ3DGXQP,Inutile,Reviewed in Italy on 13 July 2025,1,E una settimana che ho piazzato 3 trappole ma non ha preso nulla !
IT,B0BQ3DGXQP,Inutile,Reviewed in Italy on 23 July 2025,1,"Inutile! Anzi, le blatte si tengono alla larga dove lo posiziono."
IT,B0BQ3DGXQP,Mah....,Reviewed in Italy on 8 November 2024,1,Non so se bisogna aspettare che nidificano ulteriormente.....io non vedo alcun risultato....gli animaletti sembrano girargli intorno quasi a sfida ......ma su cinque trappole non vi è ombra di scarafaggio....al momento più che deluso....
IT,B0BQ3DGXQP,Sconveniente,Reviewed in Italy on 21 June 2025,1,Troppo caro in rapporto alla qualità del prodotto
IT,B0BQ3DGXQP,Poco efficace,Reviewed in Italy on 12 July 2025,1,Non molto efficace
IT,B0BQ3DGXQP,Pessimo,Reviewed in Italy on 13 July 2025,1,Non funzionano.
IT,B0BQ3DGXQP,Inefficace,Reviewed in Italy on 26 July 2023,1,"Ho aspettato oltre sette giorni prima di dare un giudizio, e purttroppo devo convenire che sono stati soldi buttati in quanto su quattro trappole installate non è stato catturato nemmeno uno scarafaggio/blatte che continuano a gironzolare per casa, per cui il mio giudizio E' NEGATIVO."
IT,B0BQ3DGXQP,Inefficace!,Reviewed in Italy on 7 September 2024,1,"Due sono le cose:  O le blatte hanno imparato a riconoscere queste casette trappola, e quindi le scansano, oppure Le casette trappola non funzionano assolutamente"
IT,B0BQ3DGXQP,Inutile,Reviewed in Italy on 14 May 2025,1,Non funziona prodotto inutile
IT,B0BQ3DGXQP,No,Reviewed in Italy on 27 September 2023,1,"Come se non esistessero. Ho trovato una blatta a venti cm dalla trappola, che è rimasta intonsa. Dopo qualche giorno sono ancora vuote, soldi buttati per me."
IT,B0BQ3DGXQP,"Non funziona ,non spendete i soldi",Reviewed in Italy on 7 January 2025,1,Non funziona è  inutile comprare questo prodotto
IT,B0BQ3DGXQP,Funziona?,Reviewed in Italy on 22 July 2024,1,"Primo, mi é arrivato con confezione Amazon aperto, confezione prodotto aperto e manca 2 pz. Provato ma non ha preso niente....."
IT,B0BQ3DGXQP,i miei scarafaggi sono di gusti superiori.......,Reviewed in Italy on 14 January 2025,1,per ora non ha catturato nessun scarafaggio............
IT,B0BQ3DGXQP,Acquisto più inutile della mia vita,Reviewed in Italy on 18 July 2023,1,"Non date retta alle recensioni positive, presumibilmente chi le ha scritte era sotto stupefacenti: non sono servite ad un assoluto nulla, 18 euro stracciati inutilmente. risparmiateveli, Quest articolo è completamente fallace ed inutile"
IT,B0BQ3DGXQP,Pessimo!,Reviewed in Italy on 12 July 2023,1,"Non serve a nulla! Ho aspettato a recensire perché volevo esserne certa, non posso restituirlo perché ne ho sprecati parecchio. Un fallimento, ho risolto con il metodo antico, il classico DDT!!!!Sconsigliato"
IT,B0BQ3DGXQP,Non sono efficaci,Reviewed in Italy on 24 October 2024,1,"Non hanno fatto nulla, nonostante la palese invasione di scarafaggi in casa."
IT,B0BQ3DGXQP,Inutile,Reviewed in Italy on 10 November 2024,1,"Non serve,12 trappole e una sola blatta catturata.Soldi buttati."
IT,B0BQ3DGXQP,Totalmente inutili,Reviewed in Italy on 2 July 2024,1,"Sono invaso da blatte, ne avessi trovata una dentro queste trappole… totalmente inutili per quel che mi riguarda"
IT,B0BQ3DGXQP,Non serve con la blattella germanica o fuochista,Reviewed in Italy on 16 November 2023,1,"Non ho catturato neanche una blatta con queste trappole, che hanno il profumo del caffé. Saranno scarafaggi salutisti? Non so, di certo una grande delusione."
IT,B0BQ3DGXQP,Trappola scarafaggi inutile,Reviewed in Italy on 19 June 2024,1,Non funziona. Gli scarafaggi non entrano nella trappola. Ne ho trovati un paio che ci giravano intorno.
IT,B0BQ3DGXQP,Trappola che non cattura,Reviewed in Italy on 26 November 2024,1,Non ho trovato nessuna cattura
IT,B0BQ3DGXQP,Trappola per scarafaggi,Reviewed in Italy on 12 April 2024,1,"Ordine arrivato in tempi previsti  , ma non vale niente  !!! Non compratelo  !!!"
IT,B0BQ3DGXQP,Non funziona,Reviewed in Italy on 29 October 2024,1,Ha catturato solo due poveri ragnetti.
IT,B0BQ3DGXQP,NON funziona,Reviewed in Italy on 25 June 2023,1,"Alcuni scarafaggi si incollano, ma sono in grado anche di liberarsi da soli, in quanto la colla non è così forte.Inutile. Sconsiglio l'acquisto."
IT,B0BQ3DGXQP,Inutili,Reviewed in Italy on 12 October 2024,1,Inutili ho catturato solo un ragno.
IT,B0BQ3DGXQP,Nessun risultato,Reviewed in Italy on 20 June 2023,1,"Dopo aver piazzato le trappole in vari punti (dove ho visto blatte passare), dopo un paio di mesi, le trappole sono intatte. Nessun risultato."
IT,B0BQ3DGXQP,Semplicemente non funziona!,Reviewed in Italy on 31 August 2024,1,Blatte ovunque tranne nelle trappole. Buttato i soldi!
IT,B0BQ3DGXQP,Non funziona per niente.,Reviewed in Italy on 10 October 2024,1,Non funziona per niente
IT,B0BQ3DGXQP,Assolutamente inutili,Reviewed in Italy on 6 September 2023,1,Dopo una settimana le scatoline sono ancora lì completamente vuote e le blatte che gli girano intorno… un disastro!!!
IT,B0BQ3DGXQP,Non funziona,Reviewed in Italy on 17 August 2023,1,"Ne ho usati 4 ma non ha preso nessuno scarafaggio , anzi … uno ci camminava beatamente vicino!"
IT,B0BQ3DGXQP,"Non funziona, soldi buttati",Reviewed in Italy on 23 September 2023,1,Insetti ancora presenti in casa ma nessuno si è attaccato alle trappole. Sconsiglio l'acquisto
IT,B0BQ3DGXQP,INUTILE,Reviewed in Italy on 22 December 2023,1,
IT,B0BQ3DGXQP,Schifo,Reviewed in Italy on 6 September 2024,1,Non funzionano.
IT,B0BQ3DGXQP,Pagati 60 ma scatola con solo 40,Reviewed in Italy on 27 May 2024,1,Come da titolo....mancano 20 trappole
IT,B0BQ3DGXQP,Inutili,Reviewed in Italy on 16 August 2024,1,Nulla...non catturano
IT,B0BQ3DGXQP,Non funziona,Reviewed in Italy on 7 February 2024,1,Non ha catturato nemmeno una battaglia o scarafaggio.
IT,B0BQ3DGXQP,Non funziona,Reviewed in Italy on 25 June 2024,1,Non funziona
IT,B0BQ3DGXQP,Totalmente inutile,Reviewed in Italy on 3 January 2024,1,Non è riuscito a catturarne neanche uno
IT,B0BQ3DGXQP,Non soddisfatta,Reviewed in Italy on 8 June 2023,1,Messo ieri sera… stamattina l’ospite non gradito gironzolava serenamente aggirando la trappola 😡
IT,B0BQ3DGXQP,non funziona,Reviewed in Italy on 16 January 2024,1,non eè servito a nulla
IT,B0BQ3DGXQP,Non funzionano,Reviewed in Italy on 3 March 2024,1,Non funzionano efficacemente
IT,B0BQ3DGXQP,Questa trappola funziona veramente,Reviewed in Italy on 18 June 2026,5,"Quando entrano le blatte, e ne entrano anche se già piena rimangono incollate e non scappano. Ottimo prodotto grazie"
IT,B0BQ3DGXQP,"Ottime, sicure e senza odori chimici in giro",Reviewed in Italy on 7 June 2026,4,"Dopo aver notato qualche scarafaggio in casa, sono andata nel panico e volevo una soluzione immediata che non coinvolgesse veleni spray che invadono l'aria di casa. Queste trappole Super Ninja sono state un ottimo acquisto.Il fatto che siano ""non tossiche"" è stata la mia priorità assoluta per motivi di igiene e sicurezza. Si montano in pochi secondi e sono molto compatte. Le ho posizionate negli angoli più nascosti della cucina e della dispensa, e devo dire che il design è molto pulito. Si vede che la colla è di buona qualità perché, una volta che l'insetto entra, non scappa più. Sono un ottimo strumento per monitorare il problema e risolverlo senza sporcare ovunque. Rapporto qualità-prezzo eccellente per 12 pezzi. Un acquisto di cui sono molto soddisfatta."
IT,B0BQ3DGXQP,Affidabili,Reviewed in Italy on 23 June 2026,5,Efficace e semplici da usare
IT,B0BQ3DGXQP,"Posizionate da poco, nessuna cattura finora",Reviewed in Italy on 7 December 2025,4,"Ho acquistato queste trappole per prevenzione, posizionandole in cucina, bagno e cantina nelle zone più nascoste come suggerito nelle istruzioni.Dopo due settimane non hanno ancora catturato nulla, ma questo potrebbe significare semplicemente che non ho un'infestazione attiva - quindi è difficile valutarne l'efficacia reale. Le trappole sembrano ben fatte: la colla è appiccicosa e l'attrattivo ha un odore percettibile. Il cartone riciclato è un plus per chi cerca prodotti più sostenibili.Apprezzo che siano non tossiche e sicure in casa. La confezione da 12 pezzi permette di coprire diversi ambienti."
IT,B0BQ3DGXQP,Buon prodotto,Reviewed in Italy on 3 July 2026,5,Prodotto efficace per la cattura degli scarafaggi.
IT,B0BQ3DGXQP,Molto valide!,Reviewed in Italy on 27 March 2026,5,"Le Super Ninja Trappole per Scarafaggi si distinguono nel panorama del controllo dei parassiti per un approccio che privilegia la semplicità d'uso e la sicurezza domestica. Questo kit da 12 pezzi è progettato per il monitoraggio e la cattura di scarafaggi e blatte attraverso un sistema a base di colla ed esche alimentari naturali, eliminando la necessità di utilizzare insetticidi spray o sostanze chimiche volatili potenzialmente nocive.Analisi del Funzionamento e DesignIl prodotto sfrutta un design a ""casetta"" in cartone, discreto e compatto, che permette di posizionare le trappole in punti strategici come sotto i lavelli, dietro gli elettrodomestici o all'interno di dispense. Il cuore della trappola è un potente strato adesivo arricchito da un attrattivo alimentare integrato o sotto forma di compressa. Gli scarafaggi, attirati dall'odore, entrano nella struttura e rimangono immobilizzati sulla colla, interrompendo così il loro ciclo di movimento e riproduzione nell'area interessata.Esperienza d'Uso e InstallazioneL'attivazione è estremamente intuitiva: basta rimuovere la pellicola protettiva dalla superficie adesiva e piegare il cartone seguendo le linee preimpostate. La natura non tossica del prodotto lo rende ideale per abitazioni con bambini o animali domestici, poiché non emette odori sgradevoli né rilascia residui chimici sulle superfici circostanti. La confezione da 12 unità permette una copertura capillare di un intero appartamento o di un locale commerciale di medie dimensioni.Vantaggi del ProdottoIl beneficio primario è l'assoluta sicurezza ambientale: l'assenza di tossine permette l'utilizzo in cucina a stretto contatto con il cibo senza rischi di contaminazione. Un altro punto di forza è l'efficacia del monitoraggio, poiché la trappola non solo cattura gli insetti ma permette di identificare l'entità dell'infestazione e i percorsi preferiti dai parassiti. Il design chiuso nasconde gli insetti catturati alla vista, mantenendo un certo decoro estetico, e impedisce alla polvere di depositarsi sulla colla, prolungandone la capacità adesiva fino a 3 mesi. Infine, la facilità di smaltimento è un plus non indifferente: una volta piena, la trappola si getta semplicemente nei rifiuti indifferenziati senza precauzioni speciali.Svantaggi del ProdottoTra le criticità, va evidenziato che queste trappole sono uno strumento di contenimento e monitoraggio, non di sterminio totale di colonie massicce o nidificate in profondità nei muri; in caso di infestazioni gravi, potrebbero non essere sufficienti da sole senza un intervento professionale. Un altro limite riguarda l'attrattivo specifico: sebbene efficace per la maggior parte delle specie comuni (come la Blatella germanica), potrebbe risultare meno appetibile per alcune varietà meno diffuse che prediligono fonti di cibo diverse. Inoltre, in ambienti estremamente umidi, il cartone della struttura potrebbe ammorbidirsi o perdere stabilità, limitando l'efficacia del posizionamento in zone come scantinati molto bagnati o lavanderie vaporose.Verdetto FinaleLe trappole Super Ninja rappresentano una delle migliori soluzioni ""green"" sul mercato per la gestione domestica degli scarafaggi. Sono eccellenti per la prevenzione, per bloccare i primi segnali di infestazione o come supporto a trattamenti più radicali. La loro forza risiede nella combinazione tra rispetto per la salute e praticità immediata."
IT,B0BQ3DGXQP,PRODOTTO DISCRETO,Reviewed in Italy on 16 June 2026,3,FACILE DA MONTARE E MOLTO DISCRETA. PER IL MOMENTO NON HA RACCOLTO NULLA. QUINDI NON SO GIUDICARE LA SUA EFFICACIA
IT,B0BQ3DGXQP,Molto pratiche ed economiche,Reviewed in Italy on 25 June 2026,4,Ottimo acquisto.  Pratiche da utilizzare vicino all ingresso di casa basta posizionarla ogni sera e eliminarla al mattino con le sue vittime altrimenti attira anche altri animaletti come lucertole
IT,B0BQ3DGXQP,Buon prodotto,Reviewed in Italy on 5 July 2026,4,"Metto 4 stelle perché hanno l'esca incorporata nella colla. Provando altre marche con esca separata, ho notato che sono più efficaci."
IT,B0BQ3DGXQP,Funzionali,Reviewed in Italy on 16 June 2026,4,"Avevo già acquistato in passato queste trappole e mi sono trovata benissimo.Purtroppo con il secondo arrivo ho notato che l'aggancio per chiuderle è stato cambiato ed è effettivamente più difficoltoso farle tenere chiuse, in quanto la chiusura non si blocca in maniera efficacie e tende a riaprirsi non appena si tocca la trappola."
IT,B0F8WYXR9K,Prodotto sicuro ma inefficace…..,Reviewed in Italy on 6 June 2026,1,"Indubbiamente rispetta le istruzioni, non nocivo per umani, cani, gatti!!L’unico problema che ho riscontrato è stata la completa inefficacia, inutilità del prodotto, in quanto anche dopo molteplici vaporizzazioni alcune formiche si muovevano vispe e veloci!!"
IT,B0F8WYXR9K,"Inefficace, prodotto inutile",Reviewed in Italy on 3 July 2026,1,"Le formiche muoiono se glielo spruzzi sopra. Una volta finito, riprendono a camminare tranquillamente sulla superficie dove è stato spruzzato."
IT,B0F8WYXR9K,Nessun effetto,Reviewed in Italy on 8 June 2026,1,"Per le formiche non serva a nulla, spruzzato in terrazza e dopo 10 minuti tornano senza alcun problema"
IT,B0F8WYXR9K,Non funziona,Reviewed in Italy on 17 May 2026,1,"Non lo consiglio, le formiche se ne fanno un baffo, soldi gettati , usato per vietare alle formiche un passaggio di un metro, consumato l' intero articolo risultato zero"
IT,B0F8WYXR9K,Inutile,Reviewed in Italy on 24 June 2026,1,"Completamente inutile, le formine lo ignorano."
IT,B0F8WYXR9K,praticamente inutile,Reviewed in Italy on 26 April 2026,1,"Testato all'esterno , sembra praticamente inutile , dopo 2 ore le fromiche passano dove è stato dato il prodotto ( in abbondanza ) come se nulla fosse"
IT,B0F8WYXR9K,NO BUONO,Reviewed in Italy on 22 May 2026,1,non ha risolto il mio problema
IT,B0F8WYXR9K,prodotto non valido,Reviewed in Italy on 20 May 2026,1,non funziona per niente
IT,B0F8WYXR9K,Completamente inutile,Reviewed in Italy on 27 March 2026,1,"Purtroppo il prodotto si è rivelato totalmente inefficace. Dopo una settimana di utilizzo, le formiche non solo non sono sparite, ma sembrano addirittura aumentate. Non lo consiglio."
IT,B0F8WYXR9K,Prodotto buono ma consegna pessima,Reviewed in Italy on 3 February 2026,1,Il prodotto è ottimo ma è arrivato aperto ed il contenuto era in completo perché si è versato essendo stato gettato dentro al giardino probabilmente cadendo si è aperto così  il conterrà incompleto
IT,B0F8WYXR9K,Meglio il borotalco,Reviewed in Italy on 31 August 2025,1,"Comprato perché ho un cane, l'ho spruzzato sopra una fila di formiche che entravano dentro casa. Poi l'ho messo intorno a tutte le finestre e nei punti dove le formiche sarebbero potute entrare. Purtroppo, non ha interrotto il flusso di formiche e quindi sono dovuo passare al classico spargimento di borotalco."
IT,B0F8WYXR9K,Inefficace,Reviewed in Italy on 23 August 2025,1,"Purtroppo non allontana le formiche, peccato perché cercavo un prodotto naturale. In più ha un odore insopportabile"
IT,B0F8WYXR9K,anti formiche,Reviewed in Italy on 16 September 2025,1,questo prodotto lo provato e non a fatto nessuno effetto
IT,B0F8WYXR9K,Non acquistare,Reviewed in Italy on 25 July 2025,1,Non funziona per niente. Prodotto inutile. Le formiche non le ha cacciate e sono sempre presenti.
IT,B0F8WYXR9K,Arrivato quasi vuoto e non funziona,Reviewed in Italy on 5 September 2024,1,"Purtroppo il prodotto non ha funzionato. Allontana le formiche appena spruzzato, ma tornano subito dopo (credo sarebbe uguale se spruzzassi acqua).Inoltre il flacone è arrivato quasi vuoto con il liquido riversato dentro l'involucro che lo conteneva"
IT,B0F8WYXR9K,"Profumato, ma inefficace!",Reviewed in Italy on 1 June 2025,1,"Più che far fuori le formiche, ho l'impressione che le attragga."
IT,B0F8WYXR9K,Non compratelo,Reviewed in Italy on 21 May 2025,1,"Completamente e assolutamente inefficace. Soldi buttati, ASSOLUTAMENTE INUTILE!!!"
IT,B0F8WYXR9K,Inutile,Reviewed in Italy on 13 June 2025,1,Non serve a nulla…finisce subito
IT,B0F8WYXR9K,Soldi buttati,Reviewed in Italy on 1 July 2024,1,"Che dire... Le formiche lo ignorano a meno di non spuzzarglielo sopra, dopo un paio di minuti tutto torna come prima."
IT,B0F8WYXR9K,SCARSO,Reviewed in Italy on 9 May 2025,1,Scarsissimo… non fa assolutamente niente
IT,B0F8WYXR9K,Prodotto repellente per formiche,Reviewed in Italy on 14 March 2025,1,Non è servito a niente
IT,B0F8WYXR9K,Repellente formiche,Reviewed in Italy on 10 October 2024,1,"Le cose sono due, questo repellente non funziona oppure le formiche sono diventate furbe….."
IT,B0F8WYXR9K,Acquisto  deludente,Reviewed in Italy on 18 August 2023,1,Non elimina  assolutamente  la presenza delle formiche ..continuano a girare come se nulla fosse! Tra l'altro  ha un prezzo  elevato tendendo  conto che  il risultato è  pari a zero!
IT,B0F8WYXR9K,Non è servito allo scopo,Reviewed in Italy on 4 July 2023,1,"L'ho usato tutti i giorni fino alla fine della bottiglietta, niente da fare, le formiche si presentavano sempre il giorno successivo, ho dovuto cambiare prodotto per riuscire a debellarle. Non posso che dare una stella"
IT,B0F8WYXR9K,Inefficace,Reviewed in Italy on 1 August 2024,1,Non funziona per niente ho ancora le formiche sull’ terrazzo l’ho fatto tutti i giorni ma niente se ne fregano
IT,B0F8WYXR9K,Spray anti formiche,Reviewed in Italy on 17 August 2023,1,Purtoppo è un prodotto che non va bene. Ho voluto provare qualcosa di diverso per le formiche mail top rimane sempre e comunque la polvere di pirina
IT,B0F8WYXR9K,purtroppo non è efficace,Reviewed in Italy on 1 September 2022,1,"non risulta efficace.i fattori posso essere tanti e magari non dipendenti dal prodotto.nel mio caso non è servitoè stato scelto un prodotto di questo tipo per via del gatto in casail gatto sta benissimo, ma anche le formiche"
IT,B0F8WYXR9K,Totalmente inutile,Reviewed in Italy on 18 December 2023,1,"Spruzzandolo direttamente sulle formiche le stermini, ma poco dopo dove hai spruzzato le ritrovi di nuovo a banchettare con le sorelle morte.... Non serve a nulla"
IT,B0F8WYXR9K,Del tutto inefficace,Reviewed in Italy on 2 July 2024,1,"Non produce alcun effetto di repellenza delle formiche, ma solo uno sgradevole odore per gli umani."
IT,B0F8WYXR9K,Non efficace,Reviewed in Italy on 20 July 2024,1,"Non efficace ,dopo poco tempo  nuovamente la visibilità delle formiche,odore di citronella come fragranza"
IT,B0F8WYXR9K,le formiche - ringraziano,Reviewed in Italy on 12 April 2023,1,"ho una casa singola e tre gatti . appena poso il piatto con il cibo arrivano a centinaiaHo provato a spruzzare ovunque, ma NON E' CAMBIATO NULLA"
IT,B0F8WYXR9K,Inutile,Reviewed in Italy on 29 July 2024,1,Odore buonissimo e naturale ma inefficace per allontanare le formiche.Soldi buttati.
IT,B0F8WYXR9K,inutili,Reviewed in Italy on 23 July 2024,1,non  fuziona  le  formiche non  le  elimina
IT,B0F8WYXR9K,Insetticida per formiche,Reviewed in Italy on 17 July 2024,1,Purtroppo il prodotto si è rivelato completamente inefficace contro le formiche.
IT,B0F8WYXR9K,MANCATA CONSEGNA PRODOTTO ORDINATO.,Reviewed in Italy on 11 July 2023,1,"Nessun commento possibile, perchè il prodotto è stato restituito in quanto giunto in condizioni critiche (liquido fuoriuscito dal contenitore per rottura dello stesso)."
IT,B0F8WYXR9K,Una fregatura,Reviewed in Italy on 19 July 2024,1,"Le formiche entrano lo stesso ignorando lo spray, soldi buttati"
IT,B0F8WYXR9K,Inutile,Reviewed in Italy on 19 April 2022,1,"Il prodotto agisce nel temporaneo, ciò vuol dire che una volta finito l’effetto del biocida le formiche ritornano senza alcun problema.Ha un odore troppo forte che può far fastidio agli animali in casa.Sconsigliato"
IT,B0F8WYXR9K,Mah,Reviewed in Italy on 8 August 2024,1,Le formiche gradiscono.... adesso sono il triplo ...
IT,B0F8WYXR9K,Efficacia pari a zero,Reviewed in Italy on 24 June 2023,1,Spruzzato e le formiche morivano all'istante ma dopo che si è asciugato circa 2 ore erano tornate come se nulla fosse
IT,B0F8WYXR9K,Non serve!,Reviewed in Italy on 26 May 2024,1,"Il profumo e' forte, insopportabile. Le formiche lo ignorano."
IT,B0F8WYXR9K,Pessimo,Reviewed in Italy on 1 August 2024,1,Pare attirare più che allontanare formiche!!!!
IT,B0F8WYXR9K,Non va bene quando sono troppe,Reviewed in Italy on 26 July 2022,1,"Non va bene se ci sono molte formiche, dura poco l'effetto e la puzza è forte e dà fastidio in gola nonostante finestra aperta. Meglio le casette"
IT,B0F8WYXR9K,Decisamente inutile,Reviewed in Italy on 20 July 2023,1,Dopo mezz'ora non appena asciutto le formiche sono tornate come prima. Soldi sprecati
IT,B0F8WYXR9K,Detterrente,Reviewed in Italy on 16 March 2023,1,Prodotto pessimo odore nauseabondo e terrificante E non funziona Affatto come deterrente e non lo comprerò mai più
IT,B0F8WYXR9K,Inutile,Reviewed in Italy on 21 August 2022,1,"È sicuramente facile da usare e non tossico per i gatti, peccato che le formiche ci passeggiavano sopra dopo neanche un’ora che l’avevo spruzzato…"
IT,B0F8WYXR9K,non serve come repellente formiche,Reviewed in Italy on 7 April 2024,1,non serve come repellente formiche
IT,B0F8WYXR9K,Non funziona.,Reviewed in Italy on 5 June 2022,1,"Lo uso per la gabbia del mio pappagallo senza alcun risultato, solo un gradevole profumo , le formiche continuano ad arrivare anche dopo l applicazione."
IT,B0F8WYXR9K,Inutile dopo la prima volta,Reviewed in Italy on 7 July 2022,1,La prima volta è stato utile.. Da allora l'ho usato più e più volte senza smuovere di un pelo le colonie...
IT,B0F8WYXR9K,Non ho risolto problema formiche,Reviewed in Italy on 4 May 2022,1,Purtroppo le formiche sono rimaste lì dov'erano. Non ha funzionato come repellente. Buona la profumazione ma non è servita ad allontanare le formiche.
IT,B0F8WYXR9K,"indecente, non funziona affatto e ci rimettete pure col reso!",Reviewed in Italy on 10 August 2022,1,"Una vergogna, ci rimetterete pure la metà del costo in spedizione, incredibile degli €8,54 vi rimborsano solo €4,54!"
IT,B0F8WYXR9K,Non funziona,Reviewed in Italy on 3 July 2023,1,"non funziona, le formiche ritornano un'ora dopo il trattamento"
IT,B0F8WYXR9K,Inutile,Reviewed in Italy on 19 August 2023,1,Praticamente inutile. Le formiche sembrano addirittura attratte!
IT,B0F8WYXR9K,Assolutamente inutile,Reviewed in Italy on 3 July 2023,1,Le formiche ci passavano sopra anche appena applicato....
IT,B0F8WYXR9K,Inutile ed inefficace.,Reviewed in Italy on 2 April 2021,1,Completamente inutile. Le formiche se ne fregano altamente e dopo mezz'ora ritornano più numerose di prima. Per niente pratico perché fa uno spruzzo a cerchio ed impreciso. Io lo rendo poiché sono soldi buttati.
IT,B0F8WYXR9K,"Inefficace, le formiche lo ignorano",Reviewed in Italy on 8 May 2022,1,"Non funziona, le formiche praticamente ci fanno il bagno dentro per nulla infastidite. È solo buono l’odore ….."
IT,B0F8WYXR9K,totalmente inutile,Reviewed in Italy on 25 March 2022,1,"o le mie formiche sono geneticamente modificate o questo repellente e pari all'acqua di rose, NON FA NULLA!!!"
IT,B0F8WYXR9K,Non serve a nulla,Reviewed in Italy on 19 August 2022,1,Il prodotto finisce subito e allontana solo momentaneamente le formiche
IT,B0F8WYXR9K,Inutile,Reviewed in Italy on 17 July 2022,1,BuongiornoQuesto prodotto non allontana le formiche ma le avvicina.....
IT,B0F8WYXR9K,Inutile,Reviewed in Italy on 24 May 2022,1,Prodotto totalmente inutile non ha nessun tipo di efficienza contro le formiche
IT,B0F8WYXR9K,Nessun risultato,Reviewed in Italy on 30 August 2022,1,Prodotto reso poiché non ha allontanato nulla.
IT,B0F8WYXR9K,non soddisfatto!,Reviewed in Italy on 16 August 2021,1,non fa niente alle formiche  zero nemmeno dopo varie tipo 5 applicazioni niente!
IT,B0F8WYXR9K,Totalmente Inutile,Reviewed in Italy on 7 May 2022,1,Purtroppo non serve a nulla
IT,B0F8WYXR9K,inutile,Reviewed in Italy on 17 April 2022,1,inutile...
IT,B0F8WYXR9K,Inutile e caro,Reviewed in Italy on 19 August 2021,1,Non ha alcuna efficacia… evapora in pochi minuti
IT,B0F8WYXR9K,Non ha risolto il problema delle formiche,Reviewed in Italy on 25 August 2021,1,Non ha risolto il problema delle formiche
IT,B0F8WYXR9K,Ho messo più di metà boccetta sulla mia pianta da  limone ma è ancora pieno di formiche .,Reviewed in Italy on 26 May 2022,1,
IT,B0F8WYXR9K,L’altro era meglio,Reviewed in Italy on 14 May 2021,1,Non efficace
IT,B0F8WYXR9K,Inefficace,Reviewed in Italy on 18 June 2021,1,Completamente inutile.
IT,B0F8WYXR9K,Einfach lassen!,Reviewed in Germany on 5 June 2026,1,Hat nur den effekt das die ganze Wohnung extrem riecht. Die Armeinsen interessiet es nicht. Kein Effekt!
IT,B0F8WYXR9K,Inefficace et petit,Reviewed in France on 22 June 2026,1,"Totalement inefficace. 2 passages sur ma terrasse de 20m en 2 jours, le flacon est minuscule et les fourmis réapparaîssent 2 heures après. Hors de prix vis à vis de l’inefficacité !"
IT,B0F8WYXR9K,Waste of money - does not deter the ants.,Reviewed in Spain on 29 June 2026,1,"This product is quite expensive for the small amount of liquid in the bottle.  I spayed it on the ant trail and it seemed to work.  The ants went crazy running in all directions, and then shortly they disappeared, so I was satisfied.  I checked the area again in one hour and a new trail of ants was marching over the place I had sprayed earlier as if there was nothing there.  So this product is a complete waste of money.  DO NOT WASTE YOUR TIME AND MONEY ON THIS PRODUCT!!!"
IT,B0F8WYXR9K,Useless product.,Reviewed in the United Kingdom on 4 May 2026,1,Don't buy this product. It's absolute rubbish doesn't touch the flipping things I try to over the last two days and the keep coming back. Completely useless.
IT,B0F8WYXR9K,No he visto ningún resultada,Reviewed in Spain on 22 June 2026,1,"Tenía la esperanza de que funcionase, pero hiece una pequeña prueba echando un poco de este producto en el caminito de las hormigas y esdtas continuaban pasandp por encima como si nada.Despues, a una hormiga ""despistada"", la rocié directamente y fuí siguiendola durabre uos minutos. al principio paracia algo afectada, pero poco despues volvió a correr como si tal cosa reintegrandose al risto del hormiguero.No quiero decir que a lo mejor y al cabo de unos días este producto hega algún efecto, pero de forma inmediata: no"
IT,B0F8WYXR9K,Déçue par ce produit,Reviewed in France on 4 June 2026,1,Très déçue par ce produit !J'ai bientôt vider son contenu et les fourmis continuent leur invasion !Pas du tout efficace dans ma situation !Au vu de son prix je suis vraiment insatisfaite.
IT,B0F8WYXR9K,Produit inutile,Reviewed in France on 25 June 2026,1,"Si vous voulez jeter 13€ par la fenêtre, achetez ce produit il n’a aucun effet sur les fourmis !"
IT,B0F8WYXR9K,Absolut wirkungslos,Reviewed in Germany on 6 June 2026,1,"Leider rausgeschmissenes Geld. Den Ameisen kümmerts herzlich wenig und laufen frohen Mutes einfach weiter. Das Zeug hält vielleicht gerade mal 10min. an. Danach wird fröhlich über die Eingesprühte Fläche weitergelaufen. Einzig den Duft selbst, empfinde ich als sehr angenehm. Werde es jetzt mit Ameisenfallen versuchen."
IT,B0F8WYXR9K,Lohnt nicht,Reviewed in Germany on 7 June 2026,1,"Ich kann  nur bestätigen, was andere vor mir festgestellt haben: Das Spray zeigt kaum Wirkung. Die Ameisen flitzen auf ihren Straßen munter weiter und informieren sich gegenseitig ""Keine Gefahr unser Leib und Leben"". Ein Fehlkauf also, den ich nicht wiederholen werde."
IT,B0F8WYXR9K,Not recommended,Reviewed in France on 26 May 2026,1,"Not good at all , not helping 0% i preferred the old products i used before. Not recommended 👎."
IT,B0F8WYXR9K,Decue,Reviewed in France on 21 June 2026,1,Nul et pas français au niveau instructions fabriqué en Germany
IT,B0F8WYXR9K,des defauts d'emballage,Reviewed in France on 1 June 2026,1,problèmes d'emballage imparfait avec des fuites de produit. Le bouchon etait egalement mal vissé
IT,B0F8WYXR9K,No,Reviewed in Italy on 17 April 2026,2,"Prodotto sarà anche naturale ma è arrivato che perdeva, è di piccole dimensioni e quindi di contenuto ridotto il che vuol dire che dovendolo spruzzare varie volte, se si hanno parecchie formiche non si riesce ad eliminarle. Prezzo molto alto dati gli scarsi risultati"
IT,B0F8WYXR9K,Allontana…ma poi tornano,Reviewed in Italy on 22 December 2025,2,"Effettivamente allontana le formiche, ma solo per qualche tempo, poi tornano.Provato più volte, non risolve definitivamente il problema"
IT,B0F8WYXR9K,"Non tossico, va bene per poche ore.",Reviewed in Italy on 2 May 2025,2,"Sicuramente non è tossico per chi ha animali domestici ma contro le formiche non fa molto. L'ho spruzzato e all'inizio sembrava funzionare ma nel giro di poche ore sono tornate, inoltre ha un odore talmente dolciastro (quasi nauseante) che attira altri insetti (api, mosche etc). Onestamente non lo consiglio se cercate una soluzione a lungo termine. Può andare bene se siete all'aperto e dovete ""ripulire l'area"" per qualche ora, ma non di più."
IT,B0F8WYXR9K,Il quantitativo perlomeno non risolve,Reviewed in Italy on 9 August 2024,2,"Ho creduto più alle recensioni positive, sperando di aver trovato la soluzione ma ad oggi (tre giorni dall’acquisto) devo riconoscere che avevano ragione quelli che dicevano che il quantitativo è scarso e adatto ad un uso assai limitato se si vuole ripetere l’applicazione mentre, di sicuro, un’applicazione non basta. Dipenderà dal tipo di formiche ma alle mie non ha funzionato."
IT,B0F8WYXR9K,Purtroppo dura solo un ora,Reviewed in Italy on 6 May 2024,2,"Ho acquistato questo prodotto perchè cercavo un modo per tenere lontane le formiche dal balcone e dalla finestra, avendo due gatti volevo qualcosa che non fosse nocivo per loro, purtroppo il prodotto funziona solo per un ora circa, dopodiché le formiche tornano come se nulla fosse.Odore non piacevolissimo ma molto meglio di quelli chimici.Speravo funzionasse meglio."
IT,B0F8WYXR9K,Non usatelo sulle piante,Reviewed in Italy on 17 June 2024,2,"Pensando che fosse naturale - visto che non è tossico per bambini e animali - ho spruzzato il repellente sulla pianta di salvia e basilico che erano leggermente infestate dalle formiche. Formiche sparite, ma foglie praticamente ""bruciate"""
IT,B0F8WYXR9K,Debole,Reviewed in Italy on 6 August 2024,2,"Se spruzzato sui muri le formiche continuano a passarci sopra,sulle piante è più efficace ma le brucia nonostante lo abbia dato la sera ."
IT,B0F8WYXR9K,Buon profumo ma...,Reviewed in Italy on 29 May 2024,2,"Profumo citronella intenso ma meglio di quelli chimici; il problema è che l' effetto dura pochissimo, dopo 24/48 ore hai di nuovo le formiche; in stagione estiva serve qualcosa di più forte"
IT,B0F8WYXR9K,Non serve a nulla però profuma,Reviewed in Italy on 8 August 2024,2,Il flacone è piccolo e non serve a eliminare le formiche. Unica nota positiva è il buon profumo di cannella. Non lo consiglio
IT,B0F8WYXR9K,Buono il profumo ma inefficace,Reviewed in Italy on 9 September 2024,2,"Non funziona, lo uso x profumare la casa"
IT,B0F8WYXR9K,Delusione,Reviewed in Italy on 20 July 2024,2,"Spruzzato direttamente sugli animali non ha dato alcun tipo di risultato, inoltre dopo poco erano nuovamente vicino al punto toccato dalla sostanza."
IT,B0F8WYXR9K,Purtroppo non funziona per le formiche che mi ritrovo,Reviewed in Italy on 2 June 2022,2,"Odore molto piacevole, ma purtroppo il prodotto non funziona nel mio caso. Le formiche ci passano sopra come se non ci fosse nulla di repellente."
IT,B0F8WYXR9K,Deluso,Reviewed in Italy on 24 May 2022,2,"questo prodotto non è efficace,  le mie formiche dopo doppia dose continuano con la loro marcia,sono costretto a ritornare alla ""polverina bianca"" molto potenteleggo che le recensione sono pro e contro  ma forse va detto che dipende di quali formiche parliamo.... magari funziona su quelle piccoline senz'altro non su quelle più grandi."
IT,B0F8WYXR9K,Non serve nulla!!!!!,Reviewed in Italy on 3 May 2022,2,"In casa mia non ho mai avuto le formiche il motivo della loro presenza  un mistero, ma dopo 10 gg usando prodotto sono sempre presenti le formiche dovuto compare un prodotto più valido."
IT,B0F8WYXR9K,Non per formiche,Reviewed in Italy on 26 July 2021,2,Sconsiglio. Se spruzzato sulle formiche le uccide quasi subito ma NON FUNZIONA da repellente. Dopo qualche minuto escono e ci passano sopra tranquillamente. Lascia un buon profumo ma non serve a niente con le formiche.
IT,B0F8WYXR9K,Utile buono ma dovrebbe essere più potente,Reviewed in Italy on 26 June 2021,2,Bhe diciamo che lo spray ha affetto per poco tempo... ma le formiche ritornano
IT,B0F8WYXR9K,Spray antiformiche,Reviewed in Italy on 5 May 2021,2,"Dopo il primo uso,le formiche sono sparite,ma dopo qualche ora,sono ritornate.Ho ripetuto l'operazione, ma senza risultati. Spray dall'odore troppo forte,quasi insopportabile. Sconsiglio l'uso in casa."
IT,B0F8WYXR9K,naturale non molto efficace,Reviewed in Italy on 7 February 2021,2,Non è dannoso ma le formiche restano se sono tante...Se sono poche invece funziona
IT,B0F8WYXR9K,non abbastanza per sbarazzarsi delle formiche in cucina,Reviewed in Italy on 7 October 2020,2,funziona ma non è perfetto.il numero di formiche in casa diminuisce ma continuano ad arrivare.
IT,B0F8WYXR9K,??,Reviewed in France on 29 June 2026,2,Laisse un film super gras sur le sol depuis 2 semaines....je n'ai peut être pas compris comment l'utiliser....
IT,B0F8WYXR9K,Non fa barriera,Reviewed in Italy on 7 March 2026,3,"Acquistato perché ho 3 gatti, quindi cercavo un prodotto sicuro.Effettivamente le formiche muoiono se spruzzato direttamente sull'insetto. Purtroppo non ha nessun effetto barriera. Le formiche tornano già il giorno successivo. Va spruzzato tutti i giorni."
IT,B0F8WYXR9K,Anti zanazare,Reviewed in Italy on 15 May 2026,3,"Buono come prodotto, peccato che se neusi molto e finisca in fretta"
IT,B0F8WYXR9K,Ni,Reviewed in Italy on 27 April 2025,3,"Funziona ma abbastanza non troppo. Li per li sembra essere ok,ma poi anche se spruzzato nei giorni successivi, l'effetto sembra più leggero e alla fine mi entravano lo stesso in casa spruzzato:primo giorno molto (ed è stato efficace)e due giorni dopo per circa una settimana una volta al giorno nei posti più critici,ma niente passavano lo stesso. Corriere non corretto e non è la prima volta. Lancia i pacchi all' interno del condominio,dove viviamo in 8 e non chiude neanche il cancello. Più di una volta l'ho trovato o buttato nell' aiuola o davanti al cancello condominiale in mezzo alle formiche e comunque non costudito. I pacchi bisogna lasciarli in mano a chi li compra"
IT,B0F8WYXR9K,Mah,Reviewed in Italy on 25 January 2026,3,Non mi ha convinto
IT,B0F8WYXR9K,Buon prodotto,Reviewed in Italy on 7 October 2025,3,"Ho acquistato questo prodotto quest'estate per un' ""invasione di formiche"" ed ha avuto dei risultati abbastanza buoni."
IT,B0F8WYXR9K,Attenzione al volume,Reviewed in Italy on 9 May 2025,3,Il prodotto non dura per più di 2-3 applicazioni all'esterno se le formiche sono in 3 punti diversi. A mio avviso è un pò troppo caro
IT,B0F8WYXR9K,Poco prodotto,Reviewed in Italy on 13 July 2025,3,Funziona ma è poco e costa veramente troppo
IT,B0F8WYXR9K,Buon prodotto per le formiche,Reviewed in Italy on 6 September 2024,3,"5/9 Le formiche con i loro maledetti allevamenti di afidi sono quasi del tutto sparite dalle rose.10/9  Le formiche, seppure faticosamente, sopravvivono, ma le rose stanno morendo.Prodotto da non usare sulle piante .Peccato!! credevo d'aver risolto"
IT,B0F8WYXR9K,Ok,Reviewed in Italy on 14 April 2025,3,Ok
IT,B0F8WYXR9K,non so...,Reviewed in Italy on 8 November 2024,3,"cioè funziona , ma non è che abbia fatto piazza pulita."
IT,B0F8WYXR9K,Buono ma non è il massimo,Reviewed in Italy on 6 July 2024,3,"Buona profumazione, non da fastidio agli animali domestici...se utilizzato più volte allontana le formiche ma non del tutto perche trovano altre strade e ritornano...."
IT,B0F8WYXR9K,Spray che non funziona.,Reviewed in Italy on 3 August 2024,3,"Spray che non funziona. Per il prodotto non sono ancora in grado di valutare, dovendo prima travasarlo."
IT,B0F8WYXR9K,Antimuffa,Reviewed in Italy on 27 September 2024,3,Non buono .....
IT,B0F8WYXR9K,Prodotto danneggiato,Reviewed in Italy on 21 July 2024,3,Purtroppo il prodotto era danneggiato e parte del liquido era fuoriuscita
IT,B0F8WYXR9K,Naturale ma leggero..,Reviewed in Italy on 7 August 2024,3,Leggero sugli insetti....
IT,B0F8WYXR9K,Durata molto limitata,Reviewed in Italy on 11 June 2024,3,Ne occorrerebbe una quantità molto elevata per averne benefici
IT,B0F8WYXR9K,Solo buon odore,Reviewed in Italy on 20 August 2022,3,"Acquistato per allontanare le vespe dalla piscina. Io ho una piscina rotonda dal diametro 3.66m, per spruzzarlo tutto in torno mi c è voluta mezza bottiglietta...l odore ke faceva si sentiva ed era anke gradevole, peccato però che alle vespe non importava e venivano lo stesso."
IT,B0F8WYXR9K,Odore nauseante,Reviewed in Italy on 11 May 2023,3,Purtroppo non ci siamo trovati bene le formiche tornano lostesso non è nocivo per gli animali ecc ma ha un odore sgradevole che ci ha fatto venire anche la nausea
IT,B0F8WYXR9K,Opinione su repellente antiformiche.,Reviewed in Italy on 14 August 2023,3,Per portarifiuti posizionato in mobiletto sotto lavandino cucina in presenza di gatto domestico. Non ha effetto duraturo.
IT,B0F8WYXR9K,Ottima consegna,Reviewed in Italy on 21 August 2023,3,Ottima consegna ma 3 stelle per il prodotto non funziona
IT,B0F8WYXR9K,Utilizzato un paio di giorni fa'... per ora funziona!,Reviewed in Italy on 27 April 2022,3,"Utilizzato un paio di giorni fa'... e per ora funziona!Attendo che passino un paio di settimane per completare la recensione, che per il momento è positiva."
IT,B0F8WYXR9K,Dicreto,Reviewed in Italy on 21 May 2022,3,Non dura come dovrebbe
IT,B0F8WYXR9K,Antiformiche,Reviewed in Italy on 15 June 2021,3,Non molto efficace
IT,B0F8WYXR9K,Repelling ants,Reviewed in the United Kingdom on 12 August 2024,3,Odour not unpleasant and seems to be working so far but early days to give more stars
IT,B0F8WYXR9K,Funktioniert bei leichtem Befall,Reviewed in Germany on 16 June 2026,3,Es ist nicht ganz so wie ich dachte. Es bedarf härterer Geschütze um massiven Befall loszuwerden. Drei Punkte weil es keine Chemische Keule ist und bei leichtem Befall wirkt
IT,B0F8WYXR9K,moyen,Reviewed in France on 28 May 2026,3,pas aussi efficace que la poudre mais plus rapide.
IT,B0F8WYXR9K,Demasiado carro,Reviewed in Spain on 17 June 2026,3,"Muy caro para la cantidad, cumple con lo anunciado en la web pero otra vez demasiado caro"
IT,B0F8WYXR9K,Bof,Reviewed in France on 25 June 2026,3,Encore des fourmis avoir dans le temps
IT,B0F8WYXR9K,Einfach tödlich,Reviewed in Germany on 21 May 2026,3,"Wenn man das Ameisenmittel aufsprüht, sterben zwar die Ameisen, aber das hindert sie nicht daran, im Haus herumzulaufen."
IT,B0F8WYXR9K,Se vide vite,Reviewed in France on 17 June 2025,3,A l'air de fonctionner mais se vide en 4 utilisations quand vous avez un potager infesté par les fourmis
IT,B0F8WYXR9K,Prodotto efficace,Reviewed in Italy on 28 June 2026,4,Usato  all’esterno per le formiche  il prodotto e’ stato efficace  ottima  anche la profumazione che non è fastidiosa
IT,B0F8WYXR9K,buono,Reviewed in Italy on 8 June 2026,4,"Le prime volte funziona egregiamente ma poi, mi sa  che le formiche si abituano a quell'odore.Ho  2 cani e 1 gatto  in casa e quindi va bene cosi.Va spruzzato spesso!"
IT,B0F8WYXR9K,Parzialmente utile,Reviewed in Italy on 29 May 2026,4,In realtà non ha avuto un effetto definitivo ma solo momentaneo. Purtroppo le formiche sono tornate. Utile solo in parte. Non penso che lo ricomprerò
IT,B0F8WYXR9K,Buon prodotto per piccole infestazioni.,Reviewed in Italy on 1 June 2026,4,Prodotto da usare per piccole infestazioni perché altrimenti non basta la quantità.
IT,B0F8WYXR9K,Molto efficace,Reviewed in Italy on 25 March 2026,4,Flagranza gradevole e prodotto molto efficace contro le formiche
IT,B0F8WYXR9K,Ottimo prodotto.,Reviewed in Italy on 21 July 2025,4,"Ottimo prodotto, acquistato per provarlo e devo dire che fa il suo, avevo problema con le formiche sul balcone e questo prodotto ha fatto quello che prometteva, ovviamente non e' definitivo perche le formiche non le uccide ma le allontana. Spruzzato 3 volte al giorno su tutto il loro passaggio gia dopo mezzora non si vedevano piu. Poi ho continuato a spruzzarlo solo sugli angoli, perche da li cominciavano a vedersi. Se usato come indicato fa quello che ce' scritto, ottimo anche con la presenza di animali e bambini. Profumazione gradevole."
IT,B0F8WYXR9K,"Piacevole profumo,buono spruzzo. efficacia in test ..",Reviewed in Italy on 10 June 2025,4,"Piacevole profumazione, lo spray si spruzza bene ..praticam già finito in 3gg (dice di metterlo 3volte al gg inizialmente). Vediamo se funziona effettivamente.Il profumo non è assolutamente qualcosa di chimico come altri. Nota positiva.La consegna del corriere pessima, bugiarda pure nello scrivere ""secondo istruzioni"" ,date al citofono di lasciare sulla panca, bellamente ignorate, trovato a terra nelle scale. Date feedback e segnalate i corrieri che ,specie dal covid, lanciano pacchi lasciandoli ovunque!"
IT,B0F8WYXR9K,Tuto bene ma odore fortissimo e fastidioso,Reviewed in Italy on 17 November 2025,4,"Una stella in meno per l'odore molto forte e nauseante, da usare con finestre aperte"
IT,B0F8WYXR9K,Repellente efficace non tossico per gli altri animali,Reviewed in Italy on 27 July 2024,4,"Abbiamo acquistato questo prodotto perché avevamo un'infestazione di formiche intorno alle ciotole dei nostri gatti, e poiché era definito non tossico per gli animali ci ha convinto. Posso dire che svolge il suo compito senza problemi e lascia anche un buon odore, ed è effettivamente innocuo per la salute degli animali.L'unico problema è che la bottiglietta standard è veramente piccola, con una settimana finisce subito soprattutto perché una semplice pioggia è in grado di far svanire completamente l'effetto repellente. Se il rapporto prezzo/quantità fosse leggermente più conveniente sarebbe un prodotto perfetto."
IT,B0F8WYXR9K,discreto,Reviewed in Italy on 14 July 2025,4,per le piante va benissimo ma per il resto della casa no.
IT,B0F8WYXR9K,Not poisoneous,Reviewed in Italy on 30 November 2024,4,"After a 4 months invasion last year, where I used many different products i found this one. With this product the ants are not killed, (for me the only way) but are frightened and walk away. But don't spray onto them, just nearby. But don't wait. Act immediately when they show up."
IT,B0F8WYXR9K,Funziona abbastanza,Reviewed in Italy on 27 September 2024,4,"Ho un cucciolo di cane in casa e ho problemi con le formiche. Non posso usare prodotti chimici e ho provato questo prodotto. Ho risolto in parte il problema, ogni tanto vedo ancora qualche formica ma comunque poche. La pecca di questo prodotto è che dura poco l'effetto e sarebbe da spruzzare spesso.comunque è un prodotto valido"
IT,B0F8WYXR9K,Tutto ok spedizione veloce,Reviewed in Italy on 11 August 2025,4,Efficace
IT,B0F8WYXR9K,Repell Shield Spray Anti Formiche per Casa,Reviewed in Italy on 3 February 2025,4,buon prodotto di gradevole odore e efficace. Per la quantità acquistata potrebbe costare meno... non è economico di certo ma fa bene il suo lavoro anti formiche ma di breve durata (va applicato tutti i giorni e termina entro breve.
IT,B0F8WYXR9K,Allontana le formiche,Reviewed in Italy on 3 October 2024,4,"Lo spray, dal gradevole odore, dopo alcune erogazioni si è rivelato efficace,  non ho più visto formiche nei punti dove l' ho spruzzato, ha di positivo il fatto di non essere un prodotto tossico ed essere un alternativa ""pacifica"" agli insetticidi tradizionali. La confezione però è piuttosto ridotta."
IT,B0F8WYXR9K,Bene,Reviewed in Italy on 13 July 2025,4,Prodotto niente male
IT,B0F8WYXR9K,Efficace,Reviewed in Italy on 2 March 2025,4,"Sembra funzionare! Da quando abbiamo spruzzato il prodotto le formiche sembrano non gradire più passeggiarci sopra, quindi mi ritengo soddisfatta."
IT,B0F8WYXR9K,Funziona,Reviewed in Italy on 25 August 2024,4,"Acquistato perché ho 2 gatti e non volevo usare prodotti chimici. Spruzzato vicino alle ciotole non ha dato fastidio ai mici, ha una profumazione agrumata, personalmente piacevole. Formiche scomparse subito, ritornate dopo 2 giorni e debellate definitivamente dopo seconda (abbondante) spruzzata."
IT,B0F8WYXR9K,Per formiche,Reviewed in Italy on 25 May 2025,4,Buon prodotto
IT,B0F8WYXR9K,Ottimo,Reviewed in Italy on 18 June 2025,4,Ottimo
IT,B0F8WYXR9K,Funziona!!,Reviewed in Italy on 10 October 2024,4,"Le formiche spariscono, veramente, per un qualche giorno 👍"
IT,B0F8WYXR9K,funziona !!,Reviewed in Italy on 24 August 2024,4,xxx
IT,B0F8WYXR9K,Ottimo prodotto!,Reviewed in Italy on 6 July 2024,4,È un ottimo prodotto! Avendo un gatto ho cercato un repellente non pericoloso per gli animali domestici e sono rimasta piacevolmente soddisfatta! Il gatto non lecca il prodotto e le formiche una volta spruzzato spariscono e non tornano!
IT,B0F8WYXR9K,Prodotto naturale,Reviewed in Italy on 7 June 2024,4,Ha un buon profumo ed è adatto per chi ha animali xchè è naturale. Le formiche appena dato se ne sono andate ma i giorni successivi giá qualcuna si era ripresentata
IT,B0F8WYXR9K,Buono e semplice da usare,Reviewed in Italy on 5 June 2024,4,"L'odore è molto forte e temo che disturbi più gli umani che le formiche ma nel complesso funziona, con pazienza e uso reiterato, la sola cosa che lamenterei, se dovessi, è la piccolezza della confezione rispetto al prezzo. Per il resto, consigliato."
IT,B0F8WYXR9K,Adatto per chi ha animali domestici,Reviewed in Italy on 20 May 2024,4,Trovo il prodotto valido in quanto le formiche muoiono e il cane non é in pericolo a causa di sostanze velenose. Quando si spruzza l'odore é un pó forte ma non lo trovo fastidioso in quanto é un odore simile al limone
IT,B0F8WYXR9K,Prodotto ottimo x le formiche,Reviewed in Italy on 14 April 2024,4,X. Le formiche efficace
IT,B0F8WYXR9K,Facile utilizzo e funzionato abbastanza bene senza uccidere gli insetti (formiche),Reviewed in Italy on 11 November 2023,4,Forse servirebbe fare due misure. Una come quella venduta ed una un poco più grande.
IT,B0F8WYXR9K,Ottima soluzione,Reviewed in Italy on 20 June 2023,4,Ottima soluzione ecologica se si ha animali in casa
IT,B0F8WYXR9K,antiformiche gradevole,Reviewed in Italy on 21 July 2022,4,"Ho comprato questo spray per liberarmi dalle formiche sui davanzali.Basta veramente uno spruzzo per fare un bel volume di prodotto che dura a lungo.Le formiche sono sparite ma il profumo di agrumi non è proprio gradevole, molto chimico!Attenzione a spruzzarlo contro vento… Mi è finito in faccia e brucia leggermente!Un po' costoso ma consigliato!"
IT,B0F8WYXR9K,ottimo profumo,Reviewed in Italy on 20 July 2022,4,"Il profumo è ottimo, almeno a me piace tantissimo l'aroma che lascia dopo averlo spruzzato (è un misto tra citronella e chiodi di garofano). Effettivamente le formiche non lo gradiscono ma purtroppo dovendo lavare il pavimento mi tocca spruzzarlo molte volte. Contro: la confezione è piccolina e finisce abbastanza in fretta, peccato perchè è davvero buono. Ricordo che non uccide le formiche ma le tiene solo lontane (che è quello che cercavo perchè a me basta che non mi entrino in casa, fuori possono fare quello che vogliono). Lo consiglio, anche se spero facciano delle confezioni più grandi magari ad un prezzo più contenuto."
IT,B0F8WYXR9K,Per ora bene!,Reviewed in Italy on 8 July 2022,4,"Il profumo è delizioso ma le formiche evidentemente non pensano lo stesso! Alla prima applicazione risultato visibile, mi riservo di capire se funziona sul lungo periodo."
IT,B0F8WYXR9K,Buon prodotto,Reviewed in Italy on 21 June 2022,4,"Per ora l'ho utilizzato una volta sola, ma è stato efficace"
IT,B0F8WYXR9K,Tutte,Reviewed in Italy on 23 May 2022,4,tutto ok
IT,B0F8WYXR9K,Sembra funzionare,Reviewed in Italy on 1 May 2021,4,"Sembra funzionare e - dalla descrizione non si capiva - si può usare anche in presenza di animali domestici. La capacità è bassa, speravo ce ne fosse di più"
IT,B0F8WYXR9K,Ok,Reviewed in Italy on 12 March 2021,4,Ok
IT,B0F8WYXR9K,Richt stark. Darum nur 4 Sterne.,Reviewed in Germany on 17 June 2026,4,Maske aufziehen. Habe erst 2.mal gesprüht
IT,B0F8WYXR9K,Woodstock,Reviewed in the United Kingdom on 17 May 2026,4,It smells nice. Takes a while to dry a bit of a worry with the dog. The ants did not stop straight away but hopefully all g9me now.
IT,B0F8WYXR9K,Das Spray funktioniert wie erwartet,Reviewed in Germany on 17 April 2026,4,Das Spray muss unter Umständen mehrfach angewendet werden. Funktioniert aber einwandfrei. Meines Erachtens ist es wegen der Geruchs nicht für Innenräume geeignet.
IT,B0F8WYXR9K,Hilft kurzfristig aber löst das Grundproblem nicht,Reviewed in Germany on 9 April 2026,4,"Wir hatten Ameisen im Haus, welche durch die Eingangstür herein kamen. Wir haben alle Verkehrswege im Haus eingesprüht und es hat zunächst auch geholfen. Nach etwa einer Woche waren aber schon wieder Ameisen im Haus. Das ganze haben wir mehrfach so wiederholt, aber war uns dann auf Dauer auch zu doof. Um die Ursache bzw. das Ameisennest dauerhaft zu bekämpfen, mussten wir uns dann leider doch mit einem giftigen Ameisenstreu vom Baumarkt behelfen. Das Spray wirkt daher im Ergebnis leider nur symptomatisch. Das Spray hat jedoch einen sehr angenehmen Geruch!"
IT,B0F8WYXR9K,Comprado por segunda vez,Reviewed in Spain on 4 February 2026,4,"Compro este producto por segunda  vez porque me gusta.Los dos frascos llegaron bien,  completamente cerrados y sellados… pero UNO  Está bien lleno y el otro , solamente tiene mitad de producto.Muy raro todo.No les parece?"
IT,B0F8WYXR9K,It works.,Reviewed in the United Kingdom on 3 February 2026,4,"This does keep the ants away, needs regular sprays, but the mint smell is extremely strong, not so nice indoors."
IT,B0F8WYXR9K,Gut,Reviewed in Germany on 19 January 2026,4,Wie geschreiben
IT,B0F8WYXR9K,Worked after using a few times,Reviewed in the United Kingdom on 28 November 2025,4,"This did eventually work for me, however it did take a few uses before it did work."
IT,B0F8WYXR9K,Super Spray und wirkt hervorragend,Reviewed in Germany on 23 September 2025,4,"Hat bei mir hervorragend bei meinem Problem geholfen. Im Wohnzimmer habe ich komplett die Seite Richtung Terrasse eingesprüht und zunächst die Ameisen extrem in Bewegung gebracht. Zunächst sah es nach einer Verschlimmerung aus, allerdings hat das Spray eigentlich genau das getan, was es soll, nämlich die zu verjagen. Am nächsten Tag kamen keine Ameisen mehr durch und waren auch nicht mehr zu sehen. Dieser Zustand hat auch bisher länger gehalten, nach einem Monat circa hatte ich erneut alles eingesprüht und konnte bisher keine Ameisen mehr im Haus feststellen. Einen Punkt Abzug gibt es beim Geruch, auch wenn dieser nicht extrem chemisch ist, ist dieser doch sehr stark präsent und für mich persönlich nach dem Sprühen der Raum erstmal nicht nutzbar."
IT,B0F8WYXR9K,Eficaz repelente,Reviewed in Spain on 11 September 2025,4,"Un poco escaso en cuanto a cantidad cuando hay que utilizarlo en muchas ocasiones, por qué los insectos vuelven a regresar"
IT,B0F8WYXR9K,"Auf natürlicher Basis, für Nester weniger sinnvoll, aber für Ameisenstraßen gut",Reviewed in Germany on 8 September 2025,4,"Das Insektenspray der Markenfirma RepellShield, wird in einem gut funktionierenden Pumpsprayer geliefert.Der Clou ist hier, es tötet Ameisen nicht, sondern soll sie fern halten. Das passiert dank ätherischen Ölen, die nicht giftig sind und folgernd den Einsatz auch für den Innenbereich nichts im Weg steht. Der Geruch ist intensiv wahrnehmbar, aber dafür vom Duft her natürlich. Gegen Ameisennester draußen konnte ich nicht lange etwas auswirken, wenn man sie direkt ansprüht laufen die Ameisen im Kreis. Eine Ameisenstraße damit zu behandeln funktioniert aber sehr gut. Wer also sowas sucht, ist hiermit gut bedient."
IT,B0F8WYXR9K,Producto para acabar con las hormigas,Reviewed in Spain on 2 September 2025,4,Es un producto eficaz para eliminar hormigas en el momento pero para plagas se necesitan también trampas. Es recomendable pero el precio me parece algo elevado.
IT,B0F8WYXR9K,Correcto,Reviewed in Spain on 2 September 2025,4,Funciona pero  dura poco
IT,B0F8WYXR9K,Efficace,Reviewed in France on 24 August 2025,4,Super efficace m’es faut renouveler touts les trois jours !
IT,B0F8WYXR9K,Fuera hormigas,Reviewed in Spain on 15 August 2025,4,"Funciona bien, pero hay que utilizarlo según que zonas casi a diario hasta que dejan de salir, y se agota muy pronto."
IT,B0F8WYXR9K,Bedingt nützlich,Reviewed in Germany on 9 August 2025,4,Bei mir mit mäßigem Erfolg … hängt sicher von der Ameise ab 😉
IT,B0F8WYXR9K,After purchase review,Reviewed in the United Kingdom on 18 July 2025,4,"The volume is too small, very fast to use out."
IT,B0F8WYXR9K,Wirkung lässt schnell nach,Reviewed in Germany on 9 July 2025,4,"Es wirkt keine Frage, aber die Wirkung lässt auch leider schnell wieder nach. Zwei mal täglich aufgetragen ist alles super, aber falls es einmal ausfällt sind die ameisen ganz schnell wieder im Haus"
IT,B0F8WYXR9K,Does its job well and not cruelly,Reviewed in the United Kingdom on 7 July 2025,4,"Ants control:Does not kill, just makes it nasty for them to be around.  They have an important function in the cycle of life - just not in/near human habitation!Safety:No nasty chemicals with side effects"
IT,B0F8WYXR9K,Impeccable,Reviewed in France on 9 June 2025,4,Fais son job
IT,B0F8WYXR9K,starker Geruch - wirkt aber,Reviewed in Germany on 6 June 2025,4,"Erst hatte ich keine Ahnung, ob es hilft, man versprüht das und es ist so ein starker Geruch....den man bis in den Dachboden riecht (nach  billigem Putzmittel)....dass man denkt, man könnte mit den Ameisen ausziehen.Es stellte sich aber heraus, dass es tatsächlich das einzige war, das geholfen hat. Einige kamen noch wieder. Bisschen nachsprühen, dann waren sie auch weg. Und bei uns war es richtig schlimm."
IT,B0F8WYXR9K,Good quality spray,Reviewed in the United Kingdom on 5 June 2025,4,Quality spray
IT,B0F8WYXR9K,In Ordnung,Reviewed in Germany on 2 June 2025,4,"Ameisen waren nach einmaligem Sprühen verschwunden. Geruch okay, super Ergebnis!Nachteilig dass man den Vorgang wiederholen muss"
IT,B0F8WYXR9K,No vale,Reviewed in Spain on 23 May 2025,4,"Pulverice la zona y se fueron, pero antes de una hora ya había hormigas otra vez.Pero a mí las molestias en garganta y ojos me duró mas"
IT,B0F8WYXR9K,Odeur relativement agréable,Reviewed in France on 11 May 2025,4,Le produit a contrairement aux autres répulsifs insecte une odeur presque agréable type citronnelle.Je suis envahie de fourmis qui s'infiltrent par les petites interstices des portes et fenêtres.J'ai vaporisé tous les tours de bas de porte de fenêtre et pour l'instant aucune fourmis n'a franchi la nouvelleBarrière.Je mets 4 étoiles car le produit ne que 500ml pour un prix que je trouve élevé.Ensuite je viendrais corriger avec une étoile de plus si vraiment  l'effet dure dans le temps et que finalement lenrapport qualité prix les vaut.
IT,B0F8WYXR9K,It's ok,Reviewed in the United Kingdom on 10 May 2025,4,"Slightly pleasant smell if a little strong. Spays well and coats good area. I sprayed my whole kitchen - walls, windows, inside + outside of cupboard, work surfaces and repeat the next day. I still get the odd ant just walk all over it unfazed. I did seal off all potential entrance/exits i could find, so that could be why theres not many ants. But so far it seems effective 8/10  ants. It is pricey for what it is and I expect more results. Not sure if I'd buy again."
IT,B0F8WYXR9K,Mal beim Zelten ausprobiert,Reviewed in Germany on 10 April 2025,4,"Hat beim Zelten gut funktioniert, allerdings nur kurze Wirkung. Die Tierchen sind trotzdem auf dem Außenzelt spazieren gegangen. Innen war aber Ruhe - hab die Zelttüren aber auch nicht längere Zeit bis zum Boden offen gehabt.Würde ich es nochmal mitnehmen? Wenn ich mit dem Auto unterwegs bin, warum nicht (zweite Flasche hat noch ein bisschen Inhalt). Würde ich es nochmal nachkaufen? Eher nicht."
IT,B0F8WYXR9K,A las 🐜 🐜 🐜 🐜 no les gusta,Reviewed in Spain on 2 August 2024,4,"No les gusta nada, desaparecen. Le he puesto cuatro estrellas en lugar de cinco porque reaparecen a los pocos días, es cuestión de insistir y volver a echar, pero no es muy persistente.La ventaja? Que puedes echar todas las veces que quieras teniendo mascotas"
IT,B0F8WYXR9K,Efficace,Reviewed in France on 20 July 2024,4,Ce spray est efficace pour repousser les fourmis. Ma voisine a un chez elle et les fourmis remontaient le long du mur jusqu'à chez moi. Agir rapidement pour ma part après il faut en remettre régulièrement jusqu'à ce que le nid soit détruit
IT,B0F8WYXR9K,Haven't seen an ant since first use.,Reviewed in the United Kingdom on 13 July 2024,4,Nice smell. Value for money and worked wonders.
IT,B0F8WYXR9K,It works,Reviewed in the United Kingdom on 8 July 2024,4,It works well but you have to use quite alot to get rid of the ants so it works out quite expensive.
IT,B0F8WYXR9K,Spray anti-fourmis,Reviewed in France on 30 April 2024,4,"Semble efficace, mais pas encore assez de recul pour juger.Odeur agréable."
IT,B0F8WYXR9K,bien,Reviewed in France on 12 April 2024,4,bien
IT,B0F8WYXR9K,Ayuda,Reviewed in Spain on 2 November 2023,4,"En un césped de piscina pública, nos ha ayudado a sobrellevar lo que calificaría como una plaga.No es infalible, pero ayuda."
IT,B0F8WYXR9K,Repelente natural,Reviewed in Spain on 30 August 2023,4,"Llevamos dos semanas sin hormigas,  hasta ahora bien y huele bien."
IT,B0F8WYXR9K,Funciona pero dura poco,Reviewed in Spain on 23 August 2023,4,Espero que mejoren la formula para que dure más de 1 minuto
IT,B0F8WYXR9K,Répulsif,Reviewed in France on 27 July 2023,4,Répulsif insectes  volants aux huiles essentielles. Odeur menthol agréableSpray facile d'utilisation
IT,B0F8WYXR9K,Very very good,Reviewed in the United Kingdom on 2 July 2023,4,Did what it said brilliantly
IT,B0F8WYXR9K,Adecuado a mis necesidades.,Reviewed in Spain on 26 June 2023,4,No sé si podría perjudicar a animales domésticos
IT,B0F8WYXR9K,Ant powder,Reviewed in the United Kingdom on 10 May 2023,4,Pet safe but had to use a lot
IT,B0F8WYXR9K,Ameisenabwehr,Reviewed in Germany on 7 April 2023,4,"Wir hatten Ameisen im Bad durch eine Öffnung in der Wand hinter dem Spiegelschrank. Haben das Mittel auf 2 Lappen gesprüht und die unter den Spiegelschrank gelegt, damit der Geruch hochzieht. Das Mittel riecht natürlich sehr stark, hat aber die meisten Ameisen verscheucht.Inzwischen ist das Loch verschlossen. Auch draussen an der Hauswand zeigt das Mittel Wirkung. Es muss nicht immer eine Chemiekeule sein."
IT,B0F8WYXR9K,-,Reviewed in France on 21 January 2023,4,-
IT,B0F8WYXR9K,Does the job,Reviewed in the United Kingdom on 15 August 2022,4,To say goodbye to ants.
IT,B0F8WYXR9K,Good product,Reviewed in the United Kingdom on 4 July 2022,4,"Used in a living room and the possible route used by ants , pleasant odour and seems to have worked"
IT,B0F8WYXR9K,Efficace après plusieurs jours,Reviewed in France on 1 June 2022,4,"Efficace instantanément mais dès le lendemain, les fourmis reviennent donc étape à recommencer plusieurs fois. Au bout de 3-4 jours, plus aucune fourmis."
IT,B0F8WYXR9K,Plutôt efficace,Reviewed in France on 2 October 2021,4,"On sent plus la citronnelle que la menthe mais perso cela ne me dérange pas. Ca sent les vacances, les pays exotiques ;)Les fourmis à l'intérieur n'apprécient pas mais elles n'ont toujours pas fui.Plutôt à mettre à l'entrée des habitations pour éviter qu'elles rentrent."
IT,B0F8WYXR9K,Wirksam und sanft,Reviewed in Germany on 23 June 2021,4,"Ich habe dieses Mittel in diesem Mai (2021) gekauft, da es die Ameisen nur vertreiben und nicht töten soll und es hier auch recht gut besprochen war. Ich hatte welche an meinem Wohnzimmerfenster auf dem Fensterbrett und in einem Grünpflanzentopf. Nach mehrmaligen Sprühen innerhalb weniger Tage gingen sie zwar nicht alle auf einen Schlag weg, aber es sind schon erheblich weniger. Man muss eben immer wieder mal nachkontrollieren und ggf. nochmals sprühen. Den Geruch fand ich am Anfang auch gewöhnungsbedürftig, wie einige KommentatorINNen ebenfalls schrieben. ich habe mich aber sehr bald daran gewöhnt. Wenn man nicht zu oft auf einmal sprüht, so dass der Geruch zu stark wird, finde ich sogar, das Zimmer duftet frisch und ein wenig ""nach Weihnachten"" (kommt von dem Nelkenöl). Nelkenöl soll ja sogar auch Fliegen vertreiben, las ich kürzlich. Also, das Spray ist von mir aus empfehlenswert, schade, dass es es derzeit hier nicht mehr gibt. Ich hoffe, dass es wieder einmal verfügbar sein wird."
IT,B0F8WYXR9K,Nicht freundlich zu Ameisen,Reviewed in Germany on 21 June 2021,4,Die Ameisen hat es vertrieben
IT,B0F8WYXR9K,Pas mal,Reviewed in France on 7 June 2021,4,Pour des petites fourmis c est efficace mais à faire chaque jour
IT,B0F8WYXR9K,Produit conforme,Reviewed in France on 3 June 2021,4,Efficacité partielle.
IT,B0F8WYXR9K,Good product,Reviewed in the United Kingdom on 14 April 2021,4,Good value but strong smell
IT,B0F8WYXR9K,"Ottimo prodotto, non velenoso",Reviewed in Italy on 13 June 2026,5,"Ottimo prodotto se si hanno bambini in casa. Viviamo in campagna e purtroppo ogni primavera dobbiamo fare i conti con le formiche, che si sono convinte a fare un tratto del loro percorso sul davanzale.Con questo spray cambiano strada in modo definitivo. Questo non le uccide, ma le convince ad andare altrove..L'ho consigliato ad un club sul mare, che riempiva di veleno in polvere tutto intorno ai bidoni della spazzatura. Da quando usano questo prodotto non c'è più una formica.NON LE UCCIDE, le dissuade, ma almeno non si ha il veleno intorno casa, cosa utile con bambini e animali."
IT,B0F8WYXR9K,Ben oltre le aspettative,Reviewed in Italy on 12 April 2026,5,"Sono un paio d'anni che combattiamo con le formiche in casa nel periodo primaverile, in precedenza avevamo cercato di risolvere con prodotti chimici e con le classiche cassette trappola. Quest'anno, avendo un animale in casa, abbiamo cercato qualcosa che fosse sicuro e non tossico per gli animali. Non avevo molte aspettative, invece questo prodotto ha davvero fatto miracoli. Lo abbiamo spruzzato lungo la soglia della porta e sul percorso principale delle formiche, e già dalla prima applicazione queste si sono disperse. Dopo 24 ore e due spruzzate ne rimaneva solo qualcuna che girava disorientata. Dal terzo giorno sono completamente sparite. Questo con due applicazioni, mattina e sera. Sto continuando a spruzzare il repellente per mantenere il risultato, ma ormai lo faccio una volta al giorno, con un dispendio di tempo di due minuti scarsi. L'odore è effettivamente un po' forte, soprattutto per le prime ore, ma a mio avviso perfettamente sopportabile (non è comunque un odore chimico). Eviterei di spruzzarlo sul legno perché potrebbe lasciare aloni. Comunque assolutamente promosso, l'abbiamo già ricomprato nel formato più grande."
IT,B0F8WYXR9K,Ottimo prodotto,Reviewed in Italy on 18 June 2026,5,"Ottimo prodotto, spruzzato su diversi spazi lascia un profumo gradevole di citronella, non ha dato fastidio al nostro cane"
IT,B0F8WYXR9K,Ottimo!,Reviewed in Italy on 2 July 2026,5,"Per ora funziona, e il fatto che non sia pericoloso per i miei cani, è il valore aggiunto!"
IT,B0F8WYXR9K,Consigliato,Reviewed in Italy on 25 May 2026,5,"Ha un odore di candeggina, è davvero sbiancante e pulisce la muffa, l’ho provato in bagno per le piastrelle .lo consiglio"
IT,B0F8WYXR9K,Immediato,Reviewed in Italy on 25 June 2026,5,"È immediato e sa di menta piperita,è forte l'odore,ma gradevole.Ed innoquo per gli animali"
IT,B0F8WYXR9K,Risolutivo,Reviewed in Italy on 22 May 2026,5,prodotto molto buono. Ha risolto i problemi
IT,B0F8WYXR9K,Funziona,Reviewed in Italy on 18 May 2026,5,Funziona veramente
IT,B0F8WYXR9K,Ottimo,Reviewed in Italy on 28 April 2026,5,Ottimo funziona alla grande uccidendo e allontanando le formiche preservando l'incolumità di cani e gatti. ha un forte odore di citronella
IT,B0F8WYXR9K,Sembra funzionare,Reviewed in Italy on 11 September 2024,5,"Avevo trovato molte formiche che arrivavano a frotte  fin dentro le ciotole delle gatte, anche nei croccantini che lascio sempre a disposizione, ma non riuscivo a capire da dove arrivassero. Spostando le ciotole, le formiche comparivano velocemente come dal nulla in qualsiasi posto mettessi il cibo. Ho cercato qualcosa che non fosse tossico per le micie. Questo prodotto infatti sembra proprio adatto anche ad essere usato dove ci sono bambini e animali. Comunque non avevo molta fiducia nel risultato. Invece, dopo avere spruzzato  il prodotto lungo i battiscopa e in qualche angolo un pò a caso, non riuscendo a capire da dove arrivassero le formiche, sono stata felice di constatare che, almeno per il momento, i fastidiosi invasori non si sono  più visti. L'odore del prodotto è un pò forte,  ma non spiacevole, a me ricorda un pò quello dei chiodi di garofano. Per sicurezza lo userò ogni tre giorni circa. Per ora posso dirmi soddisfatta e metto 5 stelle sperando che non mi deluda in seguito."
IT,B0F8WYXR9K,Spray antiformiche,Reviewed in Italy on 18 April 2026,5,Tutto perfetto
IT,B0F8WYXR9K,Mi ha salvato la vita!,Reviewed in Italy on 18 November 2025,5,"Quest'estate per la prima volta mi sono ritrovata l'invasione delle formiche in cucina, ma avendo animali in casa non potevo usare un repellente chimico e la mia veterinaria mi ha consigliato questo. In un paio di giorni la situazione si è risolta e ho continuato a spruzzare una volta alla settimana lungo tutto il perimetro degli zoccolini fino all'autunno. L'anno prosimo lo userò a scopo preventivo! Ottimo prodotto"
IT,B0F8WYXR9K,"Efficace, naturale e sicuro in casa",Reviewed in Italy on 11 August 2025,5,"Ho scelto questo spray per evitare prodotti chimici aggressivi e devo dire che funziona molto bene: crea una barriera efficace che tiene lontane le formiche sia in casa che in giardino.Il fatto che sia privo di insetticidi lo rende sicuro da usare vicino ad animali e bambini, e non lascia macchie su legno, tessuti o pavimenti.L’odore è gradevole e non fastidioso, e l’applicazione è semplice: basta spruzzare nei punti di ingresso e ripetere ogni pochi giorni.Un’ottima soluzione naturale e pratica per proteggere casa e giardino senza rischi."
IT,B0F8WYXR9K,Molto efficace,Reviewed in Italy on 25 March 2026,5,Molto efficace
IT,B0F8WYXR9K,Funziona,Reviewed in Italy on 13 September 2025,5,"Cercavo un prodotto che, per ragioni etiche, non uccidesse le formiche ma le tenesse lontano da casa. Funziona. Lo uso all'esterno; è necessario dare ripetutamente il prodotto (sconsiglierei un uso all'interno di casa perchè ha unodore persistente anche se non sgradevole). Vivendo in montagna ho annualmente parecchi tentativi di invasione: ho speso un patrimonio!!! Ma ne valeva la pena"
IT,B0F8WYXR9K,Ottimo prodotto formiche eliminate in 2/3 gg ok per animali domestici,Reviewed in Italy on 4 August 2025,5,"Ho acquistato il prodotto per recensioni positive e perchè è naturale avendo anche 3 gatti in casa. In 2/3 giorni ho eliminato il problema formiche che entravano da un serramento spruzzando un paio di volte al gg dentro e fuori negli angoli del serramento il prodotto. Consiglio! Avevo provato con le ""casette per formiche"" ma non avevo risolto il problema. Son passate 2 settimane e non sono tornate per ora!"
IT,B0F8WYXR9K,Ottimo,Reviewed in Italy on 5 September 2024,5,"Avevo la cucina invasa dalle formiche e, con tre gatti e un cane in casa, non potevo usare alcun tipo di insetticida/veleno... Così, ho agito in parallelo trattando il terrazzo con il veleno (posizionando le esche in punti non accessibili agli animali) e in cucina ho utilizzato questo spray, soprattutto vicino a dove sono posizionate le ciotole e dove più spesso cadevano le crocchette (annerendosi subito di formiche).Il risultato è stato straordinario. Questo spray tiene effettivamente lontane le formiche, non macchia le superfici ed ha un profumo gradevolissimo di agrumi/citronella.Sono soddisfatta e soprattutto tranquilla per i miei animali. Tra l'altro, loro non sono minimamente infastiditi da questo profumo! Lo ricomprerò."
IT,B0F8WYXR9K,Ottimo,Reviewed in Italy on 2 February 2026,5,"Ottimo prodotto per chi ha problemi di formiche , le stende all'istante e fa da repellente per diversi giorni."
IT,B0F8WYXR9K,Funziona.,Reviewed in Italy on 30 August 2025,5,"L'ho preso senza aspettative, invece mi sono dovuta ricredere: funziona davvero! Consiglio di spruzzarlo su tutti i punti di passaggio, e i primi giorni ripetere il trattamento 2 volte al giorno. Poi, per sicurezza, ripetere una volta a settimana. Siamo riusciti ad allontanare le formiche senza ucciderle e senza intossicare né noi, né i nostri gatti, né l'ambiente."
IT,B0F8WYXR9K,Ottimo e profumato,Reviewed in Italy on 11 June 2025,5,"Funziona benissimo, io l’ho usato dentro casa. Le formiche erano ovunque, per cui ho dovuto spruzzarlo un po’ dappertutto (dopo aver pulito bene). Le istruzioni dicono di spruzzarlo ogni 2/3 ore all’inizio, io devo dire che già dopo la prima applicazione non ho più visto formiche (ho anche esagerato un po’ con gli spruzzi forse, ho praticamente finito la bottiglietta). Sarebbe ottimo se la dimensione fosse più grande."
IT,B0F8WYXR9K,Sembra che funzioni,Reviewed in Italy on 7 September 2025,5,Spruzzato un paio di volte al giorno e al momento lo trovo molto efficace. Talmente efficace che le formiche hanno fatto il giro lungo per tornare in casa 🤣La prossima volta compro la confezione più grande.
IT,B0F8WYXR9K,Ottimo prodotto,Reviewed in Italy on 16 July 2025,5,"Ottimo prodotto dal profumo gradevole.Combatto da anno con le formiche in cucina, le trovavo sempre sul piano di lavoro e nei cassetti.Ho usato il prodotto direttamente sul legno e non lo ha rovinato.Finalmente già dal giorno dopo non ho più visto formiche."
IT,B0F8WYXR9K,Funziona,Reviewed in Italy on 9 June 2025,5,"Nonostante sia creato con prodotti naturali ed è consigliato spruzzare più volte io non avendo un’invasione di formiche, le ho debellate già dal primo utilizzo. L’unica cosa che ho notato, Augusto mio che il profumo che emana e gradevole ma molto intenso a gusto mio è davvero troppo però nel contesto ottimo prodotto.."
IT,B0F8WYXR9K,Ottima scoperta,Reviewed in Italy on 29 July 2025,5,"Devo dire che all'inizio avevo qualche dubbio sull'efficacia di un prodotto senza pesticidi e completamente naturale, ed invece devo assolutamente ricredermi,  formiche sparite, si tengono assolutamente alla larga dagli ambienti irrorati e salute dei miei pelosi salvaguardata.Assolutamente consigliato"
IT,B0F8WYXR9K,Molto efficace,Reviewed in Italy on 17 October 2025,5,"Sta risultando un ottimo prodotto, tenendo lontane le formiche per un bel pò di tempo. Lo consiglio vivamente."
IT,B0F8WYXR9K,Ottimo e funziona,Reviewed in Italy on 28 November 2025,5,Funziona perfettamente e non è tossico per i bambini
IT,B0F8WYXR9K,Buono!,Reviewed in Italy on 21 August 2025,5,L' ho utilizzato all'esterno per la moltitudine di formiche e mi serviva qualcosa che non desse fastidio a cani e gatti.Ha fatto il suo dovere!Odore gradevolissimo!
IT,B0F8WYXR9K,Prodotto fantastico,Reviewed in Italy on 2 September 2025,5,Lo avessi scoperto prima! Le formiche sono sparite completamente. È un prodotto naturale e non un insetticida: tiene lontane le formiche grazie al mix di profumi.
IT,B0F8WYXR9K,Lo metto sul terreno e anche sulle piante,Reviewed in Italy on 20 December 2025,5,Un buon prodotto
IT,B0F8WYXR9K,ottimo,Reviewed in Italy on 27 October 2025,5,fantastico prodotto. L'ho usato una sola volta per risolvere.
IT,B0F8WYXR9K,Ottimo fin dal primo utilizzo,Reviewed in Italy on 7 July 2025,5,"Avevamo da qualche giorno un angolo della casa invaso da piccole formiche, già dalla prima applicazione sono quasi definitivamente scomparse e dopo 2 giorni il problema è stato risolto. Odore piacevole."
IT,B0F8WYXR9K,Tutto perfetto,Reviewed in Italy on 12 December 2025,5,Tutto perfetto
IT,B0F8WYXR9K,favoloso!!!,Reviewed in Italy on 21 May 2025,5,"Ho due gatti e avevo il terrore perché ho formiche in casa e sul balcone e non sapevo come fare, terrorizzata dal fare del male ai miei due pelosi.Questo spray ha un profumo buonissimo, è naturale ed efficace all'istante!!"
IT,B0F8WYXR9K,Incubo formiche in camera da letto,Reviewed in Italy on 17 September 2025,5,"Ottimo prodotto,le formiche sono sparite e ha anche un buon odore"
IT,B0F8WYXR9K,Prodotto buona qualità prezzo giusto,Reviewed in Italy on 31 July 2025,5,Ottimo prodotto tutto naturale no tossico per animali domestici. Lo uso perché avendo un cagnolino. Prodotto naturale. No fa male.
IT,B0F8WYXR9K,Ottimo deterrente per formiche,Reviewed in Italy on 3 April 2025,5,"Le formiche mi avevano invaso una parte del mobile in sala dove tenevo dei dolciumi. Grazie a questo, prodotto dopo un primo intervento di bonifica, sono riuscito a debellarle. Non le uccide, però essendo un aroma repulsivo, le allontana definitivamente"
IT,B0F8WYXR9K,Killer formica,Reviewed in Italy on 23 September 2025,5,Usato e devo dire che le formiche sono sparite
IT,B0F8WYXR9K,Anti formiche per le piante,Reviewed in Italy on 19 July 2025,5,"Articolo arrivato puntuale, ha un buon odore e sembra abbia debellato le formiche che si arrampicavano sul mio ulivo."
IT,B0F8WYXR9K,Spray per le formiche,Reviewed in Italy on 22 October 2025,5,Tutto bene grazie mille
IT,B0F8WYXR9K,Problema risolto!,Reviewed in Italy on 11 July 2024,5,"Avevo molte formiche in casa, ho provato rimedi naturali come fondi di caffé, rosmarino, sale e altro senza risultato. Avendo un cane e un gatto non volevo un repellente nocivo per loro e nemmeno uccidere le formiche. Questo prodotto é fantastico! L'ho spruzzato una sola volta negli angoli e vicino alla porta e le formiche se ne sono andate. Ottimo!"
IT,B0F8WYXR9K,Eccellente!,Reviewed in Italy on 8 August 2025,5,"Prodotto eccellente, non si vede una formica in giro! E l' odore è gradevolissimo!"
IT,B0F8WYXR9K,buon prodotto,Reviewed in Italy on 8 November 2021,5,"ottimo prodotto se si ha problemi di formiche, io l'ho preso perchè avevo un via vai di formiche sul balcone e appena spruzzato sul passaggio delle formiche sono sparite, la cosa buona e che non le uccide ma le manda via, ormai lho spruzzato da ben 20 giorni e anche con la pioggia non si vedono più , consiglio vivamente, l'unica cosa che mi permetto di dire forse la confezione dovrebbe proteggere meglio il flacone perchè mi è arrivato bagnato perche un pò di prodotto era uscito fuori dal flacone a casa di una frattura dello spruzzino che per fortuna non ha compromesso il funzionamento"
IT,B0F8WYXR9K,SPETTACOLARE,Reviewed in Italy on 15 June 2025,5,Ottimo prodotto naturale da utilizzare x debellare le colonie di formiche . Assolutamente naturale d non nuove si pets in casa
IT,B0F8WYXR9K,prodotto repellente per formiche,Reviewed in Italy on 19 September 2025,5,Ottimo prodotto e molto efficace
IT,B0F8WYXR9K,La Natura che ti aiuta,Reviewed in Italy on 17 June 2025,5,"Ottimo prodotto, naturale, sano, non uccide le formiche ma le allontana naturalmente. Da spruzzare ogni 5/7gg."
IT,B0F8WYXR9K,Efficiente,Reviewed in Italy on 10 July 2025,5,Dopo solo un'applicazione sembra che il problema sia risolto. Perfetto!
IT,B0F8WYXR9K,Efficace,Reviewed in Italy on 30 June 2025,5,Efficace ma non dannoso per le formiche o animali domestici
IT,B0F8WYXR9K,Funziona!,Reviewed in Italy on 18 July 2024,5,"L'ho provato subito ed è stato un risultato quasi istantaneo. Le formiche sono fuggite e ad oggi, dopo quattro giorni, non si sono viste. Volevo un prodotto che non uccidesse le formiche ma che non le facesse ritornare.  Trovato e consigliato."
IT,B0F8WYXR9K,Antiformiche,Reviewed in Italy on 5 August 2025,5,Ottimo spray antiformiche
IT,B0F8WYXR9K,prodotto molto buono,Reviewed in Italy on 3 July 2025,5,spedizione perfetta prodotto molto efficiente.
IT,B0F8WYXR9K,Ottimo prodotto,Reviewed in Italy on 26 November 2024,5,"Prodotto conforme alla descrizione, arrivato nei tempi indicati. Unico difetto è un liquido oleoso e se applicato su pavimento potrebbe far scivolare"
IT,B0F8WYXR9K,Ottimo profumo,Reviewed in Italy on 4 June 2024,5,Il prodotto ha un ottimo profumo.Spruzzato lungo il percorso seguito dalle formiche sia fuori che in casa ha da subito dimostrato una buona efficacia.Dopo una notte le formiche in casa non ci sono più
IT,B0F8WYXR9K,"Funziona bene, non da problemi al gatto",Reviewed in Italy on 30 August 2024,5,Ha funzionato molto bene dopo poche applicazioni nei punti da cui provenivano le formiche! Ha un odore gradevole e non ha creato alcun problema al mio gatto.
IT,B0F8WYXR9K,Le formiche tornano...,Reviewed in Italy on 20 September 2023,5,"RETTIFICA. Dopo una settimana di utilizzo e perseveranza (mattina e sera) le formiche sono scomparse. ************************Purtroppo non risolve definitivamente. I primi due giorni credevo di aver visto un netto miglioramento, al terzo giorno le formiche sono tornate, più agguerrite che mai. (In questo periodo ho usato mattina e sera il prodotto) Peccato :("
IT,B0F8WYXR9K,Ottimo!,Reviewed in Italy on 17 July 2023,5,Ho preso questo repellente naturale perchè ho un cane in casa e perchè le classiche trappole non avevano l'effetto promesso.Spruzzato direttamente sulle formiche le elimina in poco tempo e per diversi giorni non si vedono più.Se l'azione è ripetuta anche a gironi alternati non si vede traccia di formica.
IT,B0F8WYXR9K,Spray contro le formiche,Reviewed in Italy on 6 April 2025,5,Funziona molto bene e a me piace anche l'odore
IT,B0F8WYXR9K,Prodotto naturale anti formiche,Reviewed in Italy on 6 June 2024,5,Odore molto gradevole e sembra funzionare molto bene . Ho provato molti prodotti anti formiche e questo sembra essere il migliore. Sono molto più sicuro anche perché ho diversi animali!
IT,B0F8WYXR9K,Funziona!,Reviewed in Italy on 14 May 2024,5,"Lo spray funziona, è bastato spruzzarlo una volta lungo la soglia e le formiche sono sparite senza tornare più! Inoltre ha un buon profumo e questo non guasta. Prodotto consigliato!"
IT,B0F8WYXR9K,Ha funzionato,Reviewed in Italy on 17 July 2022,5,"Le formiche di casa mia erano piuttosto educate: entravano dalla porta principale, costeggiando un muro si recavano in cucina e sempre in ordinata fila indiana cercavano cibo. Circa un centinaio di elementi, quindi non tantissimi.Spruzzato il prodotto sull'uscio di casa e sul primo muro, una sola applicazione, la piccola invasione è stata fermata."
IT,B0F8WYXR9K,spray,Reviewed in Italy on 9 December 2024,5,oggetto confacente alle aspettative e giunto nei tempi dichiarati .
IT,B0F8WYXR9K,Buon prodotto,Reviewed in Italy on 28 April 2025,5,buon prodotto
IT,B0F8WYXR9K,Formiche aliene,Reviewed in Italy on 26 June 2024,5,"Appena applicato le formiche si sono allontanate, purtroppo, però, non sono sparite. Le mie formiche sono piccolissime ma tenaci"
IT,B0F8WYXR9K,con le mie formiche ha funzionato,Reviewed in Italy on 15 July 2022,5,"Ho letto che con qualcuno il prodotto non ha funzionato; a casa mia invece alle formiche il prodotto non è proprio piaciuto, e ci girano alla larga; ogni due o tre giorni per sicurezza lo spruzzo nelle parti dove passavano, e finora sta funzionando in modo ottimale"
IT,B0F8WYXR9K,"Serve costanza per una settimana scarsa, ma sono due mesi che le formiche non entrano più",Reviewed in Italy on 12 June 2023,5,"Ero scettico, visti i commenti. Invece serve solo qualche giorno di pazienza per spruzzare tutti i nuovi percorsi delle formiche. Sono 2 mesi che brulicano sul balcone, ma ad entrare in cucina non si azzardano più"
IT,B0F8WYXR9K,Efficace ed ecologico,Reviewed in Italy on 22 July 2024,5,"Ha funzionato, non è un insetticida, è ecologico e ha un buon prezzo. Consegna rapidissima."
IT,B0F8WYXR9K,molto efficace contro le formiche del legno,Reviewed in Italy on 6 August 2024,5,molto efficace contro le formiche de legno in un travicello in camera da letto
IT,B0F8WYXR9K,Funziona!!!,Reviewed in Italy on 27 September 2024,5,Ne basta poco e risolve il problema di insetti indesiderati
IT,B0F8WYXR9K,Efficace repellente senza uccidere gli insetti.,Reviewed in Italy on 17 June 2021,5,"L'ho usato contro le formiche che mi entravano da una porta: FUNZIONA.Anche se un pò caro rispetto ai comuni insetticidi, ho trovato questo prodotto molto buono.Allontana gli insetti (nel mio caso formiche) senza ucciderli, non dannoso per bambini ed animali domestici.Inoltre rilascia il gradevole profumo delle essente naturali utilizzate.Soddisfatto."
IT,B0F8WYXR9K,Le formiche sono sparite,Reviewed in Italy on 15 June 2022,5,"L’ho acquistato perché cercavo qualcosa di non tossico per gli animali di casa e naturale che mi aiutasse a tenere lontane le formiche dalle a finestre. Ha funzionato, il principio attivo è il geraniolo, una molecola presente in diversi oli essenziali."
IT,B0F8WYXR9K,Ottimo prodotto,Reviewed in Italy on 6 September 2023,5,"E stata la mia salvezza dalle formiche senza mettere in pericolo il mio cane e i miei gatti ,in giardino e in casa ,anche buon profumo di oli essenziali"
IT,B0F8WYXR9K,antiformiche,Reviewed in Italy on 12 June 2021,5,"Il profumo è abbastanza gradevole. Il prodotto funziona nell'allontanare a tempo gli insetti, che però dopo un po' ritornano. è quindi un ottimo prodotto che tuttavia non stermina le formiche come auspicano gli infestati, i quali tuttavia continueranno ad usarlo perché è innocuo per gli animali domestici e le persone."
IT,B0F8WYXR9K,Prodotto ottimo,Reviewed in Italy on 6 August 2024,5,Prodotto molto efficace mi ha risolto il problema in una settimana
IT,B0F8WYXR9K,Problema risolto,Reviewed in Italy on 31 August 2023,5,"Formiche che entravano dalla finestra della cucina, in campagna al piano terra. Ho risolto il problema in modo ecologico e rispettando la presenza dei miei gatti."
IT,B0F8WYXR9K,Fantastico,Reviewed in Italy on 7 July 2024,5,Formiche sparite immediatamente grazie agli oli essenziali e gatti salvi.
IT,B0F8WYXR9K,Spray bio che allontana le formiche,Reviewed in Italy on 14 July 2023,5,Mi è piaciuta l'efficacia le formiche sono sparite... l'aroma è forte appena il liquido viene spruzzato e ma poi per fortuna si dirada fino a scomparire.
IT,B0F8WYXR9K,Buon prodotto,Reviewed in Italy on 19 June 2021,5,Il prodotto funziona egregiamente ovviamente non basta una spruzzata singola bisogna usarlo per qualche giorno le formiche sono comunque sparite e vi assicuro che c’è ne erano parecchie quindi un prodotto valido che non uccide le formiche e che non è tossico. Io lo consiglio.
IT,B0F8WYXR9K,Funzona,Reviewed in Italy on 28 June 2024,5,"Che volete che vi dica, funziona, basta dire questo."
IT,B0F8WYXR9K,Gradevolissima profumazione,Reviewed in Italy on 10 June 2024,5,"Ottimo prodotto, efficace e sicuro per il mio gatto"
IT,B0F8WYXR9K,Ottimo insetticida per le formiche.,Reviewed in Italy on 6 August 2024,5,Ottimo insetticida per le formiche.
IT,B0F8WYXR9K,"estremamente semplice e funzionale,",Reviewed in Italy on 5 January 2024,5,"con questo prodotto ho ottenuto in pochissimo tempo la scomparsa delle formiche, direi che è un ottimo prodotto"
IT,B0F8WYXR9K,Incredibile,Reviewed in Italy on 24 May 2021,5,"Ho una casetta in giardino in cui giravano molte formiche. Ho spruzzato una volta (una di numero, non per dire) il prodotto nel mezzo e da più di un mese non si vede una formica.Di questo passo mi durerà 10 anni..."
IT,B0F8WYXR9K,prodotto che dice essere naturale serietà' made in Germany,Reviewed in Italy on 28 August 2023,5,mia moglie che lo utilizza e' molto contenta prodotto che dice essere naturale ed efficace serietà' made in Germany
IT,B0F8WYXR9K,Formiche,Reviewed in Italy on 8 August 2024,5,Ottimo
IT,B0F8WYXR9K,Ottimo,Reviewed in Italy on 20 July 2022,5,"Avevamo una scia di formiche che entrava dalla finestra del soggiorno fino alla cucina e al balcone opposto, con due applicazioni problema risolto e formiche scomparse!! Fantastico"
IT,B0F8WYXR9K,Formiche,Reviewed in Italy on 3 March 2024,5,Buono ma ci sono di migliori qualita prezzo
IT,B0F8WYXR9K,Ottimo!!!,Reviewed in Italy on 6 June 2023,5,L’ho usato circa un mese fa perché ero invasa dalle formiche e per ora non sono tornate 🔝
IT,B0F8WYXR9K,Naturale ed efficacie,Reviewed in Italy on 16 March 2023,5,L'ho usato sul terrazzo e lungo la porta finestra e le formiche non sono più entrare in casa . Ottimo
IT,B0F8WYXR9K,Ottimo prodotto x chi a animali e deve scacciare le formiche,Reviewed in Italy on 4 December 2022,5,"Ottimo fa il suo lavoro, x me che ho i gatti in  casa non è pericoloso e scaccia tutte le formiche👍🏻"
IT,B0F8WYXR9K,Funziona,Reviewed in Italy on 13 September 2023,5,"Le formiche sono state eliminate in brevissimo tempo, ha un buon profumo, lo consiglio"
IT,B0F8WYXR9K,Spray antiformica,Reviewed in Italy on 26 November 2023,5,Fantastico. Non puzza anzi. Utile in caso di qualche formica.
IT,B0F8WYXR9K,"Gradevole il profumo, spero sia altrettanto efficace!",Reviewed in Italy on 16 January 2024,5,È un po' costoso rispetto alla quantità
IT,B0F8WYXR9K,é un prodotto innocuo,Reviewed in Italy on 18 August 2021,5,Avendo dei gatti in casa mi era difficile usare i comuni  prodotti contro le formiche perchè potevano danneggiare gli altri animali.  Questo invece è un prodotto innocuo.
IT,B0F8WYXR9K,ha fatto quello che promette,Reviewed in Italy on 31 July 2022,5,"sono riuscita in due giorni a debellare le formiche che erano sul pianerottolo. Profumo particolare, un po' forte ma assolutamente gradevole"
IT,B0F8WYXR9K,Facile da utilizzare,Reviewed in Italy on 19 July 2023,5,Efficace al momento ma dopo 5/6 ore le formiche tornano!!
IT,B0F8WYXR9K,È naturale e ha un ottimo profumo,Reviewed in Italy on 3 April 2023,5,"Naturale ed ecologico, si usa facilmente, le formiche per ora sono sparite"
IT,B0F8WYXR9K,Perfetto,Reviewed in Italy on 19 June 2022,5,É bastato spruzzare alcune volte e le formiche sono sparite senza farsi più vedere per giorni: ottimo! 👍
IT,B0F8WYXR9K,ottimo,Reviewed in Italy on 3 June 2022,5,"ottimo usato dopo la pioggia lieve per prova,lo spruzzato anche senza mascherina ora aspetto i risultati"
IT,B0F8WYXR9K,Repellente,Reviewed in Italy on 20 October 2023,5,Formiche sparite
IT,B0F8WYXR9K,Funziona,Reviewed in Italy on 16 May 2022,5,"Ottimo prodotto, funziona, almeno fino a quando non viene dilavato dal' acqua , buon profumo"
IT,B0F8WYXR9K,"Questo è molto utile, perché l'ho visto soddisfatto!",Reviewed in Italy on 11 July 2022,5,"vi giuro che mandano via le formiche, grazie a questo spray potente, meno male!"
IT,B0F8WYXR9K,Valido x situazioni non gravi,Reviewed in Italy on 13 March 2026,5,"Il prodotto e' valido li x li le formiche spariscono , ma nel mio caso poi erano troppe e ho dovuto far intervenire dei professionisti"
IT,B0F8WYXR9K,Seri e affidabili,Reviewed in Italy on 15 October 2025,5,Ottimo repellente anche x chi ha animali in casa
IT,B0F8WYXR9K,eccellente,Reviewed in Italy on 23 September 2024,5,Ha eliminato le formiche in breve tempo
IT,B0F8WYXR9K,Funziona,Reviewed in Italy on 4 June 2024,5,Funziona veramente le formiche non tornano
IT,B0F8WYXR9K,Un prodotto magnifico!,Reviewed in Italy on 13 July 2023,5,Funziona benissimo e ha anche un ottimo profumo! Non avevo mai provato un prodotto di così altissima qualità
IT,B0F8WYXR9K,Antiformiche per interni ed esterni,Reviewed in Italy on 25 May 2023,5,Ottimo prodotto
IT,B0F8WYXR9K,Comodo ma di breve durata,Reviewed in Italy on 11 January 2023,5,Tutto ok
IT,B0F8WYXR9K,Utilissimo,Reviewed in Italy on 29 November 2022,5,Funziona perfettamente
IT,B0F8WYXR9K,Efficace repellente sicuro per l'ambiente e per le persone,Reviewed in Italy on 28 July 2022,5,"Cercavo un repellente sicuro per i bambini piccoli e gli animali che funzionasse, questo repellente è molto efficace contro le formiche e sicuro, inoltre ha un ottimo profumo (citronella) per l'ambiente così che si può dare senza problemi anche nei posti chiusi."
IT,B0F8WYXR9K,Formiche scomparse,Reviewed in Italy on 25 July 2022,5,"Ha funzionato, vediamo se ritornano"
