marketplace,asin,title,date,rating,review
ES,B01G5BLS5I,No es efectivo ni duradero,Reviewed in Spain on 27 June 2026,1,"Compré el producto por la descripción y valoraciones, puedo afirmar que el efecto dura como un mes, solo un mes. Nones efectivo para hormigas mi es resistente al agua. Ha llovido dos días en este mes y creo que esto puede ser la causa, aún así, otros años he usado otro diferente que sí ha tenido gran efecto duradero."
ES,B01G5BLS5I,Malisimo,Reviewed in Spain on 5 July 2026,1,No vale para nada. Le echas por encima y tarda un buen rato en hacer efecto tanto en cucarachas como en arañas. Pero mucho tiempo. Y para colmo la supuesta barrera es falso. Las cucas pasan por encima como pedro por su casa. El peor insecticida que he probado
ES,B01G5BLS5I,Roto,Reviewed in Spain on 14 June 2026,1,Llegó totalmente roto y con fugas de producto por la boquilla. Lo he devuelto y me ha tocado pagar los portes. Un despropósito
ES,B01G5BLS5I,Muy malo,Reviewed in Spain on 1 June 2026,1,"No mata ninguna cucaracha,te asfixias tu por el holor pero ellas sigue huiendo sin morir! Mal producto!"
ES,B01G5BLS5I,Pésimo y caro,Reviewed in Spain on 4 July 2026,1,"No funciona,"
ES,B01G5BLS5I,Cero efectivo,Reviewed in Spain on 27 May 2026,1,"Nada efectivo,  las arañas se ríen en tu cara."
ES,B01G5BLS5I,Roto,Reviewed in Spain on 17 June 2026,1,Tapón roto
ES,B01G5BLS5I,Inútil.,Reviewed in Spain on 28 July 2025,1,"Es inservible a mas no poder. Lo compré guiado por la opinión positiva de muchos clientes, pero ha sido una decepción total. Ya he leí otras opiniones que decían que había cambiado de formato y no era tan eficaz como antes, pero no hice caso. Grave error. Este producto no sirve para nada. He llegado a pulverizarlo directamente sobre la maldita cucaracha (variedad alemana) y no muere a no ser que la sigas pulverizando durante unos 20 segundos o mas. Lo dicho, no merece la pena por el precio que tiene."
ES,B01G5BLS5I,Desconforme,Reviewed in Spain on 4 June 2026,1,La tapa está rota
ES,B01G5BLS5I,Mal producto peor vendedor !!,Reviewed in Spain on 27 July 2025,1,"Mal producto!!! Puesto que despues de gastar dos botes en una cocina de 10 metros cuadrados siguieron saliendo bichos tras reclamacion al vendedor su respuesta fue que no lo habia aplicado bien !!! Y que los bichos venian del exterior, si fuera asi señor vendedor repeleria incluso los del exterior , por mi parte muy mala experiencia con el PRODUCTO Y CON EL VENDEDOR!!!!"
ES,B01G5BLS5I,Su efecto no es duradero,Reviewed in Spain on 4 September 2020,1,"Lo único que me ha gustado es que su olor no es fuerte, por lo tanto, no tienes la misma sensación de asfixia cuando lo estás aplicando. ¡Ojo,! No es que no sea tóxico.Lo malo, las hormigas se pasean por donde lo has aplicado a los dos días. No cuento las cucarachas porque este año no me han entrado apenas dentro de casa.He usado durante años otra marca, con un olor fortísimo debido a la laca que trae para su fijación a la superficie, pero indudablemente más eficaz que este;de los que su durabilidad es de un año y que luego es uno y medio.No lo recomiendo para nada. Al menos si se quiere mantener su efecto durante meses.  Para un uso puntual e inmediato, sí sirve, pero no más.Seguiré usando la otra marca."
ES,B01G5BLS5I,Roto,Reviewed in Spain on 13 December 2025,1,
ES,B01G5BLS5I,Atrae cucarachas,Reviewed in Spain on 25 June 2023,1,"Para atraer cucarachas es perfecto; para acabar con ellos es nulo.He aplicado el producto (bote entero) tal como indica el fabricante y tras una semana he visto cada día una media de 4/5 cucarachas vivas más otras 2/3 que esporádicamente aparecen muertas, cuando antiguamente y usando otros productos solo las veía (directamente muertas) en épocas determinadas.Es alarmante el hecho de como atrae a las cucarachas en vez de acabar con ellas. Desde que se aplicó el producto veo dirariamente 5-6 cucarachas vivas.Hay productos de otras marcas que sí acaban con ellas. Esté únicamente las atrae.Es totalmente lamentable, debería ser denunciable."
ES,B01G5BLS5I,No funciona,Reviewed in Spain on 10 August 2025,1,"No funciona, he usado el spray en una cucaracha y no ha hecho nada!"
ES,B01G5BLS5I,Decepcionado,Reviewed in Spain on 2 September 2025,1,Promete mucho pero no vale para mater nada siguen viniendo
ES,B01G5BLS5I,no funciona,Reviewed in Spain on 1 August 2025,1,"no elimina nada, no funciona"
ES,B01G5BLS5I,No es efectivo no funciona,Reviewed in Spain on 14 August 2025,1,Nada efectivo
ES,B01G5BLS5I,No dura ni dos dias,Reviewed in Spain on 11 August 2023,1,"Lo he echado varias veces porque vuelven a aparecer, y eso que estoy un tiempo sin fregar el suelo para que haga efecto. Hace tiempo usé uno que duraba un año y efectivamente eliminé las hormigas ya no solo un año sino más de uno, y con este producto estoy decepcionada, a los dos dias han vuelto a aparecer como si nada."
ES,B01G5BLS5I,"Es agua, no se ajusta a lo que dicen",Reviewed in Spain on 22 June 2024,1,"Es agua, los bichos se pasean por donde has hechado la laca. Hasta dos y tres veces hemos hechado mismo sitio y siguen como si nada."
ES,B01G5BLS5I,Malo y caro,Reviewed in Spain on 27 June 2024,1,Y si compras el producto tienes una suscripción por la cara y cada mes te envían un bote que te descuentan del banco
ES,B01G5BLS5I,Máster lac,Reviewed in Spain on 6 October 2023,1,No se si es el mismo producto desde luego el bote no es el que aparece en la imagen y además me vino sin el otro tapo para introducir el producto x ranuras
ES,B01G5BLS5I,Llegó roto,Reviewed in Spain on 20 July 2023,1,"Me ha llegado el paquete. Más veces que lo he pedido ha llegado el tapón roto, pero esta vez está roto también el aplicador por lo que implide su uso y ademas pierde líquido. Muy peligrososo!"
ES,B01G5BLS5I,No sirve,Reviewed in Spain on 20 December 2022,1,He tenido éste verano una plaga de hormigas y este producto no ha servido para nada.Dia tras día entraban por cientos la hormigas.Sólo ae han ido al acabarse el verano.No sirve más que como un simple insecticida ocasional.
ES,B01G5BLS5I,Llego muy tarde,Reviewed in Spain on 2 August 2023,1,"El producto funciona pero creo que es mejor conseguirlo directamente de Amazon que de un intermediario, no se hacen responsables de las devoluciones (porque llegó casi 2 semanas tarde)"
ES,B01G5BLS5I,No sirve para nada,Reviewed in Spain on 13 September 2023,1,"A los tres días de poner el producto, las hormigas vuelven a pasar por el mismo sitio.Es un insecticida normal y corriente sin efecto barrera"
ES,B01G5BLS5I,Insatisfecha,Reviewed in Spain on 13 May 2024,1,"No me sirvió, coloque por todos los lugares pero no me funcionó ."
ES,B01G5BLS5I,No mató ni 1 cucaracha,Reviewed in Spain on 6 July 2023,1,Lo compre por ser un producto de los mas vendidos pero al usarlo no obtuve ningún resultado. Hemos seguido las indicaciones del producto. No lo recomiendo.
ES,B01G5BLS5I,Pésimo,Reviewed in Spain on 14 March 2023,1,"No hace lo que promete, mata a las hormigas pero a los pocos minutos vuelven a salir"
ES,B01G5BLS5I,Las cucarachas siguen vivas,Reviewed in Spain on 29 September 2023,1,La verdad sólo sirve en el momento
ES,B01G5BLS5I,No es lo que esperaba.,Reviewed in Spain on 1 June 2021,1,"Lo comp're pensando en que me desharia de las cucarachas durante un año , como pone en el envase, y a los tres días volvieron a aparecer.Lo utilicé tal y como pone en las indicaciones y no ha sido efectivo"
ES,B01G5BLS5I,Es una falsificación del verdadero producto,Reviewed in Spain on 16 May 2021,1,"Es una falsificación del verdadero máster lac.El verdadero funciona perfectamente y este no funciona , de hecho ahora lo han cambiado de nombre puesto que les han pillado que era una falsificación ."
ES,B01G5BLS5I,Insecticida,Reviewed in Spain on 29 January 2022,1,"No le veo muy eficacia. Las hormigas a los pocos días salen otra vez, te las quitan cuatro dias"
ES,B01G5BLS5I,NO FUNCIONA,Reviewed in Spain on 25 November 2020,1,NO FUNCIONAUn año dice  ja.... en un lugar en concreto encontre un monton (NO ESTA ESPUESTO A AGUA) lo limpio le hecho y a las 48 h ya estan otra vez en el mismo sitio .NO FUNCIONA.
ES,B01G5BLS5I,Dinero tirado,Reviewed in Spain on 28 April 2021,1,"No sirve para nada!! Segui las instrucciones al pie de la letra, incluso lo he puesto 2 veces y no sirve absolutamente para nada, compre 2 botes, dinero tirado"
ES,B01G5BLS5I,No dura lo q anuncian,Reviewed in Spain on 10 August 2020,1,"Pone q 1 sola aplicación protege 1 año de insectis, pero lo echas y las cucarachas pasan por encima como si no hubieras echado nada. Al echarlo varias veces, se nota q disminuyen algo, pero no es tan efectivo como dicen"
ES,B01G5BLS5I,efecto. Perdida de dinero,Reviewed in Spain on 24 August 2021,1,El que venden en los chinos hace más efecto. Por lo menos a mí particularmente no me ha válido y caro
ES,B01G5BLS5I,No efectivo,Reviewed in Spain on 30 September 2022,1,No efectivo
ES,B01G5BLS5I,No sirve para nada,Reviewed in Spain on 5 May 2022,1,Es caro y nos sirve para nada
ES,B01G5BLS5I,No funciona,Reviewed in Spain on 10 November 2020,1,No sirve para nada.. las hormigas andan por encima del producto recién echado. No me ha quitado las hormigas. Sigo igual
ES,B01G5BLS5I,NO VALE PARA ELIMINAR LAS HORMIGAS,Reviewed in Spain on 24 July 2020,1,Dice que mantendrá alejados a los insectos durante un año; las hormigas reaparecieron una semana después.
ES,B01G5BLS5I,No funciona,Reviewed in Spain on 22 July 2019,1,"No ha dado resultado con pequeñas cucarachas que salen por detrás de la cocina. No vemos por donde lo hacen, pero por más que se echa de spray siguen saliendo"
ES,B01G5BLS5I,Ineficaz,Reviewed in Spain on 6 July 2020,1,"Lo compre siguiendo los comentarios, pero a mi no me ha funcionado en absoluto."
ES,B01G5BLS5I,Fecctivo y durdero,Reviewed in Spain on 10 March 2021,1,Para las hormigas
ES,B01G5BLS5I,Ineficaz,Reviewed in Spain on 24 July 2020,1,No hace nada ... siguen paseándose por la casa
ES,B01G5BLS5I,Para las hormigas no vale.,Reviewed in Spain on 30 August 2019,1,Eso de un año sin bichos.... Tararí. A los 3 días siguen las hormigas por donde hacia rociado con el producto.
ES,B01G5BLS5I,Ok,Reviewed in Spain on 14 January 2021,1,Ok
ES,B01G5BLS5I,"No sirve, se lo han cargado",Reviewed in Spain on 28 September 2025,1,"Es un insecticida común y corriente. Era muy muy bueno, excelente para las cucarachas pero se lo han cargado, se nota simplemente en el olor q no es el mismo. Por qué no es tan efectivo como antes y es un insecticida corriente o hasta peor q otros ? La respuesta no es q las cucarachas se hayan hecho más resistentes o hayan mutado pq como digo el olor no es ni la mitad de fuerte q antes. Deberia responder el laboratorio Quimunsa q es el fabricante, motivo???!!!.."
ES,B01G5BLS5I,Malo,Reviewed in Spain on 5 October 2019,1,Las cuacarachas se cagan de la risa !
ES,B01G5BLS5I,Insuficiente,Reviewed in Spain on 23 August 2019,1,A los pocos días vuelven a salir
ES,B01G5BLS5I,No sirve,Reviewed in Spain on 28 June 2019,1,Desde luego para chinches no es efectivo
ES,B01G5BLS5I,Eficaz y duradero,Reviewed in Spain on 21 May 2026,5,"Buen producto, muy eficaz. Me lo recomendaron vecinos. Otros sprays de supermercado no me funcionado"
ES,B01G5BLS5I,Muy buen producto español,Reviewed in Spain on 26 May 2026,5,Producto para profesionales y hay que tener cuidado cuando lo utilizas. Yo me pongo guantes y mascarilla. No lo uso por donde va mi gato.Pero da muy buenos resultados
ES,B01G5BLS5I,EFICAZ,Reviewed in Spain on 29 June 2026,4,"Súper eficaz, pero, eso sí,  ponte mascarilla cuando lo apliques y respira lo menos posible. Es bastante tóxico (al menos para mí)"
ES,B01G5BLS5I,Indispensable,Reviewed in Spain on 2 July 2026,5,Lo utilizamos desde hace años. Muy eficaz.
ES,B01G5BLS5I,Estupendo matarañas!!!,Reviewed in Spain on 1 July 2026,5,"Entregado correctamente, salvo un error y es que yo pedí uno y mandaron dos paquetes con la misma referencia.Lo llevó el repartidor y supongo que se lo quedaran"
ES,B01G5BLS5I,Totalmente efectivo,Reviewed in Spain on 20 June 2026,5,"Muy efectivo, cuando pasan la barrera caen muertas"
ES,B01G5BLS5I,De momento no me ha funcionado,Reviewed in Spain on 20 June 2026,3,"Pues por la mañana lo puse por todo el wc y la cocina, y me fuí. estuvo horas asi, al volver ya no habia olor, pero de esto hace una semana y hoy he visto una, asi que, no ha servido como barrera ni como nada por que lo puse por las esquinas y huecos, pero bueno, supongo que es dificil, volvere a intentarlo otro dia.... es dificil, van por las cañerias...."
ES,B01G5BLS5I,Fiabilidad,Reviewed in Spain on 8 June 2026,5,"He esperado a escribir la reseña para comprobar la fiabilidad del producto; en mi caso, perfecto. Era para ahuyentar 'chinches americanas' y en un plazo de varias semanas, de momento, todo bien; falta ver cuanto tiempo dura el efecto."
ES,B01G5BLS5I,Bueno,Reviewed in Spain on 14 June 2026,4,Caro pero muy efectivo para las hormigas
ES,B01G5BLS5I,Eficaz contra las cucarachas,Reviewed in Spain on 13 June 2026,4,Es eficaz me gusta mucho lo seguiré comprando
ES,B01G5BLS5I,Poco efectivo,Reviewed in Spain on 25 June 2026,2,"No mata nada, ni una araña pequeña. El olor no está mal."
ES,B01G5BLS5I,"Decepcionado con la función ""barrera""",Reviewed in Spain on 30 September 2025,2,"Me ha decepcionado. Teóricamente tiene un efecto ""barrera"" que debería durar un año, sin embargo en menos de una semana y una aplicación en suelo de hormigón, más que generosa, las cucarachas la pasan como si nada.Como insecticida puede que funcione, pero como barrera ya te digo yo que no."
ES,B01G5BLS5I,Partido,Reviewed in Spain on 7 August 2025,2,Veio partido
ES,B01G5BLS5I,Eficacia,Reviewed in Spain on 28 July 2025,2,No es tan eficaz como diceEs cierto que salen menos pero aún salen
ES,B01G5BLS5I,Decepcion,Reviewed in Spain on 1 April 2025,2,Pregunte expresamente si lo de un año sin insectos valia para las hormigas y me dijeron que si... y nada mas lejos de la realidad. Las mata pero a los 3 o 4 dias vuelven a pasar por donde eche el spray...
ES,B01G5BLS5I,Normales,Reviewed in Spain on 28 August 2024,2,Lo de un año para las hormigas no funciona. Al día siguiente andan por encima como si nada. Pensaba que lo echabas y ya esta con una vez. Pero ni con 5 veces. Compré otra marca que parece que funciona mejor.
ES,B01G5BLS5I,"Parecía que si, pero no",Reviewed in Spain on 14 September 2023,2,"Tenía altas expectativas con este producto. Había usado otro de otra marca con muy buenos resultados.Debido a una reforma, unas pequeñas cucarachas se habían instalado en nuestra cocina. Animados por las reseñas decidimos comprarlo y rociar cada esquina y rincón. Al principio aparecían varias muertas y apena las veía por las noches. Sin embargo, de la noche a la mañana parece que dejó de hacer efecto y volvieron a dejarse ver.Total, que al final nos recomendaron los cebos con jeringuilla y ha sido mano de santo."
ES,B01G5BLS5I,No es malo,Reviewed in Spain on 5 April 2023,2,"No es malo pero no soluciona mucho,solo algo temporal y quizás rociando directamente al insecto"
ES,B01G5BLS5I,A mi no me ha servido,Reviewed in Spain on 21 February 2022,2,"Es igual que cualquier matamoscas o flis de toda la vida, las mata al momento si lo echas encima pero no sirve para lo que explica el producto."
ES,B01G5BLS5I,Vuelven a aparecer la hormigas cada poco tiempo,Reviewed in Spain on 27 October 2021,2,Lo utilice para evitar hormigas tanto dentro como fuera de casa. Al final las hormigas acaban volviendo al poco tiempo. Si que es verdad que en interior parece que tardan más en volver. En exterior vuelven al muy pocos días supongo q no será tan efectivo.
ES,B01G5BLS5I,No dura un año el efecto ni de lejos,Reviewed in Spain on 1 November 2020,2,No cumple su función. Las cucarachas siguen
ES,B01G5BLS5I,No es eficaz,Reviewed in Spain on 12 September 2020,2,No es eficaz
ES,B01G5BLS5I,"Las mata, pero solo en el instante",Reviewed in Spain on 23 August 2020,2,"En el instante mata las hormigas, pero a los días vuelvo a verlas tranquilamente... Así que en mi caso ha sido no ha funcionado. Es como un insecticida normal, pero más caro."
ES,B01G5BLS5I,No es ni mucho menos para un año,Reviewed in Spain on 6 July 2020,2,"Lo de que es para un año no es cierto, como mucho una semana y que no le de por llover. Las mata al momento pero luego como si nada."
ES,B01G5BLS5I,No funciona,Reviewed in Spain on 5 July 2020,2,"No es efectivo. Hay menos hormigas, pero siguen apareciendo en diferentes puntos, a pesar de haber echado el productos días anteriores. Al momento las elimina, pero al cabo de los días vuelven.No lo recomiendo"
ES,B01G5BLS5I,Un fraude absoluto,Reviewed in Spain on 22 May 2020,2,"Compré este aerosol porque en casa tenemos muchas hormigas i nos entran en casa. La garantía de 1 año sin hormigas nos ha durado 15 días. A la primera pasada con agua ha desaparecido la laca y ya no da protección.  En menos de 1 mes he gastado todo el bote y sigo teniendo hormigas. Es cierto que no tantas, pero no debería de haber ninguna! No hace lo que promete. No lo recomiendo. Precio por precio me quedo con Letal."
ES,B01G5BLS5I,Venia roto el tapon,Reviewed in Spain on 14 May 2020,2,Vrnia roto el tapon
ES,B01G5BLS5I,Masterlac aerosol,Reviewed in Spain on 4 July 2019,2,No ha cumplido las expectativas porque llegó sin el aplicador con la canula de plástico
ES,B01G5BLS5I,Funciona,Reviewed in Spain on 22 June 2026,5,"Si encuentras cucarachas, estarán muertas o muriendo"
ES,B01G5BLS5I,Eficaz,Reviewed in Spain on 27 June 2026,5,Estupendo.
ES,B01G5BLS5I,Calidad,Reviewed in Spain on 31 May 2026,5,Lo compre porque tenia cucarachas en el coche y a sido mano de santo junto con otros productos y unas trampas también en cuestión de 1 mes deje de tenerlas
ES,B01G5BLS5I,Super Recomendable,Reviewed in Spain on 25 May 2026,5,"Mata las Cucarachas al Instante, No entiendo como hay Gente que habla Mal de este producto y no me llevo comisión por este Comentario. Las Cucarachas de Mi Cocina todas Muertas. Gracias Lac."
ES,B01G5BLS5I,Totalmente recomendable,Reviewed in Spain on 14 June 2026,5,Lo mejor que he probado
ES,B01G5BLS5I,Funciona,Reviewed in Spain on 3 June 2026,5,En este caso siguen apareciendo pero ahora aparecen siempre muertas
ES,B01G5BLS5I,tu y yo,Reviewed in Spain on 5 June 2026,5,gracias por todo todo perfecto
ES,B01G5BLS5I,Recomendable 💯,Reviewed in Spain on 31 May 2026,5,Muy recomendable...cumple 💯 y rápido
ES,B01G5BLS5I,Excelente producto,Reviewed in Spain on 3 June 2026,5,Excelente producto
ES,B01G5BLS5I,"Me he convertido en la muerte, el destructor de mundos",Reviewed in Spain on 31 March 2026,5,"Este producto es devastador. Mata las cucarachas que da gusto. Debería llevar la foto de Chuck Norris en la etiqueta. Combinado con un cebo en gel, es el tratamiento de choque definitivo, el mejor que he probado de lejos. Apenas tiene olor y no es desagradable, solo un puntito justo para saber que está ahí. La cánula viene genial para fumigar en rincones estrechos, como en mi caso que se atrincheraron en el cajón de una puerta corredera cuáles Últimos de Filipinas. Volveré a comprarlo si es se atreven a volver."
ES,B01G5BLS5I,"Muy bueno. No solo para las cucarachas y otros rastreros,... también para las mosquitas.",Reviewed in Spain on 17 April 2026,5,"A mí me funciona muy bien... contra las mosquitas.Con tanto rollo ecológico... los insecticidas ""no matan ni a una mosca"".Cucarachas y otros insectos que han aparecido en España con el 'cambio climático' y la FALTA DE HIGIENE Y LIMPIEZA... Ya no los tengo en casa. Lo utilizo con ecogelnovar en trampas para cucarachas."
ES,B01G5BLS5I,Muy bueno,Reviewed in Spain on 10 May 2026,5,Si encuentras el agujero por donde salen es muy eficaz
ES,B01G5BLS5I,Perfecto para acabar con las cucarachas,Reviewed in Spain on 25 April 2026,5,Perfecto para matar cucarachas es el segundo año que lo compramos porque no sobrevive ninguna y conseguimos mantener a raya los meses de verano la plaga de cucarachas que hay en el barrio
ES,B01G5BLS5I,Efectivo,Reviewed in Spain on 5 May 2026,5,Una maravilla. Se acabaron las cucarachas. Lo recomiendo 100%
ES,B01G5BLS5I,Potente,Reviewed in Spain on 10 May 2026,5,Una buena barrera
ES,B01G5BLS5I,Muy eficiente....,Reviewed in Spain on 9 May 2026,5,Muy eficiente
ES,B01G5BLS5I,Muy eficaz,Reviewed in Spain on 3 May 2026,5,Muy eficaz contra las cucarachas
ES,B01G5BLS5I,Genial matabichos,Reviewed in Spain on 5 May 2026,5,Producto muy duradero y efectivo
ES,B01G5BLS5I,"Muy eficaz, realmente hace lo que dice.",Reviewed in Spain on 31 January 2026,5,"Este producto es realmente eficaz.No necesitas encontrar los ""nidos"" de los insectos, puedes ponerlo por donde hayas visto algun insecto o por donde suelen pasar, no necesitas hacer nada más, este producto se aferrará al insecto y no solo morirá ese insecto, si no que tambien moriran los demás cuando este vaya a su nido, el producto tambien infectara a los demás, por lo que hará un trabajo desde dentro, muy pero que muy eficaz."
ES,B01G5BLS5I,Recomendado,Reviewed in Spain on 12 April 2026,5,"El producto es excelente, recomendado. El efecto es tal cual como lo menciona la descripción."
ES,B01G5BLS5I,Funciona,Reviewed in Spain on 19 April 2026,5,Por ahora parece que está funcionando fenomenal.
ES,B01G5BLS5I,Apto para hormigas,Reviewed in Spain on 19 April 2026,5,Funciona bastante bien con hormigas
ES,B01G5BLS5I,Parece que funciona,Reviewed in Spain on 21 April 2026,5,Todo bien
ES,B01G5BLS5I,Productazo,Reviewed in Spain on 11 April 2026,5,Productazo.para terminar con las plagas
ES,B01G5BLS5I,Muy contento con su compra,Reviewed in Spain on 12 April 2026,5,Realmente funciona bien
ES,B01G5BLS5I,El mejor insecticida para cucarachas,Reviewed in Spain on 28 November 2025,5,"El mejor insecticida para cucarachas. Me lo aconsejaron en una droguería de Madrid de toda la vida y desde entonces es el que utilizo.Es verdad que para plagas muy grandes lo mejor es una fumigación por parte de una empresa especializada, pero para el uso doméstico este es el mejor.Es aconsejable utilizarlo junto con algunas trampas de cebos para controlar y eliminar las cucarachas ya que el insecticida no va a llegar hasta los nidos."
ES,B01G5BLS5I,En primavera lo volveremos a comprar por desgracia para nosotros,Reviewed in Spain on 10 February 2026,5,"Esto es una maravilla para las pu* cucarachas. Hace una barrera invisible que además dura y si cuelan para dentro aparecen ya muertas o medio muertas, incluso es útil para el resto de bichejos"
ES,B01G5BLS5I,Recomendable,Reviewed in Spain on 23 March 2026,5,Recomendable 100%
ES,B01G5BLS5I,5 estrellas porque no hay más.  En mi caso hormigas.,Reviewed in Spain on 2 February 2026,5,5 estrellas porque no hay más.En mi caso hormigas.Una primera pulverización.A los 7 días una segunda y...Nunca más hormigas.
ES,B01G5BLS5I,Perfect,Reviewed in Spain on 15 March 2026,5,Great product
ES,B01G5BLS5I,Perfecto. Buena calidad,Reviewed in Spain on 9 March 2026,5,Muy bueno
ES,B01G5BLS5I,Muy Eficaz,Reviewed in Spain on 14 February 2026,5,Es muy buen producto. Súper Eficaz
ES,B01G5BLS5I,Eficacia,Reviewed in Spain on 8 February 2026,5,El producto más eficaz
ES,B01G5BLS5I,El más efectivo y duradero,Reviewed in Spain on 9 September 2025,5,"Llevo muchos años comprando éste producto y lo único que puedo decir es que no recomiendo otro. Es maravilloso, huele un poco fuerte pero no tan mal como otros. Al rato desaparece el olor pero si efecto dura y dura y dura. Si aparece alguna cuqui, es ya muerta, pero aparecen muy pocas porque hace de barrera"
ES,B01G5BLS5I,Muy efectivo,Reviewed in Spain on 9 January 2026,5,Único. LARGA persistencia y efectividad contra cucas y hormigas
ES,B01G5BLS5I,Mata cucarachas efectivo,Reviewed in Spain on 11 January 2026,5,"Comprado tras recomendarlo un amigo, totalmente efectivo"
ES,B01G5BLS5I,Perfecto.,Reviewed in Spain on 11 August 2025,5,"Es perfecto, lo compro todos los años y lo echo todas las primaveras alrededor de todo el suelo con pared de toda la casa. Es cierto que no ves un bicho en un año. Encontré un escondite de avispas en un adorno del jardín, lo rocié a conciencia y se desplomaron todas-50 de golpe. Una maravilla de producto."
ES,B01G5BLS5I,Súper eficiente,Reviewed in Spain on 17 January 2026,5,Fantástico
ES,B01G5BLS5I,100x100 efectivo,Reviewed in Spain on 3 August 2025,5,"Es el producto mas efectivo que conozco contra las cucarachas que  en verano se cuelan volando en las casas y provenientes del alcantarillado de las calles, sí es carillo, pero merece  mas la pena que otros que cuestan menos pero no valen para nada"
ES,B01G5BLS5I,Funciona contra las chinches apestosas,Reviewed in Spain on 28 September 2025,5,"Lo adquirí para eliminar las chinches apestosas, hay una plaga que se manifiesta ahora en el otoño y funciona. He comprado otro spray para repetir la fumigación más adelante."
ES,B01G5BLS5I,Descansen en paz las cucarachas,Reviewed in Spain on 4 June 2025,5,"La verdad es que tenemos un problema con las cucarachas y donde echamos este insecticida, al día siguiente aparecen con las patas hacia arriba. Y es bastante duradero. Lo echamos en un cuarto de baño que teníamos un auténtico problema y fue una masacre. En mi experiencia con auténticos bichos de gran tamaño me ha ido muy bien."
ES,B01G5BLS5I,No sirve,Reviewed in Spain on 27 August 2025,5,"No sirve, los bichos se ríen de este producto, no veo ningún resultado.Si es verdad que la cánula que lleva va muy bien para pulverizar las grietas o agujeros, pero nada mas"
ES,B01G5BLS5I,Eficacia y durabilidad,Reviewed in Spain on 21 May 2025,5,"Probé este insecticida en laca porque tenía un problema puntual con hormigas en un armario de la cocina, y la verdad es que funcionó mucho mejor de lo que esperaba. Lo apliqué en las zonas estratégicas (esquinas, detrás de electrodomésticos y rendijas) y en pocos días noté una reducción casi total de la actividad."
ES,B01G5BLS5I,Buen producto,Reviewed in Spain on 14 December 2025,5,Buen producto
ES,B01G5BLS5I,Esvefectivo,Reviewed in Spain on 3 September 2025,5,Bastante bien pero no se si es más efectivo que  el de mercadona que también dura un mes el efecto. Este me lo recomendó una casa de plagas.
ES,B01G5BLS5I,Muy efectivo. Usar mascarilla al manipular producto,Reviewed in Spain on 2 August 2025,5,"Es muy buen producto. 10 meses sin bichos...es cañero el olor al echarlo, recomiendo usar mascarilla al manipular el aerosol, supongo que inhalar esto será seriamente tóxico"
ES,B01G5BLS5I,Funciona contra las hormigas en casa,Reviewed in Spain on 13 December 2019,5,"Llevo unos años con hormigas tanto en el salón como en los baños, y he probado de todo, incluso con una prestigiosa empresa contra Plagas, y nada me había funcionado hasta que compre este producto...llevo 6 meses con el ( fue en julio cuando lo eché ) y hasta ayer no vi ni una hormiga más... ayer vi una en el plato de ducha , solo una, pero con eso es suficiente para saber que es hora de un nuevo recordatorio. Así que durante más de 5 meses he tenido paz con las dichosas hormigas. Es posible que en el baño empiecen a salir antes porque se friega mucho más a menudo que el suelo del salón , pero el caso es que ayer ya vi una y bien viva... así que lo dicho, muy contenta pero nada de un año... aún así lo mejor que he probado... y tengo perro y sin problema, cuando lo eche fue un día que nos íbamos fuera, así no hay problema  las primeras horas en las que no se debe ventilar , lo mejor es irse todos y al volver simplemente ventilar buen"
ES,B01G5BLS5I,Positiva,Reviewed in Spain on 11 October 2025,5,"Buen producto. Echando cada dos semanas, desaparecen las hormigas."
ES,B01G5BLS5I,Genial,Reviewed in Spain on 3 August 2025,5,"Insecticida que cumple con lo que dice, solo lo uso una vez al año para prevenir insectos, sobretodo en verano. Va genial"
ES,B01G5BLS5I,Correcto,Reviewed in Spain on 25 October 2025,5,Correcto
ES,B01G5BLS5I,Efectivo y duradero,Reviewed in Spain on 8 July 2023,5,"Me lo recomendó un técnico de fumigación de una empresa que trabaja para grandes hospitales. Es efectivo si se siguen las recomendaciones de la etiqueta. No es para matar las cucarachas que se  ven ( que también sirve). Su función es crear una barrera invisible e inodora, que hace huir a las cucarachas. Ideal para impregnar las paredes de las arquetas de desagües. Aunque publicita una duración de un año, en mi caso no le doy ese tiempo y cada 6 meses, impregno las paredes de las arquetas y no aparece ni una sola cucaracha en las mismas ni en los tubos de desagüe que van a verter en ellas."
ES,B01G5BLS5I,Calidad,Reviewed in Spain on 13 October 2025,5,Lo mejor de lo mejor
ES,B01G5BLS5I,"Rápido, Eficaz y Fácil de Usar",Reviewed in Spain on 25 November 2024,5,"Este spray para cucarachas ha sido increíblemente eficaz, eliminándolas de manera rápida y sin complicaciones. La aplicación es muy sencilla, y su formato permite alcanzar fácilmente los rincones donde suelen esconderse.Aunque el olor puede ser un poco molesto, no es excesivamente fuerte, y es recomendable ventilar varias horas. Es una solución práctica y potente para quienes buscan resultados inmediatos contra las cucarachas."
ES,B01G5BLS5I,una maravilla,Reviewed in Spain on 4 July 2022,5,"mi pánico por las cucarachas es tremendo. Me recomendaron este producto y solo puedo decir que sé que por la calle hay, pero mi casa es inexpugnable. No me gusta cómo huele, así que aproveché a echarlo cuando íbamos a salir. Hago un recorrido a conciencia por la casa, pensando por cualquier sitio que puedan entrar.Ventanas completas, desagües, ascensor de mi rellano, toda la puerta de mi casa (el rectángulo completo). Vamos, cualquier sitio por donde puedan pasar. Podrían pasar pero sé que al metro se mueren. He puesto también en las escaleras que van a mi rellano, portal... Y aunque se friegue el efecto está ahí.He de decir que desde que lo uso yo no he visto nunca ninguna viva. En el patio sí he visto una muerta."
ES,B01G5BLS5I,Espectacular,Reviewed in Spain on 7 May 2025,5,"Muy buenoSe veían alguna cucarachas y al utilizarlo de momento ya no se ven, volveré a comprar más y seguiré hechando por precaución. Para mi buenisimo"
ES,B01G5BLS5I,Muy buen producto.,Reviewed in Spain on 5 November 2019,5,"Es la segunda vez que lo pido, huele mucho, hay que ventilar muy bien al usarlo y usar mascarilla a ser posible ( a mi me duele la cabeza al usarlo) y no estar en casa el dia que lo echas. muy efectivo para matar las cucarachas al momento ademas he podido comprobar que después de 3 semanas hace el Efecto barrera ya que para 1 que entra muere o agoniza al momento de entrar, al dia siguiente de usarlo de ver 3 y 4 cucarachas todos los dias pase a no ver ninguna o 1 cada 2 semanas, pero claro para una fucigacion hay que seguir unos pasos ademas de comprar un buen producto como este.La primera vez hay que comprar 2 botes y usarlos enteros en casa, por todos los rincones y segun especificaciones del producto. A las dos semans con 1 bote vuelves a fumigar y asi usando un bote cada 2 semanas hasta que pasen 4 srmanas seguidas que no veas ninguna cucharacha."
ES,B01G5BLS5I,Funciona!!!!,Reviewed in Spain on 18 July 2024,5,"Adoro este producto!Donde aparece una, hecho, y 1 mes sin ver ni una por esa zona.No sé si será barrera de 1 año, pero a mi me basta con que sean 3 meses jajaja.Los que tengáis fobia a las cuquis como yo, no os puede faltar.También digo que sobra la imagen del envase, yo la he tapado con papel jajaja."
ES,B01G5BLS5I,Eficaz,Reviewed in Spain on 3 August 2025,5,"Es súper eficaz, y los efectos durante mucho tiempo"
ES,B01G5BLS5I,Funciona muy bien.,Reviewed in Spain on 28 May 2025,5,Funciona muy bien y no huele fuerte.Ha llegado con bastante antelación al tiempo estimado de entrega.
ES,B01G5BLS5I,Efectivo,Reviewed in Spain on 28 July 2025,5,Va muy bien y elimina todos los bichos
ES,B01G5BLS5I,Lo recomiendo,Reviewed in Spain on 23 July 2025,5,Lo utilicé para hormigas y cumplió la funcion
ES,B01G5BLS5I,Calidad,Reviewed in Spain on 29 June 2024,5,"Si es potente pero hay que echarlo y dejar un buen rato la casa sin nadie, al decir nadie se incluyen las mascotas. y de momento se ve eficaz la duración  que mantenga sus propiedades no lo se, ya veremos.---------------------------------------------------------------------------------------------------------------------Si dura bastante los efecto de este producto, desde que se echo no se ve una cucaracha."
ES,B01G5BLS5I,Excelente. Me encanto,Reviewed in Spain on 4 November 2024,5,Excelente producto. Demore en hacer la reseña porque le di uso al producto para dar la opinión con base. Me pareció súper buen producto hay que seguir las recomendaciones y colocarlo todos los días. Sin duda lo volveré a comprar (y rinde muchísimo)
ES,B01G5BLS5I,Fantástico,Reviewed in Spain on 22 July 2024,5,"El producto es magnífico. El único que de verdad funciona. Yo lo aplico cada 2 semanas en verano y 1 vez en invierno. Se acabaron las cucarachas. Si entra alguna aparece muerta. Eso sí, la foto del envase del producto y la que tienen aquí en Amazon podrían suprimirla porque la veo innecesaria y un asco."
ES,B01G5BLS5I,eficaz,Reviewed in Spain on 3 July 2025,5,Hace años que lo uso
ES,B01G5BLS5I,Efectivo 100%,Reviewed in Spain on 9 August 2025,5,Efectivo 100%
ES,B01G5BLS5I,❌No más hormigas❌🐜🐜,Reviewed in Spain on 25 September 2020,5,
ES,B01G5BLS5I,EFECTIVO REALMENTE,Reviewed in Spain on 26 August 2023,5,"Realmente es efectivo. Me alquilé un piso y no paraban de salir de vez en cuando, daba igual lo que limpiara y los productos que echara y era porque los huevos acababan eclosionando y saliendo de los nidos. Este spray acaba realmente con los huevos de las cucarachas, que es lo más importante. Lo eché cuando lo compré (hace un mes y medio) y todavía no ha salido ninguna. Lo recomiendo totalmente."
ES,B01G5BLS5I,ACONSEJABLE.,Reviewed in Spain on 10 August 2025,5,eficaz
ES,B01G5BLS5I,Funciona,Reviewed in Spain on 25 June 2025,5,Por dónde pasan no vuelven
ES,B01G5BLS5I,El único que me ha funcionado.,Reviewed in Spain on 24 September 2022,5,"Después de venir una empresa de fumigaciones tres veces porque no nos desaparecían las hormigas y la Scleroderma, este spray fue lo único que nos funcionó.Lo echamos y dejamos ventilar todo el día porque huele bastante.Llevo un par de años echándolo, cuando veo que aparecen las primeras hormigas, y suele coincidir, así que sí, dura el año prácticamente.Lo echo en el suelo por todo el perímetro de la habitación, y por el resto del suelo en zigzag.Al día siguiente, se ven los cadáveres de los bichos, más de los que te imaginas!"
ES,B01G5BLS5I,Producto de buena calidad y efectivo,Reviewed in Spain on 10 August 2024,5,"Conocimos el producto gracias a una empresa de fumigación que tenemos contratada en el hogar.Es muy efectivo, actúa muy rápido y es duradero.Crea una pantalla contra las cucarachas y si se utiliza  sobre ellas las fulmina de inmediato."
ES,B01G5BLS5I,eficaz,Reviewed in Spain on 4 July 2025,5,Muy eficaz
ES,B01G5BLS5I,👍,Reviewed in Spain on 28 June 2025,5,Todo ok
ES,B01G5BLS5I,Buen producto,Reviewed in Spain on 1 May 2025,5,Rápida la entrega .
ES,B01G5BLS5I,Fin de las cucarachas,Reviewed in Spain on 6 February 2025,5,Perfecto. 6 meses sin cucarachasEs el segundo bote que compro.Superperfecto
ES,B01G5BLS5I,Es verdad: sin hormigas durante un gran periodo de tiempo,Reviewed in Spain on 27 August 2021,5,"Llevo varios años utilizando este producto y estoy muy satisfecha. El primer año lo utilicé en una parte de la cocina y dentro de un armario que estaba plagado de hormigas. Decir que en esos lugares no han vuelto a salir. Lo he utilizado en las diferentes zonas de la casa donde las hemos visto, de forma que este año a penas tenemos hormigas. El olor es algo fuerte al principio pero en unas horas todo OK. Trae un tubito que se le adapta para que puedas enfocar el producto en orificios y en ranuras estrechas."
ES,B01G5BLS5I,Muy útil,Reviewed in Spain on 28 January 2024,5,Muy eficaz y de efecto duradero. Recomiendo encarecidamente comprarlo si quieres olvidarte de las molestas cucarachas. Yo lo apliqué por toda la casa por la noche y desde entonces no volví a ver ninguna en casa y si aparecía alguna estaba muerta. Recomendable 100%.
ES,B01G5BLS5I,Insecticidad anti Hormigas y Cucarachas,Reviewed in Spain on 4 September 2024,5,"Un producto muy efectivo, que llevaba usando muchos años y siempre me ha dado muy buen resultado contra este tipo de bichos e insectos. Muy recomendable"
ES,B01G5BLS5I,Fulminante con las cucarachas,Reviewed in Spain on 24 December 2024,5,Es cierto que durante los efectos durante 1 año o más aunque se friega el suelo
ES,B01G5BLS5I,La marca,Reviewed in Spain on 9 October 2024,5,"Llevo pocos días echándolo, espero que funcione, lo compré porque me hablaron bien y lo recibí en me casa para un vecino."
ES,B01G5BLS5I,Efectivo,Reviewed in Spain on 3 October 2023,5,"Han ido muriendo y las que quedan, apenas se ven nuevas si es que quedan, me queda la duda si las que he visto ""muertas"" no son de las anteriores que han ido muriendo, al ser un trastero no hago un seguimiento diario. Muy conforme con el resultado."
ES,B01G5BLS5I,Dura prácticamente los 13 meses que dice y es eficaz,Reviewed in Spain on 2 July 2021,5,"Ya lo había usado el año pasado. No me creía para nada que duraba 13 meses. La verdad es que...casi ha durado 12 meses y 10 días hasta que la primera cucaracha ha entrado en casa. Espero disfrutar de otro año si esos intrusos. Advierto que en mi zona son cucarachas americanas, enormes y voladoras. No viven en las casas sino bajo tierra y entran en las casas a comer y luego se van. Pues de verdad que no ha entrado ni una. Ni tampoco hormigas, ni grillos que es lo que más hay. Lo recomiendo"
ES,B01G5BLS5I,Funciona,Reviewed in Spain on 27 October 2023,5,"Tras leer las opiniones de varios productos, me decante por este. Lo compramos principalmente para los pececillos de plata, rociamos todas las esquinas de la casa y cuando ha aparecido alguno, estaba muerto. Dudo que funcione durante un año, pero por el momento estoy contenta"
ES,B01G5BLS5I,Lo mejor para cucarachas,Reviewed in Spain on 16 July 2023,5,El mejor producto que podido comprar para eliminar las cucarachas en casa. Es echarlo y aparecer las cucarachas muertas al día siguiente.Debido a la calor que está haciendo lo eche por las puertas correderas y hasta la fecha no he vuelto a ver cucarachas. Lo recomiendo al 100 × 100.
ES,B01G5BLS5I,Muy bueno,Reviewed in Spain on 14 July 2020,5,"Donde resido hace mucho calor en verano y las ""innombrables"" suelen entrar volando por las ventanas o por debajo de las puertas.No las soporto y siempre he tenido un spray para tal fin, pero por lo general no son efectivos de inmediato.Este sí lo es. Basta con echarle el spray y luego llamas a alguien para que retire el ""cuerpo sin vida"" si te da tanto asco como a mí.He pulverizado la entrada de casa y las ventanas y no ha vuelto a entrar ninguna.Estoy realmente contenta con este producto. Lo recomiendo y volveré a comprarlo el día que se me acabe."
ES,B01G5BLS5I,Ideal para arañas,Reviewed in Spain on 15 May 2024,5,"Hace tiempo que uso este producto y para arañas es muy bueno, para el resto de bichos que indica la etiqueta no lo sé. El efecto dura bastante tiempo."
ES,B01G5BLS5I,Excelente y fulminante,Reviewed in Spain on 15 November 2017,5,"Lo uso desde hace muchos años y es lo mejor que he probado contra las cucarachas. Es una especie de barniz que hay que poner UNA VEZ en el camino de esos bichejos, con lo cual sale muy a cuenta ya que el producto dura bastante (años). Por mi experiencia, el primer día de uso hay que irse unas horas o acabarás intoxicado. Después aparecen muchas cucas muertas y después desaparecen. Definitiva y eficazmente. Aunque el producto dice que dura un año, recomiendo usarlo cada seis meses para tener una casa limpia de plagas. Sirve también en exteriores siempre que no se moje."
ES,B01G5BLS5I,EL MEJOR INSECTICIDA,Reviewed in Spain on 23 October 2024,5,"VERDAD VERDADERA, POR DONDE PULVERICES NO VUELVE A APARECER UNA HORMIGA... ENCANTADA CON LA COMPRA"
ES,B01G5BLS5I,Rapidez y seriedad en el envío,Reviewed in Spain on 27 September 2024,5,"El producto ha sido muy eficiente contra las cucarachas, deberíais recomendarlo como un producto choice de Amazon"
ES,B01G5BLS5I,Efectivo,Reviewed in Spain on 22 August 2023,5,"Realmente efectivo. Utilicé dos botes para “fumigar” un garaje aislado de unos 20 m2, y 2 de altura en el campo. Exterminó a todos los insectos rastreros (tipo arañas, ciempiés, etc). Dos mese después, y en pleno verano, aún no han vuelto a aparecer. Recomendable."
ES,B01G5BLS5I,De 10,Reviewed in Spain on 25 September 2024,5,"Había probado mil spays, pero como éste nada, ni una cucaracha si lo haces bien!"
ES,B01G5BLS5I,Fantasia,Reviewed in Spain on 5 April 2024,5,He tenido una plaga de coquitos/gorgojos que se había instalado en el sofá.He probado todooooo!! Pero todo y seguían salieron.Pues esto es lo único que ha conseguido eliminarlos.
ES,B01G5BLS5I,"No usado, para probar su eficacia.",Reviewed in Spain on 1 November 2024,5,"No lo he usado, pero llego rapido y en perfectas condiciones"
ES,B07NWWFLL8,Las cucarachas no pican el anzuelo,Reviewed in Spain on 26 June 2026,1,"La trampa consiste en una pequeña caja de carton y en el centro una pildora para la cucaracha. Pues bien, las cucarachas pasan por al lado de la pildora y siguen su camino sin inmutarse. No vale de nada."
ES,B07NWWFLL8,¿Funcional?,Reviewed in Spain on 25 June 2025,1,"3Trampas interpuestas entre los desagües y mi habitación, hoy he encontrado una al lado de mi cama. De momento lo único que atrapan las trampas es polvo."
ES,B07NWWFLL8,No sirve pérdida de dinero,Reviewed in Spain on 15 November 2024,1,No sirveNo lo recomiendo
ES,B07NWWFLL8,No funciona,Reviewed in Spain on 7 December 2024,1,No funciona
ES,B07NWWFLL8,Non funzionano...,Reviewed in Italy on 21 June 2026,1,"Non sono buone, cioè loro funzionano, attirando lo scarafaggio, ma lui almeno se di grande dimensione, riesce ad andarsene senza rimanere incollato.Quindi risultato e che non fanno il loro lavoro, sconsigliate al massimo.Si trova di meglio!!"
ES,B07NWWFLL8,Inutile ne fonctionne pas du tout,Reviewed in France on 13 April 2026,1,"Achèter et installer depuis le 7 février , nous sommes le 13 avril. J’avais plus aucune blattes, 12 pièges positionner dans la cuisine dont 2 pièges au niveau de la prise (là où était le nid) et bah les voilà revenu , sur la prise et 0 dans les pièges ! Pas une seule prise ! Inutile vraiment"
ES,B07NWWFLL8,Useless,Reviewed in Germany on 16 June 2026,1,UselessDidn’t catch any
ES,B07NWWFLL8,Efficacité,Reviewed in France on 24 June 2026,1,"Ça n’attire pas du tout les cafards, il faut les suivre et anticiper la colle dans leur chemin (je n’ai pas que ça à faire dans ma vie)"
ES,B07NWWFLL8,Non funzionano,Reviewed in Italy on 21 June 2026,1,"Ho buttato via i soldi perché non sono servite a niente. Le blatte di notte facevano feste ma, non una é entrata nelle trappole."
ES,B07NWWFLL8,Non funziona,Reviewed in Italy on 12 June 2026,1,"Purtroppo, non serve. Le blatte rosse che infestano la mia cucina passano vicino alle trappole, ma non ci entrano. Peccato."
ES,B07NWWFLL8,Inutili!!,Reviewed in Italy on 26 June 2026,1,Non funzionano!! né ho prese di altre marche ma efficaci!! Non le consiglio!!
ES,B07NWWFLL8,Evitate,Reviewed in Italy on 25 June 2026,1,"Prodotto scadente, non funziona con le blatte"
ES,B07NWWFLL8,"LE BLATTE GLI FANNO CIAO, CIAO",Reviewed in Italy on 25 June 2026,1,"non serve a niente, soldi buttati"
ES,B07NWWFLL8,Non servono a niente,Reviewed in Italy on 12 June 2026,1,Non servono a niente
ES,B07NWWFLL8,Per me non funziona,Reviewed in Italy on 16 April 2026,1,"In una settimana non ha attirato nulla. Ho visto ogni sera piccoli scarafaggi sulle scale di casa, anche vicini alla trappola, ma non sono mai entrati. Non funziona per me…"
ES,B07NWWFLL8,not a single capture,Reviewed in Italy on 24 March 2026,1,"i put 5 of these in my house, not a single scarafaggio has entered, they're still around and the traps are empy after a whole month... only thing that worked for me was RAID"
ES,B07NWWFLL8,Nützliche Kleintiere verfangen sich in der Klebstofffalle ...,Reviewed in Germany on 11 August 2025,1,"Die Schabenfalle funktioniert zwar bei Kakalaken - aber leider zieht sie auch nützliche Kleintiere wie den Gecko an, der sich dann hilflos in den Klebstoff verfängt. Ich habe es selbst erlebt und musste den Gecko aufwendig von der mit Klebstoff benetzten Pappe befreien. Daher BITTE AUF KEINEN Fall in südeuropäischen Ländern mit nützlichen Kleintieren einsetzen!An den Hersteller die Bitte das Produkt zu verändern oder einen sichtbaren Hinweis in der Anleitung abzudrucken! Save the Gecko!"
ES,B07NWWFLL8,Leider keine Ergebnisse,Reviewed in Germany on 6 January 2026,1,Die leider wirken nicht
ES,B07NWWFLL8,Inutile,Reviewed in Italy on 19 February 2026,1,Inutile
ES,B07NWWFLL8,Nutzlos,Reviewed in Germany on 18 September 2023,1,"Strategisch in den Räumen verteilt und gewartet: dass keine einzige Schabe sich in den Fallen verirrte, stimmte mich skeptisch, hatte ich doch zumindest eine in der Wohnung entdeckt. Als 2 Schaben über das Dachfenster reinkamen, aber nicht ins Zimmer, da das Fliegengitter als Barriere da war, habe ich den Härtetest gemacht: Fenster zu, Falle zwischen geschlossenem Fenster und Fliegengitter platziert und 1 Tag und 1 Nacht gewartet. Ergebnis: Schaben immer noch da, in die Falle getappt sind sie allerdings nicht. Fallen also total nutzlos! Rausgeworfenes Geld…Nachtrag: der Verkäufer hat mir nach der Rezension mitgeteilt, dass die Boxen nicht bei Waldschaben wirken, die dann wohl bei uns vorlagen. Dies war vorher nicht in den Produktbeschreibungen angegeben und auch sahen unsere Schabe genauso aus, wie in den Produktbildern."
ES,B07NWWFLL8,Normal,Reviewed in Germany on 18 December 2025,1,Normal
ES,B07NWWFLL8,Non funzionano,Reviewed in Italy on 29 August 2025,1,Scrivo questa recensione dopo un mese di utilizzo circa e devo dire che solo una blatta è cascata nella trappola. Nel mio caso non ha funzionato e sono dovuta passare al gel.
ES,B07NWWFLL8,Nutzlos,Reviewed in Germany on 19 September 2025,1,"Ziemlich nutzlos hat nichts gefangen, 12 Fallen und nur einmal hat sich eine Spinne verirrt und ist hängen geblieben."
ES,B07NWWFLL8,Vraiment dessus pas comme décrié sur la boîte,Reviewed in France on 23 September 2025,1,"Bonjour, dans la boîte il y’avait 3 piégé non 12 comme indiqué sur la boîte dessus"
ES,B07NWWFLL8,Ohne Erfolg,Reviewed in Germany on 10 August 2025,1,"Leider funktionieren die Fallen bei mir überhaupt nicht. Sie laufen zwar überall herum, aber die Fallen interessieren sie nicht. Wir haben 4 Fallen aufgestellt-in keiner ist eine Schabe. Sehr schade."
ES,B07NWWFLL8,Non efficace,Reviewed in Italy on 7 August 2025,1,"Ho seguito le istruzioni riportate dal venditore,sarò stata sfortunata ma non ho trovato neanche uno scarafaggio nelle trappole che erano correttamente posizionate dove li avevo visti vivi. Personalmente proverò prodotti più efficaci"
ES,B07NWWFLL8,Inutile,Reviewed in Italy on 15 June 2025,1,"Ho acquistato questo prodotto sperando di risolvere il problema delle blatte in casa, ma purtroppo non ha funzionato come speravo. L’ho posizionato da diversi giorni, ma le blatte ci passano vicino senza neanche avvicinarsi. Sembra non attirarle affatto. Forse funziona in altre situazioni, ma nel mio caso non ha dato risultati."
ES,B07NWWFLL8,Hilft gar nicht,Reviewed in Germany on 13 October 2025,1,Hilft gar nicht.
ES,B07NWWFLL8,Geldverschwendung !,Reviewed in Germany on 3 July 2025,1,Geldverschwendung. Das Produkt macht keinen Sinn – funktioniert nicht. Wird von den Insekten / Schaben überhaupt nicht wahrgenommen – funktioniert weder als Monitoring- aber auch nicht als Lock- und Falle-Instrument.Mein Tipp !Nicht kaufen.
ES,B07NWWFLL8,Nutzlos,Reviewed in Germany on 10 September 2025,1,Die Falle wird kaum betreten. Die Tiere laufen drumherum.
ES,B07NWWFLL8,Leider nutzlos,Reviewed in Germany on 22 August 2025,1,Hatte leider keinen Effekt. Schaben sind nicht in der Falle gelandet.
ES,B07NWWFLL8,Pas très efficace,Reviewed in France on 15 May 2024,1,Alors déjà le kit était pas complet il y avait que 4 pièges au lieu de 10... je ne l'ai pas retourné car je n'avais pas vérifié l'intégralité du contenu et j'avais déjà commencé à ouvrir les 2 premiers piège avant de m'apercevoir qu'il en manquait.J'ai utilisé d'autre piège que était plus efficace.Je ne recommande pas.
ES,B07NWWFLL8,Ne fonctionne pas !,Reviewed in France on 10 July 2025,1,Les cafards ne sont pas attirés... Ça ne fonctionne pas ils se baladent autour...Perte d'argent....​
ES,B07NWWFLL8,Nicht gut,Reviewed in Germany on 19 August 2025,1,"Ich finde, das ist normaler Kleber"
ES,B07NWWFLL8,"Nicht zur Bekämpfung, nur Identifikation",Reviewed in Germany on 11 July 2025,1,Leider laut Packungsangabe nicht zur Bekämpfung sondern nur zur Identifikation geeignet. Damit müsste man dann einen Kammerjäger beauftragen...
ES,B07NWWFLL8,Nessun risultato,Reviewed in Italy on 3 October 2025,1,Messe ma senza risultatu
ES,B07NWWFLL8,Inutili,Reviewed in Italy on 22 June 2025,1,Quasi inutili .. su 12 trappole una sola ha attirato uno scarafaggio all'interno e tutto intorno alle altre gli scarafaggi pascolavano felici e contenti .. !
ES,B07NWWFLL8,Nicht empfehlenswert,Reviewed in Germany on 26 July 2025,1,Die Viecher laufen einfach dran vorbei...
ES,B07NWWFLL8,Etkisiz,Reviewed in Germany on 26 July 2025,1,Hiç bir etkinliğini göremedim
ES,B07NWWFLL8,Gar nix gut,Reviewed in Germany on 16 April 2025,1,"Du schmeißt dein Geld in Müll , es ist wirklich nicht gut , nicht kaufen"
ES,B07NWWFLL8,Keine Wirkung,Reviewed in Germany on 21 May 2025,1,Es hat nicht funktioniert bringt nichts schaben 🪳 keine Wirkung
ES,B07NWWFLL8,Deludenti ed inefficaci,Reviewed in Italy on 29 July 2025,1,Nessuna efficacia. Gli insetti giravano indisturbati ma trappole vuote
ES,B07NWWFLL8,Inafficacité,Reviewed in France on 8 April 2024,1,"BonsoirJ'ai mis ces pièges dans la cuisine, salle de bain et WC et cela n'a pas fonctionné. Aucun cafard dans ces pièges quoique j'en trouvais qui trainaient . Aucune efficacité. Je regrette cet achat Cordialement Christiane"
ES,B07NWWFLL8,Keine Schabe gefangen,Reviewed in Germany on 15 October 2024,1,"Wir haben einen Befall.Alle 12 fallen wurden aufgestellt, aber keine einzige Schabe wurde gefangen.Da fange ich sie noch effizienter mit der Hand."
ES,B07NWWFLL8,Kein Nutzen,Reviewed in Germany on 12 August 2024,1,"Wir haben die aufgrund der Bewertung bestellt, leider helfen die in keinster Weise. Na h dem Aufstellen stinkt die Wohnung erstmal ein Tag lang und helfen tun sie leider null."
ES,B07NWWFLL8,Funziona poco,Reviewed in Italy on 20 July 2025,1,Sono fatti di cartoncino
ES,B07NWWFLL8,inutile,Reviewed in Italy on 22 July 2025,1,rudimentale . inutile.
ES,B07NWWFLL8,Schlecht,Reviewed in Germany on 5 September 2024,1,"Wurde es bestekkt nur wegen Rezension, aber das hat überhaupt gar nicht funktioniert. Ich habe noch weiter im Haus gehabt."
ES,B07NWWFLL8,Haben nichts gebracht,Reviewed in Germany on 6 December 2023,1,"Habe die Fallen gekauft da wir Feldrandlage wohnen und im Sommer draussen diese Bernstein-Waldschaben herum wuseln. Wollte da mal bisl gegen angehen aber ohne Erfolg. Nach Wochen ist keine einige in der Falle.Und ja, Fallen wurden nat. entsprechend Anleitung zusammen gebaut..."
ES,B07NWWFLL8,Nul,Reviewed in France on 21 November 2023,1,Aucun cafard piégé ! Et en plus sent très fort.ou comment jeter son argent par la fenêtre. Je ne recommande pas du tout.les photos sont des montages(on a très certainement jeté dessus les pièges les cafards)
ES,B07NWWFLL8,Absolut schrott,Reviewed in Germany on 25 October 2024,1,Kein einziges hat funktioniert!! Hätte mir das Geld echt sparen sollen!!
ES,B07NWWFLL8,Keinerlei Wirkung bei Schabben oder anderen Insekten,Reviewed in Germany on 29 September 2023,1,"Die Fallen wurden mehrere Wochen angewandt, leider erfolglos, keinerlei Wirkung bei Schaben oder anderen Insekten.Die Stellen wurden auch gewechselt, aber alles ohne Wirkung.Das Produkt empfehle ich nicht.Reine Zeit- und Geldverschwendung."
ES,B07NWWFLL8,Scadente,Reviewed in Italy on 2 June 2025,1,Soldi buttati via
ES,B07NWWFLL8,"Keiner der Käfer wurde gefangen, sie laufen herum und nichts passiert",Reviewed in Germany on 5 March 2025,1,Schrot
ES,B07NWWFLL8,Nicht wie erwartet,Reviewed in Germany on 7 September 2022,1,"Da wir aktuell ein Waldschaben Problem haben, haben wir uns für dieses Produkt entschieden.Wir haben die Falle jetzt 4 Tage im Einsatz leider ohne Erfolg.Keine einzige Schabe ist in die Falle gelaufen, aber in der Wohnung finden wir immer wieder welche herumlaufen."
ES,B07NWWFLL8,Non utile,Reviewed in Italy on 5 February 2025,1,Non ha catturato nulla
ES,B07NWWFLL8,Arnaque,Reviewed in France on 7 June 2024,1,le paquet n'est pas complet au lieu de 12 pièges j'en ai trouvé que 4 ... vraiment fouttage de gueule!!!
ES,B07NWWFLL8,Utilizzato per una settimana di seguito! Inefficace!,Reviewed in Italy on 19 October 2024,1,Come da titolo le blatte hanno girato attorno all'ostacolo e non ci sono mai passate sopra.. Lo sconsiglio
ES,B07NWWFLL8,Funktioniert nicht,Reviewed in Germany on 11 September 2024,1,"Stinkt und funktioniert nicht, Schaben laufen vorbei."
ES,B07NWWFLL8,Nichts gebracht .,Reviewed in Germany on 10 September 2024,1,"nur eine Lüge, hat nichts gebracht. Geldverschwendung."
ES,B07NWWFLL8,Inefficace,Reviewed in France on 30 March 2025,1,Ne fonctionne pas
ES,B07NWWFLL8,"Nix gefangen, gut gestunken",Reviewed in Germany on 17 July 2022,1,"Nach Wochen im Einsatz kann ich eine Spinne, paar Käfer und ordentlichen Gestank vermelden. Schaben habe ich keine mit den Klebedingern gefangen.Dafür stinken die Locktabletten wie die Pest. vermutlich sind die Schaben getürmt."
ES,B07NWWFLL8,Hat bei uns leider nichts gebracht!,Reviewed in Germany on 23 July 2020,1,"Ich habe die Falle nach einigem Hin und Her überlegen dann doch bestellt (aufgrund der doch teilweise positiven Rezensionen). Was soll ich sagen... nicht eine einzige klebte in der Falle. Und genug Tiere sind auf jeden Fall da... Wir haben sogar eine rein gesetzt, die krabbelte dann weiter... Mag vielleicht bei einigen funktionieren, aber bei uns überhaupt nicht! Musste ich dann wieder retournieren."
ES,B07NWWFLL8,Funktioniert einfach nicht!,Reviewed in Germany on 21 August 2021,1,"Die Lieferung erfolgte schnell, das Aufstellen der Fallen war einfach. Leider funktionieren diese Fällen nicht. Ich hatte noch keine einzige Schaben in der Falle, sehe aber immer mal wieder ein Exemplar in meiner Wohnung.Schade drum! Ich kann die Fallen leider nicht empfehlen!"
ES,B07NWWFLL8,Inutile,Reviewed in Italy on 2 February 2025,1,Non serve a nulla
ES,B07NWWFLL8,Der gröste mist,Reviewed in Germany on 3 July 2023,1,Solte nur die kakalachen aber die ficher gehen nicht hinein  gut das das nicht für mich war
ES,B07NWWFLL8,Reinsten Müll,Reviewed in Germany on 13 August 2022,1,"Das Produkt ist reinste Zeitverschwendung. Profesioneller Müll. Also da ist nix, keine einzige Scharbe war drauf. Null Empfehlung. Mittlerweile sind die scharben Großer und mehr geworden."
ES,B07NWWFLL8,Enttäuschend,Reviewed in Germany on 13 August 2019,1,"Nach den Rezesionen unter diesem Produkt, entschied ich mich für die äse Schabenfallen. Ich stellte mehrere in der Wohnung auf, wie beschrieben. Ich beobachtete das ganze geschehenwährend den nächsten tagen, und durfte sehen immer wieder schaben einfach an den fallen vorbei gelaufen sind. Ich lies sie dort für einige weitere Tage, jedoch kein Erfolg, in keinster weise. Keine Empfehlung! Tut nich was es soll."
ES,B07NWWFLL8,Wird von meinen Schaben ignoriert,Reviewed in Germany on 29 September 2021,1,"Habe mehrere Fallen an den wichtigsten Stellen verteilt (da, wo sie lang laufen) aber für die Fallen interessierte sich keine einzige Schabe. Habe mir Spray gekauft im Drogeriemarkt. Das hat geholfen."
ES,B07NWWFLL8,Leider bislang erfolglos,Reviewed in Germany on 28 May 2021,1,"Ich hatte gehofft, dass die Falle tatsächlich wirksam Schaben anlockt und diese dort haften bleiben. Bislang ist allerdings keine einzige in die Fall gegangen; stattdessen laufen sie einfach drum herum. Bislang leider völlig wirkungslos."
ES,B07NWWFLL8,Imcomplet,Reviewed in France on 21 November 2023,1,Produit arrivé ouvert avec 8 pièges manquants sur les 12. Demande de remboursement effectuée.
ES,B07NWWFLL8,Ne fonctionne pas,Reviewed in France on 3 October 2024,1,Aucune efficacité
ES,B07NWWFLL8,Vollkommen nutzlos,Reviewed in Germany on 9 September 2019,1,"Diese Fallen bringen überhaupt nichts. Ich habe vier Stück in einem Raum aufgestellt und nach einer Woche war nicht ein einziges Tier darin zu finden. Die Falle enthält auch keinen separaten Lockstoff, wie man es von anderen Produkten kennt. Man zieht einfach eine Folie ab und stellt die Falle auf."
ES,B07NWWFLL8,Leider ein Stern,Reviewed in Germany on 27 July 2023,1,Bei uns fuktioniert es leider gar nicht. Echt schade.
ES,B07NWWFLL8,Das war nix,Reviewed in Germany on 4 June 2023,1,"4 Fallen nach Anweisung aufgestellt. Ergebnis: Fliegenklatsche 8, Fallen 0"
ES,B07NWWFLL8,Leichter Zusammenbau,Reviewed in Germany on 17 September 2019,1,"Bisher habe wir leider nur eine kleine Spinne damit gefangen. Die Schaben laufen an der Falle vorbei. Wir hatten es beobachtet, daher kann ich nur sagen, dass es bei uns leider nicht funktioniert. In den letzten Wochen haben wir mindestens 4 Schaben gesehen."
ES,B07NWWFLL8,Absolument inefficace,Reviewed in France on 1 November 2023,1,Pourtant bien mis dans le passage des cafards.
ES,B07NWWFLL8,Nutzlos,Reviewed in Germany on 22 July 2019,1,"Ich habe überall in meinem Haus aus diesen Fallen gestellt, aber sie sind nutzlos, weil die Kakerlaken immer wieder hereinkommen. Keiner von ihnen wurde in diesen Fallen gefangen.Leider habe ich mehr von diesen Fallen erwartet, daher habe ich nur 1 Stern bewertet."
ES,B07NWWFLL8,the tape has same functionality,Reviewed in Germany on 12 October 2021,1,it doesn’t attract bugs so unless you have colonies of them running around this will be useless. its just a sticky surface
ES,B07NWWFLL8,Keine Ködertabletten enthalten obwohl es auf der Packung steht,Reviewed in Germany on 19 August 2022,1,Es waren nur die 4 streifen mit 3 einzelfallen in der packung ohne Ködertabletten!
ES,B07NWWFLL8,Es ist nicht eine reingefallen,Reviewed in Germany on 12 January 2022,1,Die sind nicht reingefallen mussten doch einen Profi kommen lassen und die haben es in den Griff bekommen
ES,B07NWWFLL8,War nicht zielführend hat nichts gefangen,Reviewed in Germany on 21 May 2023,1,Aufgestellt wochenlang gewartet niks gefangen
ES,B07NWWFLL8,taugt nicht,Reviewed in Germany on 8 April 2023,1,ich kann es nicht empfehlen
ES,B07NWWFLL8,Funktioniert leider nicht,Reviewed in Germany on 12 November 2019,1,"Falle taugt leider nix. Die Schabe lief sehr relaxed auf der Oberseite der Falle spazieren und zeigte keine Intention, sich im Inneren festkleben zu lassen . Habe jetzt zusätzlich noch Gift besorgt. Das hilft hoffentlich."
ES,B07NWWFLL8,Eher nicht,Reviewed in Germany on 6 July 2022,1,Die Pillen stinken aber die Tiere gehen nicht rein.
ES,B07NWWFLL8,Fängt nix,Reviewed in Germany on 7 October 2022,1,Absoluter Müll. Keine kaufempfung meinerseits
ES,B07NWWFLL8,Funktion nicht erfüllt - fehlender Köder?,Reviewed in Germany on 30 August 2019,1,"Leider nicht eine einzige Kakerlake gefangen, nur 1 Fruchtfliege innerhalb von zwei Monaten. Die Falle vom Profi mit sichtbaren Lockstoff war deutlich erfolgreicher. Schade, da 1. Eindruck sowie Verarbeitung und Versand gut war."
ES,B07NWWFLL8,Leider kein Erfolg,Reviewed in Germany on 1 September 2019,1,"Leider konnte die Fallen keine einzige Schabe anlocken. Die Schaben liefen ständig daran vorbei. Mussten nach 2 Wochen auf etwas anderes zurück greifen, da mittlerweile schon sehr viele Schaben zu sehen waren/sind."
ES,B07NWWFLL8,Nichts,Reviewed in Germany on 6 April 2021,1,Hat null geholfen! Nicht ein Tier rein gegangen obwohl wir die Falken an mehreren Stellen aufgestellt haben
ES,B07NWWFLL8,"Kompletter Müll, nach 5 Tagen keine einzige Küchenschabe gefangen",Reviewed in Germany on 14 September 2022,1,Funktioniert überhaupt nicht
ES,B07NWWFLL8,funktioniert nicht,Reviewed in Germany on 10 October 2022,1,funktioniert nicht
ES,B07NWWFLL8,Nur betrug,Reviewed in Germany on 18 March 2020,1,Dieses Produkt ist alles andere als eine schabenfalle.die gehen darin nur spatzieren als da kleben zu bleiben würde ich nie wieder bestellen und keinen empfehlen
ES,B07NWWFLL8,Funktioniert bei mir nicht,Reviewed in Germany on 6 November 2019,1,Ein Stern fürs leichte aufstellen.Wirkung scheint jedoch nicht da zu sein.Konnte nach Wochen keine einzige schabe in den Fällen finden.Also total nutzlos
ES,B07NWWFLL8,Es hat ga gebraucht ich empfehle ihn nicht mehr,Reviewed in Germany on 16 July 2022,1,En bringt nichts
ES,B07NWWFLL8,Bis jetzt noch kein Erfolg gehabt. Habe sie seit 4 Wochen plaziert.,Reviewed in Germany on 23 May 2022,1,Bin nicht zufrieden damit
ES,B07NWWFLL8,Uninteressant,Reviewed in Germany on 3 July 2020,1,"Wir haben eine Küchenschabe dabei beobachtet, dass sie direkt vor der Falle steht und sich nicht die Bohne interessiert."
ES,B07NWWFLL8,Nutzlos,Reviewed in Germany on 23 August 2019,1,Die Fallen bringen nichts.Seit 4 Wochen sind sie in jeden Raum aufgestellt und nichts gefangen. Aber jeden Abend laufen mir Schaben über den Weg.
ES,B07NWWFLL8,Keine einzige erwischt :-(,Reviewed in Germany on 31 August 2019,1,Leider muss ich mich den schlechten Rezessionen anschließen... die Falle(n) war nutzlos.Keine einzige erwischt :-(Ich muss auf andere Mittel ausweichen.
ES,B07NWWFLL8,Nie wieder,Reviewed in Germany on 15 November 2020,1,Funktioniert bestimmt nur nicht bei mir schade
ES,B07NWWFLL8,"Null Wirkung, kein Insekt gefangen, trotz Befall!!!",Reviewed in Germany on 21 September 2019,1,"Die ""Fallen"" funktionieren nicht gegen Schaben, der angepriesene Kundendienst ist nicht verfügbar und reagiert auf Anfrage nicht."
ES,B07NWWFLL8,Da tut sich nix,Reviewed in Germany on 6 November 2020,1,Nicht für den vorgesehenen Einsatz geeignet
ES,B07NWWFLL8,👎,Reviewed in Germany on 14 August 2020,1,Taugt gar nichts👎👎👎❗️
ES,B07NWWFLL8,Nic,Reviewed in Germany on 14 January 2020,1,Nic
ES,B07NWWFLL8,Unnötig,Reviewed in Germany on 25 September 2019,1,"Höchstens ist da eine fruchtfliege reingegangen, die Schaben laufen daran vorbei!"
ES,B07NWWFLL8,Keine einzige Schabe gefangen - trotz korrektem Aufbau,Reviewed in Germany on 5 September 2019,1,Neben der langen Lieferzeit haben wir trotz korrektem Aufbau keine Schabe gefangen!
ES,B07NWWFLL8,Excellence calidad,Reviewed in Spain on 2 September 2025,5,"Exellente el producto, de todas que he probado, estas son las mejor de sabor y la textura."
ES,B07NWWFLL8,⭐ Muy buena relación calidad-precio,Reviewed in Spain on 26 June 2026,5,"⭐⭐⭐⭐⭐Muy buena relación calidad-precio. Las trampas son fáciles de montar y colocar. Todavía no he atrapado ninguna cucaracha, ¡lo cual espero que sea una buena señal! 😅 Hasta ahora estoy satisfecho/a con la compra."
ES,B07NWWFLL8,¡Pillada!,Reviewed in Spain on 30 January 2026,4,Reformuló mi revisión. Adjunto foto. También se han pegado otros insectos.
ES,B07NWWFLL8,Muito eficaz,Reviewed in Spain on 24 June 2026,5,Gostei muito do produto. Eficaz. Fácil de colocar. Aconselhado
ES,B07NWWFLL8,Buen producto,Reviewed in Spain on 3 December 2024,3,Se montan fácil.Lo único el olor de las pastillas.Me imagino que tiene que ser así.De momento no a atrapado nada.Son por prevención.
ES,B07NWWFLL8,Perfecto,Reviewed in Spain on 18 June 2026,5,Cumpliendo el objetivo
ES,B07NWWFLL8,Eficaz,Reviewed in Spain on 2 June 2026,5,Eficaz
ES,B07NWWFLL8,Atrapa,Reviewed in Spain on 13 May 2026,5,Muy bien
ES,B07NWWFLL8,Sencilla,Reviewed in Spain on 2 July 2025,3,"Es bastante sencillo de colocar, todavía no sé si es efectivo, pero que se queden pegadas no me hace mucha gracia."
ES,B07NWWFLL8,No ha servido de mucho,Reviewed in Spain on 9 October 2025,2,"No sé si mis cucarachas son nucleares o qué, pero a mi no me ha servido de mucho. Una se quedó medio atrapada pero al final se escapó. Las mias son de las marrones, tal vez para las negras sí que sirve."
ES,B07NWWFLL8,Tamaño pequeño,Reviewed in Spain on 11 August 2025,2,"La función la cumplen pero las trampas son demasiado pequeñas para mi gusto, la verdad que no recuerdo leer que las medidas eran tan pequeñas y por este motivo mi reseña es baja, la función de atrapar las cucarachas la hace sin problemas"
ES,B07NWWFLL8,No es para tanto,Reviewed in Spain on 7 November 2024,2,No atrapan como otras marcas… probé este producto pero no es nada efectivo.. no atrae los bichos .. trae una pastilla con olor y creo que en ves de atraer les aleja y les ves dando vueltas alrededor … no me convence ya que he probado otras marcas y caen como moscas
ES,B07NWWFLL8,Inefficace,Reviewed in Italy on 16 June 2026,2,Non funziona
ES,B07NWWFLL8,Az etki,Reviewed in Germany on 6 February 2026,2,Çok etkisini  göremedim
ES,B07NWWFLL8,schlecht,Reviewed in Germany on 4 December 2025,2,Es war von geringem Nutzen; ich empfehle es nicht.
ES,B07NWWFLL8,Non funziona,Reviewed in Italy on 26 October 2025,2,Nessun risultato
ES,B07NWWFLL8,Artikelbeschreibung nicht korrekt,Reviewed in Germany on 23 July 2025,2,Kartonaufsteller wie beschriebenObwohl anders beschrieben und wäre für mich wichtig gewesen: KEINE Ködertabletten enthalten
ES,B07NWWFLL8,Es hat nicht geholfen,Reviewed in Germany on 10 July 2025,2,Das hat nicht gut funktioniert.Leider habe ich immer noch die selbe Probleme.
ES,B07NWWFLL8,Naja . Nicht wie gedacht,Reviewed in Germany on 27 May 2025,2,H
ES,B07NWWFLL8,Déçu,Reviewed in France on 13 March 2025,2,Déçu ça n’a rien attrapé du tout ..
ES,B07NWWFLL8,Funktioniert null. Trotz starkem Befall auf der Arbeit habe ich damit keine einzige gefangen.,Reviewed in Germany on 3 February 2025,2,"Leider Geldverschwendung. Auf der Arbeit gab es einen Befall. Ich habe die Fallen gekauft, weil ich zusätzlich den Befall im Büro dezimieren wollte. (Die Hausleitung hatte leider viel zu wenig, viel zu spät unternommen). Die Tiere waren überall auf dem Gang unterwegs, jedoch nicht in die Fallen gelaufen. Der beauftragte Schädlingsbekämpfer kam endlich und meinte auch, dass die Fallen nichts bringen. Trotz duzender toter Schaben am nächsten Tag, war keine einzige in eine der Fallen gelaufen.Auch wenn das Produkt m. M. n. nicht funktioniert hat, vergebe ich trotzdem 2 Sterne für den super Kundenservice. Mir wurde sofort eine Erstattung angeboten. Der Service ist freundlich, professionell und schnell. Danke!"
ES,B07NWWFLL8,Attention 4 pièges pas 12,Reviewed in France on 25 December 2024,2,J'ai eu que 4 pièges !
ES,B07NWWFLL8,Non proprio il massimo.,Reviewed in Italy on 10 November 2024,2,"Nonostante siano state poste nei punti ""strategici"" di ogni camera, solo una ha funzionato a dovere. Nelle altre stanze, invece, gli incontri ravvicinati si sono verificati. Evidentemente, mi viene da pensare che l'effetto di attrazione dell' esca alimentare non sia sufficientemente efficace."
ES,B07NWWFLL8,Kaum Wirkung,Reviewed in Germany on 8 September 2024,2,"Fängt fast nichts, ich selbst aber jede Menge"
ES,B07NWWFLL8,Piège fourni Sans pastille de gel,Reviewed in France on 29 August 2024,2,Cafard de jardin mais sans la notice produit on est sur des cafards d interieur
ES,B07NWWFLL8,Beklediğim performans yok.,Reviewed in Germany on 4 April 2024,2,Nerdeyse hiç bir etki göstermedi.
ES,B07NWWFLL8,Schabe läuft durch falle,Reviewed in Germany on 10 November 2023,2,"Hat überhaupt nicht funktioniert , Schabe einfach durchgelaufen ohne kleben zu bleiben"
ES,B07NWWFLL8,Erfüllt seinen Zweck,Reviewed in Germany on 17 September 2023,2,Erfüllt seinen Zweck
ES,B07NWWFLL8,Unerträglicher Gestank,Reviewed in Germany on 20 November 2022,2,"In der Hoffnung meine Silberfische zu fangen hab ich mir nach intensiver Recherche dieses Set gekauft.Die Verarbeitung usw passt ja, aber: es wurden insgesamt 4 Fallen aufgestellt.Wenn man nach einem langen Arbeitstag seine Wohnung betritt, trifft einem der Schlag wenn dir der Geruch der Fallen entgegenkommt.Klar, die Köder brauchen ein Lockmittel, aber wenn man's nichtmehr in der Eigenen Wohnung aushält kann man auch gleich ausziehen und die Wohnung den Viechern überlassen."
ES,B07NWWFLL8,Umsonst gekauft,Reviewed in Germany on 28 October 2022,2,Sie Schaben (falls es welche in meiner Küche gibt) haben diese Falle nicht besucht.
ES,B07NWWFLL8,Doest work for me,Reviewed in Germany on 23 July 2022,2,"I keep seeing cochroaches in the house , placed 12 of them around yet not even one got caught even with the bait."
ES,B07NWWFLL8,does not work,Reviewed in Germany on 8 February 2022,2,does not work
ES,B07NWWFLL8,Unsere Scharben sind wohl zu schlau dafür.,Reviewed in Germany on 21 January 2022,2,Leider bringt das Produkt gar nichts unsere Scharben sind wohl zu klug dafür und umgehen denn fallen problemlos.
ES,B07NWWFLL8,Erfüllt seinen Zweck,Reviewed in Germany on 16 March 2021,2,"ich erwartete 12 stück, bekam 4 stück, der Verkäufer zahlte das Geld zurück und schenkte mir die 4 stück.ich war mit der Klebkraft zufrieden, viele Schaben sind in die Falle getappt.  Erfüllt seinen Zweck"
ES,B07NWWFLL8,nicht wie erwartet,Reviewed in Germany on 13 September 2020,2,Die Fallen solten auch gegen Silberfischchen helfen. Das stand mindestens als Antwot auf eine gezielte Frage.Kein einziges Silberfischchen ist in die Falle zu sehen.Kakalaken haben wir zum Glück nicht.
ES,B07NWWFLL8,Wirkungslos,Reviewed in Germany on 20 July 2020,2,Hallo. Leider ist bisher noch keine einzige Schwabe in der Falle obwohl es manchmal Abends regelrecht wimmelt auf unserer Terrasse von den Viechern. Ich habe vier der Fällen aufgestellt und nur kleinere Käfer und Spinnen gefangen.Sehr enttäuschend.
ES,B07NWWFLL8,Schabe nicht angelockt,Reviewed in Germany on 8 February 2020,2,Ein Schmeterling wurde gefangen (also unnoetiges falsches Opfer) ABER eine Schabe lag 1 Meter entfernt tot auf dem Rucken -nicht eingefangen- obwohl 3 Fallen gestellt wurden (im Zimmer ca. 3x4m). Die Schabe ist bestimmt vom Lachen uber dieses Produkt gestorben. Also es lockt die Schaben nicht an.
ES,B07NWWFLL8,Schabenfalle,Reviewed in Germany on 27 January 2020,2,"Funktion Na Ja, ist zu verbessern"
ES,B07NWWFLL8,scheinbar kein Lockmittel für Schaben enthalten?!,Reviewed in Germany on 17 October 2019,2,"Nicht eine Schabe in 3 Wochen gefangen. Scheinbar kein Lockmittel - nur Insekten die sich „verirren“ bleiben an der klebrigen Fläche hängen. Für den gedachten Zweck nicht empfehlenswert. Lieferung, Verpackung, Qualität ok"
ES,B07NWWFLL8,"Achtung: Nicht auf den Boden stellen, fängt auch Nützlinge",Reviewed in Germany on 12 October 2019,2,"Also Leute ihr habt es bestimmt gut gemeint bei der Entwicklung Eures Produktes, aber die Fallen stehen jetzt bei mir in der ganzen Wohnung in jedem Zimmer mind. 2 und das seit 3 Wochen, an den brisantesten Stellen, zb. Kühlschrank, Herd, Spüle, Schränke und Betten. Ich habe sie nicht mehr auf den Boden gestellt da sie leider auch Nützlinge die die unerwünschten Schaden fressen z.B die Zitterspinne fangen. Leider sind die Hausschaben bis jetzt nicht darin gefunden worden. Vielleicht hatte ich nur die 4, die ich noch mit der Hand fing, aber das glaube ich nicht. Er gehen Sie in die wasserölfalle wie ich aus dem Internet erfahren habe lieben sie Wasser und brauchen es zum trinken. Auch krabbeln sie gern nachts unter einen feuchten Wischlappen da kann man sie dann früh aufklauben besser gesagt einfach erstmal drauf treten. Denn sie sind sehr schnell und hauen dann ab wenn man den Lappen hochhebt. Da die Scheiben sehr gerne auch an den Wänden und auf den Schränken herumkrabbeln habe ich nun die fallen an den Schrankwänden und auf den Schränken aufgestellt. Die Zitterspinnen und äußerst nützlichen Weberknechte, sind in den Ecken und nicht an den offenen Flächen zu finden. Im übrigen Weberknechte bitte auch nicht mit dem Staubsauger aufsaugen auch sie fressen schaben und Sekten Insekte. Saugt man sie mit dem Staubsauger auf dann geben die Weberknechte einen stinkenden Geruch aber man kriegt den Staubsauger nur sehr schlecht geruchsfrei. Entscheiden Sie sich für Weberknecht und Zitterspinne anstatt ein Haus voller Kakerlaken und Schaben. Weberknecht und Zitterspinne sind so gut wie unsichtbar und tun uns nichts sie marschieren auch nicht in die Betten. Während eines habe schon über mein Bett lief. Noch ein Tipp lassen Sie keine Essensreste auf dem Boden liegen wie z.B wenn sie Hund und Katze haben Essensreste aus dem Napf das lieben die Schaben daran laden sie sich nachts. Futternäpfe nach dem Essen sofort ausspülen. Möglichst auch kein Wasser liegen lassen, denn dann trinken haben sie auch noch was zu trinken. Wenn man sie verdursten und aushungern lässt dann lassen sie sich auch am Tag blicken und man kann sie zerquetschen. Wer eine gute Nase hat riecht auch den Köder, er riecht nach Teufelsdreck, also nicht unbedingt im Schlafzimmer neben dem Bett aufstellen. Ich habe jetzt in meiner 80 Quadratmeter Wohnung 5 fallen an die Seitenwände der Schränke ca in der Mitte hingeklebt. Ich melde mich wenn ich Erfolg habe.  Die neue Aktion dass ich die Fallen vom Boden entfernt habe um den Nützlingen nicht zu schaden, war erst gestern den 6.9.2024, und zwar aufgrund dessen, dass die Schaben die Wände und Fernseher und Schränke hinauf und hinunter laufen, und leider nur ein nützlicher Weberknecht und eine sehr nützliche Zitterspinne gefangen wurden. Diese Tiere sind unsichtbar und stören nicht. Sie vermehren sich auch nicht. Wer sich an ihnen stört kann sie mit einem Glas und einer Karte und oder einem weichen Tuch fangen und wieder aussetzen. Sie sind ungiftig und auch keine echten Spinnen."
ES,B07NWWFLL8,Schabe meidet die Falle,Reviewed in Germany on 16 August 2019,2,"Nachdem ich gesehen habe, wie eine Schabe in die Falle gekrabbelt ist und dann aber das Weite gesucht hat, war klar, dass die Falle nicht funktioniert. Leider! Die Idee ist gut und der Lockstoff scheint zu wirken, aber die Schabe muss schon einmal komplett durchlaufen um kleben zu bleiben. Wenn die Schabe merkt, dass es klebrig wird, dann kehrt sie um."
ES,B07NWWFLL8,Por lo menos las pega,Reviewed in Spain on 1 April 2025,3,Las pilla y las deja pegadas pero se acaba con ellas 🤔
ES,B07NWWFLL8,"Der Köder durch Gel ausgetauscht, ab da tappten die Schaben nach und nach hinein",Reviewed in Germany on 10 April 2026,3,"Der Giftköder lockt nicht sehr, habe später Gel in die Fallen getan, ab da tappten die Schaben nach und nach hinein.Ergänzung:Nachdem ich meine Rezension geschrieben hatte, hat mir das Service-Team den Kaufpreis komplett rückerstattet."
ES,B07NWWFLL8,piccole trappole,Reviewed in Italy on 19 June 2026,3,di facile uso ma per il momento non ha preso nulla.... aspettiamo
ES,B07NWWFLL8,C'est bien pour des petites surfaces,Reviewed in France on 15 December 2025,3,Trop petits
ES,B07NWWFLL8,prima volta che lo uso,Reviewed in Italy on 3 July 2026,3,"Non avevo capito il prodotto, nel mio caso non va bene"
ES,B07NWWFLL8,Schwer zu sagen ob das Produkt gut ist oder nicht,Reviewed in Germany on 9 October 2025,3,"Bestellung und Lieferung waren Problemlos.Schwer zu sagen ob das Produkt gut ist oder nicht.Warum? (Zeit der Anwendung beim verfassen der Rezension: 10 Tage)In den letzten drei Monaten habe ich 2 mal eine Kakerlake in der Wohnung entdeckt. Und es tauchten vereinzelt auch Papierfische / Silberfische auf.Die Fallen wurden gut verteilt in der Wohnung aufgestellt, allerdings haben sie nichts gefangen und ich habe in der Zeit (10 Tage) einmal ein Papierfisch in der Badewanne entdeckt. (Ob das Tierchen von den Nachbarn rüber gekommen ist oder nicht weiß ich nicht). Ansonsten blieb es soweit Ruhig sowohl in den Fallen als auch von dem was ich sehen konnte.Deshalb ist es schwer zu sagen ob die Fallen leer sind, weil es kein Ungeziefer in der Wohnung gibt oder weil sie nicht funktionieren."
ES,B07NWWFLL8,Tre stelle per stare nel mezzo,Reviewed in Italy on 14 December 2025,3,"Le ho messe da poco, al momento non so se saranno utili. Comunque sono molto facili da montare"
ES,B07NWWFLL8,50/50,Reviewed in Germany on 29 December 2025,3,Nicht wirksam. Wirkt zu 50 %.
ES,B07NWWFLL8,Trappola,Reviewed in Italy on 1 November 2025,3,Come sembrano sono fatte bene ma al momento non mi anno catturato nemmeno uno vi farò sapere se accade
ES,B07NWWFLL8,Dubitative,Reviewed in France on 3 November 2024,3,"J'ai mis le piège il y a quelques temps.  Il est toujours vide. Pourtant j'ai croisé 3 cafards qui se promenaient en sens inverse du piège.  Est-ce un lot frelaté ? Est il valide que quelques heures? Pas convaincue.En revanche, un bon point pour le vendeur qui a pris contact avec moi suite à mon commentaire en me proposant un remboursement.  C'est très fair-play de sa part."
ES,B07NWWFLL8,Funktionier nicht,Reviewed in Germany on 6 July 2025,3,"Es hat bei mir leider nicht funktioniert. Die Schaben sind an der Falle einfach vorbei gelaufen. Ich habe darauf hin eine 1-Stern Bewertung gegeben. Allerdings hat sich das Unternehmen direkt bei mir gemeldet und angeboten das Geld zurück zu überweisen.  Daher korrigiere ich auf 3-Sterne, aber nur für den guten Kundenservice :)!"
ES,B07NWWFLL8,Funziona ma crea problemi con formiche,Reviewed in Italy on 30 July 2025,3,Comprato per usare dentro di casa funziona bene co. I scarafaggi ma sembra che fa arrivare le formiche quindi ho lasciato di usare
ES,B07NWWFLL8,Ist die Anlockklebefalle gut ?,Reviewed in Germany on 13 August 2025,3,"die Locktabletten riechen extrem stark !Bis jetzt war jedoch keine Scharbe in der FalleDas ist für mich natürlich "" SUPER """
ES,B07NWWFLL8,Mal so mal so,Reviewed in Germany on 17 September 2025,3,Funktioniert leider nicht ganz wie erwartet.Nicht immer fallen die Schaben drauf rein.
ES,B07NWWFLL8,Naja,Reviewed in Germany on 28 September 2025,3,Naja die Tiere gehen nicht wirklich dahin
ES,B07NWWFLL8,gut,Reviewed in Germany on 10 October 2025,3,gut
ES,B07NWWFLL8,bei mir leider ohne Wirkung,Reviewed in Germany on 23 November 2023,3,"auch wenn die (nicht)wirksamkeit meine ganz persönliche erfahrung ist, so muss dieses produkt nicht zwangsläufig schlecht sein, es kommt sicher immer auch auf den ort und sinn der anwendung an.daher 2 sterne fürs produkt und den dritten stern für den excellenten kundenservice, der um zufriedenheit der kunden bemüht ist.und nun meine ganz persönlichen erfahrungen,schon beim ausdrücken der ersten Pille konnte man sofort erahnen, was da geruchsmäßig auf einen zu kommt. Trotzdem war die Hoffnung groß, dabei bliebs aber auch. Eine Falle wurde direkt mit Cam beobachtet. Die Viecher blieben völlig unbeeindruckt, immer schön drum herum vorbei an der Falle. Nach ein paar Tagen war der Geruch nicht mehr ertragbar und ich hab alles entfernt. Für bewohnte Räume daher völlig ungeeignet und nachweislich völlig wirkungslos."
ES,B07NWWFLL8,trappole blatte,Reviewed in Italy on 26 June 2025,3,le casette sonno troppo piccole e si riempiono rapidamente
ES,B07NWWFLL8,Unsicher,Reviewed in Germany on 22 April 2025,3,Ich hab danach kein bViehzeug mehr gesehen. Drin Hang allerdings auch nichts. Daher schwer zu sagen obs wirklich geholfen hat
ES,B07NWWFLL8,Nix für empfindliche Nasen,Reviewed in Germany on 17 September 2021,3,"Das Produkt wurde schnell und gut verpackt geliefert!Ich hatte es übereilt bestellt, weil ich einen ""Käfer"" gefangen hatte, dachte es sei bei erster in Augenscheinnahme eine ""Küchen""schabe. Vorweg, war es nicht, es war eine bernsteinfarbene Waldschabe, lt. Literatur angelockt durch künstliches Licht. Verwechselungsgefahr hoch. Aber nun war das Produkt nun schonmal da und ich dachte mir, ich stelle einfach eine auf und schaue, ob da wirklich nix ist. Schon beim Auspacken stellte ich einen Geruch fest, den ich kannte-----MAGGIE--- boa....heftig! ZU heftig. Ich habe eine Falle aber aufgestellt und ich muss sagen- geht gar nicht. Die ganze Abstellkammer riecht nach Maggie-Kraut....Der Geruch ist so übermächtig, dass ich leider nur 3 Sterne vergeben kann. Daran muss man nochmal arbeiten.Ob die Falle zum Erfolg führt, kann ich ja aus o.g. Gründen (Verwechslung) leider nicht sagen."
ES,B07NWWFLL8,Nieder mit den Kakerlaken,Reviewed in Germany on 25 April 2023,3,"Die Installation war wirklich sehr einfach:- Die Falle zusammenfalten und dann die Tabs hineinlegen. Fertig.Bei mir reicht es nicht für 5 Sterne, weil irgendwie nicht alle Kakerlaken gelockt werden. Vielleicht habe ich was falsch verstanden oder falsch installiert. Eine Falle hatte tatsächlich eine Kakerlake drinnen. Sie klebte fest und konnte sich nicht bewegen. Doch habe ich in der Küche, neben der Falle, 2 weitere Kakerlaken gefunden. Erst habe ich 3 - 4 Tage abgewartet, aber die Falle hat nicht zugeschnappt.Am ende habe ich die restlichen 2 mit einem Glas eingefangen und frei gelassen."
ES,B07NWWFLL8,didn't really work,Reviewed in Germany on 12 January 2025,3,"not sure if I used them wrong, but basically I did not notice a reduction of cockroaches in my kitchen. I will not buy again"
ES,B07NWWFLL8,Poco utile,Reviewed in Italy on 12 March 2025,3,"Ad oggi, dopo 10 giorni non ho visto miglioramenti"
ES,B07NWWFLL8,Naja…,Reviewed in Germany on 19 August 2024,3,Fallen waren immer leer.. hatte aber auch keine Schaben sondern samenlaufkäfer. Vielleicht lag es daran 🤔 die fallen eines anderen Herstellers waren aber voll jedesmal komischerweise 🤷‍♂️
ES,B07NWWFLL8,Kann noch nicht viel darüber berichten,Reviewed in Germany on 11 November 2019,3,"Hm, also ich habe vor kurzem einmal wöchentlich innerhalb von drei Wochen eine Schabe in der Küche entdeckt und daraufhin habe ich mir diese Fallen besorgt um herauszufinden wie Stark der Befall ist und ob es überhaupt um eine Art von Küchenschabe handelt. Diese werden wohl von dem Lockstoff angezogen. Habe die Fallen seit ca. Zwei Wochen in Gebrauch aber sie sind leer. Also hoffe ich, dass es doch nur Waldschaben ( sollen wohl nicht schädlich sein und eh nicht lange in Wohnungen überleben, laut Recherche) waren, seitdem auch keine mehr gesehen habe und ich Glück habe. Werde es dennoch weiterhin beobachten. Kann also noch nicht viel über die Wirkung des Produktes berichten."
ES,B07NWWFLL8,funktioniert,Reviewed in Germany on 4 November 2024,3,der kleber geht an türen und beweglichen sachen relativ schnell ab aber es tut was es soll
ES,B07NWWFLL8,Funktioniert nicht leider aber eventuell liegt es nicht an der Falle,Reviewed in Germany on 17 October 2020,3,"Ich gebe drei Punkte, denn die Falle hat keinerlei Schaben gefangen, obwohl ich welche in der Wohnung gesehen habe. Es kann natürlich sein, dass der Befall doch nicht so groß ist, wie ich dachte. Deswegen möchte ich nicht zu schlecht bewerten. Insgesamt frage ich mich jedoch, wie diese sehr kleine Falle wirklich wirksam sein soll gegen doch relativ kräftige Tierchen. Ich stelle mir das ganze so vor wie bei einer Mottenfalle. Die Schabenfalle ist etwas kleiner als die Mottenfallen und das Tier, die Schabe, ist viel größer und robuster als eine Motte. Eigentlich ein Widerspruch!"
ES,B07NWWFLL8,Moyen,Reviewed in France on 18 July 2024,3,Les pastilles ne servent à rien.
ES,B07NWWFLL8,Hab mir mehr erhofft,Reviewed in Germany on 20 March 2022,3,"Das Produkt ist ok es sorgt dafür das, das Ungeziefer in die Falle geht. Aber noch lang nicht so viele wie ich es mir vorgestellt habe. Es dauert einige Tage bis man deutliche vorschritte merkt das , dass Ungeziefer deutlich seltener zu sehen ist. Ich hoffe , dass ich das Ungeziefer bald los bin. Und wichtig viele fallen an unterschiedliche Stellen aufbauen dann sieht man wo und ob es viel Ungeziefer in der Wohnung sich aufhalten"
ES,B07NWWFLL8,Troppo piccola,Reviewed in Italy on 20 September 2024,3,Apprezzo che sia dotata di pasticca esca ma la scatolina è troppo piccola
ES,B07NWWFLL8,nicht perfekt,Reviewed in Germany on 7 April 2024,3,"Ist ok, aber nicht alle Getiere finden ihren Weg in die Falle. Deshalb mehrere aufstellen oder vielleicht etwas effektiveres suchen."
ES,B07NWWFLL8,"12 Fallen aufgestellt, eine Schabe gefangen",Reviewed in Germany on 28 October 2019,3,"Habe zwei Wochen lang Fallen aufgestellt, danach habe ich eine gefangen. In diesen zwei Wochen durfte ich manuell Schaben erlegen (durchschnittlich 1-2 am Tag).Demzufolge glaube ich nicht, dass es daran liegt, dass ich keinen ""wirklichen"" Befall hatte.Aber nachdem ich brav weiter manuell Schaben erlege und sie auch Giftköder bekommen haben, scheint es wieder ruhiger geworden zu sein im Haushalt. (1 Schabe jetzt seit dem letzten Monat)Bin nicht ganz überzeugt von diesen Fallen, aber 1 ist schon besser als keine."
ES,B07NWWFLL8,Kann nicht richtig beurteilen,Reviewed in Germany on 6 October 2022,3,Also entweder die eine kleine Kakerlaken bei uns in die Wohnung einmalig war oder es war von draußen 🤷🏻‍♀️.Aber alle anderen insekten sind auch in die Falle drin 🤷🏻‍♀️. Spinne und silberfischen.
ES,B07NWWFLL8,Hilfreich zum Ausschluss/Feststellen von Befall,Reviewed in Germany on 21 August 2019,3,"Das nehme ich zumindest an... Wenn sich, wie bei mir, keine Insekten in der Falle befinden, ist das kein Grund, die Wirksamkeit zu bezweifeln. Es haben sich dann wohl nur ein paar vom Garten im Haus verirrt, aber nicht eingenistet oder vermehrt. Etwas aufgebauscht fand ich das sogenannte E-Book. Es war nur eine PDF-Datei per Mail, die einen nicht langen Text enthielt."
ES,B07NWWFLL8,Pappe Schlecht auf Balkon fängt sehr wenig,Reviewed in Germany on 19 September 2023,3,Pappe Schlecht auf Balkon wenig Gefangen
ES,B07NWWFLL8,Leider nicht sooo hilfreich gehen nur selten in die Falle,Reviewed in Germany on 20 December 2022,3,Für Küchenschaben benutzt sind aber nur selten da rein hab sie an mehreren Plätzen platziert leider nicht so hilfreich
ES,B07NWWFLL8,Überteuerter Ch Produkt,Reviewed in Germany on 9 March 2021,3,"-Verpackung schlicht,-Teststreifen sind einfach gehalten,-die Klebeflächen trocknen aus,-das Buch über Schaben fehlt,-habe bis heute keine Buch - Verlinkung oder - Mail erhalten.Somit ist es total überteuert.Ich empfehle diesen Produkt überhaupt nicht"
ES,B07NWWFLL8,Geruchlos,Reviewed in Germany on 21 April 2023,3,Ich habe Insekten seit ca. 2 Jahren. Sie sind immer wieder da.Leider .
ES,B07NWWFLL8,Not useful at my house,Reviewed in Germany on 29 April 2021,3,"It doesn’t work, sit there for a few days no prisoner (you see them in kitchen). Return service is ok."
ES,B07NWWFLL8,Schabenfalle,Reviewed in Germany on 13 January 2022,3,Ich habe damit nichts gefangen. Vielleicht habe ich keine Schaben.
ES,B07NWWFLL8,Schaben,Reviewed in Germany on 31 August 2020,3,"Hatte nach dem urlaub 2 Schaben in der wohnung,darum habe ich diese fallen gekauft.eine bewertung des produktes wäre noch zu früh."
ES,B07NWWFLL8,Erfolg Mittel,Reviewed in Germany on 27 October 2019,3,"Kaum welche damit gefangen, die Kakerlaken blieben in der Wohnung ohne sich in die Falle zu fangen.Von 9 Aufgestellten Fällen nur eine war mit einem Kakerlaken drinnen."
ES,B07NWWFLL8,Fallen stellen,Reviewed in Germany on 23 April 2021,3,"Wirkt zu Anfnangs, nach längerer Zeit etwas weniger."
ES,B07NWWFLL8,Zu frieden,Reviewed in Germany on 11 November 2021,3,Karlahofffmann
ES,B07NWWFLL8,Ok,Reviewed in Germany on 17 July 2021,3,Ok
ES,B07NWWFLL8,eigentlich zfrieden,Reviewed in Germany on 9 June 2020,3,"die Lieferung hat seeehhr lange gedauert,aber sonst zufrieden"
ES,B07NWWFLL8,Schabenfalle,Reviewed in Germany on 15 December 2019,3,"Die Schabenfalle fängt auch Spinnen, Mücken und Fliegen, leider keine Schabe."
ES,B07NWWFLL8,Muy eficaz,Reviewed in Spain on 17 October 2024,4,"Magnífico cebo, atrae a las cucarachas hasta quedar lleno."
ES,B07NWWFLL8,works well,Reviewed in Germany on 24 June 2026,4,"works really well for  small cockroaches . it’s easy to set up without needing much effort . Once placed you don’t really have to think about it much. but depending on where you place it, the effectiveness can vary a bit . also The smell is there but is not really that strong ."
ES,B07NWWFLL8,Si vous voulez traiter à la racine (nid) ce n'est pas le bon piège,Reviewed in France on 30 April 2026,4,"Fonctionne mais ne permet pas l'extermination du nid, plus du papier ""attrape mouche"""
ES,B07NWWFLL8,Fa il suo dovere,Reviewed in Italy on 12 June 2026,4,Semplicissima da montare. Molto carina. Per una settimana non abbiamo trovato nulla e avevo perso le speranze. Ma poi ne abbiamo trovato una con lo scarafaggio. Felicissima dell'acquisto. Funziona benissimo. Non allego foto perché sono talmente spaventata dagli scarafaggi che non ho avuto il coraggio di fargli la foto.
ES,B07NWWFLL8,Nur Befallserkennung NICHT zur Bekämpfung. Händler: Schachtel versiegeln! Ansonsten gut. E-Book??? …,Reviewed in Germany on 18 November 2025,4,"Die Seiten der Schachtel sind nicht gesichert und der Inhalt rutschte im Amazon Pappumschlag umher. Besonders ärgerlich, wenn man es mit andren Dingen zusammenbestellt. Hier gehören 2 Tesafilm Streifen hin...Die Fallen, gefaltete Pappstreifen mit Klebefläche, müssen noch aufgebaut werden.Abbrechen an der Perforierung (wie vorgeschlagen) geht nicht, bzw. nur bis zum Schutzstreifen des Klebers, also abknicken und schneiden.Die vorgefalzten Knickstellen vorher noch nachnicken und die Schlitze etwas aufweiten, dann geht es im Gegensatz zu andren Rezensenten-Meinungen ganz einfach...Die aufzuklebenden Ködertabletten riechen leicht nach Maggi, was aber später im Raum nicht wahrnehmbar ist..Ich habe mir wohl eine „Deutsche Schabe“ mit einer Zimmerpflanze aus einem Gartenmarkt eingeschleppt – so schnell geht das …Bisher keine weiteren „geködert“...Die Fallen sind ungiftig, sollten aber trotzdem vor Kindern und Haustieren geschützt aufgestellt werden, wegen der Hygiene und den Ködern bzw. Klebern...Fazit:Bisher gibt es, außer der offenen Schachtel, nichts negatives zu sagen.ABER: Von einem E-Book ist nichts zu lesen, weder auf der Schachtel noch der Anleitung …..Beachten: Sie sind nur für die Befallserkennung NICHT zur Bekämpfung brauchbar.Kakerlaken bzw. Schaben sind NUR mit Gift zu bekämpfen, was man selbst wahrscheinlich nicht hinbekommt, so schnell wie die sich vermehren."
ES,B07NWWFLL8,La serietà,Reviewed in Italy on 2 July 2026,4,Ottimo
ES,B07NWWFLL8,ottimo prodotto efficace,Reviewed in Italy on 30 June 2026,4,ottimo
ES,B07NWWFLL8,funziona!,Reviewed in Italy on 28 May 2026,4,il prodotto è valido
ES,B07NWWFLL8,trappola scarafaggi,Reviewed in Italy on 20 May 2026,4,funziona ok
ES,B07NWWFLL8,Buon prodotto,Reviewed in Italy on 15 May 2026,4,Funziona bene
ES,B07NWWFLL8,Scraping Trap,Reviewed in Germany on 6 June 2026,4,Recommended
ES,B07NWWFLL8,Funzionano,Reviewed in Italy on 15 April 2026,4,"Funzionano , odore un po’ acre all’ inizio ma sopportabile . Catturano realmente i scarafaggi ."
ES,B07NWWFLL8,Wirksame Falle ohne Chemiegeruch,Reviewed in Germany on 28 November 2025,4,"Die Schabenfallen machen einen guten Eindruck und lassen sich schnell platzieren. Besonders praktisch finde ich, dass die Ködertabletten schon dabei sind. Die Fallen wirken sauber verarbeitet und haben keinen störenden Geruch. Nach kurzer Zeit konnte ich tatsächlich Aktivität feststellen, was zeigt, dass sie funktionieren. Komplett gelöst ist das Problem damit natürlich nicht, aber zur Überwachung und als Ergänzung wirklich hilfreich. Für Haushalte, die hygienisch arbeiten wollen, definitiv geeignet."
ES,B07NWWFLL8,Efficace,Reviewed in France on 30 March 2024,4,
ES,B07NWWFLL8,Ungezieferbekämpfung,Reviewed in Germany on 25 November 2025,4,Wirkt sehr gut auch gegen Kellerasseln.
ES,B07NWWFLL8,Tolles Gerät zieht gut.,Reviewed in Germany on 19 November 2025,4,Super
ES,B07NWWFLL8,Wirkt wirklich,Reviewed in Germany on 26 August 2025,4,"Was soll ich sagen, ich habe die Falle, so wie beschrieben aufgestellt und am nächsten Tag klebte eine Kakerlake darauf fest. Keine weitere mehr. Vielleicht war es ja auch nur ein ""Irrläufer""."
ES,B07NWWFLL8,Gute Handhabung,Reviewed in Germany on 1 November 2025,4,Für den Preis ganz ok
ES,B07NWWFLL8,Noch keine Schaben gefangen aber das ist wohl ein gutes Zeichen!,Reviewed in Germany on 28 May 2025,4,"Ich habe die GEROBUG Schabenfallen bestellt, da ich in meiner Wohnung gelegentlich Schaben gesehen habe. Die Fallen sind einfach aufzubauen und wirken stabil. Bisher habe ich jedoch noch keine Schaben darin gefangen. Es könnte sein, dass der Befall geringer ist als gedacht oder die Platzierung der Fallen optimiert werden muss. Ich werde sie weiterhin beobachten und gegebenenfalls umstellen"
ES,B07NWWFLL8,Feststellen ob Schaben im Haus sind,Reviewed in Germany on 1 August 2025,4,Das Produkt scheint wirkungsvoll zu sein. Er ist zum feststellen ob man schaben im Haus hat. Bekämpfen kann man sie allerdings nicht.
ES,B07NWWFLL8,Nützliche Köderfalle,Reviewed in Germany on 20 August 2025,4,"Sie funktionieren ganz gut und man erhält einen Überblick, wieviele Silberfische nachts so herumlaufen."
ES,B07NWWFLL8,eficace,Reviewed in France on 21 June 2025,4,petit mais efficace
ES,B07NWWFLL8,Wirkung,Reviewed in Germany on 22 September 2025,4,Noch keine Wirkung festgestellt
ES,B07NWWFLL8,Schabenfalle,Reviewed in Germany on 3 August 2025,4,"🪳 Falle aufgestellt, keine Schaben gesichtet, waren auch keine in der Falle ?"
ES,B07NWWFLL8,Besser nicht bestellen,Reviewed in Germany on 9 August 2025,4,Riecht sehr stark aber die Schaben möchten den Köder nicht annehmen.
ES,B07NWWFLL8,Funziona davvero,Reviewed in Italy on 27 June 2025,4,Ero un po' scettica inizialmente..ma devo dire che fa' davvero bene il suo lavoro. L'ho ritrovato pieno di quelle brutte bestie che odio.
ES,B07NWWFLL8,Okay,Reviewed in Germany on 8 September 2025,4,Okay
ES,B07NWWFLL8,fa il suo dovere,Reviewed in Italy on 6 July 2025,4,"fa il suo dovere, il più è trovare la posizione corretta di collocazione"
ES,B07NWWFLL8,....,Reviewed in Germany on 25 June 2025,4,Nicht schlecht in eine Nacht hat bereits einen gefangen.
ES,B07NWWFLL8,Falle,Reviewed in Germany on 25 October 2024,4,"Also bis jetzt ist das Produkt schon gut. Er sammelt auch Silberfische, Spinnen und Kakerlake. Aber was mich sehr enttäuscht ist das ich keine Tabletten dazu geliefert bekommen habe. Ich habe nur die Fallen bekommen. Habe um es nutzen zu können etwas Essbares drauf geklebt und trotzdem sind einige Insekten auf die Falle gedappt. Ich hoffe das wenn ich es nochmals bestelle diesmal die Tablette auch dabei ist."
ES,B07NWWFLL8,Da comprare,Reviewed in Italy on 20 June 2025,4,Al momento funziona...
ES,B07NWWFLL8,Gut,Reviewed in Germany on 21 June 2025,4,Gut
ES,B07NWWFLL8,Attracts any bugs or spiders in household,Reviewed in Germany on 20 August 2024,4,"It really works for any type of bugs and even spiders, not only for cockroaches. One star out because unfortunately not solves the problem completely, but contributes to fight against them. Some cocroaches somehow do not care about this traps idk"
ES,B07NWWFLL8,Good,Reviewed in Germany on 9 September 2024,4,It caught a lot of insects. But for this you need to put it in front of the insects' nests. Not for large areas.
ES,B07NWWFLL8,Einfach in der Bedienung,Reviewed in Germany on 6 December 2024,4,"Am besten mit Handschuhe zusammenfügen. Ob es wirklich Wirkung hat, bin ich mir allerdings nicht sicher."
ES,B07NWWFLL8,Der Geruch ist sehr intensiv,Reviewed in Germany on 6 October 2023,4,Diese Falle funktioniert sehr gut. Allerdings finde ich persönlich den Geruch sehr intensiv.Ich habe auch zwei Fallen im Schlafzimmer aufgestellt und das war keine gute Idee. Alles roch nach diesem Mittel ( Tablette).Das zusammenfalten und aufstellen ist sehr einfach und kinderleicht zu verstehen.
ES,B07NWWFLL8,ich weiß nicht recht,Reviewed in Germany on 27 May 2023,4,"also, der support vom verkäufer ist klasse, ich weiß jedoch nicht inwiefern das produkt funktioniert, da ich bis jetzt kein einziges tierchen dadrinnen gefangen habe, jedoch wusste ich auch an keinen punkt, ob ich wirklich tierchen bei mir in der wohnung rumrennen hatte - insoweit, gebe ich mal aus fairness halber 4 sterne"
ES,B07NWWFLL8,Top,Reviewed in Germany on 6 February 2025,4,Sind gut
ES,B07NWWFLL8,Efficace,Reviewed in Italy on 18 October 2024,4,Piccole trappole da posizionare nei punti di passaggio.Per ora funzionano
ES,B07NWWFLL8,Die Falle hat keine Schabe gefangen > aber eine riesige Spinne.,Reviewed in Germany on 2 September 2024,4,"Die Falle hat keine Schabe gefangen > aber eine riesige, enorm große, schwarze Spinne."
ES,B07NWWFLL8,Gut,Reviewed in Germany on 15 January 2025,4,Sehr gut
ES,B07NWWFLL8,Good product,Reviewed in Germany on 24 September 2024,4,It's good product and give service as described.
ES,B07NWWFLL8,Gave best results,Reviewed in Germany on 10 September 2024,4,Using since 1 month. It gave me good results
ES,B07NWWFLL8,Nichts gefangen,Reviewed in Germany on 22 October 2024,4,Also kein Befall.
ES,B07NWWFLL8,X,Reviewed in Germany on 8 November 2024,4,X
ES,B07NWWFLL8,Fallen,Reviewed in Germany on 4 October 2024,4,Super Falle
ES,B07NWWFLL8,Jederzeit wieder,Reviewed in Germany on 17 May 2024,4,Funktionier
ES,B07NWWFLL8,Kein Fangerfolg,Reviewed in Germany on 10 August 2022,4,"Leider konnten wir keinen der Krabbler mit der Falle erwischen. Sie sitzen auf der Fliese oder huschen unter einem Handtuch hervor, dann können wir sie töten. Aber in der Falle ist keiner gelandet."
ES,B07NWWFLL8,Giftlos und damit unbedenklich für Kinder,Reviewed in Germany on 7 August 2020,4,"Wir haben noch keine Kakerlake bei uns damit gefangen, aber das werte ich nicht als negativ. Ich finde es gut, dass die Fallen ohne Gift auskommen, und somit auch in Haushalten mit Kindern benutzt werden können. Das Preis-Leistungs-Verhältnis finde ich spitze. Ebenso den Service, den dieses junge Unternehmen liefert. Einzigartig!"
ES,B07NWWFLL8,Schon ok,Reviewed in Germany on 4 August 2021,4,"Wenn die Viecher reinlaufen, bleiben sie auch kleben. Funktioniert aber nur, wenn sie quasi freiwillig diesen Weg wählen. Daher auf bekannten Laufwegen oder Sammelstellen aufstellen, sonst eher nutzlos.Bleiben sehr lange klebrig, klarer Pluspunkt."
ES,B07NWWFLL8,Fallen geben eine gewisse Sicherheit,Reviewed in Germany on 4 August 2020,4,"habe die Fallen für mein Mohnmobil gekauft da ich vorher darin 3 Schaben gefangen hatte, zum Glück sind keine weiteren Tierchen mehr in die danach aufgestellten Fallen geraten.Somit hat sich der Fall für mich erledigt !"
ES,B07NWWFLL8,Funktioniert,Reviewed in Germany on 18 June 2023,4,
ES,B07NWWFLL8,Günstig & Effektiv,Reviewed in Germany on 26 July 2020,4,Sind ganz zuverlässig. Habe nach aufstellen von 6 Fallen nach 4 Tagen keine Schaben mehr gesehen. Habe aber zusätzlich Sray für die Ritzen und Nuten benützt. Die Fällen sind super leicht zum zusammenbauen.
ES,B07NWWFLL8,Okay,Reviewed in Germany on 16 April 2023,4,Okay
ES,B07NWWFLL8,Schädling erwischt,Reviewed in Germany on 12 August 2020,4,Haben ihren Zweck erfüllt. Tausendfüßler erwischt! Es bleibt nicht aus das man aus Versehen mal mit dem Fuß drauf tritt. Deshalb 2-3 Mal die Woche wiederholen
ES,B07NWWFLL8,i don't have idea,Reviewed in Germany on 7 July 2022,4,I think so not bad
ES,B07NWWFLL8,Guter Service,Reviewed in Germany on 21 July 2020,4,"Scheint - gottseidank - dass es mit dem Schabenbefall nicht weit her ist. Aber Service war schnell und freundlich, mitgelieferte e-Info auch praktisch.Wolfgang"
ES,B07NWWFLL8,Schabenfalle,Reviewed in Germany on 29 June 2022,4,Alles Ok !!!
ES,B07NWWFLL8,Rechtzeitig reagieren und Schabenfallen aufstellen,Reviewed in Germany on 25 August 2019,4,"Die schnelle Lieferung hat mir gut gefallen, das praktische Aufstellen der Fällen ist sehr unkompliziert und gut. Wir haben es als Vorsichtsmaßnahme gemacht, es war kein Befall."
ES,B07NWWFLL8,Einfach auf zu bauen,Reviewed in Germany on 22 August 2019,4,"Wie haben diese nur auf verdacht aufgebaut, es waren keine Tiere in den fallen, aber das ist ja auch gut,  wenn keine da sind"
ES,B07NWWFLL8,Falle für Schaben,Reviewed in Germany on 10 November 2020,4,"ich dachte ich hätte welche, aber anscheinend doch keine - oder sie funktioniert nicht"
ES,B07NWWFLL8,"für Schaben wirksam, ausser für Waldschaben!!!",Reviewed in Germany on 26 August 2019,4,"Achtung: Aufpassen bei Deutscher Schabe vs. Waldschabe. Bei ersterer wirkt das Mittel, bei letzterer nicht. Wie in den Produktdetails beschrieben..."
ES,B07NWWFLL8,Zuverlässiges Produkt,Reviewed in Germany on 26 September 2019,4,Funktioniert sehr gut zum Nachweis eines Schädlingsbefall auch das dazugehörige E-Book ist sehr hilfreich klare Empfehlung 👍🏻
ES,B07NWWFLL8,Hohe Wirksamkeit,Reviewed in Germany on 27 September 2019,4,"Wirkt sehr gut, auch wenn man dadurch feststellt, dass man gar keine Schaben im Haus hatte!"
ES,B07NWWFLL8,Praktisch,Reviewed in Germany on 14 August 2019,4,Leicht zusammen zu bauen und die PDF war sehr Informativ.Gefangen habe ich aber noch keine.
ES,B07NWWFLL8,Alles klar,Reviewed in Germany on 2 January 2021,4,Alles OK
ES,B07NWWFLL8,Alles ok.,Reviewed in Germany on 28 August 2020,4,Alles ok.
ES,B07NWWFLL8,Gute Verarbeitung / Top,Reviewed in Germany on 21 January 2020,4,Bin mit dem Produkt zufrieden.
ES,B07NWWFLL8,Zufrieden,Reviewed in Germany on 11 January 2020,4,Zufrieden
ES,B07NWWFLL8,schaben,Reviewed in Germany on 27 September 2019,4,fangen
ES,B07NWWFLL8,EFICAZ,Reviewed in Spain on 18 November 2025,5,Muy buen producto.
ES,B07NWWFLL8,Killer,Reviewed in Spain on 1 August 2025,5,Que realmente ha funcionado pues desde que lo utilizo no han vuelto a aparecer otras cucarachas
ES,B07NWWFLL8,Buena compra,Reviewed in Spain on 17 May 2025,5,Un producto de muy buena calidad.Contenta con la compra .
ES,B07NWWFLL8,Acaba con las cucarachas,Reviewed in Spain on 14 June 2025,5,Cumple con su función.Muy bien.
ES,B07NWWFLL8,Funciona,Reviewed in Spain on 10 April 2025,5,Los puse una sola vez y adiós al problema de las cuquis
ES,B07NWWFLL8,Perfecto,Reviewed in Spain on 18 May 2025,5,Empresa con muy buena disposicion
ES,B07NWWFLL8,Buen producto,Reviewed in Spain on 23 December 2024,5,Muy eficaz
ES,B07NWWFLL8,Funciona muito bem…,Reviewed in Spain on 2 October 2024,5,Funciona perfeitamente…
ES,B07NWWFLL8,Efficacité redoutable,Reviewed in France on 18 May 2026,5,Montage facile. Produit très efficace. Laisser ce.s. piège.s. au sol et le.s. contrôler régulièrement.
ES,B07NWWFLL8,Funktioniert sehr gut,Reviewed in Germany on 25 June 2026,5,Zum Glück hatte ich die waldschabe mit der Küche Schabe vertauscht hatte nicht lange gedauert und sie sind alle von alleine reingelaufen
ES,B07NWWFLL8,"Trappola per scarafaggi, ottimo prodotto",Reviewed in Italy on 1 July 2026,5,Sta facendo un ottimo lavoro. Funziona molto bene.
ES,B07NWWFLL8,molto efficaci,Reviewed in Italy on 9 June 2026,5,molto efficaci sembra abbiamo sterminato tutta la famiglia di scarafaggi ..... l' unica cosa è che rimangono appiccitati alla trappola e fanno un po' impressione a vederli però se metti trappole nuove capisci che non ne hai più in giro
ES,B07NWWFLL8,Fonctionne très bien,Reviewed in France on 17 May 2026,5,Fonctionne très bien
ES,B07NWWFLL8,Sehr gut.,Reviewed in Germany on 28 April 2026,5,
ES,B07NWWFLL8,Bon produit,Reviewed in France on 16 January 2026,5,"Efficace, attire bien c est Vilaine petite bête"
ES,B07NWWFLL8,La prima trappola che funziona senza se e senza ma!,Reviewed in Italy on 15 June 2026,5,"Fenomenale, non mi aspettavo fosse così efficace, la prima notte ha catturato circa una decina di scarafaggi che non pensavo fossero in casa. Fortunatamente adesso ho messo le trappole nuove e sembra che li abbia catturati tutti, veramente soddisfatto!"
ES,B07NWWFLL8,Siehe oben,Reviewed in Germany on 28 June 2026,5,"Einfach zu händelnWirkung noch ausstehend, da erst vor Tagen aufgestellt"
ES,B07NWWFLL8,Trappole furbe,Reviewed in Italy on 19 June 2026,5,Ottime trappole fornite con una pastiglia che fa da esca molto appicicose
ES,B07NWWFLL8,CA FONCTIONNE,Reviewed in France on 18 February 2026,5,"Ayant malheureusement emménagée dans une maison remplie de cafard, dont ma chambre. Alors que ces bêtes sont ma phobie je frôle la crise cardiaque quand je les vois... Jai décider de prendre ces boîtes qui sont simple d'utilisation et déjà au bout de 15 minutes elles avaient déjà attirer ces horrible bête. Je ne mettais pas de photo car ça me donne la nausée mais les pièges fonctionnent. Ils éradiquent pas mais au moins ca permet d'en attraper. Par contre certains gros cafard arrivent à s'en décoller 🤮"
ES,B07NWWFLL8,Gute Fallen....,Reviewed in Germany on 17 April 2026,5,"Sehr leicht aufzubauen...habe sie zur Vorsorge aufgestellt, da wir im Urlaub eine Kakerlaken im Zimmer gefangen haben und Angst hatten im Koffer was mit nach Hause gekommen zu haben. Nichts gefangen...alles noch gut ausgegangen 😊"
ES,B07NWWFLL8,Semplice ma funzionale,Reviewed in Italy on 1 July 2026,5,Sembra una semplice scatolina ..invece sta funzionando..
ES,B07NWWFLL8,Top,Reviewed in Germany on 23 June 2026,5,Funktioniert erschreckend gut
ES,B07NWWFLL8,Trappole per scarafaggi.,Reviewed in Italy on 1 June 2026,5,"Mi sembra che funzionano bene. Ne ho messe 5 nei vari punti della casa e, in 2 ho trovato dei scarafaggi, sono contento dell' acquisto. Ovviamente una lode anche ad Amazon per la veloce consegna."
ES,B07NWWFLL8,Efficace,Reviewed in Italy on 23 June 2026,5,Ottimo
ES,B07NWWFLL8,Buon rapporto qualita’ prezzo,Reviewed in Italy on 19 June 2026,5,Prodotto che funziona
ES,B07NWWFLL8,Perfette,Reviewed in Italy on 10 June 2026,5,"Molto efficienti, attraggono e catturano più di una blatta nella singola scatoletta"
ES,B07NWWFLL8,Una buona trappola,Reviewed in Italy on 18 June 2026,5,E perfetto
ES,B07NWWFLL8,Esca per scarafaggi,Reviewed in Italy on 11 June 2026,5,Rimangono attaccate alla colla..poi muoiono dopo un giorno
ES,B07NWWFLL8,Molto efficace,Reviewed in Italy on 16 June 2026,5,Funziona
ES,B07NWWFLL8,Top,Reviewed in Germany on 13 June 2026,5,Top
ES,B07NWWFLL8,Stop scarafaggi,Reviewed in Italy on 7 June 2026,5,Ottima scelta veramente efficace
ES,B07NWWFLL8,Prodotto valido (ANCHE NEL TEMPO),Reviewed in Italy on 11 July 2025,5,"Ho comprato il prodotto, in quanto quest'estate c'è una invasione di blatta orientalis, quella nera, corazzata, veloce, che si arriampica pure sulle tende... abito in un condominio, al piano terra con un piccolo giardino privato.. in giardino se ne vedono molte e qualche esemplare è riuscito ad entrare in casa. Ne ho visti una decina di esemplari. Ho prima piazzato delle trappole raid.. di quelle che mangiano l'esca e poi vanno a morire nel nido e già le cose sono migliorate, in aggiunta c'ho messo queste trappole.. con cui ne ho catturata una bella grossa.. lo si sente perchè l'animale rimane appiccicato alla trappola e nel tentativo di liberarsi sbatte .. sembra il canto di un grillo, ho catturato anche un ragnetto.. dopo il doppio posizionamento dei due tipi di trappole non ne ho più vista una. Secondo me è un prodotto valido. --- AGGIORNAMENTO DOPO ALTRI 40 GIORNI --- dopo quaranta giorni dalla posa delle trappole, è entrata un'altra blatta orientalis in casa, ho fatto in tempo a vederla che come un razzo è andata dietro ai mobili.. il giorno dopo l'ho trovata appiccicata ad una trappola di questo kit posizionata in bagno. Ciò mi fa dire che questo prodotto funziona perchè ha catturato una seconda bestiaccia pur essendo stata posata da 40 giorni, quindi è anche efficace nel tempo. Ne ho posizionata una (e anche più di una) in ogni stanza... mi fa stare tranquillo. Ne comprerò un kit anche per la prossima estate. PRODOTTO FUNZIONANTE, CONSIGLIATISSIMO. Terzo aggiornamento... A dicembre, dopo sei mesi dalla posa delle trappole, sono andato a ricontrollare e ci ho trovato altre 4 blatte e addirittura un piccolo scorpione.. il che mi fa pensare uno che queste trappole sono buonissime anche dopo mesi e mesi .. ma che abitanto al piano terra con giardino siamo a rischio di qualsiasi tipo di animale."
ES,B07NWWFLL8,Super Produkt,Reviewed in Germany on 29 May 2026,5,Die Fallen haben wunderbar funktioniert und die Viecher alle eingefangen.
ES,B07NWWFLL8,Ottimo prodotto,Reviewed in Italy on 2 June 2026,5,Funzionano assolutamente!
ES,B07NWWFLL8,Funktioniert top !,Reviewed in Germany on 26 May 2026,5,"Funktioniert einwandfrei, Schaben gehen rein und bleiben kleben."
ES,B07NWWFLL8,"About the size, it s a little small",Reviewed in Germany on 28 May 2026,5,"8/10, but also good!"
ES,B07NWWFLL8,Tutto ok,Reviewed in Italy on 29 May 2026,5,Sembra funzionare
ES,B07NWWFLL8,Funziona,Reviewed in Italy on 15 May 2026,5,Facili da montare e da posizionare.Gli insetti entrano attratti dalla pastiglia e restano incollati. Funziona.
ES,B07NWWFLL8,Prodotto attira blatte,Reviewed in Italy on 20 May 2026,5,Ottimo  prodotto contro le blatte
ES,B07NWWFLL8,Eccezionale,Reviewed in Italy on 15 May 2026,5,"Eccellenti! Funzionano davvero, oltre a scarafaggi hanno catturato formiche e ragni..Le ricomprerò sicuramente"
ES,B07NWWFLL8,Funzionano!,Reviewed in Italy on 19 October 2025,5,"Di solito acquisto un gel (efficacissimo) per debellare in poco tempo le ""famiglie"" di simpatici amici che iniziano a proliferare in primavera; tuttavia, mentre in cucina posso applicarlo senza problemi, lo stesso non si può dire del bagno, che è adiacente alla camera da letto e i miei 2 gatti purtroppo a volte riescono ad accedervi...così, senza troppe aspettative, ho acquistato queste trappolette.Ci tengo a sottolineare che provenivo da una pessima esperienza con quelle a buon mercato prestatemi da mia suocera e che non catturavano proprio un bel niente, quindi temevo di aver buttato i soldi, ma ho voluto fare un tentativo per via delle ottime recensioni.Beh, giudicate voi stessi dalla foto!Le bestiacce infami vengono attratte dalla pasticca e rimangono inchiodate alla super colla assassina della trappola, e non c'è verso che possano liberarsene (occhio a non metterci il dito, vi resta incollato!)In più sono anche economiche, perchè sono 12 pezzi e potete utilizzare la trappola finché non si riempie per poi sostituirla (una vi dura fino a 3 mesi).Il mio feedback è quindi assolutamente positivo e le ricomprerò senz'altro!"
ES,B07NWWFLL8,Absolut empfehlenswert,Reviewed in Germany on 15 May 2026,5,Hat bestens funktioniert.
ES,B07NWWFLL8,Casa libera da insetti,Reviewed in Italy on 4 May 2026,5,Sono odorose ma  non ho ancora catturato scarafaggi
ES,B07NWWFLL8,Trappola efficace,Reviewed in Italy on 2 May 2026,5,Funziona scarafaggi grandi e piccoli entrano nella casetta e rimangono stecchiti
ES,B07NWWFLL8,Gibt „ Aufschluss „ über Befall! …,Reviewed in Germany on 18 December 2025,5,"Gibt „ Aufschluss“ über Befall.Wir wohnen „ relativ „ im Grünen und immer mal wieder „ verirrte „ sich eine Schabe 🪳 in den Abendstunden nach innen ( besonders nach dem Lüften oder im Keller )Nach Rücksprache mit einem Schädlingsbekämpfer haben wir dieses Produkt gekauft um zu „ erfahren „ ob es sich um „ Kakerlaken“ /„ Küchenschaben „ handeln könnte.Denn diese lassen sich schwierig von Waldschaben unterscheiden! …Aber unterscheiden sich eben indem was sie“ fressen „!Somit gehen die „ ungefährlichen „ Waldschaben eben nicht in die Falle 🪤, da sie diesen Köder nicht fressen die „ Schädlinge „ hingegen schon!!Somit konnten wir nun sicher gehen das es sich nur um die harmlosen Waldschaben handelte .-> einziges Manko : riecht stark nach „ Maggie- Kraut 🌿 „"
ES,B07NWWFLL8,Schaben 12,Reviewed in Germany on 8 May 2026,5,Preis-/Leistungsverhältnis o.k.
ES,B07NWWFLL8,Bonne qualité,Reviewed in France on 16 April 2026,5,"Ça c’est incroyable ça, je mets une seule nuit et il ramène tout ça c’est une bonne qualité"
ES,B07NWWFLL8,Funzionale,Reviewed in Italy on 1 May 2026,5,"Cattura blatte e scarafaggi, prodotto ok"
ES,B07NWWFLL8,Valida,Reviewed in Italy on 25 April 2026,5,"Sono valide, catturano gli insetti che non riescono a liberarsi"
ES,B07NWWFLL8,Beste,Reviewed in Germany on 25 April 2026,5,Sehr gut
ES,B07NWWFLL8,Que les piège  soit efficace,Reviewed in France on 10 April 2026,5,Piège efficace
ES,B07NWWFLL8,Funziona!,Reviewed in Italy on 2 September 2025,5,"Eccezionale, nel nostro caso, abbiamo chiuso tutti i vari fori dove potevano uscire ma ahimè forse ce ne sfuggito uno ma non riusciamo a trovarlo, per il momento, perché nonostante la disisfestazione dei vari pozzetti, continuano ad esserci, uno, due ma tutte le settimane devo andare a vedere e ce ne trovo, la trappola ha una parte appiccicosa e al centro si mette la pasticca con un odore a me sgradevole ma a loro si vede molto piacevole perché ci vanno.  Mi fa schifo sostituirla ma così siamo sicuri che le togliamo. Ne metto 5 /6 sparse in un metro quadro, l’ambiente è piccolo e pulito ma a loro si vede che non interessa, escono e basta."
ES,B07NWWFLL8,"Wirkungsvoll, aber man braucht etwas Geduld.",Reviewed in Germany on 28 August 2025,5,"Aufgrund eines Kakerlaken Problemes in meinem Fahrrad-Schuppen habe ich mich entschieden diese Fallen zu kaufen, denn es kamen ständig Neue.In den ersten Monat habe ich keine Insekten gefangen, obwohl ich drei Fallen gut positioniert mit den mitgelieferten Köderpillen ausgestattet und ausgestellt habe.Nachdem kamen die Silberfische in die Falle, von denen ich nicht einmal wusste, dass sie in meinem Schuppen waren, obwohl es dort nicht zu voll ist. Nach 2 Monate waren alle drei Fallen voll mit Silberfischen und den Kakerlaken.Das einzige was ich noch Verbesserungswürdig finde, wäre der Aufbau der Falle, welches zwar pro Stück 1min dauert, jedoch ist dort noch Potential. Dies ist aber kein gravierender Gegenspruch und ich würde das Gerobug Fall-Set gegen Silberfische und Kakerlaken weiterempfehlen."
ES,B07NWWFLL8,top,Reviewed in Italy on 17 April 2026,5,top
ES,B07NWWFLL8,Blatte,Reviewed in Italy on 15 April 2026,5,Ok
ES,B07NWWFLL8,Soddisfattissimo,Reviewed in Italy on 12 April 2026,5,Perfettamente funzionanti!
ES,B07NWWFLL8,Sehr effektive Lösung zur Schabenbekämpfung! 🪳🔒,Reviewed in Germany on 10 November 2024,5,"Ich habe die GEROBUG Profi Schabenfalle getestet und bin wirklich positiv überrascht! 💥 Das Set mit 12 Fallen und den Ködertabletten ist super praktisch – es enthält alles, was man zur Schabenbekämpfung braucht. Die Fallen sind einfach anzuwenden: Einfach die Ködertabletten einlegen und an den entsprechenden Stellen im Haus platzieren. 🏠Was ich besonders gut finde, ist die praktische Befallsermittlung. Dank der transparenten Falle kann man sofort sehen, ob und wie viele Schaben gefangen wurden, was die Kontrolle deutlich vereinfacht. 📊 Die Ködertabletten sind sehr effektiv und locken die Schaben regelrecht an, ohne unangenehme Gerüche zu hinterlassen. 🚫🪳Seitdem ich die Fallen im Keller und in der Küche platziert habe, habe ich deutlich weniger Schaben gesehen, und die Fallen fangen regelmäßig welche ein. 😌 Diese Schabenfallen haben mir nicht nur geholfen, den Befall zu erkennen, sondern auch die Zahl der Schaben deutlich zu verringern. 🔝Für alle, die mit Schaben zu kämpfen haben, ist dieses Set wirklich eine zuverlässige und einfache Lösung! 👍💯"
ES,B07NWWFLL8,Seit Jahren schon SEHR erfolgreich (siehe Video),Reviewed in Germany on 19 April 2023,5,
ES,B07NWWFLL8,Efficace,Reviewed in France on 1 February 2025,5,
ES,B07NWWFLL8,Wichtig: Unterscheidung von Wald- und Küchenschabe,Reviewed in Germany on 21 January 2021,5,"Zuerst entschuldige ich mich hiermit beim Verkäufer, dem ich mit dem nachfolgenden Beitrag das Geschäft etwas vermiese. Anderserseits aber bewahre ich ihn vor ungerechten Rezensionen. Aber der Reihe nach:Ich hatte im Sommer jeweils eine Schabe in so ziemlich allen Zimmern des Hauses entdeckt, selbst auf der Dichtung beim Öffnen des Kühlschranks, und mir panikartig das Schabenmittel bestellt. Bis zum Eiintreffen des Mittels hab ich mir mit Schuhen beholfen und mich gewundert, daß die Schaben so leicht zu erwischen sind, aus dem Urlaub im Süden kenn ich das Schabenproblem auch, aber die Viecher sind wieselflink, da bleibt der Jagderfolg meist ausDas Einfangen eiines lebenden Exemplars brachte dann des Rätsels Lösung: Ich hatte Wald- und keine Küchenschaben. Glück gehabt. Im Gegensatz zu Küchenschaben sind die durchgehend braun (mal im Internet googeln) und völlig ungefährlich bzw. sogar nützlich. Nachdem sie fliegen können und dem Licht nachgehen, landen sie, auch wegen der Lichtverschutzung unserer Städte, immer öfter in unseren Wohnungen.Ich mußte also das Schabenmittel gar nicht einsetzen, das bringt bei Waldschaben auch nichts. Die fressen Laub etc. und sind an unseren Lebensmitteln etc. nicht interessiert. Da hilft dann natürlich auch das Schabenmittel nichts.Merke:Siehste ne Schabe und im nächsten Moment nur noch ein Staubwölkchen von ihr, ist's ne Küchenschabe. Schabenmittel aufstellen und beten, daß man alle erwischt.Siehste die Schabe und glotzt sie an und sie glotzt nur blöd zurück ist's ne Waldschabe. Packen und an die frische Luft setzen. Fertig.Das Gerobug Schabenmittel hab ich an einen wirklich ""Bedürftigen"" abgetreten und dort hat es, da echte Küchenschaben, sehr gut funktioniert."
ES,B07NWWFLL8,erfüllt seinen zweck,Reviewed in Germany on 9 October 2025,5,"habe im sommer eine schabe in der küch entdeckt und mir darauf diese schabenfalle gekauft.aufgestellt lt anweisung und dann gewartet - und war erfolgreich. gottseidank habe ich keine schaben, da nur dieses eine stück sich verirrt haben dürfte, bleiben allerdings auch die anderen ""netten tierchen"" drauf kleben - kann ich empfehlenman muß etwas geduld haben und warten, bis das tierchen vorbeikommt."
ES,B07NWWFLL8,Super,Reviewed in Germany on 17 February 2026,5,Die Schaben sind weg!Gutes Produkt
ES,B07NWWFLL8,Würde ich empfehlen,Reviewed in Germany on 26 October 2025,5,"Aufbau ging schnell. Geruch ist unangenehm, riecht sehr „Maggi“ ähnlich.Bei uns zum Glück Fehlalarm. Daher kann ich nichts zur Wirkung mitteilen. Kann aber sagen das auch Obstfliegen und Spinnen hier anbeißen. Der Geruch ist nach paar Wochen verflogen. Die Klebewirkung immer noch da."
ES,B07NWWFLL8,Sehr wirksam,Reviewed in Germany on 13 February 2026,5,Sehr gutes Produkt.Sehr wirksam.
ES,B07NWWFLL8,Gutes Konzept,Reviewed in Germany on 6 August 2025,5,"Hatte auf dem Höhepunkt der Hitzewelle 2025 zwei Schaben an verschiedenen Stellen im Haus, dazu weitere auf dem Balkon. Bei der Suche nach Abhilfe stieß ich auf dieses Produkt. Bislang waren damit an den betroffenen Stellen keine weiteren Exemplare festzustellen (hoffentlich waren es keine echten Kakerlaken, sondern lediglich Bernsteinschaben). Jedenfalls erscheint die Konzeption stimmig. Insbesondere ist die Haftwirkung der Klebefläche sehr stark!"
ES,B07NWWFLL8,Es ist wunderbar,Reviewed in Germany on 13 February 2026,5,Sehr hilfreich
ES,B07NWWFLL8,good,Reviewed in Germany on 7 February 2026,5,very good
ES,B07NWWFLL8,Gutes Produkt,Reviewed in Germany on 4 September 2025,5,"habe mit diesen Schabenfallen schon einige gefangen und den Befall stark reduziert. Die Fallen sind schnell zusammengebaut, habe eine starke Klebkraft. ich hatte zwischenzeitlich eine andere Marke probiert, die aber überhaupt keinen Erfolg brachte. Falls notwendig, was ich jetzt nicht mehr hoffe, würde ich dieses Produkt wieder kaufen"
ES,B07NWWFLL8,Spinnenfoto WARNUNG!!! Must have für Keller,Reviewed in Germany on 7 September 2025,5,"Bilder sagen mehr als tausend Worte.((( AUCHTUNG SPINNE ZU SEHEN- ALLE DIE ANGST HABEN, REZESION ÜBERSPRINGEN )))Schaben gefangen u. Spinne.Wohne im Kellerbereich, also ein Must have für den Keller und Spinnenängstliche.Ich würde es definitiv nochmal bestellen"
ES,B07NWWFLL8,Hat innerhalb von 3 Tagen geholfen,Reviewed in Germany on 29 January 2024,5,"Wir haben uns die Viecher wahrscheinlich über gekaufte Lebensmittel eingeschleppt. Nach Versuchen mit diesen Klebefallen, was nur bedingt geholfen hat, haben wir es zusätzlich mit dem Gift versucht. Und siehe da, nach 3 Tagen war Ruhe.Die Klebefallen sind nur zur Feststellung und wie stark der Befall ist. Wir wissen aber, dass wir die Maßnahmen wiederholen müssen. Sicher ist sicher.Kleiner Tipp: Wir haben uns aber auch von der Firma im Vorfeld über YouTube die Anwendungsvorgaben angeschaut.Insgesamt haben wir mit den Klebefallen nicht mal 100 € bezahlt, der Kammerjäger wollte das 8-fache und das bei der gleichen Vorgehensweise.Eins muss ich aber noch loswerden. Die Geruchsbelästigung bei Anwendung von Klebefallen und Gift war hart an der Grenze aber machbar.Klar 5 Sterne!"
ES,B07NWWFLL8,Alles Gut,Reviewed in Germany on 24 January 2026,5,alles Gut
ES,B07NWWFLL8,Top,Reviewed in Germany on 14 January 2026,5,Tut was es soll
ES,B07NWWFLL8,Wirksam,Reviewed in Germany on 15 January 2026,5,Wirksam gegen Silberfischchen.
ES,B07NWWFLL8,Molto efficace,Reviewed in Italy on 27 January 2026,5,Prodotto semplice da utilizzare e veramente molto efficace
ES,B07NWWFLL8,Vendeur sérieux,Reviewed in France on 25 October 2024,5,"Il ne faut pas s'attendre à avoir 12 pièges dans la boîte.Il a 4 pièges et chaque pièges à 3 compartiments, je vous laisse faire le calcul.A ces 4 plaques, vous avez une plaque de 12 comprimés.A conserver loin des enfants !J'ai reçu le premier colis incomplet et le vendeur m'en a renvoyé un autre.Reste à prouver son efficacité."
ES,B07NWWFLL8,Schaben klebefallen,Reviewed in Germany on 24 October 2025,5,Super klebefallen👍 mit der Tablette dazu noch besser !👍 Sehr empfehlenswert ! Bin sehr zufrieden damit ! Habe die gleich nochmal gekauft 😉😃
ES,B07NWWFLL8,Bester Indikator,Reviewed in Germany on 10 May 2025,5,"Damit wird der Befall ermittelt, sowie welche Gattung. Daraus folgt der Weg der Bekämpfung. Nur mit der Köder falle allein kein niemals ein Befall beseitigt werden. Sollte man mehr als 3 schaben innerhalb 10 Tage in 3 Fallen zusammen finden. Empfiehlt sich schaben gel einzusetzen. Dies hilft nachhaltig gegen die Vieher. Leider nicht bei Amazon wegen EU Verordnung mehr bestellbar. Also direkt beim Hersteller."
ES,B07NWWFLL8,Macht was es soll,Reviewed in Germany on 29 June 2025,5,"Funktioniert wie beschrieben  in einer Stunde 7 Stück in zwei Fallen. Ich empfehle alle aufzustellen um herauszufinden wo die Schädlinge herkommen und dort die restlichen Fallen von den Orten, an denen keine gefangen wurden an die Plätze zu stellen, an denen Schädlinge gefangen wurden."
ES,B07NWWFLL8,Ottimo prodotto,Reviewed in Italy on 1 February 2026,5,Sono molto efficaci
ES,B07NWWFLL8,RAS,Reviewed in France on 1 November 2025,5,Conforme
ES,B07NWWFLL8,Nicht nur gegen Kakalakies 😂,Reviewed in Germany on 5 March 2023,5,"Diese habe ich noch nicht ausprobiert, bin aber sehr sicher, dass sie genauso super funktionieren wie meine vorherigen, die leider nicht mehr zu haben sind. Die neuen sind vergleichsweise genau das gleiche. Ich wohne ebenerdig direkt zum Garten. Da ist es nicht zu vermeiden, dass Spinne, Käfer und Co. Einlaß begehren, und das nicht zu wenig. Kakalakies 😂 habe ich zum Glück keine. Seit einiger Zeit nutze ich diese Fallen, die tatsächlich super funktionieren. Ich fühle mich sicherer, und nur noch selten sehe ich tatsächlich so einen kleinen Gartenbewohner irgendwo in der Wohnung, den ich, auch gekauft bei Amazon, mit meinem kleinen, batteriebetriebenen Insektenfänger aufsauge und lebend raus setze. Was ich eigentlich sagen wollte ist, dass die Fallen auch super gegen alle kleinen Quälgeister super helfen.Jetzt habt Ihr eine kleine Nachtlektüre 😂."
ES,B07NWWFLL8,Super Team !,Reviewed in Germany on 16 November 2025,5,"Wie immer schnelle Lieferung und die Ware habe ich schon mehrfach getestet, ist zu empfehlen!"
ES,B07NWWFLL8,Ok,Reviewed in Germany on 27 December 2025,5,Ok
ES,B07NWWFLL8,Hält was es verspricht! Klare Kaufempfehlung,Reviewed in Germany on 13 October 2025,5,"Effektiv und sauber! Die Schabenfallen sind einfach aufzustellen, kleben gut und helfen wirklich, das Problem schnell in den Griff zu bekommen."
ES,B07NWWFLL8,Funktioniert gut,Reviewed in Germany on 15 November 2020,5,"Ich hatte diese Fallen bestellt, nachdem ein Besuch Kakerlaken eingeschleppt hatte. Man bekommt 12 Fallen und eine kurze Beschreibung wie die Fallen funktionieren und wo man sie am Besten aufstellen sollte. In der ersten Nacht war 1 Falle erfolgreich und es waren 1 große Kakerlake und 2 Nymphen (nicht ausgewachsene Kakerlaken) darin gefangen. Am zweiten Tag befand sich in Falle 2 eine Nymphe. Hab die Fallen nach Empfehlung aufgestellt und diese waren erfolgreich. Ich kontrolliere sie jeden Morgen und Abend. Dadurch bewegt sich die Falle kaum, was für die Tierchen natürlich eine Art ""sicheres Versteck"" suggeriert und sie somit gefangen werden können. Das einzig negative, was mir einfallen würde wäre, wann die Falle gewechselt werden sollte. Laut Anleitung bei Fangerfolg. Aber zählt eine einzige Nymphe da schon? Oder meint Fangerfolg, wenn ein paar mehr drin sind? Ich habe sie jetzt bei jedem Fangerfolg (auch bei nur 1 Nymphe) gewechselt um sicher zu gehen."
ES,B07NWWFLL8,Fallen,Reviewed in Germany on 23 October 2025,5,"Ja, nicht immer helfen die Fallen, aber das ist bei anderen auch so. Ich würde sie dennoch empfehlen."
ES,B07NWWFLL8,Sehr gute Falle um einen möglichen Befall festzustellen!,Reviewed in Germany on 4 September 2025,5,"Falle leicht aufzustellen. Ich hab zum Glück keine Schaben, aber dafür sind mir einige Silberfische ins Netz gegangen. Also, ich denke das Produkt tut was es soll!"
ES,B07NWWFLL8,Look like magic,Reviewed in Italy on 26 October 2025,5,"Looks like magic, when i place them in an angle of the kitchen before 30 minutes it has catch a lot"
ES,B07NWWFLL8,Efficacité,Reviewed in France on 9 October 2025,5,Très efficace
ES,B07NWWFLL8,Piège à blattes,Reviewed in France on 4 September 2025,5,Très efficaces attirer les blattes facilement reste bien collé au piège
ES,B07NWWFLL8,Ça marche 👍,Reviewed in France on 7 September 2025,5,"C'est fonctionne, depuis la première journée j'ai attrapé 2 petites"
ES,B07NWWFLL8,Interessante.,Reviewed in Italy on 15 January 2026,5,"Veloce, affidabile, grazie."
ES,B07NWWFLL8,Super Service und Beratung,Reviewed in Germany on 8 September 2020,5,"Wir haben uns für diese Fallen entschieden, weil in anderen Rezensionen der Super Service gelobt wurde und das können wir nur bestätigen. Die Anbieter sind so ehrlich und sagen von vornherein , das die Fallen nicht bei allen Schaben wirken. Wir hatten nun den Fall, das wir noch vorm Aufstellen der Fallen eine tote Schabe gefunden haben. Wir haben dann ein Foto an Gerobug geschickt mit der Bitte um eine Bestimmung. Die Antwort kam sehr schnell und umfangreich, mit Tips für die evtl. nötige Bekämpfung, da es sich bei „unseren“ Schaben zum Glück nur um die Waldschaben handelt.Bislang hatten wir daher auch noch keine in unseren Fallen.  Inwiefern sie also bei den anderen Schaben wirken / funktionieren können wir daher nicht sagen. Zusammengefaltet und aufgestellt sind sie schnell und einfach.Aber alleine wegen der super Beratung sind die Fallen nur zu empfehlen."
ES,B07NWWFLL8,👍🏻,Reviewed in Germany on 26 November 2025,5,Ürün kullanışlı dediğini yapıyor ✅️
ES,B08CC9JM62,"Avoid, ships with SEUR",Reviewed in Spain on 19 May 2026,1,"Warning: the seller ships with SEUR. SEUR does NOT deliver to home (I live in the city centre) and lies about delivery. 99% of my orders with SEUR are never delivered. They marked my order unable to deliver due to blocked door or driveway first thing in the morning, BEFORE they even had the package out for delivery. They just deliver to a SEUR pickup locker and text message a pin code. Unacceptable. Refund requested with Amazon. Avoid SEUR if you want people to buy products and have them delivered."
ES,B08CC9JM62,No funciona,Reviewed in Spain on 15 June 2026,1,"No funciona!!Puse el producto por varias partes de la casa y siguen apareciendo cucarachas.Si se trata de una plaga y tienes el privilegio de dejar las cucarachas muertas y que se vayan comiendo unas a otras, puede que vaya bien, pero para erradicar las que van apareciendo de una en una, NO ES EFECTIVO!! A mi no me ha solucionado el problema."
ES,B08CC9JM62,Demasiado grande en su número 41 igual a 43,Reviewed in Spain on 20 May 2026,1,"Lo he devuelto demasiado grande lo dejé en el punto de recogida gasolinera virgen del Rocio carretera de Villamartin,  lo dejé allí el domingo pasado y aun no me sale como entregado. Requiero formalmente la devolución completa de mi dinero yo uso un 41 y ese zapato corresponde a un 42 y medio al menos."
ES,B08CC9JM62,No sirve de nada,Reviewed in Spain on 18 June 2026,1,"O los comentarios positivos son mentira, o no sé que clase de seres superiores tengo yo viviendo en mis tuberías, porque a éstas no se las carga. Ni dejan de aparecer ni se comen el cebo."
ES,B08CC9JM62,Efectivamente,Reviewed in Spain on 5 July 2026,1,La verdad no
ES,B08CC9JM62,No funciona,Reviewed in Spain on 1 April 2026,1,"No funciona, no sé que tipo de alienígenas tengo en casa pero se pasean y no tocan el producto."
ES,B08CC9JM62,Las cucharachas no se acercan y no le dan importancia al producto,Reviewed in Spain on 25 April 2026,1,"No veo resultados , no lo recomiendo"
ES,B08CC9JM62,No me funcionó,Reviewed in Spain on 23 December 2025,1,Compré este producto porque de vez en cuando veía alguna cucaracha de las pequeñas. Hice todo tal y como te pone en las instrucciones y no funcionó. Al final tuve que llamar a un especialista. No recomiendo su compra.
ES,B08CC9JM62,Tóxico para niños y animales,Reviewed in Spain on 5 July 2025,1,"Después de comprarlo descubri por los comentarios de los usuarios que, al contrario de lo que dice las indicaciones, las mascotas se lo comen, no quiero arriesgarme así que decidí devolverlo( no he llegado a abrir el paquete en el que venia). Para devolverlo tengo que llevarlo a correos y pagar los gastos de envío así que perderé mi tiempo y el dinero igualmente. A la basura!!"
ES,B08CC9JM62,NO FUNCIONA,Reviewed in Spain on 30 July 2025,1,"Bastante decepcionante porque viene poquísimo y tiras la mitad aplicándolo ya que es demasiado líquido, lo único que hace es atraerte montones de cucarachas pero de forma inutil ya que las ves pasando por enfrente del producto sin más, no gasten su dinero en esto, vi reseñas positivas y pensé que funcionaria pero lamentablemente no es así.."
ES,B08CC9JM62,No sirve para nada,Reviewed in Spain on 18 January 2026,1,No vale para nada....lo compre por las opiniones pero no se si serán reales.
ES,B08CC9JM62,No funciona con cucarachas americanas,Reviewed in Spain on 19 September 2025,1,"No funciona con cucarachas americanas (cucaracha grande). Son las únicas con las que se ha probado, desconozco si funcionará con otro tipo de cucaracha. Con estas no hubo ningún cadáver, se pasean alrededor."
ES,B08CC9JM62,No cumplió mis espectativas,Reviewed in Spain on 10 February 2026,1,No me fue eficiente
ES,B08CC9JM62,El envío fatal!!,Reviewed in Spain on 12 December 2024,1,"El producto muy bueno pero el envío fatal, el repartidor envío un mensaje que había estado a las 11:00 a entregar el producto y solo eran las 10:00😂 increíble que esto pase con lo fácil que es de demostrar con la captura de pantalla a la hora y día que suceden las cosas, las tecnologías hoy en día son buenas para estas cosas. En fin, el producto muy bueno pero la entrega del envío fatal y pésimo"
ES,B08CC9JM62,No ha funcionado,Reviewed in Spain on 28 August 2025,1,"En mi caso no ha funcionado. Aparecen cucarachas por la noche, no se comen el cebo aunque lo ponga en varios puntos diferentes y al dia siguiente estan vivas, como si nada."
ES,B08CC9JM62,No sirve para cuca alemana,Reviewed in Spain on 8 December 2025,1,Compré para matar cucarachas alemana . Mal gastado dinero .no funciona con estas cucas .
ES,B08CC9JM62,No sierve,Reviewed in Spain on 3 November 2025,1,No ha hecho nigun resultado .areves ya tengo todo tipo de edades de cucarachas ahora .perdida de denero y tiempo
ES,B08CC9JM62,Veneno,Reviewed in Spain on 9 October 2025,1,Lo pones en el suelo y pared y se queda manchado que para poder sacarlo cuesta mucho y ya queda la marca.
ES,B08CC9JM62,No sirve,Reviewed in Spain on 24 October 2025,1,No nos ha servido para nada. Le hemos puesto siguiendo las indicaciones y siguen habiendo cucarachas sin ninguna diferencia.
ES,B08CC9JM62,No vale nada,Reviewed in Spain on 29 November 2025,1,No gastáis el dinero 💰 porque no vale naaa
ES,B08CC9JM62,Producto nefasto,Reviewed in Spain on 6 December 2025,1,No hace nada es 0 efectivo
ES,B08CC9JM62,No vale nada,Reviewed in Spain on 22 July 2025,1,Es un timo a mi no me ha echo nada me siguen saliendo la cucaracha pequeñas y encima lleva muy poquito no lo compro más
ES,B08CC9JM62,No funciona,Reviewed in Spain on 18 July 2025,1,"En dos semanas lo he puesto dos veces por desagües, detrás de lavadora, lavavajillas, por debajo muebles cocina y siguen apareciendo incluso más."
ES,B08CC9JM62,No nos ha funcionado,Reviewed in Spain on 4 October 2025,1,Echamos por todo el local dos jeringuillas enteras y las cucarachas seguían saliendo.
ES,B08CC9JM62,No ha servido de mucho,Reviewed in Spain on 19 November 2025,1,No ha servido de mucho
ES,B08CC9JM62,Messy and not effective,Reviewed in Spain on 6 October 2025,1,Very messy. It's hard to control and squeeze out a small amount.
ES,B08CC9JM62,Ineficaz,Reviewed in Spain on 14 November 2025,1,"No sirve, sigue habiendo cucarachas."
ES,B08CC9JM62,No nos ha funcionado,Reviewed in Spain on 29 October 2025,1,Nos ha dado resultado CERO:
ES,B08CC9JM62,tamaño pequeño,Reviewed in Spain on 12 October 2025,1,tamaño muy pequeño un solo uso
ES,B08CC9JM62,Peligroso,Reviewed in Spain on 28 August 2025,1,Demasiado atrayente para animales domesticos. Los gatos lo huelen y lo buscan
ES,B08CC9JM62,No ha sido efectivo,Reviewed in Spain on 26 March 2025,1,"No ha sido efectivo. Esperamos más de dos semanas para ver si tenía algún efecto, pero nada, las cucarachas seguían ahí. Lo que más nos ha funcionado es echar Cucal en spray y sellar grietas."
ES,B08CC9JM62,Produto não funcionou,Reviewed in Spain on 6 May 2025,1,"Utilizei este produto num estúdio de 25m2 e não resultou após 4 aplicações de Gel. Pelo menos no meu caso não resultou, não me consegui das baratas."
ES,B08CC9JM62,Pesimo,Reviewed in Spain on 28 September 2025,1,"Por poner algo , no hace nada"
ES,B08CC9JM62,Animales de compañia,Reviewed in Spain on 28 August 2024,1,En el video especifica que no es agradable ni para consumo humano ni para los animales de compañia. MI GATO SE LO COMIO Y TUBE QUE IR AL VETERINARIO A QUE LE HICIERAN UN LABADO DE ESTOMAGO. Eficaz anu no se si lo es pero si teneis animales de compañia poner lejos de su alcanze.
ES,B08CC9JM62,no funciona,Reviewed in Spain on 27 August 2025,1,"no elimina nada, llevo dias echandolo y siguen saliendo cucarachas vivas"
ES,B08CC9JM62,Que funcione,Reviewed in Spain on 31 July 2025,1,Que no está bueno no sirve para nada sigue teniendo cucarachas después de cinco días
ES,B08CC9JM62,Revisar producto,Reviewed in Spain on 15 June 2025,1,"Va bien, pero me habéis traído la jeringa sin capuchón, es decir que no puedo cerrarlo, procurar revisarlo antes"
ES,B08CC9JM62,Una gran decepción,Reviewed in Spain on 23 October 2023,1,"Lo compré por la relación calidad precio que se podía apreciar en los comentarios, pero no sólo no tuve los resultados esperados, sino que empeoró mi situación..Después de ponerlo adónde se aconsejaba, como mi casa es pequeña, decidí de aprovecharlo para crear una barrera en mi habitación también, a no sea que se refugiaran ahí...Pues no sólo no acabó con las cucarachas de la cocina, sino que me encontré una pequeñita en mi cama, adónde jamás vi una!!"
ES,B08CC9JM62,No vale,Reviewed in Spain on 9 July 2025,1,Lo he puesto y siguen habiendo cucarachas.Muy efectivo no es
ES,B08CC9JM62,No sirve de mucho,Reviewed in Spain on 22 August 2025,1,No ha servido de mucho.
ES,B08CC9JM62,No les atrae,Reviewed in Spain on 22 June 2024,1,"El producto no atrae a las cucarachas, tuve que enjaular a una y hacerle un circulo al rededor para que pasase por encima, lo mas curioso es que esta no se paro a comer de esto por lo cual deduzco que no les gusta y difícilmente se envenen comiendo esto, no lo recomiendo"
ES,B08CC9JM62,Que el producto no vale la pena.,Reviewed in Spain on 7 June 2025,1,El producto no es de buena calidad. Estoy defraudado con el producto.
ES,B08CC9JM62,No hace efecto hay q mejorarlo,Reviewed in Spain on 7 July 2025,1,No hace efecto hay q mejorarlo
ES,B08CC9JM62,No he visto efecto ninguno,Reviewed in Spain on 19 November 2024,1,"No he visto resultado ninguno, al final compré otro producto en este caso de la famosa tienda de bricolaje verde, y por fin me las he quitado de encima, este producto no les hizo nada"
ES,B08CC9JM62,No es eficaz,Reviewed in Spain on 18 June 2025,1,"No sirve, duró una semana"
ES,B08CC9JM62,Mal mal!,Reviewed in Spain on 22 May 2025,1,No sirve! Un engaño. Ni una muerta.
ES,B08CC9JM62,No me ha funcionado.,Reviewed in Spain on 26 March 2025,1,No sirve. No me ha funcionado para plaga de cucarachas en el jardín.
ES,B08CC9JM62,Zero,Reviewed in Spain on 17 March 2025,1,Ningún resultado (
ES,B08CC9JM62,No funciona,Reviewed in Spain on 27 November 2024,1,"No las elimina, hay que llamar a una empresa de plagas, dinero tirado."
ES,B08CC9JM62,Bien,Reviewed in Spain on 18 March 2025,1,Bien
ES,B08CC9JM62,Lo he puesto por todas las casas,Reviewed in Spain on 16 March 2024,1,"He gastado todo el bote y tengo heces de cucarachas por todas la casa después de varios meses.Sólo ha matado una, no me ha funcionado con las alemanas"
ES,B08CC9JM62,Productos usados,Reviewed in Spain on 24 August 2024,1,"El embalaje roto y desprecintado, como si se hubiera usado. Lo voy a usar y casi vacio del todo."
ES,B08CC9JM62,No hizo efecto,Reviewed in Spain on 20 June 2024,1,"Nose si es porque no lo he utilizado bien, pero en mi caso no me funciona"
ES,B08CC9JM62,Producto muy malo,Reviewed in Spain on 1 October 2023,1,totalmente un timo ese producto no vele para nada es un engaño debe ser denunciado no atrajo ni una cucaracha De las tanta que hay producto muy malo
ES,B08CC9JM62,No funciona,Reviewed in Spain on 4 November 2024,1,No funciona
ES,B08CC9JM62,MUY PEQUEÑO Y VENIA CASI VACÍO,Reviewed in Spain on 9 July 2024,1,Muy pequeño el recipiente y venía casi vacío de producto.
ES,B08CC9JM62,No sirve,Reviewed in Spain on 17 September 2023,1,"Lo he puesto en el portal del edificio y no ha funcionado, en este caso se trata de cucarachas grandes de alcantarilla"
ES,B08CC9JM62,Fatal,Reviewed in Spain on 7 April 2024,1,No me ha funcionado. Llevo tiempo echándolo y no mata ninguna.
ES,B08CC9JM62,no ha funcionat,Reviewed in Spain on 29 August 2024,1,amb les alemanyes no funciona
ES,B08CC9JM62,No me ha solucionado el problema,Reviewed in Spain on 8 August 2024,1,No me ha solucionado el problema.
ES,B08CC9JM62,No funciona,Reviewed in Spain on 16 October 2023,1,desgraciadamente las cucarachas están paseando vivas .El color es asqueroso y no veo que esté funcionando en mi casa
ES,B08CC9JM62,Mal producto,Reviewed in Spain on 22 August 2024,1,No hubo resultados
ES,B08CC9JM62,No sirve.,Reviewed in Spain on 14 November 2023,1,A mí no me sirve. Con todo desinfectado y limpiado. Y no he visto ninguna muerta.
ES,B08CC9JM62,Las cucarachas son resistentes al repelente,Reviewed in Spain on 28 October 2023,1,"No ha sido nada efectivo, llevo tres semanas usandolo y  no he notado cambio"
ES,B08CC9JM62,No hace nada,Reviewed in Spain on 8 December 2023,1,El color es muy oscuro se ve mucho y no he visto resultados
ES,B08CC9JM62,No me ha funcionado. No lo recomiendo,Reviewed in Spain on 15 February 2024,1,Ninguna cucaracha muertaNinguna cucaracha muerta
ES,B08CC9JM62,No funciona,Reviewed in Spain on 26 September 2023,1,"Seguí las instrucciones del fabricante, como si no hubiera echado nada, siguen saliendo."
ES,B08CC9JM62,Demasiado caro para lo q es,Reviewed in Spain on 4 February 2024,1,Es demasiado caro la verdad
ES,B08CC9JM62,Inútil,Reviewed in Spain on 23 November 2023,1,No veo ninguna diferencia. Producto inútil...
ES,B08CC9JM62,No funciona,Reviewed in Spain on 8 November 2023,1,Tuvimos que llamar una empresa
ES,B08CC9JM62,poco eficiente,Reviewed in Spain on 2 July 2023,1,"No hace nada después de varios intentos, no muere una cucaracha"
ES,B08CC9JM62,Bof,Reviewed in France on 1 March 2026,1,Facile d'utilisation mais je ne vois aucune différence après 2 semaines d'utilisation.. j'ai décidé d'en acheté d'une autre marque et même pas 10 mins après je voyais déjà les cafards se ruer sur le gel alors qu'ils éviter celui-ci... lisant les avis j'en viens à la conclusion que ce doit être mes cafards qui se moque de ce gel en particulier 👀
ES,B08CC9JM62,Inefficace,Reviewed in France on 30 April 2026,1,Inefficace !!! vraiment sur le nombre de cafard que j’ai a la maison j’en ai vu seulement 2 ou 3 morts les autres sont plus vivant que jamais et  ce produit n’a pas l’air de les arrêter!!
ES,B08CC9JM62,Pâte a cafard inificace,Reviewed in France on 16 November 2025,1,Poser à mon appartement dans des coins comme l'utilisation dit toujours autant de cafard pas inefficace
ES,B08CC9JM62,Inefficace,Reviewed in France on 16 March 2025,1,"Produit totalement inefficace. J’ai placé une fine ligne d’appât au fond d’un tiroir où je trouve régulièrement de petites blattes, et après plus de 10 jours, rien n’a changé. Les insectes continuent de se promener autour comme si de rien n’était, et l’appât n’a même pas été consommé. Très déçu, je ne recommande pas ce produit."
ES,B08CC9JM62,Eco gel,Reviewed in France on 10 December 2025,1,Pas utile et coule beaucoup
ES,B08CC9JM62,NUL ZERO A FUIR,Reviewed in France on 3 September 2025,1,Vraiment produit qui ne sert absolument à rien pas un seul cafard mord vraiment produit à fuir ce n'est que du gaspillage d'argent hyper déçue
ES,B08CC9JM62,Inefficace,Reviewed in France on 27 August 2025,1,Le produit est inefficace chez moi.
ES,B08CC9JM62,Ne pas acheter.,Reviewed in France on 31 July 2025,1,Impossible à utiliser…À fuir
ES,B08CC9JM62,Mouai,Reviewed in France on 25 July 2025,1,Ne semble pas fonctionner
ES,B08CC9JM62,Totalement inefficace,Reviewed in France on 30 August 2021,1,"Les cafards passent tous a coté et j'en suis infesté, ils préfèrent carrément lécher le sol et les surfaces pourtant nettoyées; le produit est encore intact il a juste séché et n'a pas perdu un micro gramme, j'ai déposé des gouttes dans les endroits ou les cafards pullulent mais ils ignorent complètement le produit. totale arnaque, le produit est sensé être amer pour les personnes et les animaux mais apprement ca l'est aussi pour les cafards !"
ES,B08CC9JM62,Anti cafard et blattes,Reviewed in France on 11 March 2025,1,Ne fonctionne absolument pas pas
ES,B08CC9JM62,Poco producto,Reviewed in Spain on 27 June 2026,2,"El producto parece que funciona pero la cantidad que lleva es mínima,no merece la pena por el precio"
ES,B08CC9JM62,No las quita del todo,Reviewed in Spain on 5 May 2026,2,"Parece que las va matando pero no acaba del todo con las cucarachas, siguen apareciéndome, la mayoría de las veces muertas, eso si."
ES,B08CC9JM62,No estoy segura,Reviewed in Spain on 26 April 2026,2,"No sé sinceramente si es eficaz, no tengo plaga de cucarachas, entra una de vez en cuando por las tuberías etc. no he notado ningun cambio en verdad"
ES,B08CC9JM62,Sin más,Reviewed in Spain on 6 March 2026,2,"Muy sin más. Funciona, pero no mata tantas cucarachas como dice. No lo recomendaría"
ES,B08CC9JM62,Jeringuilla contra cucarachas,Reviewed in Spain on 27 January 2026,2,No vale nada no es muy efectivo
ES,B08CC9JM62,Novar ecogel,Reviewed in Spain on 20 December 2025,2,"Las cuquis han pasado por delante del gel y se ríen d él, a mi no me ha funcionado."
ES,B08CC9JM62,No me ha servido,Reviewed in Spain on 16 September 2025,2,Tengo un problema con cucarachas pequeñitas. He puesto todo el gel por la cocina en rincones debajo de fregadero y nevera y siguen saliendo...
ES,B08CC9JM62,No desaparecen del todo,Reviewed in Spain on 15 July 2025,2,"No han desaparecido. Tengo sobre todo la alemana pequeña , he usado dos jeringuillas ya y es cierto que tengo menos pero sigo teniendo."
ES,B08CC9JM62,Gel,Reviewed in Spain on 8 October 2025,2,Lo echado pero no veo nada de resultado
ES,B08CC9JM62,De momento no es efectivo,Reviewed in Spain on 10 June 2025,2,Le doy 2 estrellas a pesar qué lo tengo puesto no ha picado ninguna y son de las pequeñas marrones
ES,B08CC9JM62,Estoy decepcionada con el producto,Reviewed in Spain on 27 April 2025,2,"La verdad e usado todo el proceso y sigo teniendo cucarachas grandes y como recién nacidas muy muy pequeñas ,hay menos pero todos los días aparece más"
ES,B08CC9JM62,No funciona,Reviewed in Spain on 11 June 2025,2,Lamentablemente he de decir que no ha funcionado. Las cucarachas siguen campando a sus anchas
ES,B08CC9JM62,Nada efectivo,Reviewed in Spain on 22 June 2025,2,"No veo cambios, sigo viendo cucarachas"
ES,B08CC9JM62,Tengo cucarachas,Reviewed in Spain on 9 August 2024,2,"Lo he puesto por la cocina y el baño y sigo teniendo cucarachas y lo peor es que no son cucarachas como las de siempre... Estás son como hormigas y las más grandes de largas como un fideo del N°0 , este producto a mí no me sirve."
ES,B08CC9JM62,VEO POCOS CADAVERES,Reviewed in Spain on 14 April 2025,2,NO FUNCIONA. SIGO VIENDO CUCARACHAS Y VEO POCOS CADAVERES.
ES,B08CC9JM62,Envío tarde…..de nuevo,Reviewed in Spain on 8 August 2024,2,"Envío tarde como ya se está haciendo costumbre en Amazon, el producto parece que cumple su función, me he encontrado algunas muertas, aunque alguna viva, pondré un poco más y le daré más tiempo"
ES,B08CC9JM62,No es lo mejor,Reviewed in Spain on 27 March 2024,2,"Se queda seco antes de 1 mes y deja de surtir efecto, para mí no es un buen producto si quieres que dure más de 1 mes"
ES,B08CC9JM62,Poca cantidad,Reviewed in Spain on 8 August 2024,2,"Yo no noto ningún cambio, poca cantidad y no veo efectividad."
ES,B08CC9JM62,No fuciona,Reviewed in Spain on 26 August 2024,2,No funciona se seca muy rápido
ES,B08CC9JM62,Dudas,Reviewed in Spain on 8 March 2024,2,"No es que tenga una plaga como tal, es esporádica, pero no termina de eliminarlas definitivamente. Repito las dosis, habrá que esperar."
ES,B08CC9JM62,Realmente no funciona,Reviewed in Spain on 20 July 2024,2,Realmente no funciona
ES,B08CC9JM62,no funciono,Reviewed in Spain on 8 August 2024,2,no funciono
ES,B08CC9JM62,Poco efectivo,Reviewed in Spain on 18 January 2024,2,"Muy poco efectivo para cucaracha pequeña pequeña… no he notado diferencia, solo me ha dejado La Mancha donde ha sido colocado…"
ES,B08CC9JM62,No hizo nada,Reviewed in Spain on 30 December 2023,2,"No vale para nada , vamos es como si no hubiera puesto nada"
ES,B08CC9JM62,No se lo recomiendo a nadie,Reviewed in Spain on 7 September 2023,2,Al final tengo las mismas cucas y eche 3 botes.
ES,B08CC9JM62,Qué cumpla su función,Reviewed in Spain on 10 August 2023,2,No funciona
ES,B08CC9JM62,Non he dí qualità affidabile,Reviewed in Italy on 4 June 2026,2,Non ha funzionato per niente tutte le gocce sono state una settimana e niente nessuno l’ha mangiato
ES,B08CC9JM62,Déçu,Reviewed in France on 27 February 2025,2,Produit pas efficace
ES,B08CC9JM62,Pas efficace,Reviewed in France on 22 November 2021,2,"Sur l'étiquette produit ,il est marqué toxique ce qui pour moi est un indice d'efficacité. Les insectes sont toujours présents ."
ES,B08CC9JM62,La eficacia que tiene el producto,Reviewed in Spain on 21 June 2026,5,"Que producto más bueno. Deja las cucarachas sin fuerzas y se mueren tras pasar bastante rato, haciendo asi lleguena su guarida y mueran muchas mas. Lo comen de inmediato. Estoy muy contenta con el producto."
ES,B08CC9JM62,Eficaz en menos de 24h,Reviewed in Spain on 19 June 2026,5,"Excelente producto,lo puse detrás de la nevera y en menos de 24h estaban muertas.Lo recomiendo totalmente .Muy eficaz.."
ES,B08CC9JM62,El único producto que me ha funcionado.,Reviewed in Spain on 11 May 2026,5,"Este producto me ha salvado la vida.Tenía un problema bastante grave de cucarachas en casa, debido a que debajo tengo un bar y se colaban por una bajante.Tape con silicona todos los resquicios, por pequeños que parecieran, limpie con lejía todo, gasté más de 20 botes de spray insecticida específicos para cucarachas, puse trampas de esas que venden en el Mercadona,puse una máquina de ozono….nada, nada funcionaba.Me recomendaron este producto y como último recurso antes de llamar a profesionales para que fumigaran lo probé. Deje todo impoluto, puse la pasta esta de la jeringa por todos los rincones y me fui una semana fuera de casa, con la esperanza de que hiciera su magia.INCREÍBLE. A la vuelta tuve que recoger cientos de cadáveres de cucarachas (las que no se habían comido ellas mismas). Funciona de verdad. Las pocas que aún quedaban los siguientes días estaban como atontiladas o incluso casi inmóviles patas arriba.Problema solucionado.Lo más gracioso es que este producto me lo recomendó un señor a la salida del supermercado porque me escuchó hablar por teléfono desesperado contándole la situación y el problema que tenía a un familiar para desahogarme. Gracias al señor que me lo recomendó, si alguna vez lees este comentario, me has salvado la existencia."
ES,B08CC9JM62,Muy eficiente,Reviewed in Spain on 24 June 2026,4,Excelente producto
ES,B08CC9JM62,100% efectivo,Reviewed in Spain on 29 May 2026,5,"Es lo más efectivo que he probado. Lo único que realmente funciona. Impide que se reproduzcan masivamente y aparezcan nuevas cucarachas cada día. La pega es que es un gel de color oscuro y se ve demasiado, parace que está sucia la superficie donde lo pones. Deberían plantearse hacerlo transparente y tendría una nota de 100"
ES,B08CC9JM62,Fuera cucarachas,Reviewed in Spain on 30 June 2026,5,"He probado contra las cucarachas otros sistemas y no acababa con el problema. Esto ha sido super eficaz. Desde que lo puse, como ponía,en las indicaciones no he vuelto a ver ninguna, por ahora. En cuatro semanas tengo que repetir y así haré.  Por ahora, contenta"
ES,B08CC9JM62,Mata las cucarachas super efectivo,Reviewed in Spain on 17 June 2026,5,Es súper efectivo. ..  las elimina yo habia probado de todo. Y no se morían .. hasta  que encontré este producto. Vale totalmente pena ..lo  recomiendo...
ES,B08CC9JM62,Muy bueno,Reviewed in Spain on 22 June 2026,5,"Es buenisimo, elimina a todas en cuestion de dias"
ES,B08CC9JM62,product works with effect,Reviewed in Spain on 2 July 2026,5,product works great.i had to put very little of the product.found 11 cockroaches.i will repeat in 3 weeks tose if there are some left…k
ES,B08CC9JM62,Eficacia,Reviewed in Spain on 28 June 2026,5,La segunda vez que lo compro y es muy eficaz en cuanto veo alguna limpio y aplicó el gel.No  las vuelves a ver ....Comparado con empresas de fumigar tiene el mismo resultado.Lo volveré a comprar
ES,B08CC9JM62,No es transparente es un manchón.,Reviewed in Spain on 5 July 2026,3,"Medianamente eficaz, pero manchan."
ES,B08CC9JM62,El producto no es tal bueno.,Reviewed in Spain on 2 July 2026,3,"No le veo tal como dice en la descripción,  lo he puesto por todas las esquina  de la casa y siguen habiendo  cucarachas."
ES,B08CC9JM62,Poca cantidad y precio elevado,Reviewed in Spain on 27 June 2026,3,"Jeringuilla contra cucarachas, fácil dosificador y eficaz contra infecciones pequeñas, poca cantidad y precio elevado"
ES,B08CC9JM62,Sin tapa pero efectivo,Reviewed in Spain on 1 April 2026,3,"Me llegó sin la tapa. Pero bueno, al menos parece que funciona."
ES,B08CC9JM62,No me gustó,Reviewed in Spain on 1 April 2026,3,De momento no me ha gustado
ES,B08CC9JM62,Envase muy pequeño y no cumple con lo anunciado,Reviewed in Spain on 31 March 2026,3,"Un poco decepcionada, lo adquiri por las recomendaciones pero a mi particularmente no me ha sido efectiva, lo he aplicado x toda la cocina con sumo cuidado ya que tengo gatos y es toxico , el envase es pequeño y despues de varios dias aplicado he seguido viendo algun cría  de estos pequeños insectos, algunas muertas pero otras vivas, quizás tenga que comprar algún producto adicional pies es inevitable que entren por ciertos desagües y cañerias de la cocina, hasta quewue la comunidad deas viviendas tome riendas en el asunto"
ES,B08CC9JM62,Poco contenido en el envase,Reviewed in Spain on 12 March 2026,3,"El producto funciona,se ven menos cucarachas y alguna muerta, pero el envase no trae casi nada de producto."
ES,B08CC9JM62,Veneno,Reviewed in Spain on 24 February 2026,3,El producto lo acabo de usar y ya he visto Alós bichos patas arriba no las a matado a todas pero creo que con los días Bas a ir desapareciendo
ES,B08CC9JM62,"Al principio si, ahora no.",Reviewed in Spain on 25 January 2026,3,"He comprado en bastantes ocasiones, funcionaba a las mil maravillas y cuando casi lo tengo todo erradicado, las últimas jeringas me viene el gel de otro color, un tono mucho más clarito y empieza a no funcionar nada de nada. Creo que cambiaron el producto.Ahora el problema vuelve a persistir."
ES,B08CC9JM62,Más o menos,Reviewed in Spain on 20 December 2025,3,"Hace varias semanas que lo utilicé, la verdad reduce un poco las cucarachas pero aún he visto alguna que otra."
ES,B08CC9JM62,Efectivo durante un tiempo,Reviewed in Spain on 31 October 2025,3,"No las elimino por completo , volvieron a salir"
ES,B08CC9JM62,Antes era otra presentación y marca.,Reviewed in Spain on 22 October 2025,3,Antes me funcionaba mas. No se que ha pasado con el cambio
ES,B08CC9JM62,not the best,Reviewed in Spain on 5 October 2025,3,"not the best, unfortunately you need to buy really expenssive profesional one to get rid of the Spanish mutant ones"
ES,B08CC9JM62,Funciona,Reviewed in Spain on 10 September 2025,3,Funciona pero igual no acabó con ellas
ES,B08CC9JM62,con dudosa efectividad!,Reviewed in Spain on 18 August 2025,3,"No va mal del todo, eso si con dudoso éxito, ya que  n o creo que sea totalmente efectivo. llevo en total ya 9 jeringuillas gastadas y si, tal y como describe el fabricante, con una sola gota, ""lenteja"", mata unas 50 cucarachas... ya deberia haber acabado no solamente con la plaga de mi casa, sino con toda la del vecindario. Al final he tenido que recurrir a otros sistemas de productos mas efectivos y eficaces."
ES,B08CC9JM62,Solo dura unos días,Reviewed in Spain on 8 August 2025,3,"Puse el producto en la arqueta donde tengo la pequeña plaga, todas murieron pero a la semana estaba igual, solo soluciona el problema momentáneamente, producto que no sirve ni para pequeñas plagas en arquetas."
ES,B08CC9JM62,Aviso,Reviewed in Spain on 1 August 2025,3,No funcionó. Mi suegra sigue viva.
ES,B08CC9JM62,hay mejores,Reviewed in Spain on 16 July 2025,3,"La verdad no he podido validar que sea util, lo pongo pero aun veo bichos"
ES,B08CC9JM62,"No creo que funcione ,es muy liquido se desparrama",Reviewed in Spain on 15 July 2025,3,"Pues que salen igual las cuquis ,"
ES,B08CC9JM62,Ni fu ni fa,Reviewed in Spain on 9 July 2025,3,No noté que hiciera mucho.
ES,B08CC9JM62,Eliminador de cucarachas,Reviewed in Spain on 2 July 2025,3,De momento no veo los efectos que esperaba
ES,B08CC9JM62,ok,Reviewed in Spain on 26 June 2025,3,ok
ES,B08CC9JM62,"Efectivo pero trae poco, toca comprar 2 o 3 tubos.",Reviewed in Spain on 22 June 2025,3,"Al principio no tenia mucha fe que digamos, pero a los 3 dias comence a encontrar las cucarachas ya muertas en el suelo. Y a los pocos dias son menos las que puedo ver, es impresionante porque no tiene olor, no te das cuenta si lo metes entre grietas.El unico detalle es que trae poco para la cantidad que amerita una cocina por mas pequeña que sea, pero hasta ahora la efectividad es buena."
ES,B08CC9JM62,NO ME HA SATISFECHO,Reviewed in Spain on 19 June 2025,3,"Tras utilizarlo varios días, no he notado sus efectos, las cucarachas seguian apareciendo"
ES,B08CC9JM62,Efectivo,Reviewed in Spain on 7 June 2025,3,"Cuando lo pongo, si aparecen muertas y desaparecen un tiempo"
ES,B08CC9JM62,De momento bien,Reviewed in Spain on 4 June 2025,3,Tengo una infestación potente de cucarachas negras en mi casa. He puesto perlas de este gel en los puntos de cria y en la arqueta siguiendo sus instrucciones. Actualizo la reseña en cuanto vea resultados pero ya avanzo que tengo un problema bastante serio.
ES,B08CC9JM62,No vi resultados,Reviewed in Spain on 3 June 2025,3,No vi muchos resultados
ES,B08CC9JM62,producto aceptable,Reviewed in Spain on 30 May 2025,3,Buen producto aunque esperaba mas
ES,B08CC9JM62,"Ayuda, pero no soluciona…",Reviewed in Spain on 29 May 2025,3,"Lo he usado como indican, pero encuentro varios problemas…Lo primero que es difícil de adivinar donde echarlo, porque en mi caso tenemos una plaga y con lo poco que entra de producto se acaba rápido. Lo segundo es que al principio sí que parece funcionar, pero han acabado saliendo de nuevo.Así que bueno, en definitiva no esperes un milagro…"
ES,B08CC9JM62,Falta mejorar sistema de usar el producto,Reviewed in Spain on 22 May 2025,3,Bien
ES,B08CC9JM62,Bueno,Reviewed in Spain on 18 April 2025,3,No he vuelto a ver ninguna cucaracha viva ni muerta
ES,B08CC9JM62,"Cumple,pero promete más de lo que hace.",Reviewed in Spain on 17 April 2025,3,"Es una buena solución para controlar una presencia moderada de cucarachas, especialmente si se aplica como medida preventiva o durante las primeras fases del problema. No es mágico ni elimina colonias enteras por sí solo, pero como parte de una estrategia más amplia, cumple.Aunque promete mucho con una gota, en la práctica se necesita aplicar más cantidad en varios puntos para ver resultados consistentes.Después de unos días, parece que dejan de acercarse al gel. Posiblemente por acostumbramiento o porque detectan el cebo."
ES,B08CC9JM62,Defraudado,Reviewed in Spain on 13 April 2025,3,Anteriormente usado. Este último no ha eliminado la visión de cucarachas en espacios exteriores.
ES,B08CC9JM62,Muito bom,Reviewed in Spain on 6 January 2025,3,Funciona excelente
ES,B08CC9JM62,Los gatos lo comen,Reviewed in Spain on 31 December 2024,3,"No puedo evaluar si ha sido eficaz o no, pero sí que los gatos lo comen; por suerte la cantidad ha sido mínima y no les ha ocurrido nada."
ES,B08CC9JM62,Color inapropiado,Reviewed in Spain on 23 November 2024,3,Es de un color marrón oscuro. Destaca demasiado en superficies claras. Queda fatal en enchufes y otros elementos blancos. Volveré a usar el anterior que era muy claro
ES,B08CC9JM62,Bien,Reviewed in Spain on 5 November 2024,3,De momento veo que funciona.
ES,B08CC9JM62,Regular,Reviewed in Spain on 21 September 2024,3,Para las pequeñas no vale
ES,B08CC9JM62,"No, muy efectivo",Reviewed in Spain on 20 September 2024,3,De fácil aplicación. No estoy muy satisfecho con la eficacia del producto.
ES,B08CC9JM62,Funciona a medias,Reviewed in Spain on 12 September 2024,3,"El producto funciona a medias. Hay que tener en cuenta que si tienes una buena plaga esto por si solo no te lo va a solucionar. A tener en cuenta que el gel es un atrayente, por lo que atrae a más cucarachas, aunque luego se vayan y mueran, tener presente que te saldrán más de estos bichitos repugnantes atraídos por el gel.Yo al final he llamado a una empresa de plagas y ha acabado mi pesadilla."
ES,B08CC9JM62,No demasiado efectivo,Reviewed in Spain on 9 September 2024,3,"Al principio parecía funcionar, aparecía alguna cucaracha muerta a diario. Pero después de 2 meses de uso, parece que han aprendido, y vuelvo a encontrar a estos bichos merodeando por la casa. Yano aparece ninguna muerta..."
ES,B08CC9JM62,El color del veneno es obscuro,Reviewed in Spain on 19 August 2024,3,"El veneno tiene pinta de funcionar razonablemente bien. Lo puse en mayo, para preparar la casa de cara al verano, y en todos estos meses solamente me he encontrado una y muerta. Lo que no me gusta es el color: al ser obscuro se nota claramente en las esquinas y queda bastante feo. Deberían modificar la fórmula para que sea transparente y  no llame tanto la atención."
ES,B08CC9JM62,Funciona,Reviewed in Spain on 5 August 2024,3,Porto pocs dies utilitzant-lo. Sembla que funciona
ES,B08CC9JM62,No es tan bueno,Reviewed in Spain on 3 August 2024,3,No es tan bueno
ES,B08CC9JM62,Bien,Reviewed in Spain on 1 August 2024,3,"No va mal, pero no vuelven a salir las cucarachas"
ES,B08CC9JM62,Mata la cocaratcha,Reviewed in Spain on 31 July 2024,3,Fácil a poner
ES,B08CC9JM62,Eficacia,Reviewed in Spain on 22 July 2024,3,"No es tan eficaz, como dice el producto"
ES,B08CC9JM62,"Creía que sería más efectivo,",Reviewed in Spain on 18 July 2024,3,"Creía que sería más efectivo, las primeras funcionaron bien, pero luego perdió efecto"
ES,B08CC9JM62,Mas o menos esta bien.,Reviewed in Spain on 13 July 2024,3,"Efectivo los primeros dias, hasta que dejas de usarla y a las dos semanasbya pierde efevtividad. Es un complemento no para usar solo."
ES,B08CC9JM62,Normal,Reviewed in Spain on 8 July 2024,3,"Pues la verdad es que me siguen apareciendo las cucarachas a pesar de echar el producto . Cierto que en menos cantidad , pero hay . No se si es que hay una plaga o que . Mis vecinos están igual"
ES,B08CC9JM62,No funciona,Reviewed in Spain on 30 June 2024,3,Lo he usado por todos sitios y no funciona
ES,B08CC9JM62,No satisfecha,Reviewed in Spain on 21 June 2024,3,Hay muy poca cantidad
ES,B08CC9JM62,Maracuchas,Reviewed in Spain on 29 April 2024,3,No es todo lo efectivo que esperaba
ES,B08CC9JM62,Eficaz pero no definitivo,Reviewed in Spain on 16 April 2024,3,"Repele y acaba con muchas cucarachas pero no es infalible. Además, es bastante tóxico."
ES,B08CC9JM62,No funciona con las germanas,Reviewed in Spain on 23 March 2024,3,"Me he quedado bastante descontento, no me ha servido para este tipo de cucarachas.Espero que para otras especies sirva."
ES,B08CC9JM62,"Lo peor, el olor",Reviewed in Spain on 6 March 2024,3,"No podría decir si el producto ha resultado exitoso o no. Lo he usado en combinación con las típicas trampas así como la desinsectación por parte de profesionales, pero como dicen en mi tierra ""tota pedra fa paret"".Hay dos cosas que si me parecen inconvenientes en todo caso:1) La escasez de producto, aunque parece común en todas estas jeringas de insecticida en pasta.2) El desagradable olor de esta pasta, que si se utiliza en alguna habitación pequeña o con poca aireación, puede llegar a ser muy, muy molesto."
ES,B08CC9JM62,Mata cucarachas?,Reviewed in Spain on 14 February 2024,3,No me guste que es un color oscuro y parece suciedadY otra cosa me gustaría saber si no se confundieron y me enviaron vitaminas para las cucaracha porque desde que lo puse están más activa
ES,B08CC9JM62,Mas o menos,Reviewed in Spain on 5 February 2024,3,He encontrado cucarachas muertas pero siguen habiendo
ES,B08CC9JM62,Muy poco productivo,Reviewed in Spain on 28 December 2023,3,Calidad precio no recomiendo poco producto y muy caro.ademas no es muy efectivo aún tengo cucarachas 🥴
ES,B08CC9JM62,Umm regular,Reviewed in Spain on 26 December 2023,3,"Lo he probado y la verdad no sé si realmente funcionó, lo probé en fecha de invierno por lo cual no vi muchas cucarachas, lo probaré nuevamente en verano que es cuando más aparecen"
ES,B08CC9JM62,El mata cucarachas,Reviewed in Spain on 25 November 2023,3,Lo acabo de poner y parece efectivo…estaré a ver y os diré mejor
ES,B08CC9JM62,Un pequeño fallo de diseño,Reviewed in Spain on 13 November 2023,3,Un poco corta la zona de apoyo de las rodillas
ES,B08CC9JM62,Qualidade do produto,Reviewed in Spain on 1 November 2023,3,O produto acaba por sujar o local onde é aplicado. As baratas morrem mas não é jo momento. E realmente senti uma redução significativa
ES,B08CC9JM62,Un poco más de transparencia e información,Reviewed in Spain on 18 October 2023,3,"No sé si todas la cucarachas del municipio están en mi cocina o qué, pero la actividad apenas ha cesado. Estaría bien que se dieran valores aproximados sobre cuando tarda en hacer un buen efecto, duración aproximada de este, etc."
ES,B08CC9JM62,Funciona bien,Reviewed in Spain on 5 October 2023,3,Funciona bien pero tarda en hacer efecto
ES,B08CC9JM62,Esperaba más eficacia.,Reviewed in Spain on 2 October 2023,3,"Lo usé en una cocina relativamente pequeña (18 mt2 aprox). La jeringa entera según dicen. Debajo del fregadero, en rincones de la encimera, alrededor del cubo de basura. Cuatro días después siguen saliendo por la noche, pero menos, la verdad. Esperaré que se cumpla la semana aplicaré una segunda jeringa y si no da resultado tendré que pedir que vengan a fumigar."
ES,B08CC9JM62,No ha sido totalmente eficaz,Reviewed in Spain on 26 August 2023,3,"Es cierto que se reducen en número, pero no elimina totalmente.He tenido que aplicar otro producto para erradicar el problema."
ES,B08CC9JM62,Creo que no las mata,Reviewed in Spain on 14 June 2023,3,Compré esto para matar a las cucarachas y porque vi buenas valoraciones. Parece que no las mata porque sigue saliendo y no he visto ninguna muerta. Gaste dinero para nada. Me salen unas cucarachas o una cosa parecida y no las mata nose que clase sea.
ES,B08CC9JM62,Producto,Reviewed in Spain on 1 June 2023,3,Voy a probar el producto a ver si en realidad funciona y si funciona comprare otro más CC s
ES,B08CC9JM62,Unade cal y otra de arena,Reviewed in Spain on 29 May 2023,3,"Compré hace tiempo una de estas geringillas y me vino de lujo para acabar con cucarachas y hormigas, sin embargo esta vez ninguna de las dos que pedí ha tenido el efecto deseado. Lo heché junto al hormiguero y las  hormigas pasaban por el lado sin hacerle ni caso, al igual me ha ocurrido con las cucarachas que se esconden bajo las macetas. No sé si es por la conservación que ha tenido el ecogel o por qué pero no me sirvió."
ES,B08CC9JM62,Peu efficace,Reviewed in France on 4 April 2026,3,Peu efficace
ES,B08CC9JM62,"Efficace sur certains cafards, mais résultats inégaux selon les zones",Reviewed in France on 29 November 2025,3,"Le gel Ecogel de Novar est simple à utiliser : la seringue permet de déposer de petites gouttes dans les coins stratégiques, sans odeur forte et sans tacher. L’application est propre et rapide, ce qui est appréciable.Concernant l’efficacité, les premiers résultats sont visibles au bout de quelques jours, surtout sur les petits cafards. Cependant, l’action est irrégulière : certains endroits ont été bien traités, mais d’autres semblent n’avoir eu aucun effet. Dans les zones où l’infestation est plus importante, le produit manque un peu de puissance.Il reste utile en entretien ou pour de petites invasions, mais pas idéal pour un problème plus étendu. Le rapport qualité-prix est correct, mais je m’attendais à un résultat plus homogène.✔ Points positifsApplication facile avec la seringuePas d’odeur, pas de tachesEfficace sur les petits cafardsPratique pour zones précises❗ Points à améliorerEfficacité inégale selon les zonesMoins performant en cas d’infestation importante"
ES,B08CC9JM62,Estaba bien pero muy pequeño,Reviewed in Spain on 5 July 2026,4,Masy pequeño de lo que muestran
ES,B08CC9JM62,Cumple su cometido,Reviewed in Spain on 6 July 2026,4,"Buen producto, bastante efectivo"
ES,B08CC9JM62,Actúa rápido,Reviewed in Spain on 10 June 2026,4,Lo puse y al principio ha sido muy efectivo pero al cabo de unos días el producto se ve que pierde propiedades y empiezo a ver cuquis de nuevo.De todas formas voy a comprar otra.
ES,B08CC9JM62,Sip,Reviewed in Spain on 5 July 2026,4,Aparentemente funcionaVeremos
ES,B08CC9JM62,Funciona bastante bien.,Reviewed in Spain on 30 May 2026,4,Mueren antes de volver al nido y 1 gota no mata a 50 como pone aquí pero un tubo me ha matado unos 80 contados. El más eficaz que he probado la verdad. Lo que más funciona es tapar agujeros donde pueden entrar y si también pones trampas puedes adivinarlo desde donde llegan.
ES,B08CC9JM62,Bien,Reviewed in Spain on 18 June 2026,4,De momento bien
ES,B08CC9JM62,Funciona,Reviewed in Spain on 11 May 2026,4,Es un buen producto hasta ahora lo que mejor me ha funcionado.  Tengo un montón de trampas y las seguía viendo .tengo una especie pequeña y persistente en la cocina (vivienda antigua)y al atacar con este producto en rendijas y bajos funciona bastante mejor .Espero dejar de verlas para siempre.
ES,B08CC9JM62,Efectivo,Reviewed in Spain on 12 June 2026,4,Es muy buen producto
ES,B08CC9JM62,ATENCIÓN LEER INFO IMPORTANTE,Reviewed in Spain on 24 March 2026,4,"90m2  4 hab comedor  baño y despensa es recomendable comprar 2 blísteres uviera agradecido un comentario como el mio, dudas no tengo de que el producto funcione pues el porcentaje de valoraciones asi lo indica es eficaz pero falta la información sobre la cantidad necesaria por m2 , mi episodio no es aun alarmante pero ya se empiezan a ver durante el dia y eso es indicativo que estaba a pocas semanas de tener infestado el piso pues ya tenemos temperaturas de 25 diurno 15 noche y es así como ploriferan las cucarachas, volvere a comentar en 4 dias cuando compre el siguiente blíster dare mi opinión sobre la eficacia y adjuntaré foto saludos"
ES,B08CC9JM62,Las mata,Reviewed in Spain on 2 June 2026,4,El producto funciona bien
ES,B08CC9JM62,Seringa contra baratas,Reviewed in Spain on 14 May 2026,4,"Ainda não sei dizer se é mesmo eficaz, mas parece ser. Por isso, recomendo."
ES,B08CC9JM62,Efectivo,Reviewed in Spain on 11 May 2026,4,Lo pusimos en baño y cocina. Y dejaron de aparecer.
ES,B08CC9JM62,Muy efectivo,Reviewed in Spain on 17 May 2026,4,Muy efectivo
ES,B08CC9JM62,Eficaz,Reviewed in Spain on 11 May 2026,4,Muy bueno
ES,B08CC9JM62,Bien,Reviewed in Spain on 8 May 2026,4,Es para lo que es
ES,B08CC9JM62,Para prevenir,Reviewed in Spain on 9 May 2026,4,Es eficaz
ES,B08CC9JM62,Efecto limitado,Reviewed in Spain on 24 March 2026,4,"No creo que por sí solo sea totalmente eficaz, aunque algo de efecto sí que hace. Puede ayudar como complemento, pero no esperaría que solucione el problema por completo.✔️ Pros: algo de efectividad❌ Contras: eficacia limitada"
ES,B08CC9JM62,Cucarachas,Reviewed in Spain on 13 April 2026,4,No es lo mismo de eficaz que los profesionales
ES,B08CC9JM62,Bueno y rápido,Reviewed in Spain on 11 April 2026,4,Bueno y rápido
ES,B08CC9JM62,Efectivo,Reviewed in Spain on 8 April 2026,4,Efectivo
ES,B08CC9JM62,Compra Recomendable,Reviewed in Spain on 27 March 2026,4,Muy efectivo
ES,B08CC9JM62,no es lo que buscaba,Reviewed in Spain on 25 March 2026,4,bastante bien
ES,B08CC9JM62,"Bueno, pero complementando con otros",Reviewed in Spain on 5 March 2026,4,"Buena para plaga de cucarachas, aunque lo complementé con otros productos porque solo no conseguía erradicarlas. Pero el producto parece bueno."
ES,B08CC9JM62,Eficaz de momento.,Reviewed in Spain on 8 March 2026,4,Desde que he puesto la trampa ya no he visto ninguna cucaracha.
ES,B08CC9JM62,Easy to use,Reviewed in Spain on 12 February 2026,4,"I cannot confirm the efficiency as I have not seen any dead cockroach, but neither any alive which is a good sign. Easy to use, just press the paste out of the syringe."
ES,B08CC9JM62,👍🏼,Reviewed in Spain on 12 March 2026,4,Ok sin más
ES,B08CC9JM62,Decente,Reviewed in Spain on 19 February 2026,4,Mata a las cucharas pero no erradica el nido
ES,B08CC9JM62,"Funcionar, funciona pero…",Reviewed in Spain on 2 July 2025,4,"Le doy 4 estrellas porque es un producto “súper guarro” para aplicar.Sin ninguna razón yo me había hecho a la idea de que era un gel transparente. No lo es. Es un gel espeso y viscoso de color marrón oscuro.Una vez que aprietas la jeringa, aquello no para de salir. No es tan fácil como “aplicas una gota” y te vas a otro sitio a dejar otra.Hay que armarse con un trozo de papel de cocina para ir tapando la salida del producto.En el lado positivo de las cosas, funciona. Desde que lo apliqué, no he vuelto a ver una cucaracha ni viva ni muerta. Y la cantidad es suficiente para que me dure varios años (si no se seca y se tapona)."
ES,B08CC9JM62,Es magnífico,Reviewed in Spain on 7 February 2026,4,Es muy buena
ES,B08CC9JM62,Bien producto,Reviewed in Spain on 20 January 2026,4,Buen producto cumple su función
ES,B08CC9JM62,Sin usar aún,Reviewed in Spain on 3 December 2025,4,Pues no lo he usado. Lo compré con un espray que fue suficiente y no lo tuve que utilizar. Pero no tiene mala pinta por eso lo compré.
ES,B08CC9JM62,Bien,Reviewed in Spain on 16 January 2026,4,Bien
ES,B08CC9JM62,No he visto más cucarachas.,Reviewed in Spain on 3 January 2026,4,No he vuelto a ver cucarachas. Ya veremos!
ES,B08CC9JM62,Mata las cucarachas,Reviewed in Spain on 2 January 2026,4,Perfecto buen producto
ES,B08CC9JM62,Eficaz,Reviewed in Spain on 28 December 2025,4,Es muy efectivo contra las cucarachas
ES,B08CC9JM62,Mal sehen,Reviewed in Spain on 30 December 2025,4,Gift ist ausgelegt
ES,B08CC9JM62,Bueno,Reviewed in Spain on 4 January 2026,4,Bueno
ES,B08CC9JM62,Se ve un buen producto,Reviewed in Spain on 9 November 2025,4,Envío rápido se ve un producto fácil de usar cuesta un poco quítale el capuchón pero parece muy efectivo ya me e encontrado bastantes julianas patas arriba
ES,B08CC9JM62,No es todo lo esperado.,Reviewed in Spain on 13 December 2025,4,No se si es tan efectivo el producto.
ES,B08CC9JM62,Parece que funciona,Reviewed in Spain on 9 November 2025,4,Lo acabo de comprar solo lo he usado una vez y ya han aparecido alguna muertas espero que funcione de verdad
ES,B08CC9JM62,Llego todo bien!,Reviewed in Spain on 7 December 2025,4,Llego todo bien!
ES,B08CC9JM62,Bastante efectivas,Reviewed in Spain on 12 September 2025,4,"Creo que resulta bastante efectivo nxon algún tipo d cucarachas pero en.otras elmefevto no es tan potente como elmesperado, creo que es por el efecto de atracción que no es tan potente como lo esperado."
ES,B08CC9JM62,Eficaz aunque viene poco producto,Reviewed in Spain on 10 July 2025,4,La verdad que tenía bastante sobre todo salían por la noche a pesar de tenerlo todo limpio había puesto ya otros geles y usado otro tipo de venenos aunque todavía veo alguna la mayoría que encuentro están muertas volveré a comprarlo y espero terminar con ellas con una segunda dosis porque viene poco producto
ES,B08CC9JM62,Las mata hasta en su nido,Reviewed in Spain on 28 August 2025,4,Parece que funciona bien pero si se usa poniendo el cebo sin ver el sitio ( rincones difíciles ) no se sabe cuanto producto se ha puesto ni si queda aún en la jeringuilla.
ES,B08CC9JM62,"Bueno, facil de usar",Reviewed in Spain on 30 August 2025,4,"Tuve un problema con la entrega pero se solucionó enseguida la verdad. El producto todo bien, me imagino que hasta dentro de unos dias no se veran resultados"
ES,B08CC9JM62,Eficaz,Reviewed in Spain on 8 October 2025,4,"Me solucionó el gran problema que tenia, lo volvería a comprar."
ES,B08CC9JM62,Bueno,Reviewed in Spain on 19 September 2025,4,Buen producto no huele lo malo que me equivoqué y me mandaron otro pero es efectivo
ES,B08CC9JM62,Gel mata cucarachas,Reviewed in Spain on 20 September 2025,4,"El producto llegó según lo establecido, ahora solo queda esperar para saber su eficacia"
ES,B08CC9JM62,Gel cucarachas,Reviewed in Spain on 7 October 2025,4,Actuó desde el primer día
ES,B08CC9JM62,la verdad es que no tanto,Reviewed in Spain on 9 September 2025,4,"La primera vez me funcionó genial, pero luego la verdad es que no tanto."
ES,B08CC9JM62,Parece efectivo,Reviewed in Spain on 7 August 2025,4,"Fácil y rápido de aplicar, por ahora sigo viendo curarachas pero moribundasEl único pero es difícil volver a colocar el tapón"
ES,B08CC9JM62,Esperando....,Reviewed in Spain on 23 August 2025,4,Lo he puesto porque en pocos días encontré 3 cucarachas. De momento no han aparecido más.
ES,B08CC9JM62,"ECOGEl para cucarachas: Muy efectivo, fácil de usar, pero con un sola pega.",Reviewed in Spain on 16 November 2023,4,"La jeringuilla NOVAR ECOGEL para cucarachas demuestra ser un método altamente efectivo y fácil de usar en la batalla contra estas molestas plagas. La aplicación con ECOGEL y su jeringuilla es sencilla y requiere solo una pequeña cantidad para lograr resultados notables en poco tiempo. Su facilidad de uso es una ventaja significativa, incluso para aquellos que no son expertos en el exterminio de insectos.A pesar de estas ventajas, es importante señalar una única pega que podría ser relevante para algunos usuarios: el color del producto puede resultar bastante obvio. Lo cual es un poco gracioso, porque al aplicarlo, parece que fuera una cucaracha en el piso. Es, en términos simples, bastante desagradable. Aunque este aspecto no afecta su eficacia, podría influir en la percepción estética para aquellos sensibles al aspecto visual de los productos. Se puede apreciar en la segunda fotografía. A pesar de estos detalles, NOVAR ECOGEL sigue siendo una opción fuerte y efectiva para combatir las cucarachas de manera eficiente, ya que sí funciona"
ES,B08CC9JM62,Acabou com 70% na primeira aplicação,Reviewed in Spain on 30 August 2025,4,"Bom custo benefício, mas para melhor resultado deve ser reaplicado após 15 dias"
ES,B08CC9JM62,Eficaz,Reviewed in Spain on 4 September 2025,4,Bastante eficaz. No he vuelto a ver ninguna
ES,B08CC9JM62,Recomendable y eficaz,Reviewed in Spain on 20 August 2025,4,"Eficaz y paractico con solo que pongas un poco donde ves cucarachas, van apareciendo muertas."
ES,B08CC9JM62,Funciona de maravilla,Reviewed in Spain on 5 July 2025,4,Funciona de maravilla. Teníamos cucarachas por todos lados. Y en cuestión de días ya no se ve ni una. De lo mejor que he probado contra las cucarachas
ES,B08CC9JM62,De momento muy bien,Reviewed in Spain on 11 June 2024,4,"Ahora estoy en la fase de exterminio.  Lo he puesto hace 3 semanas en una casa de campo y cada fin de semana, desde entonces, encontramos unas cuantas muertas, así que sí que puedo decir que funciona. Valoro con 4 por varios motivos: mejoraría el dosificador, en el momento que lo abres sigue saliendo producto sin parar, como si el émbolo de la jeringuilla siguiera apretando solo. Tampoco pone información sobre cada cuánto tiempo se puede reponer el producto. Para mí sería importante disponer de este dato. Y por último, dice que no resulta atractativo para las mascotas, pues mis 2 perros se lanzaban a olerlo y tuve que eliminarlo de las zonas donde podían acceder."
ES,B08CC9JM62,Lo recomiendo,Reviewed in Spain on 16 June 2025,4,"He puesto las gotas en el baño ,cocina y terrazas e incluso en el alcantarillado de la calle hace 2 dias y es verdad q no encontrado ninguna cucaracha .La verdad que muy contenta"
ES,B08CC9JM62,Correcto,Reviewed in Spain on 2 September 2025,4,Es correcto lo que necesito
ES,B08CC9JM62,4 de 5,Reviewed in Spain on 6 September 2025,4,Cumple su función
ES,B08CC9JM62,El mata mata,Reviewed in Spain on 16 July 2025,4,Seguro este producto  mata todo cucarachas y todo insectos de verdad es muy bueno no bueno no buenisimo
ES,B08CC9JM62,Bien,Reviewed in Spain on 8 September 2025,4,Bien
ES,B08CC9JM62,Las mata pero siguen saliendo,Reviewed in Spain on 15 July 2025,4,Bueno la verdad que siguen saliendo pero las que salen están muertas espero que pronto no salgan más
ES,B08CC9JM62,Efectivo,Reviewed in Spain on 2 August 2025,4,"Ha sido efectivo de momento, me encanta la forma de aplicarlo."
ES,B08CC9JM62,Ok,Reviewed in Spain on 26 August 2025,4,Ok
ES,B08CC9JM62,Cumple su funcion,Reviewed in Spain on 25 August 2025,4,Efectivo
ES,B08CC9JM62,Gel,Reviewed in Spain on 20 July 2025,4,Me ha gustado pero viene poco líquido en el recipiente
ES,B08CC9JM62,Comodo de aplicar,Reviewed in Spain on 5 July 2025,4,Muy cómodo de aplicar aunque no resultó 100% efectivo
ES,B08CC9JM62,Ha cumplido con las expectativas,Reviewed in Spain on 7 July 2025,4,Hasta ahora ha actuado según lo esperado
ES,B08CC9JM62,No había tenido nada tan eficaz en años,Reviewed in Spain on 18 July 2025,4,Súper eficaz
ES,B08CC9JM62,Eficacia,Reviewed in Spain on 16 July 2025,4,Es bueno
ES,B08CC9JM62,"Eficaz, pero No Hace Milagros",Reviewed in Spain on 29 January 2025,4,"Es bastante eficaz y, con solo una gota, he notado una reducción significativa de las cucarachas. Sin embargo, no hace milagros y puede requerir varias aplicaciones para un resultado óptimo. Aun así, cumple bien su función y es una buena opción para el control de plagas."
ES,B08CC9JM62,Tengo mascotas y lo uso con total tranquilidad,Reviewed in Spain on 28 August 2024,4,"Vivo cerca del campo y las cucarachas suelen ser un gran problema, sobre todo en verano. Lo bueno del producto es que mata al nido desde dentro, y puedo ponerlo en sitios de la casa estando totalmente tranquila de que mis gatos y mi perra no se arriman a lamer el producto. Cada verano hago una compra de esta jeringuilla y me llega para reponer el producto por toda la casa dos veces"
ES,B08CC9JM62,Cumpre o propósito,Reviewed in Spain on 10 July 2025,4,
ES,B08CC9JM62,Mata Cucarachas,Reviewed in Spain on 5 July 2025,4,Es lo esperado
ES,B08CC9JM62,Cumple su funcion,Reviewed in Spain on 14 July 2025,4,Efectivo
ES,B08CC9JM62,Espectativa,Reviewed in Spain on 20 June 2025,4,Me han hablado bien del producto
ES,B08CC9JM62,Mata a los bichos,Reviewed in Spain on 16 June 2025,4,Mata a las cucarachas
ES,B08CC9JM62,Calidad,Reviewed in Spain on 25 June 2025,4,Bueno
ES,B08CC9JM62,Efectivo,Reviewed in Spain on 18 May 2025,4,Puse una gota y no he vuelto a ver ninguna más
ES,B08CC9JM62,Produto de qualidade,Reviewed in Spain on 4 June 2025,4,Muito pratico .
ES,B08CC9JM62,Mejor que un insecticida en espray,Reviewed in Spain on 12 October 2024,4,"Más cómodo que un insecticida en espray, pq dura bastante tiempo, pero por sí solo no acaba con la plaga, necesitas más refuerzos. No obstante, si no tienes mascotas, o niños pequeños, ni te da por lamer el suelo, es más útil y cómodo que el insecticida de siempre."
ES,B08CC9JM62,Funciona,Reviewed in Spain on 28 December 2024,4,"Desde que lo utilicé, no he vuelto a ver ni una sola cucaracha. Vi un par el día de aplicación muertas, al lado del producto y fin. Súper contenta, recomiendo."
ES,B08CC9JM62,Algo e funcionado,Reviewed in Spain on 17 August 2024,4,"No esque las estermine  de una pero si funciona porque comienzan aparecer muertas cada día,  habua comprado uno en la ferretería y no funcionó supuestamente Portugal y el mismo eso quiere decir qje venden imitaciones de este producto pero este si nos está  funcionando aplicaré una segunda"
ES,B08CC9JM62,Efectividad,Reviewed in Spain on 7 July 2024,4,"Me gusta el sistema de jeringuilla, pero no cae una gota de unos 3mm como dicen las instrucciones, cae un chorrete, que tú has de ir cortando. Quizás con el tiempo se me de mejor aplicar este veneno. Se puede poner en paredes, con lo que los animales no tienen peligro de envenenarse. Es eficaz."
ES,B08CC9JM62,Eficaz,Reviewed in Spain on 3 January 2025,4,Producto bastante eficaz y duradero sus efectosHasta ahora y para mí es el mejor que he usado en calidad y precio. Es recomendable.
ES,B08CC9JM62,No ha echo lo que  esperaba,Reviewed in Spain on 24 July 2023,4,"El envío tal como esperaba, correcto, el producto en si no es nada bueno después de aplicarlo en bastantes zonas tal como indica el fabricante no ha conseguido acabar con las cucarachas, al final he tenido que llamar a una empresa y han aplicado un producto similar pero este si ha echo efecto, no deberían vender productos que no hacen nada. Y como ya lo he utilizado pues no hay forma de devolverlo, sin duda una perdida de tiempo y de dinero."
ES,B08CC9JM62,Razonable,Reviewed in Spain on 2 April 2025,4,A su funcion!
ES,B08CC9JM62,Hay que esperar,Reviewed in Spain on 18 July 2024,4,"Lo he aplicado y hasta ahora la diferencia de efectividad en relación a un Insecticida tradicional en spray no se nota mucho, salvo por el olor obviamente, no he vuelto a ver cucarachas debo admitir, al menos vivas, si encontré alguna muerta por ahí"
ES,B08CC9JM62,Muy recomendable,Reviewed in Spain on 12 March 2025,4,De momento han desaparecido...
ES,B08CC9JM62,Eficaz,Reviewed in Spain on 21 October 2024,4,"Es bastante eficaz, de hecho es lo más eficaz que he utilizado, pero tarda más en acabar con las cucarachas de lo que dice."
ES,B08CC9JM62,caliad y precio,Reviewed in Spain on 14 August 2024,4,use este producto para las cucarachas ace menos de una semana y se nota ke no tengo tantas cucarachas como las beia antes es pronto para opinar pero si beo menos chucarachas lo recomiendo
ES,B08CC9JM62,Recomendable,Reviewed in Spain on 5 July 2024,4,"Lo he puesto en los lugares del hogar donde siempre hay x la parte zocalo suelo, alguna pequeña grieta donde pueden esconderse insectos indeseados. Lo pude hace 2 días. Fácil colocación y nada engorroso. Nada tóxico tb para mascotas.Recomendable."
ES,B08CC9JM62,Funciona,Reviewed in Spain on 29 January 2025,4,Fácil de aplicar y eficiente
ES,B08CC9JM62,Desaparecieron bastantes pero no todas,Reviewed in Spain on 24 July 2024,4,"Era impresionante estar echando el producto y ver cómo acudían como locas a comérselo. Sin importarle que estuviera yo ahí. La verdad que murieron muchas, pero no todas. Empezaron a aparecer muertas. Pero no desaparecieron del todo"
ES,B08CC9JM62,Funciona.,Reviewed in Spain on 1 September 2024,4,Hola. Lo he aplicado y por ahora veo que cada día hay menos. Funciona muy bien. Producto muy seguro para los que tenemos niños en casa. Gracias.
ES,B08CC9JM62,Funciona,Reviewed in Spain on 21 September 2024,4,Lo puse por la noche y por la mañana ya vi resultados espero que en una semana ya no ver ni una sola cuqui
ES,B08CC9JM62,Funcionó,Reviewed in Spain on 10 September 2024,4,"Lo único es que se ve el gel en los bordes donde lo pusimos porque es de color café, a funcionado de maravilla. Recomendadisimo."
ES,B08CC9JM62,Primeras semana aún sin cambios,Reviewed in Spain on 9 August 2025,4,"Después de cinco días de uso, no he notado ningún cambio, siguen apareciendo la misma cantidad que los días anteriores voy a tener que seguir esperando y poniendo cada noche un poquito de cebo a ver si consigo acabar con ellas."
ES,B08CC9JM62,Regular,Reviewed in Spain on 16 June 2025,4,"Lo compramos hace dos semanas, la primera semana después de ponerlo, dejamos de verlas. Pero ahora que han pasado unos 10 días o así, hemos vuelto a ver."
ES,B08CC9JM62,Muy bueno,Reviewed in Spain on 12 December 2024,4,Funciona de maravilla lo recomiendo
ES,B08CC9JM62,Esperaba mas eficacia,Reviewed in Spain on 3 November 2024,4,Esperaba una mayor eficacia
ES,B08CC9JM62,Se mueren,Reviewed in Spain on 6 October 2024,4,Ha ido fenomenal porque dinde lo puse han fallecido las cucarachas rojas típicas
ES,B08CC9JM62,Veneno para cucarachas,Reviewed in Spain on 22 September 2024,4,Muy efectivo ya estoy viendo los resultados
ES,B08CC9JM62,Creo que funciona,Reviewed in Spain on 27 August 2024,4,"Después de probar varios,ya veo un 90% menos de hormigas, pero no al100% eliminadas"
ES,B08CC9JM62,FACIL DE USAR,Reviewed in Spain on 21 August 2024,4,"Creo que si esta funcionando porque veo menos cucarachas, pero no puedo demostrar totalmente la eficacia."
ES,B08CC9JM62,bem bom,Reviewed in Spain on 20 August 2024,4,Bastante eficaz e de fácil aplicação.
ES,B08CC9JM62,Trampa,Reviewed in Spain on 6 July 2026,5,Todo bien
ES,B08CC9JM62,Se ve que hace efecto por lo que veo.,Reviewed in Spain on 6 July 2026,5,"Aún estoy provando el producto,  pero se ve bueno."
ES,B08CC9JM62,Perfecto,Reviewed in Spain on 4 July 2026,5,Todo perfecto y rápido
ES,B08CC9JM62,Funciona a la perfección,Reviewed in Spain on 4 July 2026,5,"Hace un par de días lo utilice y no se ve ninguna cucaracha, es genial"
ES,B08CC9JM62,Cumple lo que promete,Reviewed in Spain on 2 July 2026,5,"Es efectivo para cucarachas ,en 4 días desaparecieron todas"
ES,B08CC9JM62,El mejor,Reviewed in Spain on 1 July 2026,5,Lo mejor q e probado 100% eficaz lo vuelvo a comprar
ES,B08CC9JM62,Fran,Reviewed in Spain on 30 June 2026,5,Hola. Sobre este producto que dioEs lo mejor que he probado hasta ahora. Buenisimo para las cucarachas las fulmina nada mas que comenAconsejarlo un 100 x 100
ES,B08CC9JM62,la Probare!,Reviewed in Spain on 29 June 2026,5,Todo muy bien embalado a llegado antes de tiempo y en perfecto estado
ES,B08CC9JM62,Parece que funciona,Reviewed in Spain on 29 June 2026,5,Le he puesto un 5 estrellas porque de momento no han aparecido más huéspedes!
ES,B08CC9JM62,Añadir de cuando en cuando,Reviewed in Spain on 29 June 2026,5,"Súper eficiente, con poco basta.Ponerlo cerca de donde supuestamente viven las cucarachas"
ES,B08CC9JM62,Cumpre com o que promete,Reviewed in Spain on 28 June 2026,5,Combinei o Ecogel com armadilhas. Aparecem mortas em poucas horas. Muito bom!
ES,B08CC9JM62,Excelente,Reviewed in Spain on 28 June 2026,5,"Excelente! Lo usé para las cucarachas pequeñas, desde el día siguiente comenzaron a parecer muertas."
ES,B08CC9JM62,Muy Bueno,Reviewed in Spain on 27 June 2026,5,Bueno producto y servicio.Gracia
ES,B08CC9JM62,BUEN PRODUCTO,Reviewed in Spain on 27 June 2026,5,Buen producto
ES,B08CC9JM62,Excelente,Reviewed in Spain on 27 June 2026,5,"Puedo decir, que es lo máximo. Limpié profundo, al tener perros lo eché en zonos de no acceso para ellos. Y desaparecieron. Eran cucarachas de la calle, negras de alcantarilla, al vivir en un bajo estaban entrando."
ES,B08CC9JM62,Cukis,Reviewed in Spain on 25 June 2026,5,Lo recomiendo muy efectivo ya he comprado varias veces y funciona
ES,B08CC9JM62,Efectivo,Reviewed in Spain on 24 June 2026,5,Excelente producto
ES,B08CC9JM62,It does the job,Reviewed in Spain on 24 June 2026,5,It does the job
ES,B08CC9JM62,Funciona,Reviewed in Spain on 24 June 2026,5,Lo mejor q funciona
ES,B08CC9JM62,eficaz,Reviewed in Spain on 23 June 2026,5,eficaz
ES,B08CC9JM62,Ojalá no necesite volver a comprarlo,Reviewed in Spain on 23 June 2026,5,Tenía un problema importante con las cucarachas.Había probado diferentes productos y no conseguía los resultados que he conseguido con este. Es tremendamente eficiente. En mi caso en 2 semanas han desaparecido por completo.
ES,B08CC9JM62,Encantada,Reviewed in Spain on 23 June 2026,5,Estupendo
ES,B08CC9JM62,FUNCIONA!!!!!!!!,Reviewed in Spain on 23 June 2026,5,"Brutal. No solo mata a una, si no a la colonia entera!Lo voy poniendo regularmente (1 vez cada dos semanas) en la alcantarilla de mi terraza (es un bajo) y no he vuelto a ver ninguna más.Muy recomendado"
ES,B08CC9JM62,Corrector,Reviewed in Spain on 22 June 2026,5,Cumple mis expectativas
ES,B08CC9JM62,Works,Reviewed in Spain on 22 June 2026,5,I have seen dead bugs so I assume it works
ES,B08CC9JM62,Eficacia a la primera,Reviewed in Spain on 22 June 2026,5,Funciona a la primera. Lo eche en el patio y al día siguiente todas muertas. No han vuelto a salir.
ES,B08CC9JM62,Genial,Reviewed in Spain on 21 June 2026,5,"El producto llegó bien, un buen envoltorio, y rápido"
ES,B08CC9JM62,Great,Reviewed in Spain on 21 June 2026,5,Everything was good
ES,B08CC9JM62,Todo correcto,Reviewed in Spain on 19 June 2026,5,"Aún no lo hemos probado, pero tenias buenas recomendaciones."
ES,B08CC9JM62,Buen producto,Reviewed in Spain on 19 June 2026,5,"Muy buen producto , sale alguna cucharachs pero siempre muerta o atontada"
ES,B08CC9JM62,Eficacia,Reviewed in Spain on 18 June 2026,5,Muy buen producto
ES,B08CC9JM62,Efectivo,Reviewed in Spain on 17 June 2026,5,Lo puse y al día siguiente ya me apareció una cucaracha muerta así que si parece efectivo
ES,B08CC9JM62,Genial,Reviewed in Spain on 17 June 2026,5,Genial
ES,B08CC9JM62,Efectivo,Reviewed in Spain on 16 June 2026,5,"funciona genial, cumple su función a la perfección"
ES,B08CC9JM62,Excelente producto,Reviewed in Spain on 16 June 2026,5,Efectivo tal como lo anuncian lo puse en casa. Y ni rastro de cucarachas
ES,B08CC9JM62,Funciona!,Reviewed in Spain on 15 June 2026,5,"Lo llevo usando una semana pero desde el día 1 he visto que si habían cucarachas, estaban muertas o casi muertas! 10/10 nos ha encantado, vivo en un bajo y habíamos probado muchas cosas pero nada era una solución permanente, recomendado!"
ES,B08CC9JM62,Maravilloso,Reviewed in Spain on 14 June 2026,5,El producto parece cumplir su función al principio encontraba cada mañana cucarachas moribundas y en unos días dejé de verlas
ES,B08CC9JM62,Sin bichos,Reviewed in Spain on 14 June 2026,5,Es un producto que funciona muy bien
ES,B08CC9JM62,Veneno muy bueno,Reviewed in Spain on 13 June 2026,5,Muy bueno
ES,B08CC9JM62,Efectivo.,Reviewed in Spain on 13 June 2026,5,Es la segunda vez que lo compro y realmente ha dado el resultado esperado . Repetiré.
ES,B08CC9JM62,Jeringuilla,Reviewed in Spain on 13 June 2026,5,"Lo mejor que hay, pones un poco del producto por los rincones y adiós a los bichitos 100 x100 eficaz"
ES,B08CC9JM62,Efectividad,Reviewed in Spain on 12 June 2026,5,"Es muy efectivo, pero es conveniente combinarlo con trampas."
ES,B08CC9JM62,Buen producto,Reviewed in Spain on 11 June 2026,5,Cumple con mis expectativas
ES,B08CC9JM62,Priducto maravilloso.,Reviewed in Spain on 10 June 2026,5,"Realmente funciona muy bien. Tenía una plaga en casa y ha terminado con todas las cucarachas, grandes y prqueñas."
ES,B08CC9JM62,Eficaz,Reviewed in Spain on 10 June 2026,5,"Lo he puesto en varios sitios y no se si es casualidad pero han desaparecido, muchas gracias"
ES,B08CC9JM62,Cucarachas,Reviewed in Spain on 10 June 2026,5,"Funciona muy bien el producto, el envío muy bien"
ES,B08CC9JM62,100% confiable,Reviewed in Spain on 9 June 2026,5,Es excelente este producto lo super recomiendo
ES,B08CC9JM62,Danke,Reviewed in Spain on 9 June 2026,5,Hatt sehr geholfen.
ES,B08CC9JM62,Novar ecogel,Reviewed in Spain on 8 June 2026,5,"Es bastante bueno el gel, al día siguiente se nota mucho la diferencia."
ES,B08CC9JM62,Producto muy bueno y eficaz,Reviewed in Spain on 8 June 2026,5,Producto muy bueno y eficaz
ES,B08CC9JM62,Funciona a la perfección,Reviewed in Spain on 7 June 2026,5,
ES,B08CC9JM62,Nos ha funcionado,Reviewed in Spain on 4 June 2026,5,"Este producto es muy recomendable, porque nos ha funcionado."
ES,B08CC9JM62,Jeringuilla 1  Chuquis 0,Reviewed in Spain on 4 June 2026,5,Funciona perfectamente
ES,B08CC9JM62,Ojalá funcione,Reviewed in Spain on 3 June 2026,5,"En semana y media 11 cucarachas me he encontrado, tengo mucha esperanza en este producto, ojalá las erradique pronto, fácil de aplicar."
ES,B08CC9JM62,Muy buen producto,Reviewed in Spain on 3 June 2026,5,Desde que lo utilizamos se acabaron las cucarachas
ES,B08CC9JM62,Feliz,Reviewed in Spain on 3 June 2026,5,"Feliz con los resultados, nada tóxico y tras su uso se ven los resultados."
ES,B08CC9JM62,Eficaz,Reviewed in Spain on 1 June 2026,5,Bueno es un producto que había utilizado otras veces y resulta eficaz para su propósito
ES,B08CC9JM62,Efectividad,Reviewed in Spain on 1 June 2026,5,"Debe ser bueno, desde que lo puse hace ya una semana, no he vuelto a ver ninguna dentro de casa."
ES,B08CC9JM62,Adiós cucarachas,Reviewed in Spain on 31 May 2026,5,"Me lo han recomendado y la verdad es que tengo la expectativa muy alta. Lo he probado ya y cruzo los dedos para que estos bichitos no aparezcan…..vacías la jeringa en el borde de dentro de la arqueta. Es bastante tóxico, recomiendo guantes y mascarilla.referencias buenísimas"
ES,B08CC9JM62,Lo mejor que he probado,Reviewed in Spain on 31 May 2026,5,Exterminadas
ES,B08CC9JM62,Funciona increíble!,Reviewed in Spain on 29 May 2026,5,Había un nido de cucarachas y en dos o tres días desaparecieron completamente.
ES,B08CC9JM62,Potente,Reviewed in Spain on 29 May 2026,5,Super efectivo
ES,B08CC9JM62,LAS ENGOLOSINA!,Reviewed in Spain on 28 May 2026,5,!MUY EFICACES Y BARATAS!
ES,B08CC9JM62,Efectividad y rapidez,Reviewed in Spain on 28 May 2026,5,Producto muy efectivo y rápido en el exterminio de cucarachas.
ES,B08CC9JM62,Súper eficaz para matar cucarachas,Reviewed in Spain on 27 May 2026,5,"Elimina las cucarachas radical, muy recomendable y como se aplica poca cantidad, dura mucho"
ES,B08CC9JM62,"Funciona a la perfección, el ORION no vale la pena!!",Reviewed in Spain on 26 May 2026,5,"Compramos este producto para eliminar las cucarachas del verano y desde el primer día dejamos de ver las pocas que se atrevían a salir, además llego en 3 días. No como el otro producto de ORION ese que te cancela el pedido y te lo retrasa 3 semanas. Este producto 100% recomendado"
ES,B08CC9JM62,Bien,Reviewed in Spain on 24 May 2026,5,Funciona muy bien
ES,B08CC9JM62,Relación calidad precio,Reviewed in Spain on 24 May 2026,5,Eficacia desde el primer dia
ES,B08CC9JM62,Buen producto,Reviewed in Spain on 24 May 2026,5,Es bastante efectivo
ES,B08CC9JM62,Cumple,Reviewed in Spain on 23 May 2026,5,Cumple lo que promete. Cero plaga en mi apartamento por ahora.
ES,B08CC9JM62,Seems to work,Reviewed in Spain on 22 May 2026,5,Seems to have worked...so far
ES,B08CC9JM62,Eficaz 100%,Reviewed in Spain on 22 May 2026,5,"Limpio, discreto y muy eficaz. Super recomendable!"
ES,B08CC9JM62,.,Reviewed in Spain on 22 May 2026,5,"Es súper bueno el producto va súper bien , para los insectos es súper bueno al día siguiente aparecen muertos"
ES,B08CC9JM62,Ok,Reviewed in Spain on 20 May 2026,5,Super
ES,B08CC9JM62,Perfecto,Reviewed in Spain on 20 May 2026,5,Nice
ES,B08CC9JM62,Eficaz,Reviewed in Spain on 20 May 2026,5,Va genial
ES,B08CC9JM62,Effective,Reviewed in Spain on 19 May 2026,5,Very effective. I highly recommend it!
ES,B08CC9JM62,Maravilloso,Reviewed in Spain on 19 May 2026,5,Es lo mejor que he encontrado contra las cucarachas  y no vuelves a verlas por mucho tiempo....El producto es muy muy buenoOs recomiendo probarlo quien tenga este problema
ES,B08CC9JM62,Eficaz,Reviewed in Spain on 18 May 2026,5,"Llevo utilizandolo un par de años, y para mí es el mejor producto por si eficacia, van directas a comérselo y o mueren en el sitio o se lo llevan al nido. Lo coloco en varios sitios, cuidado si tenéis perros o gatos, que no lo chupen."
ES,B08CC9JM62,cumple perfectamente,Reviewed in Spain on 17 May 2026,5,"Como decia un anuncio muy famoso...""Las mata bien muertas"". Y hay producto de sobra para que dure mucho tiempo."
ES,B08CC9JM62,Funcionó,Reviewed in Spain on 16 May 2026,5,"Al final sólo usé la jeringa y fue mano de santo! No volvió a aparecer ninguna en cuestión del mismo día. Después apareció alguna,pero muerta. Encantada!!!!!"
ES,B08CC9JM62,Buen producto,Reviewed in Spain on 14 May 2026,5,"Buen producto , aunque hay que ser constante y repetitivo , hay que utilizarlo al primer síntoma de cucarachas"
ES,B08CC9JM62,Efectividad,Reviewed in Spain on 14 May 2026,5,"Por el momento estoy súper contenta con el producto, tenemos en la finca una plaga de cucarachas por las bajantes,  y se estaban colando incluso por las escaleras del rellano. He puesto veneno en las zonas que indica el paquete y en la puerta. Ya van 3 días y todas las mañanas me encuentro cadáveres de cuquis en la entrada y en el baño. Super contenta a ver si porfin podemos poner fin a esta plaga!"
ES,B08CC9JM62,Efectivo,Reviewed in Spain on 13 May 2026,5,Muy efectivo
ES,B08CC9JM62,Muy eficiente,Reviewed in Spain on 12 May 2026,5,Cumple su deber en totalidad
ES,B08CC9JM62,Funciona perfectamente.,Reviewed in Spain on 11 May 2026,5,La recomiendo.
ES,B08CC9JM62,Efectivo,Reviewed in Spain on 10 May 2026,5,Efectivo. Desaparecieron las cucarachas
ES,B08CC9JM62,Un buen exterminador un 10,Reviewed in Spain on 9 May 2026,5,Se acabaron es estupendo
ES,B08CC9JM62,Exelente,Reviewed in Spain on 8 May 2026,5,Producto eficaz
ES,B08CC9JM62,Efectivo,Reviewed in Spain on 7 May 2026,5,Buenísimo
ES,B08CC9JM62,Funciona y es de uso sencillo,Reviewed in Spain on 7 May 2026,5,Muy fácil de utilizar.Sólo habia visto alguna de vez en cuando pero como en verano suele haber más por eso lo compré. Desde que coloque las trampas y puse unas gotas en las zonas de los desagües y bote sifónico no he vuelto a ver ninguna
ES,B08D246QL2,No sirven,Reviewed in Spain on 27 June 2026,1,"Muy malas. Por webcam vi como las cucarachas pasan por encima, se atascan un poco y siguen su camino tan tranquilas. No sirven para nada."
ES,B08D246QL2,No funciona.,Reviewed in Spain on 24 June 2026,1,"No sirve, las cucarachas pasan por al lado como si nada. Se ríen del producto vamos. A ver qué respuesta me dan."
ES,B08D246QL2,Peores que cualquier otra marca.,Reviewed in Spain on 9 October 2025,1,"Peores que cualquier otra marca de trampas similares:- Huelen. No mucho, y no es desagradable, pero huelen.- Son más pequeñas que la mayoría. De ancho iguales, pero de largo, bastante menos.- Por apurar el papel al máximo, viene con pegamento hasta por los lados, con lo que se pega a todas partes: la bolsa donde vienen, el suelo, las manos... Y como toques el pegamento (que es inevitable a menos que uses guantes), luego no hay forma de quitarlo de las manos.He comprado trampas iguales de 3 o 4 marcas distintas y ninguna me ha dado estos problemas... salvo el del olor."
ES,B08D246QL2,Timo total,Reviewed in Spain on 3 July 2026,1,"Me parece un timo total, son muy pequeñas y  no hace ningún efecto"
ES,B08D246QL2,NO SÉ SI FUNCIONARÁN,Reviewed in Spain on 9 July 2025,1,"No me gustan nada. No sé si las cucarachas se pegarán, pero tú te pones las manos llenas de pegamento que es bastante difícil de quitar. Las trampas vienen pegadas de 3 en 3 y hay que separarlas y doblarlas, el problema es que los filos de las trampas chorrean pegamento, si usas guantes no hay manera de despegar los y si las tocas sin guantes, te pones de pegamento hasta arriba ... En fin, espero que al menos cumplan su función, si es así actualizaré mi comentario. Ya llevan dos días puestas y no ha caído ninguna. Otra cosa es que es difícil que las cucas pasen por estas trampas tan pequeñas si además no llevan ningún compuesto que las atraigan a la trampa."
ES,B08D246QL2,No sirve,Reviewed in Spain on 6 June 2026,1,No sirve para nada. Es como jugar  a las cositas con las cucarachas. Cero
ES,B08D246QL2,No hacen nada,Reviewed in Spain on 6 July 2026,1,No hacen nada.
ES,B08D246QL2,No valen,Reviewed in Spain on 12 June 2026,1,"No vale para nada,las cucarachas literalmente al lago y no caen"
ES,B08D246QL2,No sirven para acabar con las cucharachas,Reviewed in Spain on 5 June 2026,1,No sirven para nada
ES,B08D246QL2,NO FUNCIONA,Reviewed in Spain on 30 July 2025,1,"Es inútil no le pongo 0 estrellas porque no deja, el pegante que tiene no funciona es muy débil lo que hace que se despegue de la superficie y ni hablar del que se encuentra dentro de la trampa que es igual o peor ya que permite que la cucaracha escape después de ""quedar atrapada"" (lo he visto).Es dinero perdido ya que no cumplen su función."
ES,B08D246QL2,No sirven,Reviewed in Spain on 11 September 2025,1,"No atrae a las cucarachas. Tenía localizada una cucaracha en una habitación. Puse 3 trampas y las dejé durante 3 días. Al tercer día, miré debajo de la cama, la vi y la tuve que coger con un vaso. No merece la pena gastar el dinero en estas trampas."
ES,B08D246QL2,Pésima experiencia,Reviewed in Spain on 19 May 2025,1,La verdad compre el producto por las reseñas que pone que son súper creíbles. En mi caso pesi llevan puestas más de 3 dias donde tengo el problema con estos animales y no tengo ni tan solo 1. Y cada que vengo tarde de noche que enciendo la luz las veo pasear por los costados y no entran en la trampa.
ES,B08D246QL2,"NO Funciona, las cucarachas se despegan.",Reviewed in Spain on 20 June 2025,1,"No sé si es que ha venido defectuoso o qué, pero he visto como pasan cucarachas por encima sin quedarse pegadas. Otras se han quedado un poco pegadas, pero en cuestión de minutos han conseguido despegarse y salir… NO SIRVEN."
ES,B08D246QL2,No sirve para nada,Reviewed in Spain on 13 August 2025,1,Las cucarachas se pasean al lado y no entran ahí. Lo compré por los buenos comentarios pero serán que las de mi barrio son más listas que ninguna.
ES,B08D246QL2,No sirve para nada,Reviewed in Spain on 14 July 2025,1,"No sirve para nada, solo para gastar dinero. Puse 4 en una habitación grande y estaban 5 cucarachas grandes paseándose por el lado y de entrar dentro nada. Me tocó matarlas a mi."
ES,B08D246QL2,No funciona,Reviewed in Spain on 6 July 2025,1,En mi casa hay cucarachas por que las he visto y llevo días poniendo estas trampas y no ha caído ni una . Y eso que las he repartido por toda la casa .
ES,B08D246QL2,No funciona!!,Reviewed in Spain on 19 August 2025,1,No funciona!!!!! las cucarachas esquivan la trampa.Incluso si pones comida dentro de la trampa solo entran 2 o 3 (y tengo muchas en casa de esas pequeñitas)
ES,B08D246QL2,0 servicio,Reviewed in Spain on 15 December 2025,1,No sirve para nada. Caen más arañas que otra cosa.
ES,B08D246QL2,No sirve contra cucarachas grandes,Reviewed in Spain on 4 July 2025,1,"No sirve para las cucarachas Americanas. No se quedan pegadas, son tran grandes que se despegan y se van tan tranquilas. No volveré a comprar estas trampas. Las cucarachas gigantes se ríen de ellas."
ES,B08D246QL2,No sirven,Reviewed in Spain on 26 November 2025,1,"Las cucarachas entran y salen con facilidad, no se pegan."
ES,B08D246QL2,No sirve,Reviewed in Spain on 6 August 2025,1,"No vale para nada, he colocado 8 en diferentes partes y ni una cucaracha… sin embargo, han aparecido muertas dos, pero no por las trampas"
ES,B08D246QL2,No funciona,Reviewed in Spain on 15 July 2025,1,
ES,B08D246QL2,No funciona,Reviewed in Spain on 23 November 2025,1,Nada efectivo
ES,B08D246QL2,Useless,Reviewed in Spain on 23 October 2025,1,This is useless. It doesn’t work
ES,B08D246QL2,No funciona,Reviewed in Spain on 12 September 2025,1,En dos años no ha caído ningún bicho en la trampa.
ES,B08D246QL2,No atrae cucarachas y en pocos días ni pega...,Reviewed in Spain on 24 June 2024,1,"Ya he matado tres cucarachas cerca de los cebos, que no han recogido ninguna.Puse algún resto de comida para atraer más, pero tampoco.A los pocos días, noto que apenas pega el pegamento...Creía que funcionaría, pero debe caer alguna cuando hay una buena infectación...En la foto se ve la trampa i una cucaracha que he tenido que matar."
ES,B08D246QL2,Not worth it,Reviewed in Spain on 6 October 2025,1,A complete waste of money.
ES,B08D246QL2,Nefasto,Reviewed in Spain on 18 June 2025,1,Ha llegado el pedido y en vez de haber30 trampas sólo hay 10 ! Me siento estafada
ES,B08D246QL2,No hacen su trabajo,Reviewed in Spain on 11 July 2025,1,No funcionan. Pedazo de papel con algo de goma que no atrapa nada.
ES,B08D246QL2,No funcionan,Reviewed in Spain on 7 September 2025,1,No consigue atraer ni atraparlas
ES,B08D246QL2,Inútiles,Reviewed in Spain on 12 June 2025,1,"No sirven para nada, las cucarachas pasan por encima y no se pegan."
ES,B08D246QL2,No sirven para nada. caro y malo,Reviewed in Spain on 26 July 2025,1,No sirven para nada. caro y malo
ES,B08D246QL2,No sirven y huelen fortísimo,Reviewed in Spain on 10 February 2025,1,Las puse durante 2 días y no atrapó ni un bicho ... la que casi cae soy Yo del olor tan fuerte que quedó del adhesivo. Horribles. No recomiendo en absoluto.
ES,B08D246QL2,Es tirar el dinero,Reviewed in Spain on 1 August 2025,1,Que no sirve para nada
ES,B08D246QL2,No funciona,Reviewed in Spain on 19 April 2025,1,No confío realmente en este producto ya que he visto atravesar la trampa a una cucaracha sin inmutarse
ES,B08D246QL2,No resulta eficaz,Reviewed in Spain on 9 July 2025,1,Las cucharadas evitan entrar. Rodean las trampas.
ES,B08D246QL2,No las compro más,Reviewed in Spain on 15 June 2025,1,"Llevan 1 semana puestas y ni una cucaracha, no sirven"
ES,B08D246QL2,No funciona,Reviewed in Spain on 6 May 2025,1,"No sirve, no sé pega ni una, ya lo tengo puesto hace tiempo y nada"
ES,B08D246QL2,Si tienes cucarachas alemanas ese producto no es para ti,Reviewed in Spain on 25 June 2024,1,"Las cucarachas alemanas se alborotaron pero jamás entraron a la trampa. Les puse comida: azúcar, en otras pedacito de jamón ibérico (más gourmet imposible), grasa de pollo, panela... Nada funcionó. Por eso le doy 1 estrella. Deberían ponerle ferromonas porque caro es el producto."
ES,B08D246QL2,Absolute waste of time,Reviewed in Spain on 9 September 2024,1,Have these all over the house. They attract ants but on a couple go in. We have more ants swarming around them than we have ever had in the house. Worse situation that before!
ES,B08D246QL2,Falta otra unidad de 30,Reviewed in Spain on 23 April 2025,1,Falta 1 unidad solo me vino 1 de 30 unidades
ES,B08D246QL2,Atrapa otros animalitos :(,Reviewed in Spain on 29 September 2024,1,"El pegamento es potente, pero esta trampa atrapa cualquier animal. Se nos quedó atrapada una salamanquesa y mis hijos y yo nos llevamos un buen disgusto…No me gusta este sistema."
ES,B08D246QL2,Gracias por el producto,Reviewed in Spain on 20 December 2024,1,Alguien me puede explicar porque aparece este producto descontado de mi cuenta de banco cuando yo no lo he solicitado? Me siento estafada 😠
ES,B08D246QL2,No sirve para nada.,Reviewed in Spain on 24 August 2023,1,"Me siento engañada. Compré esto por las buenas reseñas, pero nada que ver con la realidad. Tras más de dos meses con ellas, puedo decir que lo único que se ha quedado pegado son insectos y arañitas. Las cucarachas pasan por el lado de la trampa a sus anchas y tan tranquilas. Volveremos a las trampas cucal."
ES,B08D246QL2,Producto totalmente inutil,Reviewed in Spain on 7 May 2025,1,No sirve para nada
ES,B08D246QL2,Maliisimo no cae ninguna,Reviewed in Spain on 2 September 2024,1,"Es muy diminuto, no cabe ni una cucaracha normal, yo vivo en la playa, lo he puesto varios días y no ha servido de nada, Desengaño por la compra."
ES,B08D246QL2,no sierve para nada,Reviewed in Spain on 10 December 2024,1,tengo cucarachas en casa y pasan por al lado y no hacen y ni se pegan ni nada
ES,B08D246QL2,Attrape cucaracha,Reviewed in Spain on 17 November 2024,1,"Después de una semana de trabajo , ningún animal está en la trampa, hemos puesto tres en la habitación"
ES,B08D246QL2,No cae ni una cucaracha.. ni 1…,Reviewed in Spain on 11 August 2023,1,"No sirve… lleva puesta desde la entrega y puse bastantes en el garaje, que es donde tengo el problema, y no ha caído ni UNA…o el producto está mal o son muy listas o no las atrae .. NO SIRVE.. es tirar el dinero a la basura.."
ES,B08D246QL2,Pués yo necesitaba y necesito unas trampas para las cucarachas,Reviewed in Spain on 23 May 2024,1,No me ha gustado porque tienen la entrada no muy grande... quería pedir de otra marca pero estaban agotadas y bueno quise probar con estás y no me han resultado eficaces !! Sinceramente
ES,B08D246QL2,No sirve para cucarachas,Reviewed in Spain on 28 May 2024,1,Por desgracia no sirve para atrapar cucarachas. Varias semanas y ni una. He tenido que usar bombas insecticidas que esas sí son efectivas. Estas supuestas trampas son tirar el dinero...
ES,B08D246QL2,no tiene el pegamento,Reviewed in Spain on 27 November 2024,1,
ES,B08D246QL2,No sirven de nada,Reviewed in Spain on 5 July 2024,1,"La verdad que no airven de mucho, en el video se ve que tiene alguna clase de producto que las atrae, pero en realidad no lleva nada"
ES,B08D246QL2,No funciona,Reviewed in Spain on 14 December 2024,1,"No ha cogido ni una, con otros productos si"
ES,B08D246QL2,Fracaso,Reviewed in Spain on 1 June 2024,1,"Fracaso total, las trampas llevan mas de una semana puestas y no ha atrapado ni a uno, 18 euros tirados a la basura…."
ES,B08D246QL2,No sirve para nada,Reviewed in Spain on 6 August 2024,1,"Se ha quedado alguna antena pegada, pero ni rastro de la cucaracha. No pega bien. Una pena."
ES,B08D246QL2,Envío incompleto,Reviewed in Spain on 31 August 2022,1,"Compré 30 trampas y tan sólo han enviado 10. Menos mal que el servicio de atención al cliente de Amazon no falla.Las que hemos podido probar un fiasco, han atrapado alguna cucaracha aunque parece que por casualidad. Las mantendremos colocadas por sí hay cambios (entonces editaría la valoración)."
ES,B08D246QL2,Decepción,Reviewed in Spain on 11 July 2024,1,No ha caído ni una en la trampa llevan un par de días y nada.
ES,B08D246QL2,No lo recomiendo,Reviewed in Spain on 24 June 2023,1,"No es de buena calidad, no atrae ni pega lo suficiente para retener al insecto. Puedo comparar con otra marca más cara pero más efectiva. Esta compra ha sido una pérdida de dinero."
ES,B08D246QL2,Inútil,Reviewed in Spain on 6 June 2024,1,"No sirve para nada, no se pega ni una cucaracha, siguen campando a sus anchas."
ES,B08D246QL2,Cazar cucarachas,Reviewed in Spain on 18 June 2023,1,"Hola la verdad es que coloque varias trampas pero las cucarachas lo deben de conocer porque no cazo a ninguna,otro tipo de insectos más pequeños si,esperare a que pase más tiempo.gracias"
ES,B08D246QL2,Nada efectivas.,Reviewed in Spain on 17 October 2023,1,Tras colocarlas por casa y mantener cerrada 7 días. Regreso a casa y lo primero que veo es una cucaracha viva y las trampas intactas...
ES,B08D246QL2,No sirven de nada.,Reviewed in Spain on 22 May 2023,1,En 4 días ni una cucaracha. He puesto 7 o 8 tapas. En la casa aparecen los cucaracha todovia pero no hacen caso a las trampas. Total pérdida de dinero y tiempo.
ES,B08D246QL2,Se mueren alrededor sin tocarlas,Reviewed in Spain on 22 August 2023,1,Las pongo cerca de las cucarachas que veo a ver si asi se quedan enganchadas pero pasan de todo. A mi no me han sido nada utiles.
ES,B08D246QL2,NO FUNCIONA,Reviewed in Spain on 17 September 2023,1,Después de 10 días ni una atrapada aparecen muertas por el cebo que les puse pero fuera de la trampa . Dinero tirado para mí.
ES,B08D246QL2,No lo recomendo,Reviewed in Spain on 1 September 2024,1,No sirve para nada.Dinero tirado.No lo recomendo
ES,B08D246QL2,¿Ésto se supone que debería funcionar?,Reviewed in Spain on 6 September 2022,1,"Francamente una decepción. Las cucarachas pasan entre las trampas haciendo parkour... ni con cebo ni sin cebo (aunque supuestamente no hace falta cebo...) Lo dicho, una decepción, no ha capturado ni una y las cucas campan a sus anchas...."
ES,B08D246QL2,No me ha gustado el producto,Reviewed in Spain on 30 July 2024,1,Sirve para poco. No hace nada
ES,B08D246QL2,No eficaz,Reviewed in Spain on 22 April 2024,1,una sola atrapada las demás pasean por la casa.
ES,B08D246QL2,Pone que son 30u cuando solo vienen 10,Reviewed in Spain on 2 June 2023,1,"Te vienen 10u y cuesta casi 18€ es decir a 1.70€ la unidad y específica muy bien que son 30 unidades, es publicidad engañosa !"
ES,B08D246QL2,Un poco de pegamento,Reviewed in Spain on 25 August 2024,1,No sirven mucho.
ES,B08D246QL2,Engaño,Reviewed in Spain on 11 September 2024,1,Vienen menos
ES,B08D246QL2,No funcionan,Reviewed in Spain on 16 May 2023,1,No funcionan las cucarachas pasan olímpicamente de las trampas parece ser que no  traen ningún olor para atraerlas o si lo trae no sirve
ES,B08D246QL2,No serveixen per a res,Reviewed in Spain on 5 July 2023,1,Dos setmanes fa que estan instal·lades per tota la casa i no agafen absolutament res. Una forma de llençar els diners.
ES,B08D246QL2,"es un engaño,",Reviewed in Spain on 10 September 2022,1,"es un engaño, en el video promocional del producto,incluye un atrayente para las cucarachas, que luego en la realidad no lo lleva.Estoy buscando la forma de devolver el producto.Repito me siento engañado"
ES,B08D246QL2,No cumple mis expectativas,Reviewed in Spain on 31 July 2023,1,"Desde que lo recibí lo puse y ninguna se a enganchado, sigo viendo como antes"
ES,B08D246QL2,Sin instruccion,Reviewed in Spain on 19 June 2023,1,"No esta en español, ni tiene fotos de como se arma o coloca. Es un desastre!!"
ES,B08D246QL2,Muy baja calidad,Reviewed in Spain on 4 February 2024,1,Son de muy baja calidad
ES,B08D246QL2,No m sirvieron,Reviewed in Spain on 27 August 2023,1,Fácil de montar pero no sirven de nada. Los bichitos se despegan
ES,B08D246QL2,No sirve para nada,Reviewed in Spain on 28 January 2024,1,Eso no sirve para nada
ES,B08D246QL2,No sirve,Reviewed in Spain on 28 August 2023,1,Las cucarachas pasan por su lado pero no entran
ES,B08D246QL2,No sirve para nada,Reviewed in Spain on 5 July 2023,1,"En mi caso no sirve para nada, no se pegan las cucarachas."
ES,B08D246QL2,Sirve solo si se te aparece la Virgen,Reviewed in Spain on 10 August 2022,1,Solo sirve si la cucaracha le da la gana de meterse dentro. Además una estuvo toda una mañana y por la noche se marcho sin despedirse.
ES,B08D246QL2,Estafa no caza nada,Reviewed in Spain on 17 October 2023,1,No comprar no funciona
ES,B08D246QL2,Ineficaz,Reviewed in Spain on 29 July 2023,1,No me ha gustado no sirve para nada
ES,B08D246QL2,Yo no veo que funcione.,Reviewed in Spain on 20 September 2023,1,Yo no veo que funcione.
ES,B08D246QL2,No sirve para nada,Reviewed in Spain on 24 July 2023,1,Lo devolví. No cogía ni una.
ES,B08D246QL2,No atrae ningún insecto,Reviewed in Spain on 3 November 2022,1,He visto pasar los bichos y no se acercan a la trampa. No tienen aroma de atracción.
ES,B08D246QL2,Solo vinieron 10 y pone q 30,Reviewed in Spain on 12 June 2022,1,Pedí esto pero en la descripción pone que viene 30 y solo vinieron 10
ES,B08D246QL2,"MALAS NOO, LO SIGUIENTE REMALAS.",Reviewed in Spain on 3 September 2021,1,"Malisimas no se pillan ni entre ellas, las cucarachas pasan por un lado y se descojonan. Vaya fracaso."
ES,B08D246QL2,No sirven para nada,Reviewed in Spain on 3 March 2022,1,"Es, simplemente, un papel con pegamento.He tirado el dinero"
ES,B08D246QL2,Solo vienen 3 paquetes 3 en cada paquete. 3x3 3,Reviewed in Spain on 6 August 2021,1,Se que son efectivas. La descripcion muy mal hecha. 3x3. ( comentario dice 10x3) que lo especifiquen bien
ES,B08D246QL2,No serve para nada,Reviewed in Spain on 18 June 2022,1,No sirve
ES,B08D246QL2,Its not worth buying,Reviewed in the United Kingdom on 2 May 2024,1,It didnt do what the advert said it would do.
ES,B08D246QL2,No effect,Reviewed in the Netherlands on 12 December 2022,1,Catch master didn’t catch anything. Has been 9 days now. Very disappointed
ES,B08D246QL2,Mai più!!!,Reviewed in Italy on 4 July 2026,1,"Sono morti tutti gli altri animali che, come ad esempio le lucertole; mi dispiace, ma è davvero un peccato!!!"
ES,B08D246QL2,Très peu de résultats !,Reviewed in Belgium on 22 February 2024,1,"Très faible prises, deux à trois incectes par pièges après une srmaine !"
ES,B08D246QL2,Katzen vs. Silberfische 4:1,Reviewed in Germany on 13 December 2021,1,"Wir wohnen auf 90qm, in einer 4 Zimmerwohnung - wir - das sind 2 Erwachsene + 4 Katzen und neuerdings wird unsere Wohnkommune erweitert, durch sog. Silberfische.Ganz ehrlich - Silberfische sind ja nun nicht ganz so eklig wie Kakerlaken und auch nicht ganz so gefährlich, wie eine schwarze Witwe aber die kleinen Biester nerven halt.Man geht morgens durch den Westflügel, ins Badezimmer, macht schlaftrunken die 5 Watt Energiesparlampe an und im Schein dieses kalten Lichtes, bewegt sich plötzlich der Badezimmerboden…nicht, weil man noch Restalkohol vor vorabendlichen Altstadtbesuch im Blut hat…nein….sondern, weil die Silberfischkommune gerade ihr Coachella 2021 bei uns im Badezimmer feiert und die Badezimmerbeleuchtung eine Art Katalysator für den Fluchttrieb der Partygesellschaft ist…Gleiches gilt für die Küche - man betritt seine Küche, öffnet den Kühlschrank und sieht aus dem Augenwinkel, wie ein Rudel Silberfische die Stellung wechselt - von unter dem Kühlschrank, zieht der Treck in Richtung unter den Küchenschrank…Nun könnte man ja denken, das unsere restlichen Hausbewohner, unsere Miezen, den Silberfischen den gar aus machen…aber…nöp…Wer keine Katzen hat…Katzen jagen eigentlich alles, was sich schneller bewegt, wie ein Regenwurm aber dies trifft ganz ganz ganz sicher nicht auf unsere Katzen zu !Unsere Mietzen sind so etwas von domestiziert - da wird nichts mehr gejagt, da wird auf die Uhr geschaut und um Punkt 19.00 Uhr gemauzt, weil es dann Zeit für das Abendessen ist…und Silberfische gehören scheinbar nicht zu den Nahrungsmitteln unserer Miezen…Tatatataaaaa….wer kann helfen ? Natürlich - Herr Bezos…Fluchs den PC hochgefahren ( Ja, wir sind halt Oldstyle ), Browser gestartet und Tante Google gefragt, was es für Mittel gegen die kleinen, unliebsamen, Mehrfüssler gibt.Keine 2 Sekunden später, kommt besagter Herr Bezos ins Rennen und man landet bei diesem Produkt.Nun muss man sagen, das wir schon einmal das Thema mit den kleinen Silberlingen hatten und damals haben wir uns dazu entscheiden, so blaue Dosen zu kaufen ( Gibts auch bei Amazon ). Diese muss man erst mit brachialer Gewalt und einem Schraubenzieher öffnen, um die Dosen dann unter Sofas, Betten usw. zu kicken. Nachteil bei den Dosen - abgesehen davon, das man sich beim öffnen der Dosen, den besagten Schraubenzieher ( JaJa - Schraubendreher ) mind. 2 x  in die Hand rammt - der Inhalt ist giftig.Wir wissen das und nehmen deswegen Abstand davon, auf den Dosen rumzulutschen oder diese abzulecken…unsere Miezen dagegen…naja…die sind da halt anders gestrickt…DAS war der Grund, warum wir uns für die Klebestreifen entschieden haben - sie ( sollen ) ungiftig sein und was auch nicht zu verachten ist - der Preis und die dafür gebotene Stückzahl.Die Kleberlinge kommen als vorperforierte Bögen an und die Erste Amtshandlung besteht darin, seine Origami Fachkenntnisse abzurufen und aus den Bögen lustige kleine Häuschen zu falten. Dies ist schon einmal Beschäftigungstherapie für locker 20 Minuten. Nach dem man dann die Bögen getrennt, gefaltet und zusammengeklebt hat, muss man sich In die Psyche eines Silberfisches versetzen - man muss sozusagen den Ho Chi Minh Pfad der Silberfische ausmachen.Nach dem man diesen dann in den Grundriss seiner Wohnung eingezeichnet hat, gehts ans Platzieren der Pappfallen - Badezimmer, Wohnzimmer, Schlafzimmer…die kleinen Papphäuschen sehen von oben aus, wie kleine, weisse Zelte und manche unsere Zimmer sehen nun aus, wie kleinen Campingplätze für Familie Silberfisch…Nach den man dann alle Fallen aufgestellt hat, heisst es - abwarten !In der ersten Woche wurde die übermäßige Neugierde unsere Miezen bestraft - wirklich JEDE Mieze hat es geschafft, wenigstens eine der Klebefallen, in Ihren Pelz kleben zu haben - Hinterpfote, Vorderpfote, Kopf !!! und auch IM Stetz…Spitzenreiter unserer pelzigen Silberfische war unser sibirischer Waldkater - der sah z.T. so aus, wie ein Werbeträger für diese Klebefallen - 3 Klebefallen an einer Katze…Rekord !Wir mussten deswegen noch einmal ein schnelles Teammeeting einberufen und unser lokalisierter Ho Chi Minh Pfad stand zur Disposition aber …die uns bekannten Feinbewegungen, auf den uns bekannten Routen, liessen keine Umpositionierung der Klebefallen zu…davon abgesehen, wurden in den ersten Tagen, eine Vielzahl der Klebefallen nach dem Gusto unserer Miezen umgeordnet - manche Klebefallen wurden nur mit der Pfote angestupst, bei anderen klebten die Fallen am Pelz der Miezen und fielen dann irgendwo in der Wohnung wieder ab…Nach nun knapp 14 Tagen kann man sagen - wir haben definitiv mehr Miezen wie Silberfische mit den Fallen gefangen !Im Badezimmer wurden wir sogar von einem der Silberfische verhöhnt - meine Frau machte da morgens das Licht an und ein Silberfisch in Waschbärklasse ( O-Ton Ehefrau ) , beschleunigte auf max. Warpgeschwindigkeit, rannte direkt auf die Klebefalle zu, um dann im letzten Augenblick, dieser gekonnt auszuweichen und in einer naheliegenden Badezimmerfuge zu verschwinden…Falls nun jemand wissen möchte, wie groß unsere Badezimmerfugen sind, das da ein Waschbär durchschlüpfen kann…fragt meine Frau…Wie auch immer - aktuell erfreuen sich alles Lebewesen in unserer Wohnung, bester Gesundheit. Es kann natürlich sein, das die Silberfische sich erst einmal an die kleinen, klebrigen, Pappzelte gewöhnen müssen und wenn dies dann passiert ist, das große Kleben bei den Silberfischen losgeht…aber aktuell…sind die wohl noch in der Gewöhnunsphase…falls sich daran etwas ändert, werden wir uns hier melden.Bis dahin, werden wir Mal nach anderen Mitteln suchen…meine Frau erzählte etwas von Honig auf Papier…ich möchte mir aber ehrlich nicht ausmalen, was passiert, wenn eine unsere Miezen plötzlich aussieht, wie Winnie Pooh, der in einen Honigtopf gefallen ist…habt ihr schon einmal versucht, eine sibirische Waldkatze, gegen ihren Willen ( Und es ist immer gegen ihren Willen ! ), unter die Dusche zu stellen ?Stellt euch einen schlecht gelaunten Velociraptor vor, welchen man mit einem hungrigen weissen Hai gekreuzt hätte…Da lebe ICH lieber mit den Silberfischen…."
ES,B08D246QL2,Difficultés d’utilisation.,Reviewed in France on 29 April 2026,1,"Il est sûrement utile, mais la difficulté vient du montage."
ES,B08D246QL2,Inutili,Reviewed in Italy on 24 June 2026,1,Difficili da montare e quando ci riesci ti accorgi che sono poco pratici e peggio ancora non fanno quello che promettono. Sconsiglio l'acquisto
ES,B08D246QL2,LO MAS EFECTIVO QUE HE COMPRADO,Reviewed in Spain on 5 June 2022,5,"Siento si da asquito la foto pero es para que veáis que no miento.Es limpio, no huele, fácil de montar y muy eficaz. Además lo compré pensando en mi perrita. La verdad es que estoy encantada. Con este calor adelantado ya aparecen y con este sistema ya han caído muchas. Muy contenta. Lo único que podía ser más barato.PD: Después de retirar el adhesivo esparcid unos granitos de azúcar, es infalible y tendrán una muerte dulce.17 DE MAYO DE 2023Me reafirmo. Es lo mejor que he comprado. Voy a daros dos humildes consejos:1. Es importante averiguar por donde entran para colocar la trampa. La mayoría entra por la rejilla de ventilación de la cocina o por agujeros de los baldosines. Es importante poner en esos sitios las trampas ahora que empieza el calor y ya aparecen, pues evitareis que se instalen y pongan huevos de los que saldrán más cuquis. Se trata de impedir que se queden y pongan huevos por eso hay que cazar en su acceso y veréis como disminuyen, pues la mayoría que aparece es porque ha eclosionado un huevo (ooteca) dentro de la cocina.Probad con los sitios sospechosos y ahí donde caiga la primera os dará la idea de donde atacar.2. Aunque hay que plegar el cartón se puede dejar abierto tal cual y esparcir azúcar por la zona sin pegamento para que sigan y se cuelen en el pegamento.También podéis fabricar tiras más largas vosotros mismos con cartulina y adhesivo de doble cara fuertecillo para construir barreras más largas. Yo lo hice y me funcionó también. Las solía poner por la noche a partir de media noche, las 12, pues observé que las muy tunantas esperan para salir a que todo esté oscuro y sin vibraciones en el suelo de pisadas, en mi caso a partir de esa hora. Luego por la mañana las quitaba.Espero que os ayude mi experiencia y suerte con la caza."
ES,B08D246QL2,Todo perdecto,Reviewed in Spain on 3 July 2026,5,Muy bueno y funciona
ES,B08D246QL2,Muy eficaces y sin olores raros,Reviewed in Spain on 9 June 2026,5,"Puestas en un par de rincones de la cocina y el garaje y el resultado es inmediato. Lo mejor es que no desprenden ningún tipo de olor químico molesto, algo importante teniendo mascotas en casa. El adhesivo que traen agarra súper fuerte y la estructura se mantiene firme. Repetiré sin duda."
ES,B08D246QL2,"Eficacia media, adecuado para monitoreo",Reviewed in Spain on 16 February 2025,4,"He estado usando las trampas Catchmaster 100i durante 11 días para combatir las cucarachas, junto con otros métodos: apliqué aerosol en rincones estratégicos, instalé cebos insecticidas y añadí estas trampas adhesivas en posibles áreas de anidación.Sin atrayentes activos: No contienen feromonas ni otras sustancias para atraer a las cucarachas.Baja efectividad: De 11 trampas colocadas, solo funcionaron 2. Una de ellas en el interior del frigorífico (cerca del compresor). En otros lugares (cocina, debajo del fregadero, cerca de zócalos) quedaron vacías, incluso al añadir miel como cebo.Experiencia de uso:En 11 días, capturaron 7 cucarachas (4 adultas y 3 pequeñas), pero solo dos trampas fueron efectivas.Mi esposa mató 6 cucarachas a mano, lo que demuestra que la efectividad de las trampas apenas supera la del ""método tradicional"". 😅La trampa en el frigorífico fue la más eficaz, posiblemente debido a la humedad y el calor en esa zona.En mi opinión, estas trampas son más útiles para monitorear la actividad que para eliminar completamente la plaga.Recomendaciones de uso:Colócalas en áreas con humedad y calor, como cerca del compresor del frigorífico.Añade cebos (trozos de embutido, migas de pan o miel), aunque no siempre funcionan.Úsalas en combinación con geles insecticidas o aerosoles, ya que solas no solucionarán el problema.Conclusión:Las trampas funcionan, pero no tan eficazmente como esperaba. Recomendaría usarlas solo en combinación con otros métodos y colocarlas en zonas donde ya hayas detectado actividad de cucarachas."
ES,B08D246QL2,Fantástico,Reviewed in Spain on 16 June 2026,5,"Es fantástico para atrapar cucarachas, arañas , mosquitos y otros insectos. En cuanto tocan el cartón  quedan atrapados sin posibilidad de escapar. Es la tercera o cuarta vez que lo compro y tendré  que seguir haciéndolo porque vivo en una zona llena de bichos."
ES,B08D246QL2,"Eficaces y Discretas, Pero No Solución Total para Infestaciones Grandes",Reviewed in Spain on 10 January 2025,5,"Las Catchmaster 100i son trampas para cucarachas que cumplen su función de forma bastante efectiva. Vienen en un pack de grandes dimensiones, lo que las hace ideales si tienes problemas de plagas en varias áreas de la casa. La adhesión es potente, y las cucarachas se quedan atrapadas de manera rápida cuando entran en contacto con la trampa.Me ha gustado que estas trampas sean discretas y fáciles de colocar, sin necesidad de ser un experto en control de plagas. Además, son muy fáciles de usar, solo hay que retirarlas del envase y colocar en los lugares estratégicos. Son seguras para el hogar, ya que no contienen productos químicos peligrosos, lo que las hace una opción más amigable en comparación con otros productos.En cuanto a efectividad, las trampas capturan una buena cantidad de cucarachas si están ubicadas en áreas donde suelen pasar. Sin embargo, no son una solución definitiva si tienes una infestación grave, ya que solo atrapan a las que se acercan a ellas. Para infestaciones más serias, puede que necesites combinarlas con otros métodos de control.En resumen, las Catchmaster 100i son una opción eficaz y discreta para prevenir o controlar la presencia de cucarachas, pero no las considero una solución única si el problema es más grande."
ES,B08D246QL2,"No estoy 100% convencida, pero a probar!",Reviewed in Spain on 16 July 2025,3,"Llegó bien, embalado en plástico transparente en hojas de tres. Se tiene que doblar y montar cada uno, hay más “lados” por doblar que con otras marcas. El adhesivo es muy pegajoso, que te queda pegado en los dedos cuando manejas las hojas por los laterales. No te transfiere a los dedos, pero mientras que doblas y pegas, tienes que tener cuidado. El cartón es bastante fuerte, esto sí, porque aguantaba todo el manejo. Tengo las manos y dedos algo ahuesados, y ya no me gustaba mucho el jaleo del montaje. Me imagino que a personas con manos y dedos más carnosos, el montaje les podría resultar una manualidad compleja por el tamaño de las hojas y cantidad de los pliegues y la pegajosidad de todo.Además, los paso no están bien explicados - saltan un par de pasos - no todos los pliegues están explicados y el orden de estos afectan por el tema del adhesivo y evitar tocarlo, así te tienes que espabilar. He montado seis, porque luego me cansaba. A ver si atrapamos alguna cucaracha esta noche. Intento actualizar la reseña."
ES,B08D246QL2,Maravillosas trampas,Reviewed in Spain on 4 June 2026,5,"Estas trampas son fantásticas, ojalá las hubiera descubierto antes, lo mejor es ponerlas en cuanto ves UNA cucaracha, porque si pasan unos días o un par de semanas, se empiezan a reproducir y no hay manera de eliminarlas. Yo pongo una gotita del ecogel en medio para que las atraiga y no sé si será por eso o porque por casualidad pasan por encima de la trampa pero todos los días cae alguna nueva. Puse una en un lugar donde hay un hueco por el que sé que entran y fue un acierto, al día siguiente había 10 ahí atrapadas. Son la mejor opción para casas con mascotas o niños. Eso sí, recomiendo complementar con otros productos si es posible o pedir ayuda profesional cuanto antes, para que no se descontrolen. Qué asco de plaga inmunda"
ES,B08D246QL2,Funciona !!!!,Reviewed in Spain on 30 June 2026,5,Hola … estoy muy contenta con este producto tenía mis dudas pues los dos primeros días no vi mucho resultado hoy después de 1 mes tengo mi cas limpia de cucarachasRecomiendo este productoGracias Amazon
ES,B08D246QL2,Trampas,Reviewed in Spain on 4 July 2026,4,Funciona bien
ES,B08D246QL2,Producto muy bueno,Reviewed in Spain on 1 December 2025,3,"El producto es muy bueno. Pero le mandan con SEUR. Y en esta empresa no lo quieren llevar los paquetes, ellos siempre ponen “no estás en casa” pero es mentira!!! y tengo que perder tiempo en el día de entrega, y después otra vez para ir a buscar donde está el centro de recogida. Es horrible!!!"
ES,B08D246QL2,OK,Reviewed in Spain on 26 November 2025,3,OK
ES,B08D246QL2,No muy buenas,Reviewed in Spain on 11 October 2025,3,Cuando las montas se despegan rápido!!
ES,B08D246QL2,Es regular,Reviewed in Spain on 23 July 2025,3,Es regular
ES,B08D246QL2,Puede que no funcione bien del todo,Reviewed in Spain on 30 May 2025,3,"En mi caso, he echado veneno en polvo y he puesto estas trampas en varios puntos. Las cucarachas aparecen muertas a escasos centímetros de cada trampa, pero ninguna dentro. Por eso tengo la duda de si son efectivas, aunque me da la sensación de que se pasean por alrededor y no entran."
ES,B08D246QL2,Pegamento,Reviewed in Spain on 3 January 2025,3,Funciona pero no mucho
ES,B08D246QL2,Normal,Reviewed in Spain on 27 November 2024,3,A mi no me ha sido demasiado efectivo.
ES,B08D246QL2,No me ha funcionado,Reviewed in Spain on 9 October 2024,3,Tengo evidencias de que había cucarachas en el lugar pero ninguna cayó en la trampa
ES,B08D246QL2,Ni fu ni fa,Reviewed in Spain on 24 September 2024,3,No se si es efectivo o no. Quizás no tengo cucarachas en casa o las q hay no pasan por ahí
ES,B08D246QL2,Parecen buenas,Reviewed in Spain on 23 September 2024,3,"Parecen buenas trampas, aunque en mi caso ninguna ha picado."
ES,B08D246QL2,"Lo bueno,que ocupa poco espacio",Reviewed in Spain on 6 September 2024,3,"Para mí gusto poco efectivo,no necesariamente para los demás."
ES,B08D246QL2,Esta bien pero cada vez es más caro,Reviewed in Spain on 29 August 2024,3,El producto funciona bien pero no paran de subirlo de precio. Es el tercero o cuarto que compro y siempre más caro que la vez anterior.
ES,B08D246QL2,No funciona nada bien,Reviewed in Spain on 25 August 2024,3,Las cucas se pasean alrededor y pasan de la trampa
ES,B08D246QL2,Útil,Reviewed in Spain on 18 August 2024,3,"Útiles pero no muy eficaz, son muy chicas"
ES,B08D246QL2,Los bichos caen en la trampa,Reviewed in Spain on 10 August 2024,3,Es muy  buen atrapador. Pero no acaba con la plaga
ES,B08D246QL2,Funciona pero no para todas,Reviewed in Spain on 4 August 2024,3,"Llevan varios días puestas las trampas y han ido cayendo algunas pero desgraciadamente las mas grandecitas se escapan, comprobado😥"
ES,B08D246QL2,Eficacia no probada aún.,Reviewed in Spain on 28 July 2024,3,"No ha atrapadoninguna todavía y llevan una semana puestas.Lo que sí está claro es que son inocuas para mis gatos, seguro que son más eficientes las trampas con veneno pero no me atrevo a ponerlas en casa porque las cucarachas arrastran el veneno por donde se muevan y los gatos pueden pisar por encima y luego lamerse las patas."
ES,B08D246QL2,No coje a todas las que entran,Reviewed in Spain on 22 July 2024,3,Hay un montón y no caza todas las cucarachas
ES,B08D246QL2,Muy pequeñas las trampas y no tienen o no se ve el cebo,Reviewed in Spain on 3 December 2023,3,Muy pequeñas las trampas y no tienen o no se ve el cebo. No sé si son efectivas. O ya no hay cucarachas o no son un reclamo para lo esperado.
ES,B08D246QL2,No funciona contra pececillos de plata,Reviewed in Spain on 27 November 2023,3,Las he tenido 2 semanas y no han pescado ni uno. No parecen muy eficaces como mínimo para éstos insectos.
ES,B08D246QL2,Bien,Reviewed in Spain on 23 August 2023,3,"Solo atrapó arañitas y hormigas, ah y una lagartija que estuve media hora para quitarla y que no se muera.Pero bueno, tal vez cucarachas no porque no puse comida."
ES,B08D246QL2,Trampas de cucarachas,Reviewed in Spain on 6 August 2023,3,Es efectivo por donde pasa la cucaracha que se queda atrapada pero no merece mucho la pena.Al tener animales domésticos es otro impedimento pero mejor que los sprais.
ES,B08D246QL2,"Está bien, pero un poco caro",Reviewed in Spain on 13 June 2023,3,"La comodidad de este tipo de trampas es que ya llevan un atrayente olorcillo agradable como a vainilla. Pero evidentemente esto desaparece con el tiempo, aunque el pegamento siga intacto. Obviamente después se puede seguir usando añadiendo algo de comida para las princesitas, pero por esa misma razón, me resulta bastante más económico usar trampas donde la comida la pongo yo."
ES,B08D246QL2,Poco adherente,Reviewed in Spain on 29 May 2023,3,"El tamaño es demasiao pequeño, las cucharas entran pero  una vez caen en la trampa hay que tirala pronto porque acaban despegandose y escapando, otros insectos mas pequeños si se quedan pegados."
ES,B08D246QL2,Inútil,Reviewed in Spain on 16 December 2022,3,En mi casa no funciona bien. Las cucarachas pasan alrededor pero no acaban de entrar
ES,B08D246QL2,Funcionan,Reviewed in Spain on 26 October 2022,3,Son buenas trampas.
ES,B08D246QL2,Poco operativo,Reviewed in Spain on 10 September 2022,3,Atrapa bien las Cuquis pero la esquivan deberían utilizar un atrayente o algo asi
ES,B08D246QL2,Poscas trampas,Reviewed in Spain on 15 September 2021,3,Pocas trampas para el precio que tienen. No traen veneno ni atrayente por lo que la cucaracha tiene que ir a la caja por casualidad y quedarse pegada. No me convencen.
ES,B08D246QL2,De momento no ha cazado muchas,Reviewed in Spain on 2 August 2021,3,"Lo estoy usando para una plaga de arañas y de momento solo ha cazado un par poniéndolos por donde he visto las arañas, seguiré observando a ver si aumentan la caza."
ES,B08D246QL2,CUMPLEN ESPECTATIVAS,Reviewed in Spain on 12 June 2021,3,UTIL
ES,B08D246QL2,Utile seulement lors des fortes chaleurs,Reviewed in France on 15 June 2026,3,"Après plusieurs semaines et alors que l’autre produit acheté (seringue de gel) s’était déjà avérée performant, les pièges ont finalement été efficaces lors de la canicule."
ES,B08D246QL2,Klebefalle,Reviewed in Germany on 25 May 2026,3,Geht so!
ES,B08D246QL2,Prodotto piccolo,Reviewed in Italy on 23 April 2026,3,"Troppo piccolo il prodotto , grazie per il vostro servizio"
ES,B08D246QL2,Hatte mehr erwartet !,Reviewed in Germany on 28 March 2026,3,"Ich hatte Probleme mit den amerikanischen Kakalaken auf einer portugiesischen Insel !Allerdings hatten die Eidechsen mehr Interesse an diesen Fallen als die Kakalaken !Nach dieser kurzen Erfahrung stellte ich meine Jagd um auf halbhoheSossengläser, gefüllt mit ein wenig Wasser und einige Tropfen Olivenöl,dazu eine kleine Scheibe vom Knoblauch und fertig ist die Falle.Das Glas an die Wand oder einen Schrank lehnen und nach ein paar Tagen hatte ich teilweise 1 bis 5 von den Viechern ertrunken im Glas !Weidmann Heil !"
ES,B08D246QL2,Löst sich von alleine auseinander,Reviewed in Germany on 17 February 2026,3,"Bleiben gut drin kleben .Nur das falten bzw. das es auch zusammenkleben bleibt , bringt nichts . Man muss es zusätzlich zutackern."
ES,B08D246QL2,50/50,Reviewed in Germany on 29 December 2025,3,Nicht wirksam. Wirkt zu 50 %.
ES,B08D246QL2,Pas très efficace,Reviewed in France on 29 December 2025,3,Pas très efficace
ES,B08D246QL2,Kakerlakenfalle,Reviewed in Germany on 2 November 2025,3,Dies ist kein sehr wirksames Mittel zur Kakerlakenbekämpfung.
ES,B08D246QL2,Zobaczymy czy się sprawdzi,Reviewed in Germany on 28 August 2025,3,Czekam na efekty
ES,B08D246QL2,Habe kaum was gefangen,Reviewed in Germany on 21 June 2025,3,Geht so.
ES,B08D246QL2,"Stark klebend, aber kein zuverlässiger Monitoring",Reviewed in Germany on 25 February 2025,3,"Ich muss leider sagen, dass bei mir haben die Fallen nichts gebracht. Die Papierfischchen liefen an ihnen vorbei und Kakerlaken drehten ihre Kreise auf den Fallen. Vermutlich angelockt von der Erdnuss in der Miete der Falle, die ich nach einem Tipp eines Nutzers dort plaziert habe. Also fing ich diese und tötete von Hand auf der Falle. Alles andere (Kellerasseln, Spinnen etc. ) klebten fleißig drin. Nur nach einer Spraygiftaktion verfingen sich auch ein Paar Papierfischchen drin, so konnte ich zumindestens meinem Vermieter zeigen, dass es sich nicht um harmlosen Silberfischchen handelt. Das Thema Kakerlaken blieb für mich ungeklärt."
ES,B08D246QL2,kann man gut gebrauchen,Reviewed in Germany on 12 October 2024,3,"bis jetzt das einzige Bemerkung ist das falten, wenn es einmal zusammen klebt ist dann vorbei"
ES,B08D246QL2,keine Lockstoffe,Reviewed in Germany on 16 September 2024,3,Klebt einfach alles was sich hintraut - bis jetzt nur eine Spinne
ES,B08D246QL2,pièged a cafards,Reviewed in Belgium on 8 September 2024,3,on dirait que l'odeur n e les attire pas.  Si l'odeur les  attirait ils passeraient sur la partie collante
ES,B08D246QL2,Nichts,Reviewed in Germany on 4 August 2024,3,Macht nix
ES,B08D246QL2,Minuscule,Reviewed in France on 14 July 2024,3,Très petits donc moins de résultat.
ES,B08D246QL2,"Fängt Staub, aber selten Ungeziefer",Reviewed in Germany on 9 March 2024,3,"Der Gedanke der Falle ist soweit gut, aber anlocken kann man damit bestimmt keine Schabe. Eher verirrt sich eine versehentlich hinein. Trotz unterschiedlicher Lockstoffe wurde bisher nur eine Schabe damit gefangen, obwohl in dem Bereich schon mehrere gesichtet wurden und an allen Ecken und Enden solche Fallen aufgestellt wurden. Also bei uns hat es nichts gebracht."
ES,B08D246QL2,Nicht wirklich gut,Reviewed in Germany on 17 December 2023,3,"Mann muss den Schaben schon direkt das Teil vor die Nase stellen, damit sie es finden..."
ES,B08D246QL2,"Fanno il loro, senza gloria",Reviewed in Italy on 14 December 2023,3,Sono piccole e prive di esca ma fanno il loro sporco lavoro. Proporzionale al costo
ES,B08D246QL2,Buono,Reviewed in Italy on 13 September 2023,3,Buono
ES,B08D246QL2,Ok,Reviewed in Germany on 1 September 2023,3,Funktioniert nur so semi gut. Gibt bessere Produkte
ES,B08D246QL2,Funziona abbastanza bene.-,Reviewed in Italy on 21 July 2023,3,Non fa miracoli ma serve per lo scopo prefissato e per il suo acquisto
ES,B08D246QL2,Consegna veloce,Reviewed in Italy on 7 May 2023,3,Consegna rapida..... Ma purtroppo non ci Sono le istruzioni di montaggio o di piegatura dei lembi per creare la trappola.....
ES,B08D246QL2,Moyen,Reviewed in France on 21 February 2023,3,"J'ai étalé ces petits pièges partout où passaient ces saletés de cafards, en rajoutant des appâts différents pour chaque pièges : miel, confiture, bout de charcuterie/viande/poisson, fromage, sucre en poudre... chez moi c'est le fromage qui les a le plus attiré, mais ça n'attirait que quelques cafards de petites tailles, les bébés cafards et les cafards ados. Pour les cafards adultes, turlututu !!! J'ai vu un cafard tomber dans le piège par le trou du dessus, et arriver a se décoller en 4 secondes et s'enfuir. Ca en attrape 10 et 2 jours après vous en avez 10 de nouveaux qui arrivent par on ne sait où.Je n'ai réussi en m'en débarrasser totalement hélas qu'avec un produit professionnel interdit à la vente pour particulier."
ES,B08D246QL2,PIÈGE À CAFARD,Reviewed in France on 6 December 2022,3,Trop petit
ES,B08D246QL2,Naja,Reviewed in Germany on 8 November 2022,3,"Bis jetzt (einige Wochen nach dem Aufstellen der 30 Fallen) ist gerade mal eine Spinne und ein Käfer in die Falle gelaufen. Ohne Lockmittel sinnlos, da das Ungeziefer keinen Grund hat in die Falle zu laufen."
ES,B08D246QL2,Top aber geht besser,Reviewed in Germany on 6 November 2022,3,"Die Dinger sind richtig gut. Haben einen angenehmen Duft ;) und fangen viel ein. Bin doch erstaunt wie viel Kleinzeugs da hängen bleibt. Meistens waren es Staubläuse oder kleine Spinnen. Habe die Fallen im ganzen Keller verteilt. Aber bitte den Kleber verbessern. Die Seite, die danach oben zeigt hält nicht richtig."
ES,B08D246QL2,Piège à insectes,Reviewed in France on 9 October 2022,3,Facile à monter. Ras pour l'instant.
ES,B08D246QL2,Preigünstige Klebefallen,Reviewed in Germany on 8 August 2021,3,Ich war zunächst skeptisch und da sich bis zum 3. Tag nichts tat wollte ich schon resignieren.Am 4. Tag war nichts mehr von dem nervenden Zirpen zu hören und die Klebefallen habenihre Aufgabe erfüllt.
ES,B0DP2T2Q8Z,Pequeñas y no funcionales,Reviewed in Spain on 27 June 2026,1,"No son de buena calidad. Demasiado prqueñas comparadas con otras trampas del mismo tipo, y además no enganchan bien."
ES,B0DP2T2Q8Z,Pesimo,Reviewed in Spain on 29 June 2026,1,"No sirve para nada, pasan por el lado de la trampa, si entra es casualidad pero"
ES,B0DP2T2Q8Z,Para cuquis no vale,Reviewed in Spain on 5 July 2026,1,Malísima! Todavía estoy esperando que se muera una cucaracha y ya tiene una semana
ES,B0DP2T2Q8Z,No funciona,Reviewed in Spain on 1 June 2026,1,"Lleva instalado desde su llegada y no ha funcionado, no atrajo a ninguna !"
ES,B0DP2T2Q8Z,No funciona,Reviewed in Spain on 30 June 2026,1,No funciona
ES,B0DP2T2Q8Z,Não cumpre,Reviewed in Spain on 15 June 2026,1,Não apanhou nem uma barata
ES,B0DP2T2Q8Z,No sirve,Reviewed in Spain on 10 March 2026,1,No entiendo los comentarios positivos. Tengo una plaga de cucarachas y solo cayeron 2 cucas
ES,B0DP2T2Q8Z,No recomendable,Reviewed in Spain on 28 December 2025,1,"Olvidaros de todos los comentarios buenos este producto no vale. Tengo una plaga de cucarachas en la cocina y estás trampas no sirven de nada, he tenido que comprar gel para poder solucionarlo."
ES,B0DP2T2Q8Z,"No funciona, malisimo.",Reviewed in Spain on 26 November 2025,1,"Si pudiera le pondría 0 estrellas, este producto no cumple con lo que promete, las cucarachas pasan dentro y no se quedan pegadas sin importar su tamaño, decepción total, no pierdan su dinero."
ES,B0DP2T2Q8Z,"Produto enganoso, não funciona como anunciado",Reviewed in Spain on 3 January 2026,1,"O produto não funciona como é descrito ou anunciado. É um desperdício de tempo e dinheiro, não recomendo a ninguém."
ES,B0DP2T2Q8Z,Useless,Reviewed in Spain on 7 January 2026,1,"This device never caught anything. Moreover, I saw a cockroach walk right by it... no attraction at all!"
ES,B0DP2T2Q8Z,Entregado a precion!!!😒,Reviewed in Spain on 8 October 2025,1,El producto es bueno llego en buen estado con suerte!!!!! Dado que el mensajero de correos lo metió a precion en el buzón de entrada dañando el paquete! Por suerte el contenido no!
ES,B0DP2T2Q8Z,Producto 0,Reviewed in Spain on 12 September 2025,1,El producto me llegó súper que bien a buena hora. .pero el producto bo sirve una semana y ni un bichos a caído en la trampa..no sirve este producto
ES,B0DP2T2Q8Z,No caen en la trampa,Reviewed in Spain on 11 November 2025,1,Despues de una semana no ha caido ni un bicho poniendo 3 trampas
ES,B0DP2T2Q8Z,No sirven de nada,Reviewed in Spain on 1 July 2023,1,"Tenemos cucarachas en la cocina, salen y se esconden debajo de la nevera y el lavavajillas, cada día sale alguna y la matamos con una zapatilla, compré las trampas y las he puesto todas las 15, las he colocado de manera que si quieren salir tienen que pasar sí o sí por las trampas, llevan 10 días puestas y no se ha pegado ni una. Ahora al estar las trampas ya no salen, parece que saben que no hay que pasar por allí, así que no sirve para atraparlas. Ahora no salen pero tener toda esa cantidad de trampas por el suelo no es nada cómodo, así que no sirven para lo que se venden."
ES,B0DP2T2Q8Z,Llego a tiempo,Reviewed in Spain on 2 October 2025,1,Pues ami no me an funcionado...
ES,B0DP2T2Q8Z,No piques,Reviewed in Spain on 16 September 2025,1,"Tirar el dinero , no vale para nada"
ES,B0DP2T2Q8Z,Ni una sola,Reviewed in Spain on 17 July 2025,1,"No lo recomiendo , 3 dias y noches y no ha caido ni una cucaracha."
ES,B0DP2T2Q8Z,No vale para nada,Reviewed in Spain on 14 September 2025,1,Esto no sirve para nada
ES,B0DP2T2Q8Z,no cumple con su función,Reviewed in Spain on 6 October 2025,1,no funciona
ES,B0DP2T2Q8Z,Deceptionante,Reviewed in Spain on 6 September 2025,1,No funciona para nada
ES,B0DP2T2Q8Z,Atrapa de cucarachas,Reviewed in Spain on 5 August 2025,1,No ha atrapado a ninguna cucaracha
ES,B0DP2T2Q8Z,Estafs,Reviewed in Spain on 29 June 2025,1,Estafs
ES,B0DP2T2Q8Z,Decepción y pérdida de dinero y tiempo,Reviewed in Spain on 29 June 2023,1,"He visto pasar a las cucarachas por su lado sin nisiquiera inmutarse, teniendo en cuenta la cantidad de cucarachas existente (muchas por desgracia) después de utilizar todo el paquete no ha conseguido cazar ni tan solo una, en mi opinión un timo total"
ES,B0DP2T2Q8Z,No cumple con lo anunciado,Reviewed in Spain on 8 April 2025,1,No me funcionó
ES,B0DP2T2Q8Z,Atrapa solo de alguna cucaracha es ciegas,Reviewed in Spain on 1 September 2024,1,Estoy super engañada. Solo si alguna cucaracha ciega pasa por all se queda atrapada 😡👎.No  lo recomendo.Dinero tirado
ES,B0DP2T2Q8Z,No funciona,Reviewed in Spain on 21 July 2023,1,Después de 15 días… las cucarachas pasan de largo
ES,B0DP2T2Q8Z,Waar blijft mijn bestelling.,Reviewed in the Netherlands on 25 August 2025,1,Heb na een week  og niets ontvangen .Zou 1 a 2 dagen vertraagd geleverd worden.
ES,B0DP2T2Q8Z,Efficacité,Reviewed in Belgium on 25 November 2024,1,"Pour ma part, je trouve que ce produit n’est pas efficace."
ES,B0DP2T2Q8Z,Design of product fails,Reviewed in the United States on 19 June 2026,1,Ridiculous design. There’s no way to fasten the two ends together to form a house. I guess you have to use tape but the instructions do not tell you that. I will not buy from this brand again very frustrating.
ES,B0DP2T2Q8Z,Zusammenbau klappt nicht,Reviewed in Germany on 2 July 2026,1,"Gebrauchsanweisung nicht umsetzbar,man muss es noch mit Tesa extra fixieren"
ES,B0DP2T2Q8Z,Did not work!,Reviewed in Australia on 6 May 2026,1,Did not see a single one on the trap!
ES,B0DP2T2Q8Z,Informer les futurs clients aucun feromone,Reviewed in France on 18 June 2026,1,Produit totalement inefficace escroqurie total un bout de carton sans intérêt j’ai jeté 25 euros j’ai remplacé par un autre produit similaire d’une autre marque ça fonctionne très déçu j’espère que vous ferez remonter l’info ainsi que de me faire un avoir sur le site par avance merci
ES,B0DP2T2Q8Z,The Insect Party Indoor Now. Thanks to this super cover.,Reviewed in the United Kingdom on 22 October 2024,1,"The Super Ninja Cockroaches Killer - 12 Traps is a major disappointment. Despite its claims of being highly effective and user-friendly, the traps do very little to control cockroach infestations. In fact, the traps seem to act more like a gathering spot for the cockroaches, as if they’re hosting a party inside them. Instead of eliminating the pests, I often found multiple cockroaches crawling around the traps, completely unfazed. It’s frustrating to see them treat the traps like a hangout rather than something to be avoided.The design is simple and setting them up is easy, but the performance is where it truly falls short. The adhesive inside the traps isn’t strong enough to capture the cockroaches effectively, and many of them managed to escape or simply ignored the trap altogether. I kept the traps out for weeks, but the infestation continued with little to no reduction in the number of pests.While the ecological aspect is appreciated, the traps are practically useless if they can’t do the basic job of catching cockroaches. It’s disappointing to invest in a product that promises up to three months of effectiveness per trap, only to find it failing within days. Overall, the Super Ninja Cockroaches Killer is not worth the money or effort, and I would not recommend it to anyone dealing with a serious cockroach problem."
ES,B0DP2T2Q8Z,Deludenti…gli stavo dando fiducia,Reviewed in Italy on 29 June 2026,1,"All’inizio dopo la prima e ultima cattura ero fiducioso,ma poi nulla di nulla in 4 trappole nella stessa stanza, gli scarafaggi (blatte) manco se le filano."
ES,B0DP2T2Q8Z,Inutili,Reviewed in Italy on 2 July 2026,1,Ho posizionato due trappole appena arrivate e dopo 8 giorni le blatte continuano a vagare indisturbate nel bagno!!!!!!! e a girargli intorno
ES,B0DP2T2Q8Z,Acquisto da evitarev,Reviewed in Italy on 3 July 2026,1,"Prodotto che le blatte non avvicinano nemmeno!  Tre mattine consecutive le ho viste passeggiare tranquille senza ""abboccare"". Bella truffa!!"
ES,B0DP2T2Q8Z,Troppo piccola per dimensione,Reviewed in Italy on 9 June 2026,1,"Articolo troppo piccolo ed aggiungo un poco complicato nel montaggio, descrizione poco detaglita anche nelle istruzioni allegate - sconsiglio - a parita' prezzo e molto migliore i fogli in la Colla per Trappola Topi"
ES,B0DP2T2Q8Z,Trappola per scarafaggi,Reviewed in Italy on 13 June 2026,1,Ho cambiato la recensione in quanto non soddisfatto di questo articolo.Non cattura gli scarafaggi e così ho ordinato  il prodotto che usavo prima.
ES,B0DP2T2Q8Z,Spesa innutile,Reviewed in Italy on 5 June 2026,1,"Spesa inutile, i scarafaggi passeggiano sopra si staccano più le mie ditta che loro! Avrei dovuto restituirli così aperti, e costano anche troppo per dei pezzi di cartone innutili !"
ES,B0DP2T2Q8Z,Nul n’acheter pas,Reviewed in France on 16 February 2026,1,Ne fonctionne pas j’ai une avasion de cafard qui viens de l’appartement d’en dessous et j’en ai mis un peu partout avec de l’appât à cafard et aucun n’a été pris dedans donc nul alors que je les voient marche à côté
ES,B0DP2T2Q8Z,Trappole non efficaci,Reviewed in Italy on 14 June 2026,1,Gli scarafaggi sono poco attirati dalle trappole. Quei pochi che entrano inoltre non restano incollati e riescono ad uscire.
ES,B0DP2T2Q8Z,poco efficace,Reviewed in Italy on 1 July 2026,1,non funziona almeno nel mio caso. ci girano intorno ma non entrano.
ES,B0DP2T2Q8Z,Assolutamente inutile!,Reviewed in Italy on 16 April 2026,1,"Non so se sia difettoso e/o scaduto, ma nonostante abbia sparso trappole ovunque in cucina, le blatte continuano a girare indisturbate. Addirittura sono riuscito a farne entrare una nella trappola, e lei dopo pochi secondi è uscita tranquillamente. ASSOLUTAMENTE INUTILE!"
ES,B0DP2T2Q8Z,Non serve a nulla,Reviewed in Italy on 28 June 2026,1,Non serve a nulla
ES,B0DP2T2Q8Z,Si apre continuamente,Reviewed in Italy on 10 June 2026,1,Non rimane attaccato il cartone. Devo mettere lo scotch
ES,B0DP2T2Q8Z,Delusione,Reviewed in Italy on 19 June 2026,1,Per ora non funzionano.
ES,B0DP2T2Q8Z,Inutile,Reviewed in Italy on 16 June 2026,1,Non funziona per niente
ES,B0DP2T2Q8Z,Inutile,Reviewed in Italy on 20 May 2026,1,Inutile ho ancora blatte che ci girano attorno
ES,B0DP2T2Q8Z,Wont stay connected at top,Reviewed in Australia on 11 April 2026,1,Trying to putvthem together to stay without opening up os impossible.Not recommended.
ES,B0DP2T2Q8Z,Difficoltà a chiudere,Reviewed in Italy on 31 May 2026,1,Trappola veramente scarso
ES,B0DP2T2Q8Z,Non funziona,Reviewed in Italy on 25 April 2026,1,"Non funziona. Le blatte non ci entrano: probabilmente manca una forma di esca, che deve essere aggiunta."
ES,B0DP2T2Q8Z,Inefficace,Reviewed in Italy on 18 May 2026,1,Non fanno per il mio caso
ES,B0DP2T2Q8Z,Tutto appiccicoso non va bene,Reviewed in Italy on 2 May 2026,1,Tutto incollato non va bene
ES,B0DP2T2Q8Z,Absolutely Useless,Reviewed in Australia on 20 February 2026,1,Absolutely useless at my place. Not one cockroach caught in them and I have a major infestation!
ES,B0DP2T2Q8Z,Facile installazione,Reviewed in Italy on 29 April 2026,1,Credo non funzioni…….
ES,B0DP2T2Q8Z,nö,Reviewed in Germany on 2 March 2026,1,"da geht nix rein , funktioniert nicht"
ES,B0DP2T2Q8Z,Useless,Reviewed in the United Kingdom on 10 February 2026,1,Doesn't work
ES,B0DP2T2Q8Z,non ha funzionato,Reviewed in Italy on 11 February 2026,1,"Non so se è funzionale ad un tipo di scarafaggi, ma le blatte non sono attratte da questa trappola"
ES,B0DP2T2Q8Z,Bad quality,Reviewed in the United Kingdom on 8 February 2026,1,Bad quality
ES,B0DP2T2Q8Z,Inutile,Reviewed in France on 22 August 2025,1,"Grosse arnaque ! Les cafards se promènent autour sans jamais aller dedans alors que le piège est posé devant l'entrée du nid ! Ya zéro attractifs dedans.. Nos mains sont plus efficaces ! Gardez votre argent, ça fait cher pour un bout de carton avec de la glue.."
ES,B0DP2T2Q8Z,Not effective for Sydney cockroaches,Reviewed in Australia on 23 December 2025,1,"Traps don't catch anything unfortunately. We have a cockroach infestation, was expecting at least catch some babies but we only caught a fly."
ES,B0DP2T2Q8Z,Superninja,Reviewed in the United Kingdom on 17 November 2025,1,"This is the biggest scam of all time, placed the thing  properly  followed all instructions  but never  caught  no roaches??"
ES,B0DP2T2Q8Z,Nul,Reviewed in France on 3 February 2026,1,Aucun cafardbni viens
ES,B0DP2T2Q8Z,Non funzionano,Reviewed in Italy on 2 January 2026,1,"Non funzionano affatto, ho trovato diverse blatte in casa ma dopo 3 settimane neanche una è stata catturata da questa esca."
ES,B0DP2T2Q8Z,"La trappola è per allocchi, non per scarafaggi.",Reviewed in Italy on 12 November 2025,1,"Totalmente inutile, il ""potente attrattivo"" non li attrae minimamente. Le trappole sono state lasciate in un locale lasciato poi disabitato per una settimana e non ci sono passate sopra neanche per sbaglio."
ES,B0DP2T2Q8Z,Non attirano gli scarafaggi,Reviewed in Italy on 16 February 2026,1,Non attirano neanche i moscerini!Non funzionano!
ES,B0DP2T2Q8Z,Sconsigliato,Reviewed in Italy on 6 February 2026,1,"Non funziona , le blatte non lo considerano"
ES,B0DP2T2Q8Z,Ingannevole,Reviewed in Italy on 22 November 2025,1,"Ingannevole , è solo un cartoncino con colla e attira scarafaggi.Peggiora la situazione, informatevi bene. Gli scarafaggi se spaventati si moltiplicano più velocemente"
ES,B0DP2T2Q8Z,Serious under performance.,Reviewed in the United Kingdom on 10 November 2025,1,This is a total waste of money. I wouldn’t recommend it. Only one roach trapped.
ES,B0DP2T2Q8Z,Prodotto inservibile,Reviewed in Italy on 14 September 2025,1,"Prodotto scadentissimo, il cartoncino con carta riciclabile non regge le pieghe e quindi non si riesce a creare l’involucro…prodotto da buttare! Il problema è che l’ho aperto e le due trappole si sono rotte e quindi neanche posso rimandarlo indietro! Prodotto assolutamente inservibile."
ES,B0DP2T2Q8Z,Failure to function.,Reviewed in Australia on 6 December 2025,1,After a month not one roach caught! Watch them crawl thru trap. Not even slowed down.
ES,B0DP2T2Q8Z,Waste of money,Reviewed in the United Kingdom on 19 October 2025,1,Nonsense product. Hasn't caught even a single cockroach despite me seeing them skirt around the product.
ES,B0DP2T2Q8Z,Macht leider nicht was er sollte,Reviewed in Germany on 18 June 2025,1,"Leider macht die ""Falle"" nicht wirklich was sie soll. Lieferzeit und Sendung waren zwar spitze aber dafür wofür ich ihn gekauft hatte leider bis jetzt nicht. Ich habe trauriger weise eine kackerlake entdeckt und deswegen das Produkt bestellt. Habe 6 Fallen an verschiedenen Orten aufgestellt aber leider bis heute nicht und es sind schon über 5 Wochen."
ES,B0DP2T2Q8Z,Doesn’t Work,Reviewed in Australia on 1 November 2025,1,Terrible. I literally saw a cockroach in one of them at night and it was gone in the morning. Didn’t catch a single one.
ES,B0DP2T2Q8Z,Inefficaci da quando hanno cambiato la quantità/qualità di insetticida contenuto.,Reviewed in Italy on 2 July 2025,1,"Un paio di anni fa, ho acquistato queste trappole e funzionavano davvero bene. Tuttavia, ho recentemente effettuato un nuovo acquisto e ho notato che hanno modificato la quantità di prodotto che attira gli insetti all'interno, rendendole inefficaci contro gli scarafaggi. Le ho confrontate con altri prodotti simili, ma più professionali, e devo ammettere che questi ultimi stanno funzionando. Pertanto, sconsiglio l'acquisto di queste trappole."
ES,B0DP2T2Q8Z,Inutili,Reviewed in Italy on 28 October 2025,1,"Queste trappole non servono, le abbiamo messe proprio nel punto in cui eravamo certi ci fossero scarafaggi. Dopo giorni le abbiamo buttate come nuove"
ES,B0DP2T2Q8Z,Useless,Reviewed in the United Kingdom on 22 August 2025,1,Unclear directions for folding the traps resulted in one being wasted. The traps did not catch even one roach. Ever heard a cockroach laugh? I have !
ES,B0DP2T2Q8Z,Non funzionano,Reviewed in Italy on 11 November 2025,1,Purtroppo non funzionano a casa mia. Non attirano gli scarafaggi e quei pochi che entrano sono in grado di uscire
ES,B0DP2T2Q8Z,Da sapere,Reviewed in Italy on 30 September 2025,1,Mi sembra che non funzioni affatto...probabilmente funziona solo con gli adulti ...con i piccoli e medi niente. In 10gg ho messo 4 trappole e nulla eppure ne ho uccisi 12.
ES,B0DP2T2Q8Z,Mr,Reviewed in the United Kingdom on 13 October 2025,1,Its not good at all meangless to be honest am not recomded ....
ES,B0DP2T2Q8Z,Trappole,Reviewed in Italy on 17 October 2025,1,Il venditore prontamente mi ha sostituito le trappole.. non riscontrando il corretto funzionamento si è reso disponibile al rimborso. Purtroppo a me non hanno funzionato.
ES,B0DP2T2Q8Z,Is not possible to out together,Reviewed in Germany on 13 November 2025,1,It can wrong and is not possible to put the trap together
ES,B0DP2T2Q8Z,Décevant,Reviewed in France on 26 August 2025,1,"J'ai posé 3 pièges à des endroits stratégiques, là où je vois des cafards.Les pièges ont été posés plusieurs jours sans résultat. Les cafards ne sont pas du tout attiré par le piège."
ES,B0DP2T2Q8Z,Keine Wirkung,Reviewed in Germany on 18 November 2025,1,"Auf meiner Terrasse keine Wirkung. Spinnen ja, Kakerlaken nein."
ES,B0DP2T2Q8Z,Funktioniert nicht,Reviewed in Germany on 15 November 2025,1,Hat bei uns nicht funktioniert. Fallen sind leer trotz Schädlingsbefall.
ES,B0DP2T2Q8Z,NON FUNZIONANO DA EVITARE,Reviewed in Italy on 23 September 2025,1,"NON FUNZIONANO, l'ho preso per i pesciolini d'argento ma non e' 3 giorni che ho messo le trappole e ad oggi ZERO..veramente non funzionano ho buttato i soldi"
ES,B0DP2T2Q8Z,Untauglich,Reviewed in Germany on 14 October 2025,1,"Völlig untauglich - in unserer Küche tummeln sich die Küchenschaben, aber nach zwei Tagenfing sich keine Einzige in den ""Fallen""."
ES,B0DP2T2Q8Z,Nicht effektiv,Reviewed in Germany on 21 September 2025,1,"Leider nicht wirksam, ich würde es nicht empfehlen. Wir haben das schon seit ein paar Tagen aufgestellt und leider ist bis jetzt noch kein Ungeziefer in die Falle getappt...."
ES,B0DP2T2Q8Z,Scam,Reviewed in the United Kingdom on 20 November 2025,1,Scam
ES,B0DP2T2Q8Z,Déçu,Reviewed in France on 3 October 2025,1,Ne fonctionne pas les insectes ne sont pas attirés et donc ils ne sont pas piégés déçu :(
ES,B0DP2T2Q8Z,No working,Reviewed in the United Kingdom on 7 November 2025,1,Waste of money
ES,B0DP2T2Q8Z,Schaben- u. Kakerlakenfalle,Reviewed in Germany on 28 October 2025,1,"Hat nicht viel gebracht, trotz Lockköder. War für eine große Lagerhalle gedacht."
ES,B0DP2T2Q8Z,Non lo consiglio!,Reviewed in Italy on 8 September 2025,1,Per niente valido come prodotto...premesso che non ero invasa da scarafaggi. Ho messo una trappola sotto il lavello e in altri punti strategici e non è servito!Non lo consiglio
ES,B0DP2T2Q8Z,"Décevant, aucune capture",Reviewed in France on 21 September 2025,1,"8 pièges placés depuis presque 3 semaines, et aucune capture.Ils n'ont pas l'air d'être attirés par le produit."
ES,B0DP2T2Q8Z,No,Reviewed in Italy on 15 December 2025,1,Non soddisfacenteNon lo consiglio
ES,B0DP2T2Q8Z,Inefficaci,Reviewed in Italy on 10 September 2025,1,"Davvero inefficaci .. non hanno beccato nulla . Addirittura ho messo su del cibo per cani , lo hanno mangiato ma non sono rimaste attaccate! Mah"
ES,B0DP2T2Q8Z,Inutile,Reviewed in Italy on 13 September 2025,1,"Ho mia mamma che in casa sua purtroppo li ha, tutte le notti li trova in cucina, piccoli, li iccide ma nella trappola neanche 1."
ES,B0DP2T2Q8Z,Non fa fede alla descrizione non erano 12,Reviewed in Italy on 8 September 2025,1,É  arrivato con L’imballaggio chiuso e la confezione del prodotto aperto con qualche trappola in menoTra l’altro penso ci siamo marche migliori
ES,B0DP2T2Q8Z,Non adatto al mio problema,Reviewed in Italy on 24 October 2025,1,"Non adatto a risolvere il mio problema, molto fragili come strutture"
ES,B0DP2T2Q8Z,Son muy eficientes.,Reviewed in Spain on 15 June 2026,5,"Compré varios tipos de trampas adhesivas para cucarachas. Sin duda, estas son las mejores. La semana pasada, incluso atrapamos y eliminamos seis cucarachas americanas grandes (Alicante) en una de estas trampas. Gracias a estas trampas, combinadas con una barrera de polvo, ninguna cucaracha se acerca más de un metro a la puerta de entrada. Así que no entran al jardín, ni al sótano ni a la casa. Las recomiendo a todo el mundo."
ES,B0DP2T2Q8Z,Precio un poco elevado.,Reviewed in Spain on 18 June 2026,5,"Por ahora va bien, ya ha ""cazado"" unos cuantos bichos. Muy práctico que lleve incorporado el cebo."
ES,B0DP2T2Q8Z,Funciona correctamente,Reviewed in Spain on 27 May 2026,4,Funciona correctamente.
ES,B0DP2T2Q8Z,Las atrapa,Reviewed in Spain on 19 June 2026,5,Buen producto
ES,B0DP2T2Q8Z,Ok,Reviewed in Spain on 5 July 2026,5,Ok
ES,B0DP2T2Q8Z,No se acercan las cucarachas,Reviewed in Spain on 14 June 2026,3,"El producto parece bueno, pero las cucarachas no se acercan...seguiré probando"
ES,B0DP2T2Q8Z,Eliminarlas,Reviewed in Spain on 6 June 2026,5,Fenomenal actúa enseguida buen producto
ES,B0DP2T2Q8Z,excelente,Reviewed in Spain on 30 June 2026,4,calidad alta
ES,B0DP2T2Q8Z,Efectivo,Reviewed in Spain on 3 May 2026,4,El producto es efectivo..cada vez vemos menos cucarachas rondando y cuando veo la trampa las veo alli pegadas
ES,B0DP2T2Q8Z,Buen material pero poco atrayente,Reviewed in Spain on 15 April 2026,2,Las trampas estan bien se ven de buena calidad y no son ni las grandes ni las pequeñas. Ahora eso sí una semana puestas y no hay ni una a sola pegada..  me parece a mi que lo del atrayente no es muy efectivo que digamos.  Seguiremos esperando su efecto
ES,B0DP2T2Q8Z,Neutro,Reviewed in Spain on 30 December 2025,2,No me sirvió de mucho.
ES,B0DP2T2Q8Z,DIFICIL MONTAJE,Reviewed in Spain on 19 November 2025,2,MUY DIFICIL MONTAR LAS CASETAS. ASI QUE HEMOS PEDIDO OTRAS QUE VENGAN MONTADAS
ES,B0DP2T2Q8Z,Sin efecto,Reviewed in Spain on 27 September 2025,2,No hace nada
ES,B0DP2T2Q8Z,Not catching the roaches,Reviewed in Spain on 31 August 2025,2,I watch roaches walk through and not get stuck. It has happened to at least 2 of the pack. They go right through
ES,B0DP2T2Q8Z,Fraco material,Reviewed in Spain on 31 August 2025,2,Muito fraco .
ES,B0DP2T2Q8Z,Poco útil,Reviewed in Spain on 12 November 2023,2,Los primeros días nos funcionó  muy bien pero al mes de uso dejo de ser útil.
ES,B0DP2T2Q8Z,Super ninja,Reviewed in Italy on 25 June 2026,2,"L'ho testa ma non ha catturato niente, forse gli insetti ci devono sbattere addosso x prenderli. Non fa da esca."
ES,B0DP2T2Q8Z,non molto efficacie,Reviewed in Italy on 25 June 2026,2,non ho ancora raccolto i frutti.
ES,B0DP2T2Q8Z,"le blatte non vengono attirate, ci girano attorno.",Reviewed in Italy on 18 June 2026,2,"le blatte non vengono attirate, ci girano attorno."
ES,B0DP2T2Q8Z,Trappole,Reviewed in Italy on 20 May 2026,2,Nn all altezza
ES,B0DP2T2Q8Z,Ça marche pas top,Reviewed in France on 15 May 2026,2,"Pas fou, ça marche pas top"
ES,B0DP2T2Q8Z,QUALITA' E FUNZIONE,Reviewed in Italy on 30 April 2026,2,Scarsa capacità di intrappolare insetti e striscianti rispetto a prodotti analoghi; vedo molti pareri diversi dal mio però !?
ES,B0DP2T2Q8Z,Qualità medio/bassa,Reviewed in Italy on 26 April 2026,2,Alcune trappole all interno del pacco erano senza colla.
ES,B0DP2T2Q8Z,A me non ha funzionato,Reviewed in Italy on 17 April 2026,2,Che dire. A me non ha funzionato. Messi in giro per casa e per le scale ho continuato a vedere gli scarafaggi morire ben lontano dalla scatoletta. Le due stelle sono per mia generosita' ... ma una avrebbe reso meglio l idea
ES,B0DP2T2Q8Z,On le consiglio,Reviewed in Italy on 16 April 2026,2,Troppo piccole e con un montaggio difficile perché le fessure sono minuscole le ho dovute chiudere con lo scotch
ES,B0DP2T2Q8Z,Nessun effetto,Reviewed in Italy on 15 April 2026,2,Nonostante che ne abbia messi una decina non hanno catturato nessuno scarafaggio anche se ne giravano diversi vicino.
ES,B0DP2T2Q8Z,Doesn’t really work,Reviewed in Australia on 24 March 2026,2,So far these have not caught any cockroaches.
ES,B0DP2T2Q8Z,Bof,Reviewed in France on 20 January 2026,2,Pas assez grands
ES,B0DP2T2Q8Z,Piège,Reviewed in France on 17 January 2026,2,Pas top
ES,B0DP2T2Q8Z,Non funzionano,Reviewed in Italy on 3 January 2026,2,"Fino ad ora trovate sempre vuote, ma non perché non ce ne siano"
ES,B0DP2T2Q8Z,Not great,Reviewed in the United Kingdom on 11 December 2025,2,"The stickiness of the trap is okay, but the effectiveness of the trap is not great the cockroaches would just go around it and never caught any even though i knew they were there. Its not good value for money and wouldnt recommend it."
ES,B0DP2T2Q8Z,Non funziona,Reviewed in Italy on 10 December 2025,2,È una settimana che ho montato le trappole.....ma vedo le blatte sempre in giro e dentro neanche 1....
ES,B0DP2T2Q8Z,will not buy again,Reviewed in the United States on 24 November 2025,2,didn't work well
ES,B0DP2T2Q8Z,Pas top,Reviewed in France on 15 November 2025,2,"Je l'ai mis un peu partout, apparemment, ils vont pas dedans parce que j'en ai encore tué un donc je sais pas mais ça a pas l'air de trop marcher"
ES,B0DP2T2Q8Z,Enttäuschendes Ergebnis,Reviewed in Germany on 14 November 2025,2,"Die Ninja brachte ein enttäuschendes Ergebnis. Zuerst passierte lange nichts, obwohl eine Schabenfamilie da war. Dann blieb eine ausgewachsene Schabe endlich darin kleben, die sich nach drei Tagen aber aus der Klebefalle wieder befreien konnte!"
ES,B0DP2T2Q8Z,Male molto  male,Reviewed in Italy on 14 November 2025,2,Quasi inutile... non ci è finito dentro neanche per sbaglio un insetto
ES,B0DP2T2Q8Z,Profilaktisch aufgestellt.,Reviewed in Germany on 10 November 2025,2,"Außer Spesen nichts gewesen.Vielleicht funktioniert es woanders.???Es könnte sich auch um Waldschaben gehandelt haben, die kratzen nach wenigen Tagen ab.Außer Staub und Dreck nichts zu sehen."
ES,B0DP2T2Q8Z,Non funziona,Reviewed in Italy on 21 October 2025,2,Non ha funzionato! Dopo qualche giorno che l'avevo sistemato ho visto la blatta sul muro dirigersi in direzione opposta
ES,B0DP2T2Q8Z,Scadente,Reviewed in Italy on 17 October 2025,2,"Di scadente fattura, si fatica a farla diventare una casetta/trappola per onsetti"
ES,B0DP2T2Q8Z,Not so effective,Reviewed in Germany on 13 October 2025,2,Even put bait on the trap but didnt work
ES,B0DP2T2Q8Z,Pas efficace dans mon cas,Reviewed in France on 17 September 2025,2,"Je ne sais pas quoi penser.J'en avais disposé un peu partout dans ma maison (~200m2) quand je commençais à en voir trop : De 1 ou 2 par jour/nuit, on passait à 3, 4, 5...Je n'ai attrapé aucun cafard avec ces pièges, mais peut-être que ça a eut un effet dissuasif car j'en ai plus eut après... 🤔Je pense que c'est surtout le travail à l'extérieur de la maison qui a payé : Dépoussiérer tout le contours de la maison + terre de diatomées"
ES,B0DP2T2Q8Z,Pieges,Reviewed in France on 14 September 2025,2,Moyen
ES,B0DP2T2Q8Z,Nicht so gut,Reviewed in Germany on 14 September 2025,2,Leider nicht der gewünschte EffektSchade
ES,B0DP2T2Q8Z,Unused trap,Reviewed in the United Kingdom on 7 September 2025,2,Have not used it yet so it’s hard to say if it’s good value for money it is small and discrete can be placed behind sofas beds etc;
ES,B0DP2T2Q8Z,Ungeziefer Vernichter,Reviewed in Germany on 15 August 2025,2,fängt sich fast nichts!
ES,B0DP2T2Q8Z,peu ou pas efficace,Reviewed in France on 8 August 2025,2,le piège ne semble pas efficace du tout et le montage ne tient pas
ES,B0DP2T2Q8Z,Not great,Reviewed in the United Kingdom on 31 July 2025,2,Beetles went inside and walked out again 🙄
ES,B0DP2T2Q8Z,Nicht für asiatische Schaben,Reviewed in Germany on 25 July 2025,2,"Scheint nicht bei allen Schaben zu wirken. Wir haben vermutlich asiatische Harlekin Schaben, welche nicht in die Fällen gehen."
ES,B0DP2T2Q8Z,Die Fallen taugen leider nichts.,Reviewed in Germany on 18 July 2025,2,Die Fallen taugen leider nichts. Bisher ist keine einzige Schabe in den Fallen gewesen. Musste sie alle so fangen. 🤷‍♂️😔
ES,B0DP2T2Q8Z,Secondo me non funzionano,Reviewed in Italy on 16 November 2024,2,Mai riuscito a catturare un insetto. E eppure li trovo in casa ogni tanto.
ES,B0DP2T2Q8Z,Inutile.,Reviewed in Italy on 11 November 2024,2,Come se non ci fosse.
ES,B0DP2T2Q8Z,Na ja ....,Reviewed in Germany on 4 November 2024,2,Also unsere Scharben in der Küche waren wohl zu schlau für die Falle :-) . Da musste letztendlich die Chemie ran.
ES,B0DP2T2Q8Z,Non posizionatele all'esterno!,Reviewed in Italy on 27 October 2024,2,"La trappola funziona bene, purtroppo va fatto notare che se le posizionate all'esterno ci finiscono dentro anche lucertole e gechi, che invece sono utilissimi alla caccia degli insetti!Suggerisco di modificare l'imballo in modo che rimangano solo dei buchi piccoli, per proteggere questi poveri animaletti..."
ES,B0DP2T2Q8Z,décu,Reviewed in France on 27 September 2024,2,a part attraper une araignée ou deux totalement inéfficace!!!une arnaque totale
ES,B0DP2T2Q8Z,Aucune utilité,Reviewed in France on 11 September 2024,2,Vraiment pas efficace
ES,B0DP2T2Q8Z,Le trappole non sembrano molto efficaci con blatte germaniche,Reviewed in Italy on 10 September 2024,2,Non molto efficace con le blatte germaniche che rimangono nelle vicinanze senza essere attratte dalla esca e dalla trappola
ES,B0DP2T2Q8Z,Poco efficace,Reviewed in Italy on 5 August 2024,2,Poco efficace. Meglio i prodotti chimici
ES,B0DP2T2Q8Z,Purtroppo funziona con tutto ciò che ci passa dentro,Reviewed in Italy on 16 May 2024,2,Non ha un richiamo specifico per quel tipo di insetti.. in alcune trappole ho trovato delle lucertole morte .. probabilmente attirate dagli insetti morti all’interno.. preferivo altri tipi di trappole che non permettono l’ingresso ad altro tipi di animali .. la cui vita vorrei preservare
ES,B0DP2T2Q8Z,non ha funzionato ..,Reviewed in Italy on 23 November 2023,2,".. almeno così sembra. Visto che gli scarafaggi non sono affatto scomparsi e sono visibili (vivi) persino accanto alle trappole. Ovviamente non sono un esperto, potrebbe essere che non bastano a disinfestare le colonie"
ES,B0DP2T2Q8Z,"Bof ,appât peu appetent entre autres..",Reviewed in France on 3 August 2023,2,"Pour ce lot de 12 pièges à cafards , ils sont plus petits que ceux de la gamme stop cafards que vous trouverez également sur Amazon .Ceux ci ont un trait rouge qui fait office d'appât ,le montage est très simple il suffit de décoller le film et les monter comme une maison , placés hier au soir ils ont capturés 2 cafards .Pour moi ils ont des avantages mais également des inconvénients ,en avantage leur petite taille qui permet de les poser plus facilement dans les endroits difficiles d'accès , vu que l'appât n'est pas sous forme de graines il est également possible de les placer a la verticale .➡️ Cependant je préfère nettement la gamme stop cafards car les pièges sont beaucoup plus grands et ils ont attrapés beaucoup plus de colocataires indésirables que les ninjas .❌Après 2 jours d'installation ces pièges n'ont capturés que 2  mini cafards ,à noter que la totalité de la surface plate n'est pas encollee en totalité et l'appat ne les intéresse pas également .A voir suivant vos pièces et également votre infestation .Commandé au prix de 17,09 €Note de ⭐⭐ pour ma part , achat que je renouvelerai pas pour les points que j'ai mentionné plus haut ."
ES,B0DP2T2Q8Z,"Economiche, ma sicuramente poco efficaci",Reviewed in Italy on 20 June 2023,2,"Confezione da 12 trappole per scarafaggi utili da posizionare vicino alle tane, ma sicuramente non risolutive. A casa arriveranno 12 trappole in cartoncino da montare, al cui interno è posizionato un foglio colloso dove gli scarafaggi rimarranno intrappolati una volta entrati, ma devo dire che ne ho visto uno entrare e uscire, quindi non penso che siano così efficaci.Le ricomprerei? Onestamente no, anche se il prezzo sicuramente fa gola: parliamo di 16,99 euro per 12 trappole, quindi un costo unitario di circa 1,42 euro, ma forse è fin troppo economico per l’efficacia che ha."
ES,B0DP2T2Q8Z,Si no esta bien acabado carece de utilidad,Reviewed in Spain on 16 May 2026,3,A tres cartones les faltaba pegamento
ES,B0DP2T2Q8Z,Trampas cucarachas.,Reviewed in Spain on 28 January 2026,3,"Muy rápido llego, y te obliga a suscripción todos los meses, lo puedes anular después. Yo tenía pocas,pero me funcionó. Se quedan también pegadas las hormigas."
ES,B0DP2T2Q8Z,Difícil de armar,Reviewed in Spain on 28 September 2025,3,Medio eficaces Ya está valorado.
ES,B0DP2T2Q8Z,Atrapa pero no atrae,Reviewed in Spain on 3 July 2025,3,Las cucarachas que pasan por dentro quedan atrapadas pero rara vez pasan no soluciona ningún problema más bien sirve para saber si hay cucarachas en casa
ES,B0DP2T2Q8Z,Están bien. Pero tal como se anuncia puede inducir errores.,Reviewed in Spain on 10 February 2025,3,Son muy pequeñas. Falta saber si el atrayente funciona. Son super pequeñas y ya existen trampas de monitoreo. Cuando sepa si atraen a las cucarachas ya lo comentaré.
ES,B0DP2T2Q8Z,No es 100×100 lo que yo esperaba,Reviewed in Spain on 5 November 2024,3,El modelo es más pequeño de lo que parece en las fotos
ES,B0DP2T2Q8Z,No es tan efectivo,Reviewed in Spain on 24 July 2024,3,Puse 3 trampas por un sitio transcurrido de cucarachas y en una noche ninguna fue capturada. Al parecer el cebo no les atrae nada
ES,B0DP2T2Q8Z,Bien,Reviewed in Spain on 31 August 2024,3,Tengo que esperar haber si funcionan las trampas.
ES,B0DP2T2Q8Z,Lockt keine amerikanischen Schaben an,Reviewed in Germany on 25 September 2025,3,"Leider ist in den ersten 24 h keine einzige amerikanische Schabe in einer Falle hängen geblieben. Dabei habe ich drei Fallen aufgestellt in einem kleinen Raum, in dem eine Schabe gesehen wurde. Zudem ist der Zusammenbau der Fallen fummelig.Update: Der Verkäufer hat mein Geld zurückerstattet. Dafür erhöhe ich von 1 auf 3 Sterne."
ES,B0DP2T2Q8Z,Déception,Reviewed in France on 12 December 2025,3,"A fuir , après quelques semaines d'utilisation c'est la déception,même des bébés cafards ne sont pas retenues par une glue inefficace par rapport à des pièges chère que j'achetais en grande surface !!!Dommage le rapport prix était alléchant ...Par contre SAV très efficace, ma proposée le remboursement, suite à la non efficacité du produit chez moi , rare pour être souligné..."
ES,B0DP2T2Q8Z,Not really that effective,Reviewed in Australia on 15 December 2025,3,I've had cockroaches on the same spot in the kitchen for weeks and seen their poo every day. I put this out and their poo is now on top of it. So either the cockroaches know what this is and climb over it or it's just not that affective. Ive had it out for a while now if it catches anything I'll come back and modify the review.
ES,B0DP2T2Q8Z,It works,Reviewed in the United Kingdom on 3 July 2026,3,Placed one under the sink where they crawl in. Caught them. Check regularly as they sometimes will leave a leg behind to escape
ES,B0DP2T2Q8Z,Ok,Reviewed in Belgium on 9 January 2026,3,Ok
ES,B0DP2T2Q8Z,PRODOTTO DISCRETO,Reviewed in Italy on 16 June 2026,3,FACILE DA MONTARE E MOLTO DISCRETA. PER IL MOMENTO NON HA RACCOLTO NULLA. QUINDI NON SO GIUDICARE LA SUA EFFICACIA
ES,B0DP2T2Q8Z,Good,Reviewed in the United Kingdom on 27 June 2026,3,Good
ES,B0DP2T2Q8Z,Buona ma non la ricomprerei,Reviewed in Italy on 14 June 2026,3,"Buona ma non la ricomprerei. Niente da fare, le trappole con attrattore integrato catturano meno della metà di quelle con la classica pastiglietta. Coprono dunque un area molto piccola su dove li mettete.Il prezzo è comunque valido"
ES,B0DP2T2Q8Z,Dubbioso,Reviewed in Italy on 22 June 2026,3,Per il momento non funzionano
ES,B0DP2T2Q8Z,Prende di tutto... E qualche scarrafone. (Come scollare una lucertola 🦎),Reviewed in Italy on 3 June 2024,3,
ES,B0DP2T2Q8Z,Non ha catturato nulla,Reviewed in Italy on 27 May 2026,3,Insomma
ES,B0DP2T2Q8Z,Assemble,Reviewed in the United Kingdom on 26 January 2026,3,They are a bit fiddly to assemble ending up tape some together.  Haven't been back to check if they caught anything
ES,B0DP2T2Q8Z,😐😐😐😐,Reviewed in Germany on 19 June 2026,3,😐
ES,B0DP2T2Q8Z,Ni,Reviewed in Italy on 18 April 2026,3,Qualcosa ha catturato ma troppo pochi cartoni
ES,B0DP2T2Q8Z,Non utile,Reviewed in Italy on 1 February 2026,3,Dopo 15 giorni di utilizzo neppure una nella trappola. Peccato che le trovo cmq per casa. Solo sprecatiModifico dopo che il venditore è stato molto cortese e ha provveduto con il rimborso rimanendo disponibile per qualsiasi altro bisogno.
ES,B0DP2T2Q8Z,scatoline,Reviewed in Italy on 26 March 2026,3,scatole molto piccole e che non si richiudono in alto
ES,B0DP2T2Q8Z,Pratico ma non per gatti,Reviewed in Italy on 5 September 2025,3,"Avevo visto in casa un paio di blatte che però ho ammazzato quindi questo articolo l'ho comprato invia preventiva. Sembra comodo perché lo puoi mettere ovunque dato le dimensioni ditte e adattabili però essendo un cartone piegato tende per un po' ad aprirsi per cui mi sono vista costretta a metterlo dentro ai mobili, dietro ai cassetti della cucina perché metterlo sotto alla cucina direttamente mi sembrava poco consigliabile dato che sicuramente le mie gatte sarebbero andate a curiosare e, come già successo con dei gatti che ho avuto precedentemente, non volevo che ci restassero attaccati con le zampette.  Sotto ha la cucina sinceramente preferisco altri tipi di strutture."
ES,B0DP2T2Q8Z,not as good as it used to be,Reviewed in Germany on 30 November 2025,3,"I bought one in 2024, it worked great. After some time I wanted to put fresh traps in 2025, but the new traps were:1- not laying flat, the placement of the folds made the shape of the box bent, lowering the chance for a bug to enter2- the glue was not as efficient as before. I could see bigger bugs walking through it, only the smaller would get caught."
ES,B0DP2T2Q8Z,Non funzionano,Reviewed in Italy on 30 September 2025,3,"AGGIORNAMENTOServizio post vendita super, mi hanno contattato e spedito un nuovo prodotto uguale al precedente, ma per ora non lo sto usando visto il freddo le blatte sono (x ora) sparitePer ora posso dire che non stanno funzionando, messe in vari punti della casa dopo una settimana sono rimaste vuote."
ES,B0DP2T2Q8Z,Ho qualche dubbio...,Reviewed in Italy on 15 September 2025,3,Si e no... facile da montare ma sembra non funzionare. Ho uno scarafaggio che giornalmente viene nello stesso punto della casa...da quando ho messo questa trappola sembra non venire più oppure la schiva completamente. Vedrò nel tempo se svolgerà appieno la sua funzione.
ES,B0DP2T2Q8Z,Sehr einfach,Reviewed in Germany on 8 September 2025,3,"Man braucht schon etwas geschick um den klebrigen Kartonstreifen annähernd in die Form wie auf dem Bild zu bringen. Die Form beeinflusst am Ende nicht die Funktion, aber bisher gingen keine Insekten in die Falle. Besser etwas mehr ausgeben und feste Kakerlskenboxen kaufen."
ES,B0DP2T2Q8Z,.,Reviewed in the United Kingdom on 21 August 2025,3,Not bad
ES,B0DP2T2Q8Z,Alles bestens,Reviewed in Germany on 3 December 2025,3,Erfüllt DIN und Zweck
ES,B0DP2T2Q8Z,Trappola,Reviewed in Italy on 8 September 2025,3,"Prodotto arrivato nei tempi prestabiliti. I risultati li vedremo nel tempo. Immagine ingannevole, pensavo fossero più grandi."
ES,B0DP2T2Q8Z,Scatole x scarafaggi,Reviewed in Italy on 25 September 2025,3,Le scatole sono piccole e non restano chiuse una volta costruire.
ES,B0DP2T2Q8Z,Non efficace,Reviewed in Italy on 17 October 2025,3,..non lo trovo funzionale
ES,B0DP2T2Q8Z,Utile,Reviewed in Italy on 1 October 2025,3,Utile
ES,B0DP2T2Q8Z,Buone ma meglio quelle precedenti,Reviewed in Italy on 26 July 2025,3,"Funzionano si, ma le precedenti con una chiusura leggermente differente, restavano chiuse, queste dopo un po’ si aprono a libro."
ES,B0DP2T2Q8Z,Köderfalle,Reviewed in Germany on 24 September 2025,3,Das zusammenfalten ist sehr mühsam
ES,B0DP2T2Q8Z,Boh...,Reviewed in Italy on 7 September 2024,3,"Ero indecisa tra 3 o 5 stelle, perche in 3 mesi ha catturato solo 4 scarafaggi (io avevo la casa infestata, ne trovavo 2/3 a correre in giro ogni notte, ho ussto anche un insetticida speciale che non danneggia gli animali domestici). Tuttavia uno di questi era forse il padre di tutti gli altri per grandezza.Quindi non saprei dire se sono buone o no. Io ne ho messe 10 in 40 metri quadri."
ES,B0DP2T2Q8Z,Trappole per scarafaggi,Reviewed in Italy on 7 August 2025,3,Funziona ma non un granché… bisogna affiancarlo ad altri rimedi…
ES,B0DP2T2Q8Z,It needs the bait to attract the insects!,Reviewed in the United Kingdom on 28 March 2025,3,It’s ok but it needs the bait to come with it!
ES,B0DP2T2Q8Z,Va,Reviewed in Italy on 20 August 2025,3,cosi cosi
ES,B0DP2T2Q8Z,Silverfish,Reviewed in the United Kingdom on 7 March 2025,3,"It has caught 1 so far, so that's better than nothing."
ES,B0DP2T2Q8Z,Bien reçut merci,Reviewed in France on 16 May 2025,3,Pas efficace
ES,B0DP2T2Q8Z,Pas assez efficace,Reviewed in France on 5 November 2024,3,Malheureusement les blattes ou cafards ds ma cuisine on était plus malin jusqu'à présent ..
ES,B0DP2T2Q8Z,Lockt Schaben nicht wirklich an,Reviewed in Germany on 2 November 2023,3,"Diese Falle fängt alles was sich auf sie zubewegt (Heuschrecken, Spinnen etc.) aber leider keine einzige Schabe. Die scheint der Lockstreifen nicht ansatzweise zu interessieren. Ich habe die falle in unmittelbare Nähe zur Schabe hingestellt, weil ich sehen wollte ob sie wirkt - Fehlanzeige. Die Schabe hat die Falle einfach ignoriert!"
ES,B0DP2T2Q8Z,Qualita',Reviewed in Italy on 12 November 2024,3,Buon prodotto ma se posizionati all' interno di una abitazione avendo degli odori attraggono dall' esterno le blatte
ES,B0DP2T2Q8Z,"PETITS FORMATS DOMMAGE ,,,",Reviewed in France on 8 September 2024,3,Petits FORMATS dommage ??? Merci a vous
ES,B0DP2T2Q8Z,sticky but does not attract cockroach,Reviewed in Germany on 19 July 2024,3,"i placed multiple traps in the area where cockroaches move around. However, it does not trap any. I even kill 5 cockroach with my hand."
ES,B0DP2T2Q8Z,non come il brand top di marca,Reviewed in Italy on 26 December 2024,3,non stanno perfettamente adese al pavimento. non totalmente soddisfatta
ES,B0DP2T2Q8Z,Buon prodotto,Reviewed in Italy on 25 July 2024,3,"Buon prodotto funziona bene, ma troppo costoso, un prodotto quasi identico lo si trova a meno della metà del prezzo in negozio."
ES,B0DP2T2Q8Z,Insomma,Reviewed in Italy on 26 August 2024,3,"A differenza delle trappole per formiche, questo articolo non ha avuto buon esito"
ES,B0DP2T2Q8Z,Funzionano ma care!,Reviewed in Italy on 4 March 2024,3,"Allora, partiamo col fatto che il prodotto è arrivato aperto, stavo per rimandarlo al mittente ma ho voluto provarlo comunque, ammetto che funzionano ma per questo tipo di prodotto il prezzo è troppo alto."
ES,B0DP2T2Q8Z,They were okay.,Reviewed in the United Kingdom on 26 February 2024,3,These cockroach traps were okay.
ES,B0DP2T2Q8Z,Ok ma non risolvono totalmente,Reviewed in Italy on 21 August 2024,3,Come da titolo
ES,B0DP2T2Q8Z,Buon rapporto quantità prezzo,Reviewed in Italy on 26 June 2023,3,"Tante trappole, molto conveniente. Un po scomodo da montare. Al momento non trovo scarafaggi nelle trappole. Non so se è dovuto al fatto che hanno preso la fuga visto che ho spruzzato un po di insetticida, oppure se le trappole non li attirano."
ES,B0DP2T2Q8Z,Cool,Reviewed in Belgium on 22 September 2023,3,"On the first day I caught a cockroach, I was happy but that was it. The stranger is that I saw in previous days other 2 running around the kitchen..."
ES,B0DP2T2Q8Z,Non hanno funzionato,Reviewed in Italy on 17 October 2023,3,"Non posso dire se funzionano o no, ne ho usati diversi lungo muri, angoli... forse in posizioni sbagliate, fatto sta che non ho catturato un solo scarafaggio in diversi mesi."
ES,B0DP2T2Q8Z,Piège,Reviewed in Belgium on 3 September 2023,3,"Bonjour,Facile à monter mais je n'ai rien attrapé. Bizarre.Petite odeur."
ES,B0DP2T2Q8Z,"Buono ,ma niente di eccezionale",Reviewed in Italy on 25 July 2023,3,Ogni tanto trovavo qualcosa dentro ....tipo scarafaggini e formiche .magari va posizionato meglio.
ES,B0DP2T2Q8Z,Lbuon prodotto,Reviewed in Italy on 28 June 2023,3,"Ha fatto il suo lavoro ,gli scarafaggi sotto il frigo eliminati"
ES,B0DP2T2Q8Z,Buon prodotto,Reviewed in Italy on 30 June 2023,3,"Ottimo funziona , tre stelle!"
ES,B0DP2T2Q8Z,Non vedo risultati,Reviewed in Italy on 28 June 2023,3,Non ho ancora visto risultati
ES,B0DP2T2Q8Z,Trappola per Scarafaggi,Reviewed in Italy on 21 June 2023,3,"Arrivano a casa 12 trappole per scarafaggi. Gli scarafaggi che passeranno all'interno della trappola saranno catturati. Ma non solo scarafaggi, nel mio caso sono rimasti intrappolati altri insetti e anche millepiedi.Le trappole in totale sono dodici ed è bene posizionarli vicino alle porte o in punti strategici. Io ne sto sto usando due o tre per ogni camera, in base alla dimensione per stare tranquilla ed evitare la compagnia di insetti e animaletti indesiderati.Le trappole sono realizzate in cartoncino fatto con carta riciclata e non emanano nessun cattivo odore."
ES,B0DP2T2Q8Z,Don't really work,Reviewed in the United States on 11 February 2025,3,These don't really do much even if you put something on there. Of course they are sticky so if a bug happens to walk across them most of the time they're going to stick but I did notice that if it's left alone long enough a lot of bugs can actually get unstuck off of them. I do know that they're not that easy to fold and stay in the correct shape and if you don't put something on them you're not really going to draw a bug through them it's almost as if they just walk right over them and they're a big pricey for how many you get
ES,B0DP2T2Q8Z,Just ok,Reviewed in the United States on 7 January 2025,3,"I almost broke my finger pressing the order button because i thought this was an awesome deal. The strong molasses smell coming from the bait was promising too.I received the roach traps and immediately put down 6. I was shocked to see that the next morning there were 0 roaches on the trap. I even watched one walk in, get stuck on the glue, and then walk right out. WHAT?!Updated review: It's been about 1 week and I finally see some german cockroaches getting stuck on the trap. Definitely not a quickly as I've seen roaches go to other baited glue traps that I've used in the past."
ES,B0DP2T2Q8Z,Super Ninja Kakerlaken Falle,Reviewed in Germany on 9 July 2023,3,"Im Pappkarton bekommt man die 12 zusammengefalteten Fallen. Aufstellen ist einfach: eine Falle aufklappen, den Schutzstreifen vom Kleber entfernen und dann die beiden Seitenlaschen zusammenstecken, so dass sich ein kleine Häuschen ergibt.In der Mitte des Klebers ist ein roter Streifen eingelassen - das angeblich ungiftige Lockmittel. Alles in Allem soll es sich hier um eine ökologische Falle handeln, da keine Giftstoffe verwendet werden. Aus was der ökologische Lockstoff aber besteht, wird nicht verraten. Dass die Falle völlig geruchlos ist, wie in der Beschreibung steht, kann ich nicht bestätigen. Aber das liegt wohl am verwendeten Recycling-Papier, das stinkt doch ordentlich, zumindest direkt nach dem ersten Auspacken.Bei uns laufen hauptsächlich Waldschaben rum - die scheinen auf den Lockstoff nicht zu reagieren - jedenfalls haben wir keine einzige gefangen. Dafür anderes Kriechtier-Zeugs wie Silberfischen."
ES,B0DP2T2Q8Z,Expensive for the size of trap.,Reviewed in the United States on 16 January 2025,3,"A tad expensive for the traps. I expected the traps to be bigger in size. More surface area to trap the cockroaches. These traps were much smaller than expected. At almost $1 a piece, I don't think it is worth it.I've placed the traps around my laundry room. I don't know the quality until a few weeks/months later. It's sticky but I don't know if it will attract the roaches. Fingers crossed."
ES,B0DP2T2Q8Z,Small in size,Reviewed in the United States on 18 February 2025,3,Small in size but work great!
ES,B0DP2T2Q8Z,Piège mais pas spécialement les cafards,Reviewed in France on 9 September 2023,3,"D'une très grande facilité d'utilisation et de mise en place mais je vois les cafards se promener à 1m mais aucun dedans.L'adhérence est très bonne car une grosse araignée s'est trouvée coincée dedans.Donc il se peut qu'il fonctionne très bien, mais à mon avis, au plus proche du nid."
ES,B0DP2T2Q8Z,piège moyen,Reviewed in France on 10 September 2023,3,"Ce type de piège est en carton, donc je comprend le côté écologique.Les cafards sont attirés et restent collés, mais pour ce débarrasser efficacement de cafard ce n'est pas suffisant. Rien ne vaut les seringues."
ES,B0DP2T2Q8Z,BUONI MA PER ORA NON RIESCO A TESTARLI AL 100%,Reviewed in Italy on 23 April 2023,3,"Comodi sicuramente, con 12 pezzi, ed abbastanza sicuro anche per gli altri animali, il problema è che ad oggi ancora nulla anche se devo dire che non è ancora periodo."
ES,B0DP2T2Q8Z,Las mata,Reviewed in Spain on 9 May 2026,4,Es bastante eficaz para las cucarachas
ES,B0DP2T2Q8Z,Bien,Reviewed in Spain on 16 April 2026,4,De momento funciona. Puse dos donde me salían todas las noches. Y nada..
ES,B0DP2T2Q8Z,no se sabe  inmediatamente si resulta o no hay que esperar un tiempo,Reviewed in Spain on 2 March 2026,4,muy basico
ES,B0DP2T2Q8Z,eficiente,Reviewed in Spain on 5 February 2026,4,eficiente
ES,B0DP2T2Q8Z,Muy buen !!!,Reviewed in Spain on 25 July 2025,4,Muy buen
ES,B0DP2T2Q8Z,Quase prefeito,Reviewed in Spain on 20 July 2025,4,4 Estrelas
ES,B0DP2T2Q8Z,Funciona,Reviewed in Spain on 25 January 2025,4,Funciona
ES,B0DP2T2Q8Z,Pega bien,Reviewed in Spain on 6 January 2025,4,"Está bien pero no veo que lleve ninguna sustancia que las atraiga, no he pillado ninguna cucaracha solo algún insecto"
ES,B0DP2T2Q8Z,Atraen las cucarachas,Reviewed in Spain on 26 December 2024,4,"No dejarlo en la habitación, que si no vienen a la habitación, el producto bastante buena"
ES,B0DP2T2Q8Z,los atrapa muy bien,Reviewed in Spain on 13 November 2024,4,"Esta muy bien este producto, funciona como se describe, y su duracion es bastante larga, lo recominendo,"
ES,B0DP2T2Q8Z,Producto sencillo,Reviewed in Spain on 25 July 2024,4,Fácil de montar y para el tamaño de las cucarachas de hoy en día es ideal
ES,B0DP2T2Q8Z,Efectivo pero caro,Reviewed in Spain on 30 August 2023,4,"Se trata del clásico atrapamoscas pero para cucarachas. Me explico: es una tira de papel pegajoso en el cual las cucarachas se quedan pegadas si entran en la trampa, o sea que si no lo ponemos donde los bichos acuden habitualmente no surtirá efecto.Por otra parte, lo veo algo caro, ya que es un simple cartón al que hay que montarlo para que los bichos entren dentro con el papel gomoso enmedio"
ES,B0DP2T2Q8Z,"Aun no puedo opinar de la eficacia, pero más cómodas que el spray",Reviewed in Spain on 28 August 2023,4,"Caja de doce trampas para cucarachas de la Marca Super Ninja, que nos ofrece la oportunidad de liquidar estos insectos de forma ecológica, sin necesidad de acudir a insecticidas, que normalmente suelen  tener un olor bastante fuerte y además pueden llegar a ser tóxicos.Se trata de un sistema muy sencillo, que forma, como una pequeña casita, y en cuyo interior lleva un adhesivo, donde tras retirar la proteccion que lleva, quedarán pegadas las cuquis.Uno de los puntos más interesantes a tener en cuenta, es que , además de ser ecológicas, no resultan tóxicas para nuestras mascotas, o nuestro peques, que es uno de los mayores problemas que puede generar el uso de estos insecticidas.Además, para asegurarnos la fiabilidad de estas trampas, podemos escribir en la parte superior la fecha de puesta en servicio, ya que el fabricante nos certifica que pueden ser útiles hasta durante tres meses.Indicar que incluye unas pequeñas instrucciones, a modo de prospecto de medicamento, en varios idiomas, incluido el español."
ES,B0DP2T2Q8Z,Mucho Mejor Que Tirar De Aerosol,Reviewed in Spain on 26 August 2023,4,"En casa ya tenemos experiencia con este tipo de trampas, bastante útiles si sabes mas o menos por donde anidan los insectos o tienen sus rutas preferidas en la cocina o el baño. La última remesa que teníamos se agotó, y aunque funcionaron bien, eran engorrosas de manejar y acaba siempre con los dedos pegados. Se imponía cambiar de marca, y es difícil resistirse a una como ""Super Ninja"": al menos se aparta de las variantes mas comunes de ""mata-insectos"".Las trampas tienen su manera de montarse tras retirar el adhesivo, me han parecido mucho menos complicadas que las que venía usando. La esquina de la nevera es ruta de insectos contrastada, así que ahí está colocada. El problema con las cucarachas ha remitido mucho en casa en los últimos meses, pero no por ello pienso confiarme. Después de ver algunas de las fotos de otras reseñas, se que la elección ha sido correcta."
ES,B0DP2T2Q8Z,🕷También vale para arañas,Reviewed in Spain on 6 August 2023,4,"Hace años en otro piso me fueron muy bien este tipo de trampas para controlar alguna cucaracha que quedaba después de fumigar en la finca, de modo que me decidí a adquirir estas para la casa de verano.✅ Vienen 12 unidades en el pack. Su uso es muy sencillo, simplemente plegarla y quitar el plástico protector.✅ Dentro en la base tiene el material adherente para que queden atrapados los bichos y en el centro un poco de cebo para atraerlos.✅ En mi caso parece ser que no había cucarachas pero cayó una arañita, de modo que también vale para atrapar estos bichos tan desagradables.⚠️ Se recomienda renovar las trampas cada 3 meses o cuando esté llena de bichos (espero no verme en esa situación).✅ Buena relación calidad precio."
ES,B0DP2T2Q8Z,FÁCILES DE MONTAR,Reviewed in Spain on 29 July 2023,4,"Son fáciles de montar y funcionan bien.Recomiendo doblar primero el cartón, retirar el protector del adhesivo y terminar de montar.La mejor forma de agradecer el esfuerzo por ayudarte a decidir es dándole a útil en esta reseña, gracias!!"
ES,B0DP2T2Q8Z,Funcionan muy bien,Reviewed in Spain on 17 July 2023,4,"Sólo tienes que coger el truco para abrir las trampas, porque sin cuidado, es fácil que se te pegue la parte arriba con la de abajo, y luego es difícil (imposible) separar. Pero una vez logrado el truco, funcionan súper bien. Ya hemos captada unas cuantas. Material de cartón: me gusta este punto por respetar el medioambiente, pero su desventaja es que se aplasta fin facilidad y se queda enganchada entre los lados. Sería el punto para mejorar. Hasta entonces tener cuidado manejando la trampa."
ES,B0DP2T2Q8Z,Para cazar,Reviewed in Spain on 17 June 2023,4,"De momento si, las acabo de recibir y están puestas."
ES,B0DP2T2Q8Z,Super Ninja 12 trampas ecológicas para cucarachas cumplen su función,Reviewed in Spain on 8 June 2023,4,"Super Ninja 12 trampas ecológicas para cucarachas cumplen su funciónMarca: Super Ninja12 trampas ecológicas para cucaracha, hasta 3 meses de efectividad, fabricadas de cartón, fáciles de instalar  solo es retirar el papel que cubre el pegamento y montar la caja de cartón.Miden 14 cm largo por 8 cm de ancho por 2 cm de alto.Trampas para cucarachas sin químicos nocivos que cumplen su función"
ES,B0DP2T2Q8Z,Ecologicas,Reviewed in Spain on 7 June 2023,4,"Trampas para cucarachas, nos llegan 12 unidades. Las trampas son de carton, se montan en el momento de usarlas con facilidad, retirando antes el papel que proteje el producto que las atrae y las deja pegadas en la trampa.Una vez montada, solo debemos ponerla en la zona donde hemos detectado el insecto. Cuando este llenas o pasados tres meses debemos retirarla y poner una nueva,Son las tipicas trampas de cucarachas pero en un formato ecologico."
ES,B0DP2T2Q8Z,Matan a las cucarachas por inanición ya que se quedan pegadas al suelo de la trampa,Reviewed in Spain on 6 June 2023,4,"El funcionamiento de estas trampas es muy sencillo: Las cucarachas se sienten atraídas por la trampa, entran y se quedan pegadas al suelo. Como no pueden escapar, mueren por inanición.Las trampas vienen plegadas, hay que plegarlas y quedan con la forma de una casita abierta por los extremos y por los lados. Antes de plegarlas hay que quitar la lámina protectora que deja al descubierto el “suelo” adhesivo.Si acercas la nariz, la parte pegajosa tiene un olor un poco raro, supongo que será el tipo de pegamento.En un lado de la trampa hay un espacio para poner la fecha en la que la hemos colocado, sin embargo yo lo he apuntado en el calendario porque en el sitio que coloqué la trampa, es difícil ver la fecha.En casa vemos una o dos cada año, salen cuando empieza a hacer calor. Pusimos una trampa en el cuarto de baño, que es donde aparecen, y este año no hemos visto ninguna… una de las veces que fuimos a mirar, por un lado de la trampa asomaban unas antenas que no se movían... Quitaremos la trampa a finales de agosto.Así que hemos podido comprobar la eficacia de la trampa.Tiene la ventaja de que no es un producto tóxico como los sprays, pero el inconveniente de que ves los restos del bicho muerto.En la caja vienen las instrucciones en castellano.La relación calidad-precio está muy bien.PERONi en la caja ni en las instrucciones se indica la composición del pegamento que atrapa las cucarachas."
ES,B0DP2T2Q8Z,"Cumple perfectamente, muy adhesivo y con producto para atraerlas a la trampa",Reviewed in Spain on 6 June 2023,4,"Dentro de la caja vienen 12 trampas que ""se montan"" (se abren). Dentro hay una zona pegajosa con un producto para atraerlas, y se quedan pegadas en ellas.Son para colocarlas en sitios no visibles, porque evidentemente no quedan bien, pero por ejemplo detrás de la nevera o del lavavajillas cumplen su función."
ES,B0DP2T2Q8Z,Cumple su función,Reviewed in Spain on 28 May 2023,4,Cumple con su cometido funciona bien
ES,B0DP2T2Q8Z,Da prendere,Reviewed in Italy on 1 July 2026,4,Ottimo prodotto
ES,B0DP2T2Q8Z,Molto pratiche ed economiche,Reviewed in Italy on 25 June 2026,4,Ottimo acquisto.  Pratiche da utilizzare vicino all ingresso di casa basta posizionarla ogni sera e eliminarla al mattino con le sue vittime altrimenti attira anche altri animaletti come lucertole
ES,B0DP2T2Q8Z,Super ninja,Reviewed in Italy on 20 June 2026,4,Qualità prezzo buoni.
ES,B0DP2T2Q8Z,Exactly what I thought I was buying good value,Reviewed in the United Kingdom on 16 June 2026,4,Arrived soon after ordering
ES,B0DP2T2Q8Z,Funzionali,Reviewed in Italy on 16 June 2026,4,"Avevo già acquistato in passato queste trappole e mi sono trovata benissimo.Purtroppo con il secondo arrivo ho notato che l'aggancio per chiuderle è stato cambiato ed è effettivamente più difficoltoso farle tenere chiuse, in quanto la chiusura non si blocca in maniera efficacie e tende a riaprirsi non appena si tocca la trappola."
ES,B0DP2T2Q8Z,Valido aiuto nel debellare le blatte,Reviewed in Italy on 11 June 2026,4,"Le casette sono fatte di cartone, non adatte ad ambienti umidi. Prodotto valido nel controllo delle blatte."
ES,B0DP2T2Q8Z,Blatte,Reviewed in Italy on 11 June 2026,4,Buon prodotto
ES,B0DP2T2Q8Z,"Ottime, sicure e senza odori chimici in giro",Reviewed in Italy on 7 June 2026,4,"Dopo aver notato qualche scarafaggio in casa, sono andata nel panico e volevo una soluzione immediata che non coinvolgesse veleni spray che invadono l'aria di casa. Queste trappole Super Ninja sono state un ottimo acquisto.Il fatto che siano ""non tossiche"" è stata la mia priorità assoluta per motivi di igiene e sicurezza. Si montano in pochi secondi e sono molto compatte. Le ho posizionate negli angoli più nascosti della cucina e della dispensa, e devo dire che il design è molto pulito. Si vede che la colla è di buona qualità perché, una volta che l'insetto entra, non scappa più. Sono un ottimo strumento per monitorare il problema e risolverlo senza sporcare ovunque. Rapporto qualità-prezzo eccellente per 12 pezzi. Un acquisto di cui sono molto soddisfatta."
ES,B0DP2T2Q8Z,Funziona,Reviewed in Italy on 5 June 2026,4,"Molto funzionale soprattutto con gli scarafaggi neri, quelli grandi. Quelli piccoli (dorati per capirci) non ne vengono attratti. Consigliato"
ES,B0DP2T2Q8Z,Piccole ma OTTIME,Reviewed in Italy on 1 June 2026,4,Sono un po' piccole rispetto ad altri 2 tipi che ho preso ma comunque efficaci e ben fatte! Venditore molto serio affidabile e disponibile!!!
ES,B0DP2T2Q8Z,Molto carino,Reviewed in Italy on 24 May 2026,4,Si adatta bene a qualsiasi tipo di porta
ES,B0DP2T2Q8Z,Ottimo,Reviewed in Italy on 12 May 2026,4,"Adesivo molto forte, chiusura da ""aiutare"" con un punto di cucitrice.Consiglio"
ES,B0DP2T2Q8Z,Buon prodotto,Reviewed in Italy on 3 May 2026,4,Buon prodotto efficace
ES,B0DP2T2Q8Z,Discreto,Reviewed in Italy on 25 April 2026,4,Un buon prodotto per quanto mi riguarda
ES,B0DP2T2Q8Z,Buon prodotto,Reviewed in Italy on 20 April 2026,4,Buon prodotto
ES,B0DP2T2Q8Z,👍,Reviewed in Germany on 28 March 2026,4,Top
ES,B0DP2T2Q8Z,Buona,Reviewed in Italy on 27 March 2026,4,Buona
ES,B0DP2T2Q8Z,Consigliato,Reviewed in Italy on 14 March 2026,4,Buon prodotto
ES,B0DP2T2Q8Z,Tutto ok,Reviewed in Italy on 19 February 2026,4,Funziona
ES,B0DP2T2Q8Z,Il funzionamento,Reviewed in Italy on 18 February 2026,4,"Sto provando il prodotto, sicuramente ottimo come tutti  i prodotti di Amazon"
ES,B0DP2T2Q8Z,Kann ich leider nicht beurteilen,Reviewed in Germany on 18 February 2026,4,Also ob sie funktionieren kann ich gar nicht sagen.Es ist keine in der Falle.Und gesehen haben wir seitdem auch keine mehr.Sie riechen etwas unangenehm ...
ES,B0DP2T2Q8Z,Macht was es soll,Reviewed in Germany on 9 February 2026,4,Macht was es soll. Mit Lockstoff. Sehr hilfreich.
ES,B0DP2T2Q8Z,Great product,Reviewed in Italy on 7 February 2026,4,Easy to assemble and very sticky
ES,B0DP2T2Q8Z,Ottime!,Reviewed in Italy on 5 February 2026,4,"Purtroppo i miei vicini si sono ritrovati con le blatte in casa...Presa dal panico ho acquistato le trappoline super ninja.Semplicissime da installare ed in quantità più che sufficiente per coprire tutte le zone sospette mi hanno permesso di tornare a fare sonni tranquilli.Do 4 stelle solo perché ho trovato solo un paio di insettini che nulla avevano a che fare con le blatte. Trattandosi di animali più piccoli non so esattamente come avrebbero lavorato con gli scarafaggi vero e proprio ma, per quello che ho potuto vedere, perfette!"
ES,B0DP2T2Q8Z,BJ,Reviewed in the United Kingdom on 1 February 2026,4,Great Product
ES,B0DP2T2Q8Z,Affidabilità e aspettative,Reviewed in Italy on 30 January 2026,4,Articolo affidabile e funzionale
ES,B0DP2T2Q8Z,Da rivedere,Reviewed in Italy on 19 January 2026,4,"Scrivo questa recensione dopo un periodo di utilizzo di un mese. Il prodotto all'apparenza risulta minimale, giusto una dozzina di cartoncini da allestire. L'adesivo è molto forte, ma il montaggio della trappola risulta difficile perché il cartoncino è difficile da piegare senza toccare l'adesivo e  l'incastro di chiusura non sempre tiene. Risultato? Su 12 cartoni, solo su uno ho trovato giusto un povero ragnetto, quindi i casi sono due: o casa mia era già pulita, oppure queste trappole valgono poco.AGGIORNAMENTO: il produttore si è offerto di rimborsarmi. Non accetterò il rimborso perchè, come ho detto, potrebbe anche essere che casa mia non abbia particolari criticità di presenze indesiderate, ma devo ammettere che è raro trovare un produttore serio e attento al cliente"
ES,B0DP2T2Q8Z,Kakerlaken Fall,Reviewed in Germany on 21 December 2025,4,Es hat ganz gut funktioniert
ES,B0DP2T2Q8Z,Ça va,Reviewed in Belgium on 17 December 2025,4,Ça va
ES,B0DP2T2Q8Z,Worth buying,Reviewed in the United Kingdom on 15 December 2025,4,Once on they can’t get off the sticky pad
ES,B0DP2T2Q8Z,"Posizionate da poco, nessuna cattura finora",Reviewed in Italy on 7 December 2025,4,"Ho acquistato queste trappole per prevenzione, posizionandole in cucina, bagno e cantina nelle zone più nascoste come suggerito nelle istruzioni.Dopo due settimane non hanno ancora catturato nulla, ma questo potrebbe significare semplicemente che non ho un'infestazione attiva - quindi è difficile valutarne l'efficacia reale. Le trappole sembrano ben fatte: la colla è appiccicosa e l'attrattivo ha un odore percettibile. Il cartone riciclato è un plus per chi cerca prodotti più sostenibili.Apprezzo che siano non tossiche e sicure in casa. La confezione da 12 pezzi permette di coprire diversi ambienti."
ES,B0DP2T2Q8Z,.,Reviewed in France on 21 November 2025,4,Efficace
ES,B0DP2T2Q8Z,Complete eradication.,Reviewed in the United Kingdom on 29 October 2025,4,Done the trick within 2 weeks.
ES,B0DP2T2Q8Z,Efficace.,Reviewed in France on 28 October 2025,4,Selon ma voisine ces pièges marchent bien.Heureusement les cafards ont déserté mon domicile.
ES,B0DP2T2Q8Z,Évaluation,Reviewed in France on 27 October 2025,4,Bien
ES,B0DP2T2Q8Z,Funziona,Reviewed in Italy on 25 October 2025,4,"Ho fatto fare la disinfestazione da una ditta ( abito in un condominio vecchio) e mi hanno consigliato le trappole per il monitoraggio, applicate ieri in 3 punti diversi,oggi in una ci ho trovato la blatella piccola e una cimice, le trappole non rimangono chiuse quindi ho applicato lo scotch, vedremo nei prossimi giorni."
ES,B0DP2T2Q8Z,Funziona,Reviewed in Italy on 23 October 2025,4,Risolto il problema
ES,B0DP2T2Q8Z,Tierfalle,Reviewed in Germany on 21 October 2025,4,Ist super leicht aufzubauen wenn man das Prinzip verstanden hat.  Zuverlässig und gut . Ist wie beschrieben.  Nur halt die Aufbaus Anleitung ist etwas gewöhnungsbedürftig . Sonst top .
ES,B0DP2T2Q8Z,Produkt,Reviewed in Germany on 15 October 2025,4,Tak produkt spełniły moje oczekiwania
ES,B0DP2T2Q8Z,Nulle,Reviewed in France on 13 October 2025,4,Après plusieurs semaines d'essai. Aucune prise alors que nous voyons les blattes se promener. Mais remboursement du produit par le vendeur.
ES,B0DP2T2Q8Z,Fangen geht gut,Reviewed in Germany on 5 October 2025,4,Fangen geht gut
ES,B0DP2T2Q8Z,Good product,Reviewed in the United Kingdom on 1 October 2025,4,Very good apart from it won't close
ES,B0DP2T2Q8Z,Molto soddisfatta!,Reviewed in Italy on 22 September 2025,4,"Ho ordinato questo articolo per eliminare dalla cucina i pesci d argento. E devo dire che sono rimasta molto soddisfatta. Ne sono rimasti appiccicati tantissimi. Avevo ordinato anche lo stesso prodotto ,ma di un altra marca ed ero rimasta molto delusa.Ma le super ninja sono veramente valide e le posso solo consigliare!"
ES,B0DP2T2Q8Z,Works,Reviewed in the United Kingdom on 17 September 2025,4,Works well! Place in areas with most roach activity.
ES,B0DP2T2Q8Z,Preis OK,Reviewed in Germany on 16 September 2025,4,"Gefällt mir ganz gut. Lässt sich leicht aufbauen. Ob Ungeziefer in die Falle tappen, kann ich noch nicht sagen."
ES,B0DP2T2Q8Z,Schaben Falle,Reviewed in Germany on 13 September 2025,4,MoinZieht die Schaben gut an und die kleben auch fest nur leben sie bis sie tot sind noch Tage angeklebt weiter  ..
ES,B0DP2T2Q8Z,Facile à utiliser,Reviewed in France on 13 September 2025,4,J'attrape de petits insectes ce qui me rassure sur l'efficacité
ES,B0DP2T2Q8Z,Does the job,Reviewed in the United Kingdom on 10 September 2025,4,Does the job. They are attracted to the red line that’s inside the trap and get stuck on the sticky tap. Easy to set up. 👍
ES,B0DP2T2Q8Z,Tutto bn,Reviewed in Italy on 7 September 2025,4,TUTTO bn
ES,B0DP2T2Q8Z,Good,Reviewed in the United Kingdom on 6 September 2025,4,"It’s good. The closer is not great as it doesn’t hold but a bit of tape, does the trick.The sticky bit could be more on the inside rather than just on one section to enhance capture!Caught around 15 inone trap already."
ES,B0DP2T2Q8Z,Trappola non efficace,Reviewed in Italy on 5 September 2025,4,Nel mio caso la trappola per blatte non è efficace ovvero non funziona
ES,B0DP2T2Q8Z,Blatte,Reviewed in Italy on 5 September 2025,4,Ottimo prezzo spero facciano bene il loro lavoro
ES,B0DP2T2Q8Z,Ottimo,Reviewed in Italy on 20 August 2025,4,Ottimo gli scarafaggi sia piccoli che grandi ci vanno e rimangono attaccati
ES,B0DP2T2Q8Z,War eine gute Entscheidung,Reviewed in Germany on 17 August 2025,4,Einfaches Zusammenfügen -wichtig für Bastellegastheniker. Kein Extra Futterzubehör notwendig.
ES,B0DP2T2Q8Z,Soddisfatto,Reviewed in Italy on 13 August 2025,4,Soddisfatto...fa il suo dovere
ES,B0DP2T2Q8Z,Works well as a monitoring tool,Reviewed in the United Kingdom on 8 August 2025,4,"Good as a monitoring device, but don’t expect to use this as an eradication tool! This was simply a monitoring tool to see if there were any bugs around, and did do the job after leaving it overnight!"
ES,B0DP2T2Q8Z,Gute Falle,Reviewed in Germany on 5 August 2025,4,Der Artikel ist sehr gut.
ES,B0DP2T2Q8Z,Pensavo attirassero di più i grilli. Comunque stanno funzionando discretamente,Reviewed in Italy on 26 July 2025,4,Non perfette ma comunque utili.
ES,B0DP2T2Q8Z,"facile da usare, non tossica e poco invasiva",Reviewed in Italy on 18 July 2025,4,E' una trappola per insetti ecologica ed efficace
ES,B0DP2T2Q8Z,Funziona,Reviewed in Italy on 14 July 2025,4,Ottimo prodotto
ES,B0DP2T2Q8Z,trappole blatte,Reviewed in Italy on 2 July 2025,4,giuste dimensioni delle trappole che ci aiutano a debellare queste blatte
ES,B0DP2T2Q8Z,Not bad,Reviewed in the United Kingdom on 21 June 2025,4,Not bad 4 off 5
ES,B0DP2T2Q8Z,Attention quand on passe l'aspirateur,Reviewed in France on 3 June 2025,4,Produit satisfait
ES,B0DP2T2Q8Z,They work,Reviewed in France on 7 April 2025,4,No chemical smell unobtrusive leave in dark places
ES,B0DP2T2Q8Z,Super,Reviewed in Germany on 17 March 2025,4,Schnell angekommen
ES,B0DP2T2Q8Z,Works!!!!,Reviewed in the United Kingdom on 16 March 2025,4,It worksI found many cockroaches caught
ES,B0DP2T2Q8Z,They work but are cheap,Reviewed in the United States on 22 January 2025,4,They're a little difficult to assemble but nothing too complicated once you get it. They work. But I'm giving it 4 stars because they should cost half the money and it'd still be overpriced.
ES,B0DP2T2Q8Z,Easy setup,Reviewed in the United States on 12 January 2025,4,Easy to setupNo odorEasily hiddenExtremely stickyQuick and easy to dispose.
ES,B0DP2T2Q8Z,Good traps,Reviewed in the United States on 11 January 2025,4,"Already catching bugs after being out for a couple nights.  Catching way more than roaches for sure.  Setting up along walls and near door entrances have yielded the best results.  Easy to setup and use, and super sticky.  Note that I think these are overpriced at the time of this writing, which is $49 for 60 traps.  therefore I reduced a star as I think there are other cheaper alternatives out there."
ES,B0DP2T2Q8Z,Small trap,Reviewed in the United States on 8 January 2025,4,"Although these are much smaller than the normal variety, there's alot of them-60!These are baited already.They don't close completely. Set out the first night and they work."
ES,B0DP2T2Q8Z,ok,Reviewed in France on 31 December 2024,4,conforme a la description
ES,B0DP2T2Q8Z,Tut was es soll.,Reviewed in Germany on 25 December 2024,4,"Hatte ein vorübergehendes Schabenproblem & habe die Biester in diesen Fallen gefangen! Funktioniert aber nur wenn man weiß welche ""Wege"" die Schaben in der Nacht nehmen & dort die Fallen plaziert. Irgendwo im Raum einfach aufstellen bringt kein Resultat, in meiner Erfahrung."
ES,B0DP2T2Q8Z,Buon prodotto!,Reviewed in Italy on 5 December 2024,4,Efficienti!
ES,B0DP2T2Q8Z,buono,Reviewed in Italy on 22 November 2024,4,"buon prodotto,fa il suo dovere  nonostante le apparenze."
ES,B0DP2T2Q8Z,Que atrapa cucarachas,Reviewed in Spain on 1 July 2026,5,Funciona
ES,B0DP2T2Q8Z,Fáciles de montar,Reviewed in Spain on 4 June 2026,5,Fáciles de montar . Ahora solo queda ver que funcionen
ES,B0DP2T2Q8Z,Eficientes,Reviewed in Spain on 21 May 2026,5,Corresponde ao anúncio.  Fáceis de montar. Eficientes . Satisfazem.
ES,B0DP2T2Q8Z,Funciona super,Reviewed in Spain on 24 May 2026,5,Funciona muy bien
ES,B0DP2T2Q8Z,Cumplen muy bien con su funcion.,Reviewed in Spain on 16 May 2026,5,Son muy buenas y cumplen con su funcion.
ES,B0DP2T2Q8Z,Funciona muy bien,Reviewed in Spain on 15 April 2026,5,Todo perfecto y vendedor muy disponible
ES,B0DP2T2Q8Z,Ya he repetido la compra,Reviewed in Spain on 11 April 2026,5,Bien
ES,B0DP2T2Q8Z,Eficaz y apta si tienes mascotas/niños o próximas a alimentos,Reviewed in Spain on 15 September 2023,5,"Estamos de alquiler y tuvimos la sorpresa de que empezaron a aparecer cucarachas. Lo bueno de este tipo de trampa es que no es tóxica. Esto te permite colocarla en cualquier sitio tanto si tienes mascota como en la despensa con comida (mucho cuidado porque otras trampas con cebo no se pueden colocar en la despensa). El tamaño es perfecto porque caben en la trampa pequeñas y grandes. Hay que saber colocarlas en zonas donde puedan pasar (bordes paredes o despensa de baño y cocina). Han caído en la trampa, cuidado porque se quedan pegadas pero siguen vivas... lo ideal es complementarlo con cebos debajo de nevera, lavadora, lavavajillas (puntos calientes), en nuestro caso añadimos también repelentes ultrasónicos y Cucal barrera en la ventanas y respiraderos por si acaso, además de tapas en los desagües de ducha y cocina mientras las liquidamos. De esta manera se hace un control integral. La trampa indica que debe cambiarse: cuando se llena o a los 3 meses ya que la sustancia atrayente debe de dejar de hacer efecto."
ES,B0DP2T2Q8Z,Voltarei a comprar,Reviewed in Spain on 6 March 2026,5,Preço otimo para o produto que é eficaz
ES,B0DP2T2Q8Z,muy bueno,Reviewed in Spain on 6 March 2026,5,muy bueno
ES,B0DP2T2Q8Z,Producto útil,Reviewed in Spain on 18 February 2026,5,Producto práctico
ES,B0DP2T2Q8Z,Hacen su función,Reviewed in Spain on 31 January 2026,5,"Efectivas, atrapan cualquier insecto rastrero"
ES,B0DP2T2Q8Z,Rápido en entrega,Reviewed in Spain on 5 February 2026,5,Bien
ES,B0DP2T2Q8Z,Súper efectivo.,Reviewed in Spain on 28 December 2025,5,No hace olores y es muy efectivo.
ES,B0DP2T2Q8Z,Se quedan pegadas pero no se mueren,Reviewed in Spain on 5 December 2025,5,Cumple con su 'misión ' se quedan pegadas pero no se mueren
ES,B0DP2T2Q8Z,Trampa super ninja,Reviewed in Spain on 31 October 2025,5,Son efectivoas y puedes comprobar si los tratamientos que haces dan resultados si las trampas están vacias
ES,B0DP2T2Q8Z,Muy buenas.,Reviewed in Spain on 23 September 2025,5,"Son las únicas trampas que me han funcionado. Si las colocas estratégicamente por donde entran las cucarachas, de ahí no pasan."
ES,B0DP2T2Q8Z,No daña mis mascotas,Reviewed in Spain on 11 December 2025,5,Funciona 100%
ES,B0DP2T2Q8Z,OK,Reviewed in Spain on 28 November 2025,5,Muy efectivo.
ES,B0DP2T2Q8Z,Parece bom,Reviewed in Spain on 25 September 2025,5,Dentro do tempo. Agora e tempo de testar se cumpre o que promete
ES,B0DP2T2Q8Z,La eficacia,Reviewed in Spain on 4 November 2025,5,Buen producto y eficaz
ES,B0DP2T2Q8Z,Trampa de insectos,Reviewed in Spain on 5 September 2025,5,Al día siguiente de ponerlo ya pillo bichos así que es perfecto
ES,B0DP2T2Q8Z,Genial,Reviewed in Spain on 26 October 2025,5,Estupendo atrapa muchísimas
ES,B0DP2T2Q8Z,Efectivo,Reviewed in Spain on 23 October 2025,5,Han ido fenomenal.
ES,B0DP2T2Q8Z,eficiente,Reviewed in Spain on 21 July 2024,5,"Bastante bueno, el problema es que cuando esta cargado el ambiente, caen muchas, pero conforme disminuye, si no pasan por ahí, siguen estando, eso sí, a un nivel más bajo.Cambios constantes y recurrentes, pero se ve efectividad.pero no se si conseguiré eliminarla solo con eso, o control de la invasión, si dejo de ponerlas, volverán, no se termina nunca?"
ES,B0DP2T2Q8Z,Atrapa algo,Reviewed in Spain on 24 October 2025,5,Funciona
ES,B0DP2T2Q8Z,Muy recomendable,Reviewed in Spain on 21 May 2025,5,Cumple y lo genial es que no son toxicos .Se pueden usar tanto por prevención como para combatir alguna plaga
ES,B0DP2T2Q8Z,Cómodo,Reviewed in Spain on 6 October 2025,5,Perfecto
ES,B0DP2T2Q8Z,Trampas cucarachas,Reviewed in Spain on 10 July 2025,5,"Bien perfectas ,tamaño bastante grande ,esperemos que cumpla con su cometido"
ES,B0DP2T2Q8Z,cumplen su funcion,Reviewed in Spain on 13 September 2025,5,funcionan bien
ES,B0DP2T2Q8Z,Fuera bichos jajaja,Reviewed in Spain on 26 July 2025,5,Jejeje a tomar por .... Esos bichos jajaja
ES,B0DP2T2Q8Z,Pratico,Reviewed in Spain on 25 July 2025,5,Sin veneno y muy pratico
ES,B0DP2T2Q8Z,Muy bien para cucarachas,Reviewed in Spain on 15 August 2025,5,werkt uitstekend
ES,B0DP2T2Q8Z,Se quedan pegadas,Reviewed in Spain on 29 June 2025,5,Se quedan pegadas
ES,B0DP2T2Q8Z,Funciona perfectamente,Reviewed in Spain on 2 February 2024,5,"Entró una cuca en casa y se escapó en un hueco de la pared, pudimos la trampa ahí delante y a los 20 minutos nos la encontramos pegada en la trampa, menos mal que funcionan porque si no la atrapaba seguro que dejaba huevos y ahora ya estaría compartiendo piso con ellas. Recomiendo estas trampas 100%"
ES,B0DP2T2Q8Z,trampas  superninja,Reviewed in Spain on 25 June 2025,5,Efectiva quedan atrapadas
ES,B0DP2T2Q8Z,Efectivo.,Reviewed in Spain on 10 April 2025,5,Cumple perfectamente con su finalidad.
ES,B0DP2T2Q8Z,Buen producto,Reviewed in Spain on 6 April 2025,5,Llego a tiempo
ES,B0DP2T2Q8Z,Mejor de lo que esperaba,Reviewed in Spain on 5 April 2025,5,Funcionan perfectamente
ES,B0DP2T2Q8Z,FUNCIONA,Reviewed in Spain on 29 July 2024,5,"Si lo pones en los sitios adecuados, cerca de las paredes, baño, debajo de electrodomésticos, funciona. Se quedan pegadas."
ES,B0DP2T2Q8Z,Efectivas,Reviewed in Spain on 29 July 2023,5,"He tenido un problema con las cuquis, y aunque no impiden que salgan, obviamente son trampas, sí que han quedado varías atrapadas.Te permite controlar si han salido, y matarlas.Son muy fáciles de montar y se ponen en cualquier sitio.Satisfecho."
ES,B0DP2T2Q8Z,Super bien,Reviewed in Spain on 18 May 2024,5,"Pegan muchísimo y caen en la trampa, son muy efectivas comer.otras marcas mas baratas pero no pegan ni la.mitad que estas"
ES,B0DP2T2Q8Z,Muy resultado,Reviewed in Spain on 1 November 2024,5,Perfecto muy efectivo
ES,B0DP2T2Q8Z,Muy eficaz,Reviewed in Spain on 7 July 2024,5,Es estupendo cumple totalmente su cometido.totalmente recomendable
ES,B0DP2T2Q8Z,Efectivas,Reviewed in Spain on 25 August 2024,5,Muy efectivas
ES,B0DP2T2Q8Z,Efectivo,Reviewed in Spain on 1 June 2024,5,No he vuelto a ver cucarachas
ES,B0DP2T2Q8Z,Buen resultado,Reviewed in Spain on 16 August 2024,5,Buen resultado
ES,B0DP2T2Q8Z,No sé ve nada ni huele la,Reviewed in Spain on 26 July 2024,5,Muy buenas
ES,B0DP2T2Q8Z,la simplicidad del producto,Reviewed in Spain on 26 February 2024,5,El producto es super facil de aplicar y muy intuitibo
ES,B0DP2T2Q8Z,Muy eficaces!!,Reviewed in Spain on 5 June 2024,5,Funcionan muy bien
ES,B0DP2T2Q8Z,Funciona,Reviewed in Spain on 12 May 2024,5,Funciona muy bien.
ES,B0DP2T2Q8Z,Practico y eficaz,Reviewed in Spain on 24 June 2023,5,"Va estupendo,  preparas trampa,  colocas y al cabo de unos días ves el resultado."
ES,B0DP2T2Q8Z,Efecte inmediat,Reviewed in Spain on 19 July 2023,5,Al dia seguent ja vaig veure que habia funcionat molt be. Recomano la compra.
ES,B0DP2T2Q8Z,Limpio,Reviewed in Spain on 3 July 2023,5,"Sencillo, limpio i ves como van cayendo"
ES,B0DP2T2Q8Z,Eficaz,Reviewed in Spain on 14 August 2023,5,Buena trampa para atrapar cucarachas.
ES,B0DP2T2Q8Z,cumple su función.,Reviewed in Spain on 26 June 2023,5,muy buen producto y fácil de usar.
ES,B0DP2T2Q8Z,MUY EFICIENTE,Reviewed in Spain on 9 June 2023,5,Cumple su función con un sobresaliente
ES,B0DP2T2Q8Z,Atrapa cucarachas,Reviewed in Spain on 1 April 2026,5,Es super eficar y bueno se atrapan rapido
ES,B0DP2T2Q8Z,"Efectivas, no toxicas, econômicas, ecológicas.",Reviewed in Spain on 29 June 2023,5,
ES,B0DP2T2Q8Z,EFICACES Y MUY FÁCILES DE USAR,Reviewed in Spain on 5 July 2023,5,
ES,B0DP2T2Q8Z,Trampas de pegamento con olor que atrae a las cucarachas. Me gusta.,Reviewed in Spain on 7 June 2023,5,
ES,B0DP2T2Q8Z,"Eficaces, que es lo importante",Reviewed in Spain on 7 June 2023,5,"Recientemente he utilizado las trampas para cucarachas de Super Ninja y me gustaría compartir mi experiencia con este producto.Empezando por las características positivas, debo decir que estas trampas son altamente efectivas para atrapar cucarachas. Han sido diseñadas de manera inteligente con un cebo irresistible que atrae a las cucarachas y las atrapa de forma segura. La eficacia de estas trampas es notable, ya que una vez colocadas, comienzan a capturar cucarachas de inmediato y pueden mantenerse activas durante hasta 3 meses por trampa. Esto significa que no es necesario reemplazarlas con frecuencia y proporcionan una solución duradera para el problema de las cucarachas.Otra ventaja de estas trampas es su naturaleza ecológica. Están fabricadas con materiales no tóxicos y no contienen productos químicos dañinos, lo que las hace seguras para utilizar en entornos domésticos. Esto es especialmente importante si tienes niños o mascotas en casa y deseas una solución de control de plagas que no represente un riesgo para su salud.En cuanto a las características negativas, hay que tener en cuenta que estas trampas son efectivas para atrapar cucarachas, pero no eliminan la fuente del problema. Si tienes una infestación de cucarachas, es posible que necesites combinar estas trampas con otras medidas de control de plagas, como la limpieza exhaustiva y la eliminación de posibles fuentes de alimentos y agua para las cucarachas. Además, es importante recordar que las trampas solo capturan las cucarachas que entran en contacto con ellas, por lo que es posible que algunas cucarachas eviten las trampas.En resumen, las trampas para cucarachas de Super Ninja son una opción efectiva y ecológica para el control de plagas de cucarachas. Son fáciles de usar, altamente efectivas y pueden durar hasta 3 meses por trampa. Sin embargo, es importante combinarlas con otras medidas de control de plagas y recordar que solo capturan las cucarachas que entran en contacto con ellas. En general, recomendaría estas trampas como parte de un enfoque integral para el control de cucarachas en el hogar."
ES,B0DP2T2Q8Z,"EL CEBO ES MUY EFICAZ, IRRESISTIBLE PARA LAS CUCARACHAS",Reviewed in Spain on 18 June 2023,5,"Pack o juego de 12 trampas para cucarachas, fabricadas en cartón reciclado que debemos montar antes de su uso. No son muy grandes, una vez montadas son de 8x13cm.Son trampas de tipo adhesivo, inocuas, no llevan veneno por lo que son adecuadas en casas con mascotas curiosas, aunque es conveniente ponerlas donde no puedan meter su nariz.No son exactamente inodoras, si acercamos un poco la nariz son muy aromáticas, con un intenso olor a chuches de fresas, muy conseguido, y que por los resultados obtenidos parece ser que es irresistible para las cucarachas.Las he puesto en zonas de la casa por las que sé que andan y han caido en el mismo día unas cuantas.El pegamento es pegajoso y trae una buena cantidad, pero no va a garantizar que todas queden atrapadas, si la gran mayoría. Se quedan luchando durante días y no pueden liberarse, aunque algunas prefieren perder algunas patas.Las trampas no son muy grandes, pesan poco, hasta el punto de que las mueven de sitio con relativa facilidad, y las tengo que volver a colocar.El inconveniente de este tipo de trampas, es que una vez caigan dos o tres cucarachas, no las podemos despegar con facilidad, y tenemos que decidir si tiramos ya la trampa o no. Si la dejamos es fácil que las hormigas se peguen un festín, y cuando volvemos a mirar nos encontremos con un cascarón vacio o trozos de cucaracha por todos lados.También es fácil que alguna araña quiera aprovechar la ocasión y se una a la dieta de las hormigas, que andan con toda tranquilidad por encima del pegamento como Pedro por su casa.Las trampas son eficaces y funcionan muy bien, además con un buen precio.Auténticas trampas Ninjaaaaaaaa, infalibles."
ES,B0DP2T2Q8Z,Extermina las cucarachas inmediatamente,Reviewed in Spain on 4 May 2025,5,Muy buen resultado las trampas para cucarachas
ES,B0DP2T2Q8Z,Gran poder de atracción.,Reviewed in Spain on 7 June 2023,5,"He adquirido estas trampas para cucarachas fabricadas en la Unión Europea por la marca Super Ninja. Se trata de un producto presente en el catálogo de amazon desde diciembre 2022 y muestra un precio en el momento de hacer la reseña de 14,99€, el cual ha sido tenido en cuenta a la hora de realizar la valoración final.📦 Contenido paquete. El producto llega en una caja de cartón sin precintar. A la hora de desembalarlo nos encontramos con:✔️ 12 trampas para cucarachas plegadas que deberemos montar previamente para dejarlas totalmente operativas.📐 Dimensiones una vez montadas:[Longitud: 135 mm]❎[Anchura: 80 mm]❎[Altura: 20 mm]. Tienen un peso ⚖️ de 11 gramos y es que están fabricadas en cartón reciclado. Por tanto, un tamaño compacto que cabe debajo de cualquier mueble.✅ Las trampas son totalmente inoloras (a no ser que te las pegues a la nariz) y se montan en un periquete. Tan solo tenemos que preocuparnos de quitarle la película que recubre el pegamento en el que se ha incorporado el cebo, el cual resulta de lo más eficaz ya que cuenta con un gran poder de atracción. Una vez que la cucaracha entra ya no tiene capacidad de escapar ya que el adhesivo es extremadamente potente. Mi mujer tiene realmente pánico a las cucarachas y es que se pone histérica cuando se cruza con alguna por lo que estas trampas me han venido de perlas. Recomendable.®️ Espero que las ⬇️ fotos 📸 y/o ⬇️ comentarios 📝 os hayan sido 👍⬇️ útiles 👀❕. Un Saludo ❕ 🤟"
ES,B0DP2T2Q8Z,Funcionan bien y no son tóxicas,Reviewed in Spain on 31 August 2023,5,"Es un conjunto de 12 trampas para cucarachas en forma de láminas de cartón, que llevan una zona adhesiva en el interior, y una línea roja que entiendo que es el cebo, esta zona viene protegida por una lámina que hay que quitar antes de montarla en forma de caja.El montaje es sencillo hay que doblarla por las zonas marcadas, además tiene el dibujo con los pasos en la parte inferior para seguir el proceso fácilmente, hay que hacerlo con cuidado que no se toquen las partes que tienen pegamento porque si se unen ya no hay manera de separarlo sin romperlo.Indican que no huele, pero si las pones en un espacio pequeño como un aseo si que se nota el olor, aunque es un olor que me ha recordado al regaliz, no es para nada desagradable, incluso perfuma así que ningún problema.Me parecen una buena opción si tienes animales en casa y no quieres que corran peligro por usar productos tóxicos.Si te ha sido útil mi reseña indícamelo. Muchas gracias por leerme. 👍😉"
ES,B0DP2T2Q8Z,🪳🪳Atrapa kukys!! 🪳🪳,Reviewed in Spain on 25 June 2023,5,"Producto diseñado para atrapar cucarachas.Las cajas vienen en un color marrón aunque me gustaría que fuera blanco así si hay algunas cucarachas que se queda atrapada siempre sería mejor su visualización.También indicar que las cajas para tapar las cucarachas  🪳 son bastante grandes están diseñadas más bien para dejarlas por detrás de los lavabos y por debajo de fregaderos.También para sitios donde haya una infestación ya que tiene una gran capacidad.Actualmente los opuestos en mi casa y no se ha atrapado a ninguna cucaracha por el momento espero que no atrape ninguna pero si es así subiré alguna foto.El pegamento he podido comprobar que es bastante denso y atrapa bien así que su función lo hace perfectamente, ya que al poner el dedo se cogía bastante bien.Un producto es como estos siempre viene bien para tenerlo en casa.Totalmente recomendable el funcionamiento y el montaje de la caja es bastante intuitivo y rápido.Aun así viene con un mini libro de instrucciones en distintos idiomas."
ES,B0DP2T2Q8Z,¡¡Bye Bye Cucachas!!,Reviewed in Spain on 28 August 2023,5,"🌵Trampas para cucarachas de la marca Super Ninja🌵✅Características◾Pack de 12◾Libre de veneno y biocidas, solo adhesivo◾Fabricados con cartón◾Duración máxima una vez puestos: 3 meses◾Apto para todo tipo de animales rastreros◾Se puede colocar en cualquier sitio✅Mi opinión personalLo bueno que tiene estas trampas, es que se pueden poner en cualquier sitio, porque como no tienen veneno, se podría decir que es algo seguro. Lo único que tienen, es pegamento.No podría decir si es efectivo o no, ya que puse tres trampas hace 4 días, y todavía no he pescado nada, así que no sé si el pegamento es fuerte o no.Pero si puedo decir que el montaje es facilón y puedes hacerte hasta una mega trampa gigante por si tienes algún sitio con mucho tráfico de cucarachas.😀Gracias por leerme😀"
ES,B0DP2T2Q8Z,Efectivas.,Reviewed in Spain on 11 June 2023,5,"Vienen plegadas y presentadas en el interior de una cajita. Para comenzar a usarlas simplemente hay levantar las entradas laterales, quitar la lamina de papel que protege el adhesivo donde quedan atrapadas las cucarachas y encajar la parte superior de la trampa.He puesto algunas de ellas en casa, ya que el otro día vi a una entrando por el hueco de debajo de la puerta y he conseguido atrapar dos, por lo que me parece efectiva. Además de un método que ayuda a eliminar las cucarachas, me parece una buena opción preventiva, ya que sus 3 meses de efectividad nos permitirá ser conscientes su presencia, en el caso de que entren."
ES,B0DP2T2Q8Z,Se quedan bien pegadas,Reviewed in Spain on 20 June 2023,5,"Son unas trampas de cucarachas que vienen presentadas en una caja de cartón, están desmontadas y debes de montarlas en casa, eso es normal ya que son trampas con pegamento, no tienen un tamaño muy grande, pero se quedan pegadas las cucarachas, si son gordas no van a atrapar gran cantidad, porque el habitáculo es pequeño, pero lo bueno que tienen es que no se escapan y lo malo que tienen es que si te dan mucho asco, se ven perfectamente pegadas y atrapadas, pero bueno si por lo menos mueren, no lo veo mal, caer caen y pegarse se pegan, el precio lo veo un poco elevado, por lo que hay en el mercado de productos similares, pero sí funcionan."
ES,B0DP2T2Q8Z,Trampas eficaces con gran poder de atracción,Reviewed in Spain on 29 June 2023,5,"Cumplen totalmente con el cometido que anuncia el vendedor, tenemos un kit de 12 trampas que serán ideales para colocarlas por lugares escondidos por donde suelen circular las cucarachas.Tienen un pegamento y un pequeño aroma que atraen a las cucarachas hacia la trampa, una vez que pasan por allí se quedan pegadas y mueren tras intentar huir.Como siempre, el inconveniente de este tipo de soluciones, es que una vez que se quedan ya varias pegadas pues te toca tirar la trampa, pero bueno, en el kit nos vienen 12 y además salen a muy buen precio. Recomendadas."
ES,B0DP2T2Q8Z,Son eficaces y ecológicas,Reviewed in Spain on 12 June 2023,5,"Estas trampas son muy eficaces  contra insectos terrestres en general, pero sobre todo están confeccionadas para atraer cucarachas.Son ecológicas y respetuosas con el medio ambiente, por estar confeccionadas con cartón reciclado y productos naturales, la trampa no contiene toxinas perjudiciales para las personas y mascotas, también contiene un pegamento especial que se quedan atrapadas y mueren de inanición, esta es un forma segura y respetuosa con el entorno.La caja contiene 12 trampas y tienen una eficacia después de puesta de 3 meses.El montaje es muy sencillo formar, solo hay que tener cuidado antes de quitar la protección de la trampa, el doblar antes por los pliegues ya confeccionados para quede cuadrada la trampa, si se quita antes se te puede pegar la parte de arriba de la trampa en la zona de pegamento.Son discretas en su colocación, por ello su colocación puede ser en cualquier sitio que se haya visto estar o pasar insectos y cucarachas.El precio de este producto es de 14,99 €."
ES,B0DP2T2Q8Z,Súper eficaz,Reviewed in Spain on 3 July 2023,5,"Pack de doce trampas para cucarachas en cartón reciclado, de la marca super ninja.Las trampas vienen plegadas y hay que levantar las entradas laterales y quitar la lámina de papel que protege el pegamento donde quedan pegadas las cucarachas.Su efectividad es de tres meses.Son trampas adhesivas que no llevan veneno, por lo que son ideales si tienes mascotas en casa.En definitiva, son súper efectivas, la relación calidad-precio es inmejorable por lo tanto recomendables 100%"
ES,B0DP2T2Q8Z,Buen precio y efectivas,Reviewed in Spain on 27 June 2023,5,"Aunque no tengo problemas importantes de este tipo de insecto, siempre tengo en la cocina este tipo de trampa por si alguno se cuela por la ventana que encuentren límite a su vida en el interior, si no me doy cuenta yo antes y me ocupo personalmente.En verano están por todas partes y vuelan, así que es importante poner trabas a su proliferación.Suelen ser caras, así que 15 euros por 12 trampas es una pasada, gran precio.Suelo poner al menos 4 en distintos sitios de la cocina para tener toda la superficie cubierta, y no encuentro nunca por ninguna parte. Con una efectividad de 3 meses, está muy bien.Recomendable."
ES,B0DP2T2Q8Z,Fácil de colocar y efectivo,Reviewed in Spain on 6 June 2023,5,"La presentación es muy buena, las trampas para cucarachas vienen muy bien protegidas dentro de una cajita de cartón.Las instrucciones son bastante claras y son bastante fáciles de colocar, además tiene un pequeño lugar para apuntar la fecha y poder retirarla cuando ya no sirva. Yo he colocado tres y ya una de ellas ha funcionado, así que estoy muy contento con su efectividad."
ES,B0DP2T2Q8Z,Opción biodegradable,Reviewed in Spain on 5 June 2023,5,"Opción biodegradable de las típicas trampas para cucarachas con soporte plástico.Proporcionan la misma eficacia pero sin productos nocivos para nuestra salud y en un formato de cartón fácilmente reciclable al no estar contaminado por químicos.Incluye 12 unidades, lo cual es mucho en comparación con las que trae el producto de Mercadona, por ejemplo."
ES,B0DP2T2Q8Z,Son muy efectivas,Reviewed in Spain on 10 June 2023,5,"Desde que las he colocado no veo ni una por mi casa.Son muy fáciles de montar y de cartón reciclado.Yo la tengo puesta en el cuartillo, bajo el fregadero y otra en el porche, alejadas del perro para que no le de por jugar con ellas."
ES,B0DP2T2Q8Z,Funcionan super bien,Reviewed in Spain on 13 June 2023,5,Parece mentira lo sencillas que son y lo bien que funcionan. Recomendables.
ES,B0DP2T2Q8Z,Van muy bien,Reviewed in Spain on 9 January 2026,5,"La verdad esque muy satisfecha con esta compra, teníamos problemas que se nos metían cucarachas en el piso y esas trampas van genial"
ES,B0DP2T2Q8Z,Ces cafards ne me le donnent plus !,Reviewed in Belgium on 12 December 2025,5,"Trois pièges placés et le lendemain, trois victimes coincées !Bye les sales bestioles.PS: je combine ce piégeage avec une seringue contenant un appât concentré."
ES,B0DP2T2Q8Z,How it went,Reviewed in Australia on 5 April 2026,5,"It took me a quick minute to figure out how to set it up, it's very simple and I kept it underneath my fridge. One or two days went by and I checked on the trap, there wasn't many big ones but many small ones. It worked well to my standard, just so you know, for my personal experience, the cockroach didn't immediately die but it's leg struggled desperately and let alone the cockroach couldn't escape from the stickiness. (Edited) Wow! It worked very well, it caught so much, definitely reccommend."
ES,B0DP2T2Q8Z,Questa trappola funziona veramente,Reviewed in Italy on 18 June 2026,5,"Quando entrano le blatte, e ne entrano anche se già piena rimangono incollate e non scappano. Ottimo prodotto grazie"
ES,B0DP2T2Q8Z,Gute Angeboten,Reviewed in Germany on 26 June 2026,5,Super. Danke
ES,B0DP2T2Q8Z,Work well and good value,Reviewed in the United Kingdom on 21 January 2026,5,"These traps are great at catching the thing I’m targeting, silver fish, they do attract the odd spider but not many, but they are getting the silver fish which seem to love my water outlets."
ES,B0DP2T2Q8Z,"C’est efficace ,il faut continuer",Reviewed in France on 28 June 2026,5,"Malgré le traitement tous les 6 mois par les techniciens du bailleur, on n’arrive pas à bout de ce fléau.Ces pièges sont effaces. J’ai 4 endroits précis dans la cuisine, donc 4 plaques .Je change tous les 3 jours. Je constate une diminution.Il faut continuer,"
ES,B0DP2T2Q8Z,Works,Reviewed in the United States on 6 March 2026,5,Great success with these!
ES,B0DP2T2Q8Z,Produit très efficace.,Reviewed in France on 27 June 2026,5,"Produit Efficace. Il a fallu à peine 1 journée pour tuer les nuisibles. Et depuis l'installation des pièges, plus de nuisibles."
ES,B0DP2T2Q8Z,Pro tip: add bread!,Reviewed in Australia on 10 April 2026,5,Pro Tip: add a small piece of bread to the centre of the trap. The they catch the big ones!!! Using the trap only is less effective.
ES,B0DP2T2Q8Z,Elle prends bien les cafards,Reviewed in Belgium on 19 March 2026,5,Parfait
ES,B0DP2T2Q8Z,qualitybeforequantity,Reviewed in Germany on 4 October 2025,5,"Zuerst gab es keine Erfolge bei der Bekämpfung und hatte schon die Befürchtung das Mittel wirkt nicht oder es gibt keine Kakalaken mehr in der Wohnung. Nun nach ca. zwei Wochen waren doch noch einige in den Fallen sichtbar.Also, ich empfehle es gern weiter!"
ES,B0DP2T2Q8Z,No hands on or whacking with these.,Reviewed in Australia on 29 March 2026,5,"Great, no chemical smell, put them around and collect them bodies and all. No squishing."
ES,B0DP2T2Q8Z,Affidabili,Reviewed in Italy on 23 June 2026,5,Efficace e semplici da usare
ES,B0DP2T2Q8Z,No,Reviewed in the United Kingdom on 2 July 2026,5,Its very good
ES,B0DP2T2Q8Z,Pièges fonctionnels,Reviewed in France on 27 June 2026,5,Pièges assez efficaces pour capturer les cafards
ES,B0DP2T2Q8Z,Worked,Reviewed in the United Kingdom on 1 June 2026,5,Trapped lots of roaches. Ordering more
