Display Order,Product Details,ASIN,Segment,URL,Image URL,Brand,Price  US$,Parent Level Sales,ASIN Sales,Recent Purchases,Parent Level Revenue,ASIN Revenue,Title Char. Count,BSR,Seller Country/Region,Fees  US$,Active Sellers,Ratings,Review Count,Images,Review velocity,Buy Box,Category,Size Tier,Fulfillment,Dimensions,Weight,ABA Most Clicked,Creation Date,Sponsored,Best Seller,Seller Age (mo),Seller,Source Keywords
72.0,"Indoor Fly Trap Plug in, Flying Insect Trap with Blue UV Light, Fruit Fly & Gnat Trap for Indoors, Mess-Free Bug Catcher for Home, 1 Device + 5 Refill Glue Cards",B0GHRLRN7F,Electric Traps,https://www.amazon.com/dp/B0GHRLRN7F?psc=1,https://m.media-amazon.com/images/I/61weKseC4RL._AC_SY355_.jpg,Acoswsi,23.39,"2,354","2,354","1,000","60,852.53","60,829.53",161,"7,825",,6.72,1,4.4,39,8.0,14,FFTAO,"Patio, Lawn & Garden",Large Standard-Size,FBA,5.00 x 2.91 x 3.54 in,0.31,,"Mar 26, 2026",,No,2.0,FFTAO,plug in fly trap
142.0,"AICase Flying Insect Trap for Indoors, Plug-in Fly Bug Zapper, UVA Light Captures Fruit Flies, Fly, Gnats and Houseflies, Mosquitoes, Moth, Flying Insects, (1 Plug-in Bases+1 Cartridge+5 Refills)-White",B0DRJ2N9M3,Electric Traps,https://www.amazon.com/dp/B0DRJ2N9M3?psc=1,https://m.media-amazon.com/images/I/61D5a3STZtL._AC_SY355_.jpg,AICase,8.99,95,61,50,951.76,581.58,201,"212,378",US,4.59,1,4.1,39,7.0,0,oneCase,"Patio, Lawn & Garden",Large Standard-Size,FBA,6.14 x 2.24 x 4.29 in,0.42,,"Feb 16, 2025",,No,15.0,oneCase,plug in fly trap
141.0,"Fly Trap Indoor, 2 in 1 Plug in Fruit Fly Traps for Indoors with Auto Night Light for Home，Fruit Flies, Mosquito, Flies, Moths，Gnat Traps for House Indoor(2 Device + 10 Glue Cards)",B0DXKYB63B,Electric Traps,https://www.amazon.com/dp/B0DXKYB63B?psc=1,https://m.media-amazon.com/images/I/61nuurboQ9L._AC_SX355_.jpg,Alikguu,22.99,1,1,,30.15,30.06,180,"625,534",US,7.6,1,5.0,4,8.0,0,LBJ FANCY YARD LLC,"Patio, Lawn & Garden",Large Standard-Size,FBA,5.16 x 2.91 x 4.65 in,0.64,,"Apr 17, 2025",,No,13.0,LBJ FANCY YARD LLC,plug in fly trap
44.0,"Fly Trap Indoor Plug in – Electric Bug Zapper with Six Light - Silent, Pet Safe & Mess-Free Flying Insect Traps - Gnat Catcher & Fruit Fly Killer for House Home Kitchen Bedroom (1 Device + 1 Refill)",B0GY47HQLS,Electric Traps,https://www.amazon.com/dp/B0GY47HQLS?psc=1,https://m.media-amazon.com/images/I/61lhhllfrxL._AC_SY355_.jpg,Altaz,9.99,406,139,50,"5,115.43","1,587.75",198,"7,085",US,4.74,1,4.3,130,7.0,3,Altaz Store,"Patio, Lawn & Garden",Large Standard-Size,FBA,6.50 x 2.52 x 4.02 in,0.31,,"Apr 23, 2026",,No,1.0,Altaz Store,plug in fly trap
141.0,"Fly Traps Indoor, Fruit Fly Trap for Home, Flying Insect Trap with Suction, Mosquito Traps Indoor & 10 Pcs Sticky Glue Boards, Gnat Traps for House Indoor",B0GDJ7JGSV,Electric Traps,https://www.amazon.com/dp/B0GDJ7JGSV?psc=1,https://m.media-amazon.com/images/I/61Dv70X4kaL._AC_SY355_.jpg,AOKUSOL,31.48,256,256,200,"8,259.34","8,257.28",154,"12,771",AMZ,10.85,1,5.0,20,7.0,10,Amazon,"Patio, Lawn & Garden",Large Standard-Size,AMZ,9.80 x 5.47 x 5.51 in,1.61,,"Jan 13, 2026",,No,4.0,Amazon,fruit fly trap
143.0,"2-in-1 Fly Trap Indoor & Bug Zappers, Plug-in Flying Insect Trap (2 Device + 20 Refills), Gnat Traps for House Indoor, Mosquito Zapper Bug Traps for House Flies, Fruit Flies, Gnats",B0F6LFK4CS,Electric Traps,https://www.amazon.com/dp/B0F6LFK4CS?psc=1,https://m.media-amazon.com/images/I/81HDx5cg90L._AC_SY355_.jpg,Aqua*Sparkle,13.99,12,3,,115.88,38.06,180,"168,334",US,7.14,1,3.7,37,7.0,0,BanffLLC,"Patio, Lawn & Garden",Large Standard-Size,FBA,7.05 x 2.91 x 5.24 in,1.08,,"May 5, 2025",,No,12.0,BanffLLC,plug in fly trap
19.0,"ASPECTEK 20W Bug Zapper, 2800V Electric Insect Killer for Indoor and Covered Outdoor, Mosquito, Fly and Moth Trap with Protective Mesh and Hanging Chain for Versatile Setup at Home, Patio and Garage",B07F3NH96Q,Electric Traps,https://www.amazon.com/dp/B07F3NH96Q?psc=1,https://m.media-amazon.com/images/I/81EYlJBfHuL._AC_SY355_.jpg,ASPECTEK,39.99,"7,194",686,400,"267,911.76","25,908.01",198,"4,121",US,13.89,1,4.4,"4,293",6.0,,Store Extra,"Patio, Lawn & Garden",Large Standard-Size,FBA,16.34 x 4.17 x 11.77 in,3.9,,"Aug 28, 2018",,No,93.0,Store Extra,flying insect trap
47.0,"ASPECTEK Bug Zapper & Electric Insect Kill Mosquito Bug Fly & Other Pests Killer, Powerful 2800V Grid 20W Bulbs, Indoor use only",B09NM4WNJY,Electric Traps,https://www.amazon.com/dp/B09NM4WNJY?psc=1,https://m.media-amazon.com/images/I/71XbmPzi34L._AC_SY355_.jpg,ASPECTEK,39.99,279,123,100,"8,972.83","4,912.36",128,"40,677",US,13.7,1,4.4,574,7.0,3,Store Extra,"Patio, Lawn & Garden",Large Standard-Size,FBA,16.54 x 4.17 x 11.81 in,3.95,,"Dec 15, 2021",,No,53.0,Store Extra,flying insect trap
22.0,"Aunt Fannie's FlyPunch Fruit Fly Trap for Indoor and Kitchen Use, Ready to Use, Made with Plant Based Ingredients, Safe Near Food, Each Bottle Lasts Up to 30 Days, Pack of 2",B07VYPGHFW,Lure,https://www.amazon.com/dp/B07VYPGHFW?psc=1,https://m.media-amazon.com/images/I/91aYrXmLrDL._AC_SY355_.jpg,Aunt Fannie's,14.99,"1,318",880,"2,000","26,462.47","13,188.02",173,450,US,7.65,1,3.9,"8,630",7.0,,Aunt Fannie's,"Patio, Lawn & Garden",Large Standard-Size,FBA,5.51 x 2.01 x 4.29 in,1.01,,"Aug 16, 2019",,No,81.0,Aunt Fannie's,fruit fly trap
65.0,"Blue Light Bug Catcher Indoor Plug in, Gnat Traps for House, Indoor Fly Trap for Fruit Fly, Moth and Mosquito, Flying Insect Catcher, 4 Device+8 Refills",B0D144MQPT,Electric Traps,https://www.amazon.com/dp/B0D144MQPT?psc=1,https://m.media-amazon.com/images/I/61GoSCMblYL._AC_SY355_.jpg,BAIMNOCM,29.99,840,589,300,"19,926.92","17,664.43",152,"19,426",US,9.1,1,3.9,"1,119",9.0,,MTP LIGHTING,"Patio, Lawn & Garden",Large Standard-Size,FBA,4.45 x 3.50 x 3.94 in,0.82,,"Aug 12, 2024",,No,21.0,MTP LIGHTING,plug in fly trap
64.0,"20W Electric Indoor Bug Zapper, Mosquito Trap with UV Light, Insect Killer Eliminator for Home, Office, Restaurant",B0FT84X82N,Electric Traps,https://www.amazon.com/dp/B0FT84X82N?psc=1,https://m.media-amazon.com/images/I/71U9K-cOIfL._AC_SY355_.jpg,BAIMNOCM,53.54,"2,232",818,300,"72,217.62","53,341.99",114,"3,406",US,17.32,1,4.1,61,9.0,10,MTP LIGHTING,"Patio, Lawn & Garden",Large Standard-Size,FBA,16.50 x 6.42 x 11.06 in,5.45,,"Nov 29, 2025",,No,6.0,MTP LIGHTING,flying insect trap
98.0,"BANPESTT Indoor Flying Insect Trap, Gnat Trap, Mosquito Trap, Moth Trap, Fruit Fly Traps for Indoors(1 Plug-in Base + 5 Refill Glue Boards)",B0CJM3WX3G,Electric Traps,https://www.amazon.com/dp/B0CJM3WX3G?psc=1,https://m.media-amazon.com/images/I/61qmjEjryUL._AC_SY355_.jpg,BANPESTT,7.99,72,72,50,515.36,514.55,139,"185,386",US,4.44,1,4.0,164,7.0,0,CleansePhone Inc,"Patio, Lawn & Garden",Large Standard-Size,FBA,4.21 x 3.03 x 3.62 in,0.24,,"Dec 3, 2023",,No,29.0,CleansePhone Inc,plug in fly trap
48.0,"Bell+Howell Rogue Sticky Fly Insect Trap Indoor with 3 Cartridge Replacements, Home Plug in Bug Catcher Indoor UV Light Bug Trap for Flies, Fruit Flies, Gnats and More, Safe for Pets & Kids",B0FFQFFV95,Electric Traps,https://www.amazon.com/dp/B0FFQFFV95?psc=1,https://m.media-amazon.com/images/I/81wUK1avQgL._AC_SX342_.jpg,Bell+Howell,6.99,67,67,50,475.08,474.28,189,"85,251",US,4.96,1,4.0,62,6.0,0,Bell + Howell,"Patio, Lawn & Garden",Large Standard-Size,FBA,9.25 x 2.52 x 5.59 in,0.33,,"Jun 26, 2025",,No,11.0,Bell + Howell,plug in fly trap
58.0,"Flying Insect Traps+5 Refill Cartridges, 2026 2nd Gen, UV/Blue/Yellow Light Plug in Fly Trap & Indoor Bug Catcher for Gnats, No-Mess Bug Zapper, House & Fruit Flies, 7 * 24hrs Pest Control",B0DFYHQFCF,Electric Traps,https://www.amazon.com/dp/B0DFYHQFCF?psc=1,https://m.media-amazon.com/images/I/71pjCY9bdLL._AC_SY355_.jpg,BietrunPro,9.89,802,652,300,"10,299.06","6,479.89",188,"13,738",US,5.71,1,4.0,233,9.0,10,LITTLE RED LION INC,"Patio, Lawn & Garden",Large Standard-Size,FBA,4.45 x 2.32 x 2.95 in,0.35,,"Jan 23, 2025",,No,16.0,LITTLE RED LION INC,plug in fly trap
139.0,"Indoor Fruit Fly & Gnat Traps Plug-in - UV/Blue Light Insect Trap with 2 Devices+6 Refills, Safe & Odorless Flying Insect Catcher for House/Kitchen/Office - Get Rid of Mosquitoes, Moths, Gnats",B0CPLQPGSZ,Electric Traps,https://www.amazon.com/dp/B0CPLQPGSZ?psc=1,https://m.media-amazon.com/images/I/71tuIvyd+CL._AC_SY355_.jpg,BietrunPro,23.99,473,186,100,"6,329.70","3,457.61",192,"31,120",US,5.75,1,3.9,923,12.0,,LITTLE RED LION INC,"Patio, Lawn & Garden",Large Standard-Size,FBA,6.50 x 2.99 x 5.91 in,0.73,,"Mar 26, 2024",,No,26.0,LITTLE RED LION INC,plug in fly trap
111.0,"Black Flag Fly Stick, Trap Houseflies and Flying Insects, Pack of 6",B00IMHL9JO,Sticky Traps,https://www.amazon.com/dp/B00IMHL9JO?psc=1,https://m.media-amazon.com/images/I/81dSmwzMPEL._AC_SY355_.jpg,Black Flag,16.5,"6,382","1,368","1,000","61,661.96","28,558.78",67,606,AMZ,9.96,3,4.2,"12,204",8.0,21,Amazon,"Patio, Lawn & Garden",Large Standard-Size,AMZ,17.68 x 3.23 x 10.98 in,1.34,,"May 15, 2014",,No,144.0,Amazon,fruit fly trap
41.0,"Flying Insect Trap, Plug-in UV Light for Gnats, Fruit Flies and Houseflies, Silent Sticky Catcher for Indoor Use, 1 Device & 3 Refills",B0DT41C2SZ,Electric Traps,https://www.amazon.com/dp/B0DT41C2SZ?psc=1,https://m.media-amazon.com/images/I/71Ie5UhcJSL._AC_SY355_.jpg,Bug Parking,15.29,"2,246","1,208","1,000","37,011.58","18,333.50",134,"4,973",US,6.9,1,4.2,968,9.0,165,Bug Parking,"Patio, Lawn & Garden",Large Standard-Size,FBA,6.38 x 2.64 x 4.72 in,0.51,,"Apr 8, 2025",,No,13.0,Bug Parking,plug in fly trap
138.0,"Fruit Fly Trap for Indoors with 10 Refills, 2 in 1 Fly Trap Indoor with Night Light for Home, Gnat Traps for House Indoor, Plug-in Insect Trap for Gnats, Flies, Moths, and Other Bugs-Black",B0F53THPR3,Electric Traps,https://www.amazon.com/dp/B0F53THPR3?psc=1,https://m.media-amazon.com/images/I/81yAueHZ7kL._AC_SY355_.jpg,BUGAWAY,14.99,309,167,100,"4,978.02","2,426.53",188,"29,520",US,7.33,1,4.2,231,8.0,0,DW Global LLC,"Patio, Lawn & Garden",Large Standard-Size,FBA,6.34 x 2.80 x 3.23 in,0.46,,"Jun 6, 2025",,No,11.0,DW Global LLC,plug in fly trap
49.0,2 Fly Traps Outdoor Fly Trap for Patio with 4 Non-Toxic Dissolvable Bait Refills. Reusable Hanging Bug Catcher Killer for All Filth Flies for Outside Bug Control Yard Ranch. Hanging Chains Included.,B0BQYYVWRT,Lure,https://www.amazon.com/dp/B0BQYYVWRT?psc=1,https://m.media-amazon.com/images/I/81oGxjXo6PL._AC_SY355_.jpg,BugBane,24.99,"22,798","11,003","9,000","530,411.43","253,112.13",198,122,US,9.51,1,4.4,"5,535",8.0,152,BUGBANE,"Patio, Lawn & Garden",Large Standard-Size,FBA,8.98 x 3.62 x 7.24 in,0.77,,"Apr 24, 2023",,No,37.0,BUGBANE,plug in fly trap
68.0,Fly Strips Indoor Sticky Hanging 24pk with Pins. Non Toxic Outdoor Fly Trap Indoor for Home. Flies Tape Paper Trap Ribbon Roll for House Gnat Fruit and Housefly. Bug Catchers for Inside Home Flypaper.,B09VS6DHBK,Sticky Traps,https://www.amazon.com/dp/B09VS6DHBK?psc=1,https://m.media-amazon.com/images/I/91bxGNb7YyL._AC_SY355_.jpg,BugBane,11.99,"23,482","23,482","20,000","265,714.17","265,490.25",200,116,US,6.88,1,4.2,"9,168",9.0,160,BUGBANE,"Patio, Lawn & Garden",Large Standard-Size,FBA,5.12 x 2.17 x 3.46 in,0.46,,"Mar 24, 2022",,No,50.0,BUGBANE,fruit fly trap
57.0,Fly Stick Sticky Fly Traps for Indoors Outdoor 6pk. Non-Toxic Super Sticky Hanging Flies Catcher Paper Tape Strips for Home. Catches All Bugs and gnats. Indoor Outdoor House Flying Insect Trap.,B0CP43WSGB,Sticky Traps,https://www.amazon.com/dp/B0CP43WSGB?psc=1,https://m.media-amazon.com/images/I/81pRUnfsZtL._AC_SY355_.jpg,BugBane,24.99,"8,598","8,598","5,000","255,301.29","255,257.57",193,248,US,11.23,1,4.4,"1,693",8.0,33,BUGBANE,"Patio, Lawn & Garden",Large Standard-Size,FBA,12.36 x 5.71 x 8.66 in,1.04,,"Apr 5, 2024",,No,25.0,BUGBANE,fruit fly trap
54.0,Fly Stick Sticky Fly Traps for Indoors Outdoor 4pk. Non-Toxic Super Sticky Hanging Flies Catcher Paper Tape Strips for Home. Catches All Bugs and gnats. Indoor Outdoor House Flying Insect Trap.,B0BWM9BBH5,Sticky Traps,https://www.amazon.com/dp/B0BWM9BBH5?psc=1,https://m.media-amazon.com/images/I/81dikoAZeXL._AC_SY355_.jpg,BugBane,22.99,"7,730","7,730","7,000","172,320.32","172,244.10",193,792,US,10.92,1,4.2,"2,178",9.0,55,BUGBANE,"Patio, Lawn & Garden",Large Standard-Size,FBA,10.98 x 5.79 x 5.87 in,0.75,,"Jul 7, 2023",,No,34.0,BUGBANE,fruit fly trap
95.0,Fly Strips Indoor Sticky Hanging 10pk with Pins. Non Toxic Outdoor Fly Trap Indoor for Home. Flies Tape Paper Trap Ribbon Roll for House Gnat Fruit and Housefly. Bug Catchers for Inside Home Flypaper.,B09VS21D5Q,Sticky Traps,https://www.amazon.com/dp/B09VS21D5Q?psc=1,https://m.media-amazon.com/images/I/81Np4mXlhGL._AC_SY355_.jpg,BugBane,8.99,"8,321","8,321","4,000","82,529.20","82,447.32",200,373,US,4.36,1,4.0,"4,254",9.0,73,BUGBANE,"Patio, Lawn & Garden",Large Standard-Size,FBA,4.33 x 1.73 x 2.20 in,0.2,,"Jun 16, 2022",,No,47.0,BUGBANE,fruit fly trap
125.0,Fly Traps Outdoor Fly Trap for Patio. 4 Large Non-Toxic Pre-Baited Flies Bags Outdoor Disposable. Big Hanging Bug Catchers for All Filth Flies Killer for Outside Bug Control in Yard Horse Ranch.,B09NCYFQ53,Lure,https://www.amazon.com/dp/B09NCYFQ53?psc=1,https://m.media-amazon.com/images/I/91YvzfncDUL._AC_SY355_.jpg,BugBane,24.99,"5,357","3,220","4,000","102,955.35","73,349.72",194,861,US,8.97,1,4.2,"4,626",9.0,39,BUGBANE,"Patio, Lawn & Garden",Large Standard-Size,FBA,6.10 x 4.06 x 6.06 in,0.79,,"Mar 26, 2022",,No,50.0,BUGBANE,fruit fly trap
106.0,"BuggyBands Flying Insect Trap, Fruit Fly Trap Plug in Indoor Bug Catcher with 8 Refill for Gnats, Moths, House & Fruit Flies - Refill Compatible with ZevoM364A/Max (2 Devices + 8 Refills)",B0F43FHM2B,Electric Traps,https://www.amazon.com/dp/B0F43FHM2B?psc=1,https://m.media-amazon.com/images/I/615qD-cEwsL._AC_SY355_.jpg,BuggyBands,24.99,422,198,100,"6,747.71","3,772.98",187,"17,891",US,9.88,1,4.2,178,8.0,22,"OMEISI Co., LTD","Patio, Lawn & Garden",Large Standard-Size,FBA,8.71 x 4.14 x 8.16 in,1.1,,"May 22, 2025",,No,12.0,"OMEISI Co., LTD",plug in fly trap
61.0,"Buggybands 20W Mosquito Killer Lamp, Fruit Fly Traps for Indoors Electric Bug Zapper for Home, Mosquito Repellent Moth Light Gnat Insect Killer with 2 Replacement Bulbs",B0DTJ21FJL,Electric Traps,https://www.amazon.com/dp/B0DTJ21FJL?psc=1,https://m.media-amazon.com/images/I/81RrgMgRguL._AC_SY355_.jpg,BuggyBands,29.99,5,5,,143.62,143.49,168,"469,970",US,13.86,1,3.7,19,8.0,0,AGfun,"Patio, Lawn & Garden",Large Standard-Size,FBA,16.14 x 3.74 x 12.68 in,4.45,,"Apr 19, 2025",,No,13.0,AGfun,flying insect trap
112.0,"BugMD No Buzz Zone Fruit Fly Traps for Indoors with Honey Scent Bait & UV Light – Gnat Traps for House Indoor, Plug in Fly Trap Indoor, Bug Zapper Alternative, Mosquito Trap for Home",B0D38CSTX3,Electric Traps,https://www.amazon.com/dp/B0D38CSTX3?psc=1,https://m.media-amazon.com/images/I/71yPyrQtOHL._AC_SY355_.jpg,BugMD,19.97,"1,545",748,500,"34,023.81","14,777.72",182,"6,349",US,7.09,1,4.1,"1,490",7.0,7,Pur Theory,"Patio, Lawn & Garden",Large Standard-Size,FBA,5.98 x 2.24 x 3.03 in,0.31,,"May 15, 2024",,No,24.0,Pur Theory,plug in fly trap | flying insect trap
43.0,"Flying Insect Trap Plug in Mosquito Bug Zapper Indoor Gnat Moth Catcher with 9W Night UV Light, 10 Sticky Glue Board Refills for Home Office",B0CS321RXS,Electric Traps,https://www.amazon.com/dp/B0CS321RXS?psc=1,https://m.media-amazon.com/images/I/71YDLJ245kL._AC_SY355_.jpg,BURLAN,28.49,"2,961",589,,"110,406.41","15,730.86",140,"2,562",US,9.02,2,4.1,429,8.0,,Homiewell,"Patio, Lawn & Garden",Large Standard-Size,FBA,10.16 x 3.23 x 3.90 in,0.75,,"Feb 26, 2024",,No,27.0,Homiewell,plug in fly trap
146.0,"Fruit Fly Traps Indoor for Home: Plug in Mosquito Bug Zapper Gnat Moth Catcher with 9W Night UV Light, 2 Devices 20 Sticky Glue Board Refills for Indoors Flying Insect Trap",B0D2RV6LQC,Electric Traps,https://www.amazon.com/dp/B0D2RV6LQC?psc=1,https://m.media-amazon.com/images/I/71WxkGo-V2L._AC_SY355_.jpg,BURLAN,49.99,"2,961","1,486",100,"110,406.41","70,549.60",172,"2,551",US,13.16,1,4.1,433,8.0,,Homiewell,"Patio, Lawn & Garden",Large Standard-Size,FBA,11.10 x 4.02 x 5.20 in,1.46,,"Jun 1, 2024",,No,23.0,Homiewell,fruit fly trap
104.0,"Buzbug Fly Trap Indoor, Plug-in Flying Insect Trap, Fruit Fly Traps for Indoors, Plug in Bug Trap, Gnat Trap for House Indoor, Bug Catcher for Gnat Moth Mosquito, 1 Device + 10 Refills Glue Cards",B0GXWJ4P4S,Electric Traps,https://www.amazon.com/dp/B0GXWJ4P4S?psc=1,https://m.media-amazon.com/images/I/715Rl5KkoAL._AC_SY355_.jpg,Buzbug,8.99,260,260,,"2,597.40","2,594.78",195,"17,807",US,4.59,1,4.4,246,6.0,1,Amazei America,"Patio, Lawn & Garden",Large Standard-Size,FBA,4.65 x 2.13 x 3.82 in,0.31,,"May 9, 2026",,No,0.0,Amazei America,plug in fly trap
48.0,"Buzbug LED Bug Zapper Indoor Outdoor, Rechargeable 5200mAh, Dual Band Attraction, 50000H Long-Life LED Bulbs, Portable Mosquito Zapper, Fly Trap Mosquito Trap, Fly Killer Fly Zapper – MA015C",B0G926KTCB,Electric Traps,https://www.amazon.com/dp/B0G926KTCB?psc=1,https://m.media-amazon.com/images/I/919H6P3i0aL._AC_SY355_.jpg,Buzbug,39.99,"1,089","1,089",700,"34,565.24","34,565.08",190,"13,700",US,14.0,2,4.1,"1,241",7.0,"1,170",Amazei America,"Patio, Lawn & Garden",Large Standard-Size,FBA,13.98 x 3.03 x 9.09 in,2.78,,"Mar 13, 2026",,No,2.0,Amazei America,flying insect trap
31.0,"Buzbug Upgraded LED Bug Zapper Indoor, LED Bulbs Up to 50, 000 Hours, 3 Lamps Sustainable Less Power, 3800V Powerful Electric Mosquito Zapper, Fly Trap Mosquito Trap, Fly Killer Fly Zapper",B0DT4BBN16,Electric Traps,https://www.amazon.com/dp/B0DT4BBN16?psc=1,https://m.media-amazon.com/images/I/81J9m6H8V2L._AC_SY355_.jpg,Buzbug,31.09,825,825,400,"30,269.56","30,268.80",188,"4,530",US,12.78,3,4.4,763,8.0,15,Amazei America,"Patio, Lawn & Garden",Large Standard-Size,FBA,17.83 x 3.82 x 11.42 in,3.97,,"Mar 1, 2025",,No,14.0,Amazei America,flying insect trap
10.0,"Buzbug LED Bug Zapper Indoor, 10 Years Lifespan 3 Lamps Enhance Insect Attraction, 3800V High-Voltage, Electric Mosquito Zapper, Fruit Fly Mosquito Moth Gnat Zapper, Killer, Trap -MA009 (Matte Black)",B0GSDNBXXR,Electric Traps,https://www.amazon.com/dp/B0GSDNBXXR?psc=1,https://m.media-amazon.com/images/I/81g8Ga2im+L._AC_SY355_.jpg,Buzbug,31.99,"6,069",664,500,"223,282.78","22,970.70",199,"5,205",US,12.2,1,4.5,797,7.0,56,Amazei America,"Patio, Lawn & Garden",Large Standard-Size,FBA,13.58 x 3.98 x 10.51 in,3.42,,"Apr 23, 2026",,No,1.0,Amazei America,flying insect trap
69.0,"Flying Insect Trap, Indoor Fly Trap, Fruit Fly Traps, Plug in Bug Light Trap for Gnat Moth for Mosquito, Flies, Fruit Flies, Moth, Gnat, Houseflies (1 Device + 3 Refills)",B0DBS1QSGR,Electric Traps,https://www.amazon.com/dp/B0DBS1QSGR?psc=1,https://m.media-amazon.com/images/I/61FxkzzVw4L._AC_SY355_.jpg,BUZZ TRAP,4.73,290,178,100,"2,482.74",869.34,170,"32,708",US,3.95,2,3.0,33,9.0,7,Schmidt Empire,"Patio, Lawn & Garden",Large Standard-Size,FBA,5.16 x 2.05 x 3.35 in,0.22,,"Aug 1, 2024",,No,21.0,Schmidt Empire,plug in fly trap
50.0,"Fly Trap Indoor, Fruit Fly Traps for Indoors Flying Insect Gnat Traps for House Indoor with Adjustable Lighting, Bug Zapper Indoor, Gnat Killer Catcher with 10 Refills （Black）",B0GWQL2NJ1,Electric Traps,https://www.amazon.com/dp/B0GWQL2NJ1?psc=1,https://m.media-amazon.com/images/I/71lVTUcsIgL._AC_SY355_.jpg,CAGVG,35.99,288,251,,"10,741.76","9,289.53",175,701,US,8.18,2,4.9,49,6.0,33,Apex Spirits LLC,"Patio, Lawn & Garden",Large Standard-Size,FBA,9.06 x 5.35 x 5.35 in,1.34,,"May 10, 2026",,No,0.0,Apex Spirits LLC,fruit fly trap
62.0,"Catchmaster Vector 9 UV Light Plug in Flying Insect Trap - Silent Indoor Bug Catcher for House & Fruit Flies, Gnats & Moths - Mess-Free Easy Setup & Cleanup - with 12 Glue Trap Refills, Year Supply",B0GFGNMJN4,Electric Traps,https://www.amazon.com/dp/B0GFGNMJN4?psc=1,https://m.media-amazon.com/images/I/61eUt0Kr25L._AC_SY355_.jpg,Catchmaster,22.99,187,187,,"5,094.96","5,092.99",197,"7,776",US,8.21,1,4.7,20,8.0,2,Catchmaster,"Patio, Lawn & Garden",Large Standard-Size,FBA,9.33 x 3.23 x 3.94 in,0.77,,"Jan 26, 2026",,No,4.0,Catchmaster,plug in fly trap
113.0,"Catchmaster Giant Fly Glue Trap 3-Pack 30 Feet Each, Adhesive Fly Traps Outdoor, Sticky Bug Catcher, Bulk Flying Insect Paper Roll, Pest Control for Garage, Barn, Greenhouse & Garbage Room",B07XKDM8LG,Sticky Traps,https://www.amazon.com/dp/B07XKDM8LG?psc=1,https://m.media-amazon.com/images/I/81YJwKmEiTL._AC_SY355_.jpg,Catchmaster,36.99,"5,957","4,005","2,000","151,233.89","128,169.44",188,"1,449",US,11.68,1,4.2,"6,185",6.0,19,Catchmaster,"Patio, Lawn & Garden",Large Standard-Size,FBA,11.42 x 4.72 x 4.76 in,2.11,,"Sep 26, 2019",,No,80.0,Catchmaster,fruit fly trap
69.0,"Catchmaster Window Fly Traps 12-Pack, Fruit Fly Traps for Indoors, Disposable Bulk Bug Catcher, Waterproof Insect Glue Trap, Adhesive Strips, Pest Control for Home, Kitchen, & Garage",B001QBPP66,Sticky Traps,https://www.amazon.com/dp/B001QBPP66?psc=1,https://m.media-amazon.com/images/I/81Tyx9GraaL._AC_SY355_.jpg,Catchmaster,10.99,"4,547","2,925","1,000","82,225.39","32,118.65",182,"1,392",US,4.97,1,4.5,"19,949",6.0,,Catchmaster,"Patio, Lawn & Garden",Small Standard-Size,FBA,9.84 x 0.28 x 3.39 in,0.1,,"Apr 13, 2014",,No,145.0,Catchmaster,fruit fly trap
64.0,"Catchmaster Fly Ribbon 20-Pack, Bug & Fruit Fly Traps Outdoor and Indoor, Premium Adhesive Sticky Strips & Gnat Hanging Strips, Bulk Flying Insect Paper Rolls, Pesticide-Free Home Pest Control",B07V6HBYHK,Sticky Traps,https://www.amazon.com/dp/B07V6HBYHK?psc=1,https://m.media-amazon.com/images/I/91zgqg49hOL._AC_SY355_.jpg,Catchmaster,10.49,702,686,"1,000","9,277.13","7,970.36",192,"3,715",US,5.66,1,4.0,"12,904",6.0,12,Catchmaster,"Patio, Lawn & Garden",Large Standard-Size,FBA,4.70 x 1.85 x 4.37 in,0.4,,"Jul 24, 2019",,No,82.0,Catchmaster,fruit fly trap
23.0,"Fruit Fly Trap for Indoors, Fly Traps for Home Gnat Traps House Indoor, Indoor Insect Trap with Timer, Pack of 10 Refills (Blue)",B0GXV7V7JL,Electric Traps,https://www.amazon.com/dp/B0GXV7V7JL?psc=1,https://m.media-amazon.com/images/I/61Xlv5xiLRL._AC_SY355_.jpg,CHEER UPs,39.99,"1,765","1,765",,"68,331.99","68,331.89",128,"1,045",US,10.52,2,4.9,70,7.0,52,Cheer Ups,"Patio, Lawn & Garden",Large Standard-Size,FBA,10.05 x 5.20 x 5.20 in,1.8,,"May 3, 2026",,No,0.0,Cheer Ups,fruit fly trap
109.0,"58 Pack Flying Insect Traps for Plants – Yellow Sticky Traps for Gnat, Fly & Flying Bug, Indoor Outdoor Flying Bug Catcher for Pots, Garden & Kitchen (58 Pcs Classic)",B0CNGBLV5N,Sticky Traps,https://www.amazon.com/dp/B0CNGBLV5N?psc=1,https://m.media-amazon.com/images/I/71pdF+lJTwL._AC_SY355_.jpg,Cleanuper,5.07,"12,331","12,198","8,000","73,938.67","72,945.21",166,527,US,3.67,2,4.1,"5,310",6.0,239,Cleanuper LLC USA,"Patio, Lawn & Garden",Small Standard-Size,FBA,12.09 x 0.63 x 10.55 in,0.62,,"Dec 12, 2023",,No,29.0,Cleanuper LLC USA,fruit fly trap
96.0,"Fly Trap Indoor - Fruit Fly Traps for Indoors, Gnat Traps for House Indoor with 3-in-1 Multi-Insect Catching + UV&Blue Light + Fan Suction, Ideal for Garage/Kitchen/Patio/Plant Pots, 10 Refills, Black",B0GM8ZGYD3,Electric Traps,https://www.amazon.com/dp/B0GM8ZGYD3?psc=1,https://m.media-amazon.com/images/I/81MYF2x4ZLL._AC_SY355_.jpg,CreateFun,31.99,"1,287","1,168",700,"61,257.50","55,343.97",200,"13,339",US,8.05,3,4.2,92,7.0,71,You Kang,"Patio, Lawn & Garden",Large Standard-Size,FBA,10.08 x 5.35 x 5.47 in,1.46,,"Mar 13, 2026",,No,2.0,You Kang,fruit fly trap
86.0,"20 Pcs Refill Glue Cards Compatible with Safer Home SH502 Indoor Fly Trap and Dynatrap DT3005W Plug-in Bug Light for Flies, Fruit Flies, Moths, Gnats, and Other Flying Insects",B0BWCVYTD9,Electric Traps,https://www.amazon.com/dp/B0BWCVYTD9?psc=1,https://m.media-amazon.com/images/I/61oO9dEp3gL._AC_SY355_.jpg,Dichroma,7.99,"1,880","1,563","1,000","15,425.33","11,881.35",175,"6,397",US,3.95,1,4.7,"2,785",7.0,10,Dichroma USA,"Patio, Lawn & Garden",Small Standard-Size,FBA,7.87 x 0.75 x 3.35 in,0.42,,"Apr 4, 2023",,No,37.0,Dichroma USA,plug in fly trap | fruit fly trap
137.0,"Dr. Killigan’s Fruit Fly Refill Liquid - Long-Lasting 24-Week Protection, Works with Apple Traps, Pet-Friendly and Safe for Everyday Family Use, Made in USA (16 oz)",B09V21T5K3,Lure,https://www.amazon.com/dp/B09V21T5K3?psc=1,https://m.media-amazon.com/images/I/81mcuDzxhPL._AC_SY355_.jpg,Dr. Killigan's,15.97,485,485,300,"7,746.11","7,746.03",164,"19,727",US,8.43,1,4.2,736,8.0,9,Dr. Killigan's,"Patio, Lawn & Garden",Large Standard-Size,FBA,6.46 x 3.07 x 3.11 in,1.23,,"Apr 21, 2022",,No,49.0,Dr. Killigan's,fruit fly trap
43.0,"2 Pack Plug in Bug Zapper Indoor, Flying Insect Trap, Electronic Mosquito Zapper Gnat Traps with LED Light for Patio, Bedroom, Kitchen, Office",B0GWCLRF26,Electric Traps,https://www.amazon.com/dp/B0GWCLRF26?psc=1,https://m.media-amazon.com/images/I/71jC5xuA5PL._AC_SX355_.jpg,Dwcom Trap,9.99,43,43,,484.83,484.36,142,"47,007",US,5.41,1,3.5,3,8.0,0,YOUMWE20,"Patio, Lawn & Garden",Large Standard-Size,FBA,6.69 x 3.19 x 5.08 in,0.31,,"Apr 10, 2026",,No,1.0,YOUMWE20,flying insect trap
46.0,"Dynatrap DT3007 Indoor Plug-in Fly Trap for Flies, Fruit Flies, Moths, Gnats, and Other Flying Insects - 1 Black Device + 2 Glue Cards",B0CQ8VLMV3,Electric Traps,https://www.amazon.com/dp/B0CQ8VLMV3?psc=1,https://m.media-amazon.com/images/I/71vGxA08tdL._AC_SY355_.jpg,DynaTrap,18.49,"1,369",544,300,"17,046.94","5,915.92",134,"5,519",AMZ,4.34,3,4.5,860,11.0,227,Amazon,"Patio, Lawn & Garden",Large Standard-Size,AMZ,7.24 x 2.32 x 4.33 in,0.4,,"Feb 12, 2024",,No,27.0,Amazon,plug in fly trap | fruit fly trap
121.0,"Eco Defense Fruit Fly Killer - Natural Fruit Fly Trap & Drain Fly Killer Treatment for Indoor Fly Control in Kitchen, Restaurants, and More, 16 Oz",B01BIDLTZW,Lure,https://www.amazon.com/dp/B01BIDLTZW?psc=1,https://m.media-amazon.com/images/I/61N-mqrEKTL._SX342_.jpg,Eco Defense,24.95,127,127,50,"3,162.77","3,162.64",146,"76,945",US,8.77,1,3.9,"2,626",7.0,0,Eco Brands,"Patio, Lawn & Garden",Large Standard-Size,FBA,9.09 x 2.99 x 3.31 in,1.17,,"Feb 5, 2016",,No,123.0,Eco Brands,fruit fly trap
123.0,"Emerson ITL7103 Plug-in Flying Bug Catcher with UV Light and LED Décor – Indoor Fly, Fruit Fly, Gnat & Moth Catcher, Silent, 24/7 Coverage, Mess-Free, use in Any Room, Includes 3 Glue Cards",B0FQ8G8HX1,Electric Traps,https://www.amazon.com/dp/B0FQ8G8HX1?psc=1,https://m.media-amazon.com/images/I/710zT0cS9yL._AC_SY355_.jpg,Emerson,12.57,62,48,,639.15,527.91,189,"102,113",AMZ,5.98,1,5.0,6,9.0,0,Amazon,"Patio, Lawn & Garden",Large Standard-Size,AMZ,4.96 x 2.44 x 4.13 in,0.29,,"Sep 21, 2025",,No,8.0,Amazon,plug in fly trap
54.0,Faicuk 2 Pack Bug Zapper Racket Electric Fly Swatter,B07VQT6B3R,Electric Traps,https://www.amazon.com/dp/B07VQT6B3R?psc=1,https://m.media-amazon.com/images/I/81htk0pYIkL._AC_SY355_.jpg,Faicuk,23.99,"3,721",366,400,"59,305.03","8,596.59",52,"1,251",US,9.91,1,4.2,"8,626",7.0,40,FAICUK,"Patio, Lawn & Garden",Large Standard-Size,FBA,17.44 x 2.05 x 9.09 in,1.38,,"Sep 28, 2019",,No,80.0,FAICUK,flying insect trap
39.0,"Bug Zapper Outdoor Indoor, Electric Fly Zapper Waterproof with LED Light, 18W Power & 4000V High-Voltage, Coverage Area of ​​1/2-1 Acre, 5.5ft Cord, Plug-in Mosquito Trap for Patio Backyard Garden",B0GRTZV3VJ,Electric Traps,https://www.amazon.com/dp/B0GRTZV3VJ?psc=1,https://m.media-amazon.com/images/I/81z7pBFdxCL._AC_SY355_.jpg,fiveye,39.99,272,244,200,"8,861.10","7,719.43",196,"16,211",US,11.02,2,4.7,187,6.0,160,Fiveye-us,"Patio, Lawn & Garden",Large Standard-Size,FBA,12.28 x 6.85 x 6.85 in,2.25,,"Mar 30, 2026",,No,2.0,Fiveye-us,flying insect trap
71.0,"Flowtron Indoor Plug-in Fly Trap, 9W UV Light Electric Insect Trap with Adhesive Board – Silent Mosquito, Gnat & Fruit Fly Catcher, 375 Sq Ft Coverage (White)",B0GDJQX2S4,Electric Traps,https://www.amazon.com/dp/B0GDJQX2S4?psc=1,https://m.media-amazon.com/images/I/61zqkp1MfaL._AC_SY355_.jpg,Flowtron,29.99,61,61,,"1,831.54","1,830.81",158,"99,833",US,10.09,2,4.6,28,9.0,0,DBROTH,"Patio, Lawn & Garden",Large Standard-Size,FBA,9.45 x 3.23 x 3.86 in,0.68,,"Jan 13, 2026",,No,4.0,DBROTH,plug in fly trap
117.0,"Flowtron Indoor Plug-in Fly Trap, 9W UV Light Electric Insect Trap with Adhesive Board – Silent Mosquito, Gnat & Fruit Fly Catcher, 375 Sq Ft Coverage (Black)",B0GDJL6DW5,Electric Traps,https://www.amazon.com/dp/B0GDJL6DW5?psc=1,https://m.media-amazon.com/images/I/71Hgy6h0OSL._AC_SY355_.jpg,Flowtron,29.99,62,62,,"1,865.74","1,864.98",158,"78,298",US,9.1,2,4.7,28,9.0,0,DBROTH,"Patio, Lawn & Garden",Large Standard-Size,FBA,9.37 x 3.35 x 4.02 in,0.67,,"Jan 5, 2026",,No,4.0,DBROTH,plug in fly trap
37.0,"Flowtron Indoor Bug Zapper: 3000V Electric Insect Killer & Mosquito Trap - 800 Sq Ft Coverage - 20W Dual UV Light Fly Zapper for Kitchen, Bedroom, RV & Restaurant - Safe Gnat & Moth Killer",B0FRT13D6N,Electric Traps,https://www.amazon.com/dp/B0FRT13D6N?psc=1,https://m.media-amazon.com/images/I/71jPfyOPsuL._AC_SY355_.jpg,Flowtron,59.99,132,132,100,"7,900.02","7,899.91",188,"34,089",US,17.47,2,4.5,36,9.0,0,DBROTH,"Patio, Lawn & Garden",Large Standard-Size,FBA,16.38 x 3.35 x 10.87 in,3.7,,"Oct 17, 2025",,No,7.0,DBROTH,flying insect trap
130.0,"Fly Away Indoor Fly Trap Plug-in (2 Pack) with 6 Refills – Catches Fruit Flies, Gnats & Small Flying Insects – Silent, Non-Toxic Sticky Trap with UV Light",B0F9M4BY3H,Electric Traps,https://www.amazon.com/dp/B0F9M4BY3H?psc=1,https://m.media-amazon.com/images/I/615mT9iOolL._AC_SY355_.jpg,Fly Away Product,18.49,93,93,,"1,427.21","1,426.20",154,"182,846",US,6.86,1,4.2,31,8.0,2,Fly Away Product,"Patio, Lawn & Garden",Large Standard-Size,FBA,4.57 x 2.99 x 3.19 in,0.4,,"May 24, 2025",,No,12.0,Fly Away Product,plug in fly trap
130.0,"Fly Away Fruit Fly Liquid Lure - Trap Fruit Flies Fast. Safe Around Food. Fruit Fly Trap Indoor Bait for Kitchens, Restaurants, and Bars. Use Alone or as Refill for Fly Away Fruit Fly Trap Kit (12 oz)",B0CJ3Z5TKN,Lure,https://www.amazon.com/dp/B0CJ3Z5TKN?psc=1,https://m.media-amazon.com/images/I/71s7GjMv5NL._SX342_.jpg,Fly Away Product,13.49,804,804,500,"10,845.37","10,837.20",200,"15,873",US,6.62,1,4.4,314,9.0,15,Fly Away Product,"Patio, Lawn & Garden",Large Standard-Size,FBA,7.24 x 1.97 x 2.01 in,0.86,,"Oct 19, 2023",,No,31.0,Fly Away Product,fruit fly trap
38.0,"Fruit Fly Traps for Indoors, Smart Fly Trap Indoor Bug Zapper Gnat Traps for House Indoor with Temperature and Humidity Sensor, 10PCS Sticky Boards Black 01",B0GX5TCYZJ,Electric Traps,https://www.amazon.com/dp/B0GX5TCYZJ?psc=1,https://m.media-amazon.com/images/I/81QWI8fIRxL._AC_SY355_.jpg,Fooxem,35.99,276,276,,"11,850.71","11,850.70",156,"4,339",,11.71,2,4.0,51,8.0,0,Kiro Inc,"Patio, Lawn & Garden",Large Standard-Size,FBA,9.45 x 5.91 x 5.91 in,1.54,,"May 8, 2026",,No,0.0,Kiro Inc,flying insect trap | fruit fly trap
50.0,"Forhimn Fly Trap Indoor, 2 Plug-in Fly Catchers with 6 Glue Card Refills, Fruit Fly & Gnat Trap for Home, Sticky Flying Insect Trap for Flies, Moths, Safe & Mess-Free",B0GZNW5NKN,Electric Traps,https://www.amazon.com/dp/B0GZNW5NKN?psc=1,https://m.media-amazon.com/images/I/61Y9jMaeXXL._AC_SY355_.jpg,Forhimn,29.99,561,102,,"7,001.41","3,071.78",166,"5,239",US,8.85,1,4.8,103,7.0,15,ZHENG YU INC,"Patio, Lawn & Garden",Large Standard-Size,FBA,5.87 x 3.86 x 4.33 in,0.58,,"May 9, 2026",,No,0.0,ZHENG YU INC,plug in fly trap
63.0,"2 Packs Bug Zapper Indoor, Electronic Mosquitoes Killer Zapper with Blue Lights for Living Room, Baby Room, Kitchen, Bedroom(0518)",B0GWZWJZRW,Electric Traps,https://www.amazon.com/dp/B0GWZWJZRW?psc=1,https://m.media-amazon.com/images/I/71TWVHQ92sL._AC_SY355_.jpg,Forhimn,29.99,212,212,"2,000","6,364.57","6,362.44",130,"17,774",US,8.59,1,2.7,13,8.0,,ZHENG YU INC,"Patio, Lawn & Garden",Large Standard-Size,MFN,5.12 x 2.64 x 3.31 in,0.28,,"Apr 29, 2026",,No,1.0,ZHENG YU INC,flying insect trap
25.0,"Bug Zapper Indoor, Electronic Fly Trap Insect Killer, Mosquitoes Killer Mosquito Zapper with Blue Lights for Living Room, Home, Kitchen, Bedroom, Baby Room, Office(2 Packs)",B0H234WWWQ,Electric Traps,https://www.amazon.com/dp/B0H234WWWQ?psc=1,https://m.media-amazon.com/images/I/71TWVHQ92sL._AC_SY355_.jpg,Forhimn,24.99,"2,154",0,,"67,007.75",0,172,"17,145",US,7.84,1,5.0,147,,0,ZHENG YU INC,"Patio, Lawn & Garden",Large Standard-Size,,5.13 x 2.64 x 3.31 in,0.29,,,,No,,ZHENG YU INC,flying insect trap
46.0,"Fruit Fly BarPro – 4 Month Protection Against Flies, Cockroaches, Mosquitos & Other Pests – Non-Toxic & Portable for Indoor & Outdoor Use",B009D17Z5U,Passive attractor,https://www.amazon.com/dp/B009D17Z5U?psc=1,https://m.media-amazon.com/images/I/8178mxxgqKL._SX342_.jpg,Fruit Fly BarPro,11.99,"2,314","2,087","1,000","44,526.18","25,006.06",137,"2,544",US,5.12,1,3.8,"11,511",6.0,"1,367",BarPro Solutions,"Patio, Lawn & Garden",Small Standard-Size,FBA,8.70 x 0.47 x 3.50 in,0.07,,"Sep 18, 2012",,No,164.0,BarPro Solutions,fruit fly trap
119.0,"FlyWeb - Fruit Fly Traps for Indoors, Gnat Traps for House Indoor - Made in USA, Fruit Fly Killer, Non Bug Zapper Indoor, Plug in Bug Catcher, Bug Light, UV Light, Gardner (Black)",B0C6XZ35Q8,Electric Traps,https://www.amazon.com/dp/B0C6XZ35Q8?psc=1,https://m.media-amazon.com/images/I/612PlWwGsJL._AC_SX342_.jpg,Gardner,39.99,262,57,,"10,475.18","2,273.31",179,"42,254",US,11.29,1,4.0,"3,898",6.0,0,TIFFAND GOODS,"Patio, Lawn & Garden",Large Standard-Size,FBA,11.14 x 2.95 x 3.74 in,1.06,,"Jun 10, 2023",,No,35.0,TIFFAND GOODS,plug in fly trap
62.0,"Garsum Fruit Fly Sticky Trap for Indoor and Outdoor, 36 Pack Fungus Gnat Killer for Houseplant, Mosquitos, Flying Insect, White Flies",B07ZSC4CK1,Sticky Traps,https://www.amazon.com/dp/B07ZSC4CK1?psc=1,https://m.media-amazon.com/images/I/713fAz77HvL._AC_SY355_.jpg,Garsum,7.99,"5,023","2,642","1,000","41,618.23","21,084.67",133,"2,441",US,3.76,1,4.4,"54,706",9.0,,Dycoe Inc,"Patio, Lawn & Garden",Small Standard-Size,FBA,7.64 x 0.63 x 5.47 in,0.32,,"Oct 31, 2019",,No,79.0,Dycoe Inc,fruit fly trap
71.0,"Bug Zapper Outdoor, Mosquito Zapper 3 in 1 Rechargeable Bug Zapper Outdoor with 5000mAh Battery & LED Night Light, 4000V Electric Fly Zapper for Outside, Patio, Backyard, Garden Black",B0GRYMSYKW,Electric Traps,https://www.amazon.com/dp/B0GRYMSYKW?psc=1,https://m.media-amazon.com/images/I/81pDRxOFo2L._AC_SX355_.jpg,GARUTED,35.99,"1,539","1,261",800,"88,738.09","75,647.24",183,585,US,6.86,2,4.9,45,8.0,8,You Kang,"Patio, Lawn & Garden",Large Standard-Size,FBA,10.59 x 5.79 x 5.79 in,1.59,,"Apr 23, 2026",,No,1.0,You Kang,flying insect trap
84.0,"GATCH Fruit Fly Trap (3 Pack), Fly Stick for Mosquitoes, Sticky Trap for Flies Gnats Wasp Flying Insects, Bug Catcher, Indoor or Outdoor Use, Ready to Use Home",B0CPBHB4RS,Sticky Traps,https://www.amazon.com/dp/B0CPBHB4RS?psc=1,https://m.media-amazon.com/images/I/81uv7TFuVzL._AC_SY355_.jpg,GATCH,15.99,603,433,200,"14,270.91","6,916.01",159,"37,024",US,7.97,2,4.2,"1,082",7.0,5,"RKMM, INC.","Patio, Lawn & Garden",Large Standard-Size,MFN,10.59 x 2.60 x 8.43 in,0.49,,"Jan 9, 2024",,No,28.0,"RKMM, INC.",fruit fly trap
72.0,"GeckoMan Hybrid Spectrum, Dusk-to-Dawn Bug Zapper Outdoor Bug Zapper Indoor Mosquito Repellent Outdoor Patio Mosquito Zapper Fly Zapper Fruit Fly Trap for Indoors Killer with Light Sensor",B0C3TCCMDT,Electric Traps,https://www.amazon.com/dp/B0C3TCCMDT?psc=1,https://m.media-amazon.com/images/I/71iZkdnoBJL._AC_SY355_.jpg,GeckoMan,39.99,"1,345",451,200,"55,586.82","18,034.01",187,"6,674",US,13.52,1,4.4,"1,931",7.0,26,GeckoMan LLC,"Patio, Lawn & Garden",Large Standard-Size,FBA,9.53 x 6.38 x 6.42 in,1.9,,"Jul 25, 2023",,No,34.0,GeckoMan LLC,flying insect trap
117.0,REENSTRIKE 2-Pack Fruit Fly Traps for Indoors use. 120 Days Solution – Gnat Trap and Effective Fruit Fly Trap – Easy to Use – Best for Kitchen – Dining Areas - Reusable,B0B7SJ863F,Lure,https://www.amazon.com/dp/B0B7SJ863F?psc=1,https://m.media-amazon.com/images/I/617-sU0TG-L._SX342_.jpg,GreenStrike,9.58,9,9,,93.27,93.14,168,"141,494",AMZ,5.35,1,3.3,"1,097",11.0,0,Amazon,"Patio, Lawn & Garden",Large Standard-Size,AMZ,7.01 x 2.48 x 6.06 in,0.29,,"Oct 5, 2022",,No,43.0,Amazon,fruit fly trap
11.0,"Indoor Bug Zapper, 20W Insect Killer & Mosquito Trap with UV Light, 3-Lamp Electric Fly Zapper for Home, Kitchen, Bedroom & RV",B0GT5194ZD,Electric Traps,https://www.amazon.com/dp/B0GT5194ZD?psc=1,https://m.media-amazon.com/images/I/71NAUkwmR-L._AC_SY355_.jpg,Handylit,37.99,216,216,,"8,054.87","8,054.78",126,"8,471",,12.86,1,5.0,3,7.0,0,Bruvacs Essentials,"Patio, Lawn & Garden",Large Standard-Size,FBA,14.61 x 3.31 x 10.35 in,2.01,,"May 2, 2026",,No,0.0,Bruvacs Essentials,flying insect trap
60.0,"Bug Zapper 15W for Outdoor and Indoor, High Powered 4000V Electric Mosquito Zappers, Mosquito Killer, Electronic Mosquitoes Light Bulb Lamp for Home Backyard Patio",B08H1KQRSR,Electric Traps,https://www.amazon.com/dp/B08H1KQRSR?psc=1,https://m.media-amazon.com/images/I/71LY0TOWKUL._AC_SY355_.jpg,Homesuit,24.63,166,166,100,"4,799.37","4,797.59",163,"44,029",US,11.96,1,4.2,"5,022",8.0,,Artman Direct USA Store,"Patio, Lawn & Garden",Large Standard-Size,FBA,12.01 x 5.83 x 5.83 in,1.74,,"Oct 15, 2020",,No,67.0,Artman Direct USA Store,flying insect trap
105.0,"Hot Shot Flying Insect Trap, Discreet, Hassle-Free Trap Attracts, Captures House and Fruit Flies, 24/7 Continuous Attraction, No Plug-in Or Electricity Needed, 6 Count 984ml Each",B0DGWQV8GK,Lure,https://www.amazon.com/dp/B0DGWQV8GK?psc=1,https://m.media-amazon.com/images/I/71RAhcOIbLL._AC_SY355_.jpg,HOT SHOT,12.73,"4,259","4,259","3,000","64,407.15","64,364.44",178,"1,118",AMZ,6.99,1,2.6,"2,107",13.0,42,Amazon,"Patio, Lawn & Garden",Large Standard-Size,AMZ,7.68 x 1.93 x 3.35 in,0.44,,"Sep 13, 2024",,No,20.0,Amazon,plug in fly trap | fruit fly trap
135.0,"Bug Zapper Indoor, Fly Traps, Flying Insects, Electronic Insect Killer Fly Insect Trap Plug-in Mosquitoes Killer Mosquito Zapper with Blue Lights for Living Room, Kitchen, Bedroom (2Packs)",B0FGNTGF4M,Electric Traps,https://www.amazon.com/dp/B0FGNTGF4M?psc=1,https://m.media-amazon.com/images/I/612Bl1EDHFL._AC_SY355_.jpg,HTTLLH,19.99,9,9,50,186.56,171.98,188,"111,448",US,6.9,1,3.5,154,7.0,0,Amos International inc.,"Patio, Lawn & Garden",Large Standard-Size,FBA,5.04 x 2.60 x 3.23 in,0.29,,"Aug 23, 2025",,No,9.0,Amos International inc.,plug in fly trap
39.0,"2 Flying Insect Traps & 2 Cartridges - Compatible with Refill - Plug in Fruit Fly Trap for Indoor - Bug Catcher for Gnats, House & Fruit Flies - Use in Any Room (2 Device & 2 Cartridges)",B0CZ68FHZP,Electric Traps,https://www.amazon.com/dp/B0CZ68FHZP?psc=1,https://m.media-amazon.com/images/I/71oR0YP7YOL._AC_SY355_.jpg,Husaco,26.99,"1,685","1,293",600,"40,324.20","36,312.11",186,361,US,8.81,1,4.2,"3,344",7.0,2,HIPPOPOTAMUSTRADING,"Patio, Lawn & Garden",Large Standard-Size,FBA,7.17 x 3.35 x 4.65 in,0.62,,"Apr 27, 2024",,No,25.0,HIPPOPOTAMUSTRADING,plug in fly trap
70.0,"4 Pack Plug in Bug Zapper Indoor Flying Insect Trap, Electronic Mosquito Zapper Gnat Traps with LED Light for Patio, Bedroom, Kitchen, Office",B0DSHVQ3S6,Electric Traps,https://www.amazon.com/dp/B0DSHVQ3S6?psc=1,https://m.media-amazon.com/images/I/81LlR7QaXAL._AC_SY355_.jpg,Hywean zapper,19.99,38,38,,690.16,689.69,141,"118,097",US,7.35,1,2.8,35,8.0,0,YOUMWE20,"Patio, Lawn & Garden",Large Standard-Size,FBA,6.69 x 2.91 x 5.31 in,0.57,,"Feb 28, 2026",,No,3.0,YOUMWE20,plug in fly trap | flying insect trap
42.0,"2 Pack Plug in Bug Zapper Indoor Flying Insect Trap, Electronic Mosquito Zapper Gnat Traps with LED Light for Patio, Bedroom, Kitchen, Office",B0GX63294T,Electric Traps,https://www.amazon.com/dp/B0GX63294T?psc=1,https://m.media-amazon.com/images/I/71iA8UxSbGL._AC_SX355_.jpg,Hywean zapper,15.99,127,127,300,"2,034.73","2,033.42",141,"99,850",US,6.49,1,3.0,4,8.0,,YOUMWE20,"Patio, Lawn & Garden",Large Standard-Size,FBA,5.24 x 2.87 x 3.39 in,0.29,,"Apr 26, 2026",,No,1.0,YOUMWE20,flying insect trap
45.0,"6 Pack Plug in Bug Zapper Indoor Flying Trap Indoor, Electronic Mosquito Zappers Gnat Zapper with LED Light for Patio, Bedroom, Kitchen",B0DPMHZ6Z1,Electric Traps,https://www.amazon.com/dp/B0DPMHZ6Z1?psc=1,https://m.media-amazon.com/images/I/81v05FYEaqL._AC_SY355_.jpg,Hywean Zapper,27.99,56,56,,"1,343.51","1,342.86",135,"313,800",US,10.32,1,2.5,12,8.0,0,YOUMWE20,"Patio, Lawn & Garden",Large Standard-Size,FBA,9.72 x 2.83 x 5.20 in,0.84,,"Mar 26, 2026",,No,2.0,YOUMWE20,flying insect trap
133.0,"Flying Insect Trap Indoor, Light Fly Trap Captures Flies, Fruit Flies, Gnats, Moths, Mosquito and Other Flying Houseflies(1 Plug-in Device + 3 Pair Refills)",B0F48LCWKM,Electric Traps,https://www.amazon.com/dp/B0F48LCWKM?psc=1,https://m.media-amazon.com/images/I/71VAxpvkBiL._AC_SY355_.jpg,ILCPP,12.85,174,46,,"2,375.92",632.51,156,"50,939",AMZ,6.78,1,3.9,498,7.0,0,Amazon,"Patio, Lawn & Garden",Large Standard-Size,AMZ,4.61 x 1.61 x 3.23 in,0.24,,"May 1, 2025",,No,12.0,Amazon,plug in fly trap
132.0,"Bug Zapper Indoor Fly Trap Plug-in Flying Insect Catcher for Gnats Moths Fruit Flies & Mosquitoes UV Light Sticky Bug Killer for Home, Kitchen, Plants Non-Toxic & Silent (1 Device + 3 Refills)",B0F8P68NLV,Electric Traps,https://www.amazon.com/dp/B0F8P68NLV?psc=1,https://m.media-amazon.com/images/I/61b796YZIrL._AC_SY355_.jpg,imio,18.88,6,2,,74.29,42.99,192,"459,184",US,6.92,1,4.0,41,8.0,0,PROBOX Store,"Patio, Lawn & Garden",Large Standard-Size,FBA,6.54 x 2.64 x 4.02 in,0.37,,"Jun 19, 2025",,No,11.0,PROBOX Store,plug in fly trap
51.0,"Gnat Traps for House Indoor HU002 Plug-in Fly Trap Indoor, Electric Gnat Killer Indoor Catcher Flying Insect Trap with Night Light UV Attractant Catcher for Bedroom, Kitchen, Office (1 Pack, White)",B0BZ46BRG3,Electric Traps,https://www.amazon.com/dp/B0BZ46BRG3?psc=1,https://m.media-amazon.com/images/I/61GuxaW1J-L._AC_SY355_.jpg,INRAGEO,9.99,280,110,50,"3,556.25","1,099.47",197,"34,325",US,4.8,1,4.0,"1,305",6.0,,HIPPOPOTAMUSTRADING,"Patio, Lawn & Garden",Large Standard-Size,FBA,6.18 x 2.64 x 5.63 in,0.37,,"May 5, 2023",,No,36.0,HIPPOPOTAMUSTRADING,plug in fly trap
55.0,"Greenway Traps Fruit Fly Trap, Indoor and Kitchen, Reduces Fruit Fly Infestations, Non-Toxic, Long-Lasting, 1 Pack (Includes 2 Traps)",B00PYF0146,Lure,https://www.amazon.com/dp/B00PYF0146?psc=1,https://m.media-amazon.com/images/I/81MIH1AspHL._AC_SY355_.jpg,Insects Limited,15.76,29,29,,448.84,448.55,133,"148,473",AMZ,6.03,3,3.6,483,8.0,0,Amazon,"Patio, Lawn & Garden",Large Standard-Size,AMZ,3.98 x 1.54 x 2.99 in,0.11,,"Nov 17, 2015",,No,126.0,Amazon,fruit fly trap
136.0,"Indoor Plug-in Flying Insect Trap, Gnat & Fruit Fly Traps for House Indoor, (2 Device + 10 Refills) Non-Toxic UV Light Fly Trap, Gnat Killer Bug Catcher for Flies, Gnats & Moths - White",B0DZ6HYDRF,Electric Traps,https://www.amazon.com/dp/B0DZ6HYDRF?psc=1,https://m.media-amazon.com/images/I/61VD5dISd3L._AC_SY355_.jpg,JNKNT,24.99,27,2,,418.08,44.72,185,"152,634",US,7.7,1,4.8,20,7.0,0,GreenWarm Co.,"Patio, Lawn & Garden",Large Standard-Size,FBA,4.69 x 2.68 x 3.19 in,0.46,,"Apr 1, 2026",,No,1.0,GreenWarm Co.,plug in fly trap
127.0,"ZendoZones Fruit Fly Traps with Zendo Lure, 2-Pack Joyful Janet & Tranquil Tabitha with Plastic White Base, Refillable and Reusable (1820-SS)",B0BKHB35LQ,Lure,https://www.amazon.com/dp/B0BKHB35LQ?psc=1,https://m.media-amazon.com/images/I/51ziuV1iFLL._AC_SY355_.jpg,JT Eaton,7.75,285,285,100,"2,212.21","2,212.07",141,"36,175",AMZ,5.65,12,3.6,86,1.0,6,Amazon,"Patio, Lawn & Garden",Large Standard-Size,AMZ,5.51 x 3.23 x 4.92 in,0.33,,"Jan 19, 2023",,No,40.0,Amazon,fruit fly trap
114.0,"JT Eaton Home Pest Control Trap - Eco-Friendly Indoor Fruit Fly Trap, Decorative, Tranquil Tabitha - 5.5 x 3.15 x 4.65 in - Plastic",B0BKH945MP,Lure,https://www.amazon.com/dp/B0BKH945MP?psc=1,https://m.media-amazon.com/images/I/71ykERmkHVL._AC_SX355_.jpg,JT Eaton,13.12,54,54,,526.29,525.75,131,"145,670",US,7.1,14,3.6,211,5.0,0,Hearthshire,"Patio, Lawn & Garden",Large Standard-Size,MFN,11.69 x 3.15 x 5.00 in,0.35,,"Jan 19, 2023",,No,40.0,Hearthshire,fruit fly trap
122.0,"Katchy Plug-in Bug Trap Indoor – Fly Catcher for Mosquito, Gnat, Fruit Fly & Small Moth – Blue Light, Chemical-Free & Eco-Friendly – All Indoor Areas: Kitchen, Living Room & Plants (1 Pack)",B0CPJ37XZH,Electric Traps,https://www.amazon.com/dp/B0CPJ37XZH?psc=1,https://m.media-amazon.com/images/I/81E+UIl7eEL._AC_SY355_.jpg,KATCHY,16.99,"5,221",716,,"166,758.47","12,149.24",189,"2,202",US,6.28,1,4.0,"5,641",9.0,"24,583",Katchy Stores,"Patio, Lawn & Garden",Large Standard-Size,FBA,3.90 x 2.44 x 3.27 in,0.24,,"May 10, 2024",,No,24.0,Katchy Stores,plug in fly trap
70.0,"Katchy Duo – Indoor Flying Insect Trap with Scent Pod – Day & Night Effective – Mosquito, Fruit Fly, Gnat & Small Moth Catcher – Non-Zapper Trap with Blue UV Light & Fan Suction (Black)",B08TKG5M4S,Electric Traps,https://www.amazon.com/dp/B08TKG5M4S?psc=1,https://m.media-amazon.com/images/I/81YYpLqwxZL._AC_SY355_.jpg,KATCHY,49.99,"5,221","1,691",900,"166,758.47","84,528.17",185,"2,200",US,13.21,1,4.0,"5,641",9.0,"108,694",Katchy Stores,"Patio, Lawn & Garden",Large Standard-Size,FBA,9.09 x 5.35 x 5.39 in,1.41,,"Jan 28, 2021",,No,64.0,Katchy Stores,flying insect trap
118.0,"Katchy Original and Midnight Glue Board Refills (8 Pack) - Indoor Insect Trap Glue Board Refills for Mosquito, Gnat, Moth, Fruit Flies - Non-Zapper Traps for Buzz-Free Home",B07GKG19MV,Electric Traps,https://www.amazon.com/dp/B07GKG19MV?psc=1,https://m.media-amazon.com/images/I/61ktgP4+msL._AC_SY355_.jpg,KATCHY,10.99,"4,083","2,585","2,000","47,956.44","28,385.87",172,"1,548",US,4.97,1,4.5,"23,848",8.0,,Katchy Stores,"Patio, Lawn & Garden",Small Standard-Size,FBA,4.27 x 0.28 x 4.21 in,0.07,,"Sep 14, 2018",,No,92.0,Katchy Stores,fruit fly trap
138.0,"Katchy Duo – Indoor Fly Trap with Scent Pod – Day & Night Effective – Mosquito, Fruit Fly, Gnat & Small Moth Killer – Non-Zapper Trap with UV Bug Light & Fan Suction (White)",B08Y65R582,Electric Traps,https://www.amazon.com/dp/B08Y65R582?psc=1,https://m.media-amazon.com/images/I/81tchWp1yTL._AC_SY355_.jpg,KATCHY,54.99,"5,221",124,,"166,758.47","6,836.84",173,"2,200",US,5.99,1,4.0,"5,641",9.0,"113,692",Katchy Stores,"Patio, Lawn & Garden",Large Standard-Size,FBA,9.17 x 5.35 x 5.35 in,1.39,,"Apr 19, 2021",,No,61.0,Katchy Stores,fruit fly trap
120.0,"Kensizer 20-Pack Fruit Fly Trap, Yellow Sticky Gnat Traps Killer for Indoor/Outdoor Flying Plant Insect Like Fungus Gnats, Whiteflies, Aphids, Leaf Miners - 6x8 in, Twist Ties Included",B07KRRJT5J,Sticky Traps,https://www.amazon.com/dp/B07KRRJT5J?psc=1,https://m.media-amazon.com/images/I/71QTcohByvL._AC_SY355_.jpg,Kensizer,8.09,"1,994","1,345","1,000","18,392.73","10,881.85",184,"4,528",US,5.07,1,4.4,"19,110",8.0,,Kensizer Inc,"Patio, Lawn & Garden",Small Standard-Size,FBA,8.11 x 0.55 x 6.10 in,0.6,,"Nov 22, 2018",,No,90.0,Kensizer Inc,fruit fly trap
70.0,"Fruit Fly Trap & Fungus Gnat Traps 40 Pack – Yellow Sticky Gnat Traps for House Indoor & Outdoor Plants, Non-Toxic and Odorless Insect Bug Catcher",B0F8HDZFQM,Sticky Traps,https://www.amazon.com/dp/B0F8HDZFQM?psc=1,https://m.media-amazon.com/images/I/71tvRNir7AL._AC_SY355_.jpg,Kikalife,6.99,"10,591","10,591","7,000","74,030.62","73,924.61",146,801,US,3.61,1,4.5,756,9.0,95,KikaLife,"Patio, Lawn & Garden",Small Standard-Size,FBA,5.91 x 0.71 x 5.47 in,0.35,,"Aug 16, 2025",,No,9.0,KikaLife,fruit fly trap
52.0,"2 Pack 3 in 1 Bug Zapper USB Rechargeable Mosquito Killer Portable Waterproof Mosquito Repellent Outdoor Indoor LED Lantern Bug Zapper Camp Light SOS Emergency Light for Home, Backyard (2, Black)",B09ZQR8WQD,Electric Traps,https://www.amazon.com/dp/B09ZQR8WQD?psc=1,https://m.media-amazon.com/images/I/817EZeb4jKL._AC_SY355_.jpg,Kittmip,27.99,502,367,200,"14,053.26","10,282.05",195,"17,279",US,9.35,1,4.0,434,7.0,5,SwayDot,"Patio, Lawn & Garden",Large Standard-Size,FBA,8.35 x 3.94 x 4.72 in,0.95,,"May 9, 2022",,No,48.0,SwayDot,flying insect trap
103.0,"Flying Insect Trap Indoor - Plug-in Fly Catcher and Killers Includes Refills for House Flies, Fruit Flies, Gnats, Cover up to 800 ft², Off-White, 1 Trap + 4 Refills",B0DLNXSHN5,Electric Traps,https://www.amazon.com/dp/B0DLNXSHN5?psc=1,https://m.media-amazon.com/images/I/71XHcIoOoTL._AC_SY355_.jpg,kiwinurse,19.99,10,10,,193.71,193.6,164,"51,881",US,8.08,1,3.9,724,7.0,9,Kiwinurse,"Patio, Lawn & Garden",Large Standard-Size,FBA,4.92 x 1.42 x 3.43 in,0.26,,"Feb 9, 2025",,No,15.0,Kiwinurse,plug in fly trap | fruit fly trap
48.0,Fruit Fly Traps Indoor Fungus Gnat Trap 48PCS for Plants Yellow Houseplants Outdoor Use Insect Sticky,B0B3RJ9JFM,Sticky Traps,https://www.amazon.com/dp/B0B3RJ9JFM?psc=1,https://m.media-amazon.com/images/I/71VC1ZHz82L._AC_SY355_.jpg,Landisun,5.19,"13,298","8,139","8,000","85,949.44","44,615.83",101,357,US,3.43,1,4.3,"15,591",9.0,126,JPMOS,"Patio, Lawn & Garden",Small Standard-Size,FBA,7.83 x 0.59 x 5.16 in,0.35,,"Jun 19, 2022",,No,47.0,JPMOS,fruit fly trap
30.0,"LFSYS 2 Pcs Fruit Fly Traps for Indoors (2 Device+10 Refills) Plug in UV Light Fly Trap for Gnats, Fruit Flies, Flying Insects Sleek Design Indoor Safe",B0D795SPZD,Electric Traps,https://www.amazon.com/dp/B0D795SPZD?psc=1,https://m.media-amazon.com/images/I/71TMuFeN1sL._AC_SY355_.jpg,LFSYS,14.39,"14,138","4,692","3,000","179,556.84","72,402.69",151,125,US,6.25,1,4.4,"2,451",6.0,160,us-garden life,"Patio, Lawn & Garden",Large Standard-Size,FBA,4.21 x 1.85 x 3.23 in,0.33,,"Jul 1, 2024",,No,22.0,us-garden life,plug in fly trap | fruit fly trap
116.0,"LFSYS 3 Pcs Fruit Fly Traps for Indoors (3 Device+18 Refills) Plug in Fly Trap for Gnats, Fruit Flies, Flying Insects Sleek Design Indoor Safe",B0FLTM5DJ6,Electric Traps,https://www.amazon.com/dp/B0FLTM5DJ6?psc=1,https://m.media-amazon.com/images/I/715AtOPOQdL._AC_SY355_.jpg,LFSYS,23.99,93,93,50,"2,394.62","2,393.56",142,"106,729",US,4.09,1,4.5,70,6.0,0,us-garden life,"Patio, Lawn & Garden",Large Standard-Size,FBA,4.37 x 2.64 x 3.19 in,0.07,,"Oct 14, 2025",,No,7.0,us-garden life,plug in fly trap | fruit fly trap
59.0,"LFSYS Fruit Fly Traps for Indoors (1 Device+10 Refills) Plug in Fly Trap for Gnats, Fruit Flies, Flying Insects Sleek Design Indoor Safe",B0DJ2H3BRB,Electric Traps,https://www.amazon.com/dp/B0DJ2H3BRB?psc=1,https://m.media-amazon.com/images/I/71l4Ev-4FDL._AC_SY355_.jpg,LFSYS,8.99,"14,138","8,095","5,000","179,556.84","78,132.25",136,124,US,4.36,1,4.4,"2,461",6.0,160,us-garden life,"Patio, Lawn & Garden",Large Standard-Size,FBA,4.17 x 1.85 x 3.19 in,0.22,,"Oct 20, 2024",,No,19.0,us-garden life,flying insect trap | fruit fly trap
102.0,"LFSYS 50 Pack Window Fly Trap, Fruit Fly Traps for Indoors, Fly Paper Sticky Strips, Fly Traps for Indoors Clear",B09GVVTZ2M,Sticky Traps,https://www.amazon.com/dp/B09GVVTZ2M?psc=1,https://m.media-amazon.com/images/I/61FD64ZAg3L._AC_SY355_.jpg,LFSYS,13.99,"16,318","10,513","6,000","235,955.98","143,818.26",112,256,US,5.76,1,4.7,"7,605",7.0,113,us-garden life,"Patio, Lawn & Garden",Small Standard-Size,FBA,8.47 x 0.75 x 3.19 in,0.43,,"Dec 27, 2021",,No,53.0,us-garden life,fruit fly trap
85.0,"LiBa Fly Trap Indoor for Home, Plug-in Flying Insect Trap for Flies, Fruit Flies, Moths, Gnats, Mosquito Killer Insect Catcher Fly Tapper with 3 Refill Glue Cards for Home Office",B0CT8CT13H,Electric Traps,https://www.amazon.com/dp/B0CT8CT13H?psc=1,https://m.media-amazon.com/images/I/61G9JhHOhaL._AC_SY355_.jpg,LiBa,9.99,789,638,200,"7,278.37","6,364.51",178,"18,179",US,4.41,2,3.8,"1,182",7.0,0,LiBa,"Patio, Lawn & Garden",Large Standard-Size,FBA,4.02 x 1.26 x 2.99 in,0.15,,"Apr 11, 2024",,No,25.0,LiBa,plug in fly trap | fruit fly trap
18.0,"LiBa Electric Bug Zapper, Indoor Insect Killer - (2) Extra Replacement Bulbs - Fly, Mosquito Killer and Repellent - Lightweight, Powerful 2800V Grid, Easy-to-Clean, with a Removable Washable Tray.",B01N5TCXWM,Electric Traps,https://www.amazon.com/dp/B01N5TCXWM?psc=1,https://m.media-amazon.com/images/I/81kvAzHYZbL._AC_SY355_.jpg,LiBa,37.99,"1,873","1,410","1,000","72,658.42","59,300.32",196,"1,329",US,13.82,2,4.4,"15,656",9.0,6,LiBa,"Patio, Lawn & Garden",Large Standard-Size,FBA,15.79 x 4.01 x 12.38 in,4.25,,"Feb 22, 2017",,No,111.0,LiBa,flying insect trap
115.0,"LULUCATCH Fruit Fly Sticky Traps 12 Pcs, Yellow Sticky Trap, Non-Toxic Gnat Traps Insect Catcher, Super Sticky Fly Traps for Indoor Outdoor Kitchen White Flies Mosquitos Fungus Gnats Flying Insects",B097217VQZ,Sticky Traps,https://www.amazon.com/dp/B097217VQZ?psc=1,https://m.media-amazon.com/images/I/71VFL6GWWsL._AC_SY355_.jpg,LULUCATCH,3.99,"1,274",506,300,"8,597.40","2,020.81",197,"9,964",US,2.89,1,4.2,"1,130",7.0,22,LULUCATCH,"Patio, Lawn & Garden",Small Standard-Size,FBA,5.98 x 0.47 x 3.98 in,0.11,,"Feb 3, 2022",,No,51.0,LULUCATCH,fruit fly trap
140.0,"2026 Upgraded Bug Zapper Indoor Plug in, 6 Pack Mosquito Zapper Indoor Killer for Home, Electric Fly Trap & Fruit Fly Killer with UV Bug Light for Kitchen, Bedroom, Office, Baby Room",B0G7ZCDZ77,Electric Traps,https://www.amazon.com/dp/B0G7ZCDZ77?psc=1,https://m.media-amazon.com/images/I/718IcxIcu5L._AC_SY355_.jpg,Lycxbfjia,15.99,15,15,,291.36,291.11,182,"390,536",US,7.16,1,2.6,34,9.0,0,TMAK USA LOGISTICS LLC,"Patio, Lawn & Garden",Large Standard-Size,FBA,9.76 x 1.93 x 5.12 in,0.86,,"Mar 26, 2026",,No,2.0,TMAK USA LOGISTICS LLC,plug in fly trap
68.0,"2026 Upgraded Indoor Bug Zapper, Plug-in Mosquito Zapper for Home, Electric Fly Trap & Fruit Fly Killer, Small Insect Trap with LED Light for Living Room, Bedroom, Kitchen, Baby Room, 4-Pack",B0G7ZFZ6JS,Electric Traps,https://www.amazon.com/dp/B0G7ZFZ6JS?psc=1,https://m.media-amazon.com/images/I/71G0giWxPyL._AC_SY355_.jpg,Lycxbfjia,9.99,63,63,,642.79,642.06,190,"99,285",US,5.99,1,3.3,23,9.0,0,TMAK USA LOGISTICS LLC,"Patio, Lawn & Garden",Large Standard-Size,FBA,6.54 x 2.91 x 5.35 in,0.57,,"Mar 3, 2026",,No,2.0,TMAK USA LOGISTICS LLC,flying insect trap
135.0,"MaxGuard Window Fly Traps (24 XL Traps) Catch & Kill Houseflies, Flying Insects & Bugs. Non-Toxic Sticky Glue Traps Fly Killer Clear Strip Insect Catcher Safe No Zapping with Zapper |",B09TGTHLZT,Electric Traps,https://www.amazon.com/dp/B09TGTHLZT?psc=1,https://m.media-amazon.com/images/I/71GjMT68JnL._AC_SY355_.jpg,Maxguard,15.95,"1,651","1,263",800,"30,223.05","20,130.34",183,"6,959",US,3.53,1,4.4,"2,013",6.0,8,MAXGUARD USA,"Patio, Lawn & Garden",Small Standard-Size,FBA,8.66 x 0.55 x 5.35 in,0.4,,"Feb 26, 2022",,No,51.0,MAXGUARD USA,fruit fly trap
50.0,"Indoor Electric Bug Zapper, 2800V Powerful Flying Insect Mosquito Killer w/ 20W Blue Light Attract, Plug-in Pest Control Machine for Moth, Fruit Fly, Fungus Gnat, Garage Bug Catcher/Eliminator/Trap",B08CZG183C,Electric Traps,https://www.amazon.com/dp/B08CZG183C?psc=1,https://m.media-amazon.com/images/I/71N2POHDdbL._AC_SX355_.jpg,Micnaron,37.99,315,95,,"12,590.58","3,791.23",197,"85,270",US,13.38,1,4.1,249,7.0,,Micnaron LLC,"Patio, Lawn & Garden",Large Standard-Size,FBA,15.35 x 3.90 x 11.73 in,3.66,,"Sep 26, 2020",,No,68.0,Micnaron LLC,flying insect trap
68.0,Mosalogic Fruit Fly Traps for Indoors Gnat Trap for House Indoor-600 Sqft Protection Area UV Fly Insect Trapper for Fruit Flies，Gnats，Mosquito，and Other Flying Insect Plug-in Bug Killer White 2Pack,B0DLNGMDFG,Electric Traps,https://www.amazon.com/dp/B0DLNGMDFG?psc=1,https://m.media-amazon.com/images/I/81jyR75YVPL._AC_SY355_.jpg,mosalogic,29.59,"4,452",898,500,"70,220.92","26,583.55",197,"2,636",US,9.63,1,4.4,"2,032",7.0,27,Mosalogic LLC,"Patio, Lawn & Garden",Large Standard-Size,FBA,5.00 x 2.72 x 3.35 in,0.55,,"Feb 15, 2025",,No,15.0,Mosalogic LLC,plug in fly trap
124.0,Mosalogic Fly Insect Trap Plug-in Mosquito Killer Indoor Gnat Moth Catcher Fly Tapper with Night Light UV Attractant Catcher for Home Office White-2pack,B0BR4PZL74,Electric Traps,https://www.amazon.com/dp/B0BR4PZL74?psc=1,https://m.media-amazon.com/images/I/614KFUPdTxL._AC_SY355_.jpg,mosalogic,35.99,"1,137",171,100,"25,486.84","6,154.13",152,"33,548",US,10.48,2,3.9,"2,236",8.0,,Mosalogic LLC,"Patio, Lawn & Garden",Large Standard-Size,FBA,4.76 x 2.83 x 3.43 in,0.51,,"Mar 8, 2023",,No,38.0,Mosalogic LLC,plug in fly trap
60.0,"Mosiller Flying Insect Trap, Indoor Plug-in Fruit Fly Trap, Gnat Traps, 400 Total Sq Ft Protection, Suitable for Gnat, Moth, and Mosquito, and Can Used in Every Corner of Home - 1 Device +5 Glue Cards",B0GT92NZ8Y,Electric Traps,https://www.amazon.com/dp/B0GT92NZ8Y?psc=1,https://m.media-amazon.com/images/I/61QqcNGGQUL._AC_SY355_.jpg,Mosiller,9.99,266,271,100,"2,547.63","2,589.79",200,"39,642",US,,1,5.0,9,8.0,2,Jisoo Home,"Patio, Lawn & Garden",Large Standard-Size,FBA,4.69 x 2.52 x 3.70 in,0.26,,"Apr 18, 2026",,No,1.0,Jisoo Home,plug in fly trap
129.0,"Outdoor Fly Traps with Natural Fruit Fly Bait Refill, Reusable Fruit Flies Trap Jar for Fruit and Vegetable Garden(Only Catch Fruit Trees and Melon Vines Fly)",B0CRHDWK92,Lure,https://www.amazon.com/dp/B0CRHDWK92?psc=1,https://m.media-amazon.com/images/I/61Ou-tq7a3L._AC_SY355_.jpg,Moskiller,16.99,7,7,,126.73,126.55,158,"354,726",US,6.98,1,2.3,30,8.0,0,Moskillers,"Patio, Lawn & Garden",Large Standard-Size,FBA,6.57 x 3.74 x 3.82 in,0.35,,"Mar 22, 2024",,No,26.0,Moskillers,fruit fly trap
33.0,Fruit Fly Traps Fungus Gnat Traps Yellow Sticky Bug Traps 36 Pack No Harm and Odorless for Indoor Outdoor Use Protect The Plant,B08MZN1K2Y,Sticky Traps,https://www.amazon.com/dp/B08MZN1K2Y?psc=1,https://m.media-amazon.com/images/I/71ptN0iopNL._AC_SY355_.jpg,Mosqueda,5.98,"28,226","24,097","20,000","173,449.03","144,100.09",127,53,US,3.55,3,4.4,"31,836",8.0,367,Mosqueda BioCatch,"Patio, Lawn & Garden",Small Standard-Size,FBA,5.55 x 0.59 x 5.12 in,0.26,,"Nov 17, 2020",,No,66.0,Mosqueda BioCatch,fruit fly trap
56.0,"Ceramic Fruit Fly Trap for Indoors, Reusable Kitchen Fly Catcher with Stainless Steel Vent Lid, Uses Safe & Natural Vinegar Bait Trap, Dishwasher Safe, Easy to Use (White, 1 Pack)",B0G42LPRFN,Passive attractor,https://www.amazon.com/dp/B0G42LPRFN?psc=1,https://m.media-amazon.com/images/I/51n-u1PJdWL._AC_SY355_.jpg,Mysora,19.99,692,359,200,"15,682.03","7,170.90",179,"19,950",US,7.76,1,4.3,33,7.0,7,JUISYWELL,"Patio, Lawn & Garden",Large Standard-Size,FBA,4.37 x 4.02 x 4.02 in,0.75,,"Dec 18, 2025",,No,5.0,JUISYWELL,fruit fly trap
45.0,Natural Catch Fruit Fly Traps - 2 Traps,B004FDUHS8,Passive attractor,https://www.amazon.com/dp/B004FDUHS8?psc=1,https://m.media-amazon.com/images/I/71ooKTiA1LL._AC_SY355_.jpg,Natural Catch,17.34,132,132,50,"2,292.38","2,291.93",39,"73,589",AMZ,5.08,9,3.9,919,1.0,0,Amazon,"Patio, Lawn & Garden",Large Standard-Size,AMZ,6.26 x 2.24 x 4.80 in,0.22,,"Aug 18, 2012",,No,165.0,Amazon,fruit fly trap
115.0,"Fly Trap Indoor, Plug in Flying Insect Trap, Effective Fruit Fly Traps for Indoors, House Indoors Fly Trap for Fruit Flies, Gnats, Moths and Other Flying Houseflies(1 Device + 3 Pair of Glue Cards)",B0F12HSLX3,Electric Traps,https://www.amazon.com/dp/B0F12HSLX3?psc=1,https://m.media-amazon.com/images/I/610wFGW6ILL._AC_SY355_.jpg,Neyiok,12.49,74,74,,998.05,997.5,197,"104,718",AMZ,3.86,1,4.0,19,8.0,0,Amazon,"Patio, Lawn & Garden",Large Standard-Size,AMZ,4.61 x 1.65 x 3.27 in,0.22,,"Jun 5, 2025",,No,11.0,Amazon,plug in fly trap
134.0,"2 Plug-in Flying Insect Traps & 10 Refills, Effective Fly Trap for Indoor Use, Small Bug Catcher with Purple Light for Fruit Flies, Gnats, Moths and Mosquitoes",B0GRBP6129,Electric Traps,https://www.amazon.com/dp/B0GRBP6129?psc=1,https://m.media-amazon.com/images/I/71lfpK57iUL._AC_SY355_.jpg,NocheVacia,33.49,65,26,,"1,440.03",862.48,159,"68,832",US,9.36,1,4.1,23,,0,Blivonta,"Patio, Lawn & Garden",Large Standard-Size,,6.38 x 3.98 x 4.06 in,0.57,,"Apr 17, 2026",,No,1.0,Blivonta,plug in fly trap
36.0,"Indoor Bug Zappers, Fly Traps for Indoors, Insect Traps for Home Mosquito Killer for Kids & Pets, Home, Kitchen, Bedroom, Baby Room, Office (2 Packs)",B0H1LYMGH5,Electric Traps,https://www.amazon.com/dp/B0H1LYMGH5?psc=1,https://m.media-amazon.com/images/I/81gFEbkzmNL._AC_SY355_.jpg,NYATNO,25.99,382,1,,"13,529.88",29.64,149,"23,506",US,7.99,1,5.0,33,8.0,0,AVTAD LTD,"Patio, Lawn & Garden",Large Standard-Size,FBA,5.12 x 2.64 x 3.31 in,0.29,,"May 15, 2026",,No,0.0,AVTAD LTD,flying insect trap
54.0,"Ortho Home Defense Max Indoor Flying Insect Trap - Light Sticky Trap for House Flies, Fruit Flies, and Gnats, 1 Plug-in and 4 Refills",B0FQ8HRFC1,Electric Traps,https://www.amazon.com/dp/B0FQ8HRFC1?psc=1,https://m.media-amazon.com/images/I/715c32m1G0L._SX342_.jpg,Ortho,22.6,"29,058","1,568",700,"560,101.29","32,935.54",133,63,AMZ,7.74,1,4.0,236,10.0,37,Amazon,"Patio, Lawn & Garden",Large Standard-Size,AMZ,7.17 x 3.43 x 4.13 in,0.42,,"Nov 27, 2025",,No,6.0,Amazon,plug in fly trap | fruit fly trap
57.0,"Bug Zapper Outdoor & Indoor, Cordless Portable Mosquito Zapper with Rechargeable 4800mAh Battery & Auto On/Off, Mosquito Repellent Outdoor Patio, Electric Fly Trap for Camping, Kitchen, Backyard, Patio",B0GHNMJQ2C,Electric Traps,https://www.amazon.com/dp/B0GHNMJQ2C?psc=1,https://m.media-amazon.com/images/I/71oEA7ZhCJL._AC_SY355_.jpg,otlotrte,35.99,"1,151","1,285","1,000","47,933.60","54,651.83",201,"2,167",US,12.97,1,4.4,185,7.0,77,Otlotrte Pest Store,"Patio, Lawn & Garden",Large Standard-Size,FBA,11.15 x 6.65 x 6.65 in,1.38,,"Mar 11, 2026",,No,2.0,Otlotrte Pest Store,flying insect trap
52.0,"Pestie Fruit Fly Traps for Indoors – Indoor Fly Trap Plug in Light, Gnat Traps for House Indoor, Electric Bug Trap for Kitchen & Home, Plug-in Insect Trap for Fruit Flies (1 Device & 2 Cartridges)",B0F7J12119,Electric Traps,https://www.amazon.com/dp/B0F7J12119?psc=1,https://m.media-amazon.com/images/I/51C+esXpEAL._AC_SY355_.jpg,Pestie,29.99,152,17,,"5,856.93",516.37,196,"54,375",US,8.69,1,4.0,55,7.0,3,"Pestie, Inc.","Patio, Lawn & Garden",Large Standard-Size,FBA,6.69 x 2.87 x 4.72 in,0.64,,"May 23, 2025",,No,12.0,"Pestie, Inc.",plug in fly trap
131.0,"6 Pack Reusable Fruit Fly Trap, Non-Toxic Fruit Fly Catcher, Safe for Kids and Pets Fruit Fly Control, Trap for Alive Fruit Flies, Easy to Use for Kitchen, Home",B0F3HYFQ99,Passive attractor,https://www.amazon.com/dp/B0F3HYFQ99?psc=1,https://m.media-amazon.com/images/I/61+ijpwd49L._AC_SY355_.jpg,Pestoptek,12.99,149,149,100,"1,950.36","1,948.74",160,"49,491",US,6.71,1,3.8,189,6.0,6,Pestoptek,"Patio, Lawn & Garden",Large Standard-Size,FBA,6.18 x 3.54 x 5.91 in,0.53,,"May 2, 2025",,No,12.0,Pestoptek,fruit fly trap
96.0,"Flying Insect Trap Plug-in, Indoor Mosquito & Gnat Killer, Safe Non-Toxic UV Light Fly Catcher, Night Light Bug Trap with Sticky Pad for Flies, Gnats, Moths (2 Pack, Bright White)",B0FMRBSQ8G,Electric Traps,https://www.amazon.com/dp/B0FMRBSQ8G?psc=1,https://m.media-amazon.com/images/I/71aAbd0hHfL._AC_SY355_.jpg,Pestvanish,26.99,197,124,50,"4,830.83","3,349.03",179,"48,085",US,8.0,1,5.0,14,7.0,,GreenWarm Co.,"Patio, Lawn & Garden",Large Standard-Size,FBA,4.65 x 2.64 x 3.23 in,0.46,,"Apr 2, 2026",,No,1.0,GreenWarm Co.,plug in fly trap
113.0,"Indoor Plug-in Fly Trap, 2-in-1 Gnat and Flying Insect Killer with 3-Sided Sticky Glue Board, UV Light and Night Light Function (2, White)",B0GCHH6C4C,Electric Traps,https://www.amazon.com/dp/B0GCHH6C4C?psc=1,https://m.media-amazon.com/images/I/71mh8TwkZ+L._AC_SY355_.jpg,PEXPEL,19.99,26,21,,518.59,444.44,138,"312,667",US,8.34,1,3.8,30,9.0,0,Pexpel,"Patio, Lawn & Garden",Large Standard-Size,FBA,6.06 x 2.83 x 3.23 in,0.6,,"Jan 9, 2026",,No,4.0,Pexpel,plug in fly trap
129.0,"Plug-in Fly Trap Indoor with Three-Sided Glue Board, 2 in 1 Gnat Traps for House Indoor with UV & Night Light, Flying Insect Trap for House & Fruit Flies (1 Device + 6 Glue Boards) (White)",B0FLXDNDCP,Electric Traps,https://www.amazon.com/dp/B0FLXDNDCP?psc=1,https://m.media-amazon.com/images/I/614rw0J+31L._AC_SY355_.jpg,PEXPEL,19.99,1,1,,14.98,14.93,188,"477,045",US,7.16,1,3.8,14,9.0,0,Pexpel,"Patio, Lawn & Garden",Large Standard-Size,FBA,4.13 x 2.64 x 3.27 in,0.33,,"Sep 23, 2025",,No,8.0,Pexpel,plug in fly trap
146.0,"Phosooy 2 Packs Plug-in Mosquito Traps with 10 Glue Boards, Indoor Wall Insect Catchers with 365nm Blue-Violet Lights for Mosquitos, Moths, Fruit Flies, Gnats and Other Small Flying Bugs",B0D2KGJKYW,Electric Traps,https://www.amazon.com/dp/B0D2KGJKYW?psc=1,https://m.media-amazon.com/images/I/71KN5kzwIjL._AC_SY355_.jpg,Phosooy,18.99,35,35,,673.63,673.15,186,"241,050",US,7.37,1,3.9,47,8.0,0,EL MORADO LLC,"Patio, Lawn & Garden",Large Standard-Size,FBA,6.18 x 3.11 x 6.14 in,0.9,,"Jul 16, 2024",,No,22.0,EL MORADO LLC,plug in fly trap
136.0,"PIC FR10B 69060216325 Fly Ribbons Fruit Fly Traps for Indoors and Outdoors, Bug Trap for Winged Insects, Set of 10",B005V6ASZU,Sticky Traps,https://www.amazon.com/dp/B005V6ASZU?psc=1,https://m.media-amazon.com/images/I/71hjQ9A4y8L._AC_SY355_.jpg,PIC,8.99,400,400,100,"3,593.72","3,589.57",114,"32,039",US,4.26,6,4.1,"20,173",9.0,,Rocket Market LLC,"Patio, Lawn & Garden",Large Standard-Size,FBA,5.75 x 0.94 x 4.33 in,0.24,,"Sep 30, 2012",,No,164.0,Rocket Market LLC,fruit fly trap
66.0,"Plug-in Fly Trap & Nightlight - Indoor Insect Catcher for Mosquitoes, Gnats, Fruit Flies with RGB Night Lamp for Home, Kitchen, Office (White, 1 Bug Light Device with 5 Sticky Pads)",B0F1DKS8DJ,Electric Traps,https://www.amazon.com/dp/B0F1DKS8DJ?psc=1,https://m.media-amazon.com/images/I/61bwLe-EGaL._AC_SY355_.jpg,Praxse,13.99,20,10,,238.84,123.04,181,"190,803",US,5.96,1,4.1,80,8.0,0,Praxse,"Patio, Lawn & Garden",Large Standard-Size,FBA,5.12 x 1.57 x 2.71 in,0.24,,"Apr 30, 2025",,No,13.0,Praxse,plug in fly trap
147.0,"Qualirey 1 Pack Fruit Fly Traps for Indoors, Plug in Fly Trap Indoor with UV Light, Flying Insect Trap Mosquito Catcher Killer for Gnat, Moth, Flies with 24 Pcs Glue Boards",B0DP9J8CMZ,Electric Traps,https://www.amazon.com/dp/B0DP9J8CMZ?psc=1,https://m.media-amazon.com/images/I/71TWcQBDWZL._AC_SY355_.jpg,Qualirey,8.99,16,16,,140.17,139.91,172,"396,432",US,5.47,1,3.9,10,7.0,0,Monamii,"Patio, Lawn & Garden",Large Standard-Size,FBA,5.75 x 3.23 x 3.31 in,0.42,,"Feb 10, 2025",,No,15.0,Monamii,plug in fly trap
53.0,"Qualirey 4 Pack Fruit Fly Trap Refill Liquid, 0.68oz/ Bottle Liquid Fruit Fly Traps for Indoors Non Toxic Safe Near Food, Effective Lure Refill for Indoor and Kitchen Use, Red",B0DCNZVXTP,Lure,https://www.amazon.com/dp/B0DCNZVXTP?psc=1,https://m.media-amazon.com/images/I/81ZSdAgJb+L._AC_SY355_.jpg,Qualirey,8.99,"2,053","1,485","1,000","25,651.84","14,819.65",175,"3,892",US,4.65,1,4.4,663,8.0,21,Monamii,"Patio, Lawn & Garden",Large Standard-Size,FBA,4.84 x 1.34 x 2.76 in,0.24,,"Sep 5, 2024",,No,20.0,Monamii,fruit fly trap
51.0,"Qualirey 6 Pack Fruit Fly Trap Refill Liquid, 0.68oz Per Bottle Liquid Fruit Fly Traps for Indoors, Non Toxic Bait Safe Near Pets, Food and Kids, Lure Refill for Home Kitchen",B0D4DY85H3,Lure,https://www.amazon.com/dp/B0D4DY85H3?psc=1,https://m.media-amazon.com/images/I/81mn6JqAUwL._AC_SY355_.jpg,Qualirey,9.95,"2,128","1,067",800,"28,015.69","12,787.11",174,"4,142",US,5.96,1,4.4,702,8.0,12,Monamii,"Patio, Lawn & Garden",Large Standard-Size,FBA,3.50 x 2.80 x 2.83 in,0.35,,"May 17, 2024",,No,24.0,Monamii,fruit fly trap
126.0,"Qualirey Fruit Fly Trap for Indoors, 4 Pack Fruit Fly Trap with 4 Refill Liquid and 60 Yellow Sticky Pads, Safe Near Pets, Food and Kids, Fruit Flies Lure Liquid Trap for Home Kitchen",B0D4VMGP5K,Lure,https://www.amazon.com/dp/B0D4VMGP5K?psc=1,https://m.media-amazon.com/images/I/71uMXYb8t0L._AC_SY355_.jpg,Qualirey,15.99,90,50,,"1,807.48","1,000.67",183,"115,711",US,8.28,1,4.1,68,8.0,6,Monamii,"Patio, Lawn & Garden",Large Standard-Size,FBA,9.21 x 2.44 x 6.38 in,0.77,,"Jun 11, 2024",,No,23.0,Monamii,fruit fly trap
104.0,"Qualirey 3 Pack Fruit Fly Traps for Indoors, Fruit Fly Killer and Catcher, Trap Refill Liquid for Home & Kitchen, Non Toxic Safe Near Food, Effective Lure Refill for Indoor Use",B0FB88DYSL,Lure,https://www.amazon.com/dp/B0FB88DYSL?psc=1,https://m.media-amazon.com/images/I/81irijpB7HL._AC_SY355_.jpg,Qualirey,7.99,48,32,,411.9,256.18,176,"131,415",US,4.59,1,3.3,86,8.0,0,Monamii,"Patio, Lawn & Garden",Large Standard-Size,FBA,2.48 x 1.65 x 2.40 in,0.18,,"Jun 14, 2025",,No,11.0,Monamii,fruit fly trap
60.0,"Raid Essentials Flying Insect Light Trap Refills, 2 Light Trap Refill Cartridges, Featuring Light Powered Attraction",B0BF6ZFVGQ,Electric Traps,https://www.amazon.com/dp/B0BF6ZFVGQ?psc=1,https://m.media-amazon.com/images/I/71Et4bcyo2L._AC_SY355_.jpg,Raid,7.99,315,315,"1,000","2,516.08","2,512.90",116,"3,255",AMZ,4.21,15,4.5,"3,385",9.0,4,Amazon,"Patio, Lawn & Garden",Large Standard-Size,AMZ,5.59 x 1.54 x 3.15 in,0.04,,"Feb 13, 2023",,No,39.0,Amazon,fruit fly trap
56.0,"Raid Essentials Flying Insect Light Trap Starter Kit, 1 Plug-in Device + 1 Cartridge, Featuring Light Powered Attraction",B0BWK914GM,Electric Traps,https://www.amazon.com/dp/B0BWK914GM?psc=1,https://m.media-amazon.com/images/I/81OxVzU+ipL._AC_SY355_.jpg,Raid,16.37,225,510,300,"3,795.37","8,422.63",120,"22,342",US,8.0,15,3.8,"4,118",9.0,1,Confectioned Deals,"Patio, Lawn & Garden",Large Standard-Size,FBA,6.30 x 3.54 x 5.08 in,0.29,,"Apr 13, 2023",,No,37.0,Confectioned Deals,plug in fly trap
63.0,"Raid Essentials Flying Insect Light Trap Starter Kit, 2 Plug-in Devices + 2 Cartridges, Featuring Light Powered Attraction",B0BF751CGY,Electric Traps,https://www.amazon.com/dp/B0BF751CGY?psc=1,https://m.media-amazon.com/images/I/816cXGxNf8L._AC_SY355_.jpg,Raid,24.0,154,265,100,"3,648.97","6,278.20",122,"29,440",US,10.19,19,3.9,"1,870",9.0,1,Nextwave Deals,"Patio, Lawn & Garden",Large Standard-Size,FBA,8.54 x 3.11 x 6.77 in,0.66,,"Feb 7, 2023",,No,39.0,Nextwave Deals,plug in fly trap
29.0,"Raid Essentials Fruit Fly Trap, Made with Essential Oils, Child and Pet Safe, 5.4 oz",B09GDHSW99,Lure,https://www.amazon.com/dp/B09GDHSW99?psc=1,https://m.media-amazon.com/images/I/71nM6HPZ8VL._SX342_.jpg,Raid,6.99,"4,812","4,812","3,000","33,635.69","33,587.46",84,"1,339",AMZ,4.18,2,3.7,"4,147",11.0,41,Amazon,"Patio, Lawn & Garden",Large Standard-Size,AMZ,2.87 x 2.36 x 2.42 in,0.42,,"Sep 15, 2021",,No,56.0,Amazon,fruit fly trap
45.0,"20 Pack Trap Refill Compatible with Saferr Home Fly Trap Refill, Applicable to SH502、SH503、23005-06 and DT3005W、DT3005W-DS3, Indoor Fly Trap Plug-in Insect Trap Replacement (20)",B0CXPR183Q,Electric Traps,https://www.amazon.com/dp/B0CXPR183Q?psc=1,https://m.media-amazon.com/images/I/71oN7tf6o1L._AC_SY355_.jpg,Raindot,6.79,"1,391","1,391",800,"10,713.53","10,699.50",177,"6,761",US,3.74,1,4.7,"1,819",7.0,14,Long & Wen,"Patio, Lawn & Garden",Small Standard-Size,FBA,7.80 x 0.75 x 3.23 in,0.4,,"Apr 11, 2024",,No,25.0,Long & Wen,plug in fly trap
44.0,"Bug Zapper Outdoor/Indoor, Mosquito Zapper 4200V High Powered Waterproof Electronic Mosquito Killer, 15W UVA Mosquito Lamp Bulb, Fly Traps Patio Insects Killer (Black and White) (Dark Black)",B0GHF18DLD,Electric Traps,https://www.amazon.com/dp/B0GHF18DLD?psc=1,https://m.media-amazon.com/images/I/81TDwBVhroL._AC_SY355_.jpg,Raindot,26.99,"3,086","2,265","1,000","73,769.05","54,026.89",190,"3,925",US,11.2,1,3.9,99,7.0,48,Long & Wen,"Patio, Lawn & Garden",Large Standard-Size,FBA,11.06 x 6.42 x 6.73 in,1.9,,"Mar 3, 2026",,No,2.0,Long & Wen,flying insect trap
47.0,"RESCUE! Reusable Indoor Fruit Fly Traps with Non-Toxic Liquid Attractant - 2 Traps, 2-Pack (4 Traps)",B08BSQZ44C,Lure,https://www.amazon.com/dp/B08BSQZ44C?psc=1,https://m.media-amazon.com/images/I/71qzNGHbhzL._AC_SY355_.jpg,RESCUE!,19.9,296,296,200,"4,627.03","4,626.70",100,"33,680",US,6.69,6,4.2,308,7.0,1,Sebago Distribution,"Patio, Lawn & Garden",Large Standard-Size,FBA,8.43 x 2.24 x 5.00 in,0.75,,"Jun 24, 2020",,No,71.0,Sebago Distribution,fruit fly trap
66.0,RESCUE! Fruit Fly Trap Bait Refill – 30 Day Supply – 10 Pack,B00MP3DZ4I,Lure,https://www.amazon.com/dp/B00MP3DZ4I?psc=1,https://m.media-amazon.com/images/I/81b9qKLh8sL._AC_SY355_.jpg,RESCUE!,20.73,82,82,50,"1,158.18","1,157.75",60,"78,164",US,7.71,18,4.5,186,7.0,1,Charm and Heritage,"Patio, Lawn & Garden",Large Standard-Size,FBA,9.29 x 3.82 x 6.02 in,0.95,,"May 17, 2015",,No,132.0,Charm and Heritage,fruit fly trap
83.0,RESCUE! Fruit Fly Trap Bait Refill – 30 Day Supply – 2 Pack,B01GF2D5HQ,Lure,https://www.amazon.com/dp/B01GF2D5HQ?psc=1,https://m.media-amazon.com/images/I/81hgqkM-cNL._AC_SY355_.jpg,RESCUE!,9.99,104,104,50,894.02,893.56,59,"58,622",US,3.76,7,4.4,601,8.0,0,What America Buys,Sports & Outdoors,Large Standard-Size,FBA,6.46 x 1.34 x 4.13 in,0.15,,"May 31, 2016",,No,120.0,What America Buys,fruit fly trap
132.0,"RESCUE! Fruit Fly Traps (Set of 2 Traps) – Reusable, Includes Liquid Bait Attractant",B00MMOTZQ2,Lure,https://www.amazon.com/dp/B00MMOTZQ2?psc=1,https://m.media-amazon.com/images/I/71MnELJOWcL._AC_SY355_.jpg,RESCUE!,7.99,73,73,,592.37,591.54,84,"105,699",,4.44,13,3.7,"2,056",7.0,0,,"Patio, Lawn & Garden",Large Standard-Size,FBA,6.38 x 2.32 x 4.17 in,0.35,,"Aug 24, 2017",,No,105.0,,fruit fly trap
116.0,RESCUE! Fruit Fly Trap Bait Refill - 30 Day Supply,B0155Q0NRS,Lure,https://www.amazon.com/dp/B0155Q0NRS?psc=1,https://m.media-amazon.com/images/I/71NcUCAB7lL._AC_SY355_.jpg,RESCUE!,5.26,139,139,100,583.3,582.44,50,"59,270",US,3.33,19,4.2,133,7.0,1,Global Link MD,"Patio, Lawn & Garden",Small Standard-Size,FBA,6.73 x 0.67 x 4.17 in,0.09,,"May 2, 2016",,No,120.0,Global Link MD,fruit fly trap
67.0,"RSVP Endurance Kitchen Collection Ceramic Fruit Fly Trap, Stainless Steel Lid, Dishwasher Safe, 3.25x2.5",B071FVCYFW,Passive attractor,https://www.amazon.com/dp/B071FVCYFW?psc=1,https://m.media-amazon.com/images/I/51t26Z7KM9L._AC_SY355_.jpg,RSVP International,18.95,143,143,100,"2,688.17","2,688.09",104,"58,198",US,8.18,3,4.1,"2,347",7.0,,MySecretPantry,"Patio, Lawn & Garden",Large Standard-Size,FBA,3.74 x 3.03 x 3.70 in,0.71,,"Sep 14, 2017",,No,104.0,MySecretPantry,fruit fly trap
65.0,"RSVP Reusable Ceramic Fruit Fly Trap for Indoors – Kitchen Fly Catcher Jar with Stainless Steel Vent Lid, Eco-Friendly & Dishwasher Safe Design, Uses Natural Vinegar Bait (Black)",B0BFSP7NKT,Passive attractor,https://www.amazon.com/dp/B0BFSP7NKT?psc=1,https://m.media-amazon.com/images/I/6158TPUhhUL._AC_SY355_.jpg,RSVP International,12.99,202,202,100,"2,628.24","2,626.12",178,"38,349",US,6.15,5,4.3,110,8.0,1,Product Movement,Kitchen & Dining,Large Standard-Size,FBA,3.78 x 3.19 x 3.66 in,0.73,,"Sep 15, 2022",,No,44.0,Product Movement,fruit fly trap
42.0,"Safer Home Indoor Plug-in Fly Trap - SH502-1R5SR - Effective Fruit Fly Traps for Indoors, Gnat Traps for House Indoor, 400 Sq Ft Protection - Style: 1 Device + 5 Glue Cards",B0DK2FXQJL,Electric Traps,https://www.amazon.com/dp/B0DK2FXQJL?psc=1,https://m.media-amazon.com/images/I/71uDs8QQ9aL._AC_SY355_.jpg,Safer Home,17.99,"2,894","1,504",500,"57,617.34","27,038.91",172,"6,533",AMZ,8.31,1,4.5,"1,872",8.0,25,Amazon,"Patio, Lawn & Garden",Large Standard-Size,AMZ,9.57 x 3.15 x 6.50 in,0.55,,"Nov 8, 2024",,No,18.0,Amazon,fruit fly trap
64.0,40 Pack Refill Glue Cards Compatible with Safer Home SH502 and Dynatrap DT3005W Dot Indoor Fly Trap Plug-in Insect Trap Replacement Sticky Glue Boards,B0BT9L5GHX,Electric Traps,https://www.amazon.com/dp/B0BT9L5GHX?psc=1,https://m.media-amazon.com/images/I/61T6p+h+RrL._AC_SY355_.jpg,Shootingstar,9.99,"4,386","4,386","2,000","43,796.23","43,752.22",150,"1,474",US,4.51,1,4.8,"2,789",6.0,28,Shootingstar LLC,"Patio, Lawn & Garden",Small Standard-Size,FBA,10.20 x 0.75 x 6.65 in,0.82,,"Feb 17, 2023",,No,39.0,Shootingstar LLC,plug in fly trap
69.0,"Electric Bug Zapper, Rechargeable Portable Mosquito Zapper with USB Charging, Indoor Outdoor Fly Zapper & Insect Trap, High Efficiency Fruit Fly Killer with Safety Shield for Patio and Home",B0GRMX2FSP,Electric Traps,https://www.amazon.com/dp/B0GRMX2FSP?psc=1,https://m.media-amazon.com/images/I/61Yhoy-rkTL._AC_SY355_.jpg,SonicPulse,20.99,434,434,200,"8,899.37","8,894.95",189,"63,507",US,7.5,1,2.4,8,7.0,1,LUCKY THUNDER,"Patio, Lawn & Garden",Large Standard-Size,FBA,5.99 x 4.02 x 4.10 in,0.45,,"May 1, 2026",,No,0.0,LUCKY THUNDER,flying insect trap
49.0,"Bug Zapper Outdoor Indoor, 4200V Electric Mosquito Killer with 15W UV Light, IPX4 Waterproof Insect Trap for Yard, Home, Garden",B0GJSZ4ZBX,Electric Traps,https://www.amazon.com/dp/B0GJSZ4ZBX?psc=1,https://m.media-amazon.com/images/I/716H7xmCnIL._AC_SY355_.jpg,SonicPulse,27.99,250,250,100,"6,591.86","6,589.22",127,"7,420",US,10.79,1,5.0,5,7.0,1,LUCKY THUNDER,"Patio, Lawn & Garden",Large Standard-Size,FBA,9.89 x 5.75 x 6.67 in,1.46,,"Apr 28, 2026",,No,1.0,LUCKY THUNDER,flying insect trap
148.0,"Indoor Fly Trap Plug-in Device, Fruit Fly and Gnat Trap with 2 Traps and 6 Sticky Refills, Flying Insect Catcher for Mosquitoes, Moths, and Household Flying Bugs (2, White)",B0GS5PN65X,Electric Traps,https://www.amazon.com/dp/B0GS5PN65X?psc=1,https://m.media-amazon.com/images/I/71kKHMtKxlL._AC_SY355_.jpg,SQWJP,29.99,24,24,,719.76,719.51,172,"62,762",US,8.59,1,5.0,13,8.0,0,Golden Sunn Inc,"Patio, Lawn & Garden",Large Standard-Size,FBA,4.02 x 3.23 x 3.90 in,0.37,,"May 14, 2026",,No,0.0,Golden Sunn Inc,plug in fly trap
36.0,"STEM Insect Trap - Indoor Fruit Fly & Gnat Pest Control for House, Home and Kitchen, Attracts & Traps Flying Bugs, Soft Blue Light - Includes 1 Plug-in Device & 3 Cartridges",B0F2DR1P47,Electric Traps,https://www.amazon.com/dp/B0F2DR1P47?psc=1,https://m.media-amazon.com/images/I/81Z4MdVQmiL._AC_SY355_.jpg,STEM,17.97,"5,003","3,618","1,000","85,676.35","64,970.96",173,"1,428",AMZ,8.11,1,4.6,"1,339",12.0,"1,157",Amazon,"Patio, Lawn & Garden",Large Standard-Size,AMZ,8.50 x 3.11 x 6.77 in,0.53,,"Jun 12, 2025",,No,11.0,Amazon,plug in fly trap | fruit fly trap
40.0,"STEM Flying Insect Trap - Indoor Fruit Fly & Gnat Catcher for Home, Kitchen & Any Room, Attracts & Traps Bugs, Soft Blue UV Light - Includes 1 Plug-in Device & 1 Cartridge",B0CKWKHT8X,Electric Traps,https://www.amazon.com/dp/B0CKWKHT8X?psc=1,https://m.media-amazon.com/images/I/81RRNAG33BL._AC_SY355_.jpg,STEM,12.59,"2,183","2,183","1,000","28,017.75","28,013.03",171,"2,211",AMZ,7.11,21,4.2,"2,322",11.0,10,Amazon,"Patio, Lawn & Garden",Large Standard-Size,AMZ,6.34 x 3.54 x 6.30 in,0.64,,"Dec 8, 2023",,No,29.0,Amazon,plug in fly trap | fruit fly trap
57.0,"STEM Flying Insect Fan Trap for Indoor Bug Control, Attracts Mosquitoes, Fruit Flies, and House Flies, Plug-in Fan with UV Light, Starter Kit Includes 1 Device and 5 Glue Traps",B0DNGH7HYF,Electric Traps,https://www.amazon.com/dp/B0DNGH7HYF?psc=1,https://m.media-amazon.com/images/I/8176x5O6KtL._AC_SY355_.jpg,STEM,17.19,"3,674","3,674","2,000","81,117.29","81,089.61",176,"1,963",US,8.46,36,4.0,"1,739",11.0,76,Luminex Enterprise,"Patio, Lawn & Garden",Large Standard-Size,FBA,8.86 x 5.08 x 5.08 in,1.41,,"Dec 18, 2024",,No,17.0,Luminex Enterprise,plug in fly trap | flying insect trap | fruit fly trap
59.0,"STEM Insect Trap - Indoor Fruit Fly & Gnat Pest Control for House, Home and Kitchen, Attracts & Traps Flying Bugs, Soft Blue Light - Includes 1 Plug-in Device & 3 Cartridges",B0DSR38JKP,Electric Traps,https://www.amazon.com/dp/B0DSR38JKP?psc=1,https://m.media-amazon.com/images/I/81Z4MdVQmiL._AC_SY355_.jpg,STEM,17.97,"2,944","1,206","1,000","61,624.64","20,681.43",173,"2,445",AMZ,7.46,1,4.3,"1,034",11.0,30,Amazon,"Patio, Lawn & Garden",Large Standard-Size,AMZ,6.42 x 3.43 x 5.20 in,0.31,,"Jan 23, 2025",,No,16.0,Amazon,plug in fly trap | fruit fly trap
61.0,"STEM Flying Insect Trap - Indoor Fruit Fly & Gnat Catcher for Home, Kitchen & Any Room, Attracts & Traps Bugs, Soft Blue UV Light - Includes 2 Plug-In Devices & 2 Cartridges",B0CP4L43TS,Electric Traps,https://www.amazon.com/dp/B0CP4L43TS?psc=1,https://m.media-amazon.com/images/I/81eK5Aur5ML._AC_SY355_.jpg,STEM,28.99,115,115,"1,000","3,342.45","3,341.28",173,"2,897",AMZ,8.11,3,4.2,774,11.0,15,Amazon,"Patio, Lawn & Garden",Large Standard-Size,AMZ,10.16 x 6.65 x 6.73 in,0.75,,"Mar 26, 2024",,No,26.0,Amazon,plug in fly trap
43.0,Stem Kills Fruit Fly Trap: Fruit Fly Catcher With Botanical Extracts; 5.4 fl oz (Pack Of 1),B09GD8T863,Lure,https://www.amazon.com/dp/B09GD8T863?psc=1,https://m.media-amazon.com/images/I/71A4S4LEW5L._AC_SY355_.jpg,STEM,7.53,"1,536","1,536",800,"11,268.32","11,263.64",91,"7,953",AMZ,4.37,5,3.8,"1,987",14.0,6,Amazon,"Patio, Lawn & Garden",Large Standard-Size,AMZ,2.83 x 2.36 x 2.40 in,0.42,,"Sep 15, 2021",,No,56.0,Amazon,fruit fly trap
122.0,"STEM Insect Light Trap Refill Cartridges, Indoor Fruit Fly Trap, Insecticide-Free Pest Control for Home, Attracts and Traps Flying Insects, Official STEM Refills - 3 Count",B0CP4J6PS8,Electric Traps,https://www.amazon.com/dp/B0CP4J6PS8?psc=1,https://m.media-amazon.com/images/I/81OcutxkGjL._AC_SY355_.jpg,STEM,9.98,595,595,300,"5,956.05","5,950.69",171,"14,825",AMZ,3.01,7,4.7,781,11.0,5,Amazon.com,"Patio, Lawn & Garden",Large Standard-Size,AMZ,5.67 x 1.54 x 3.15 in,0.11,,"Mar 15, 2024",,No,26.0,Amazon.com,fruit fly trap
82.0,"36 Pack Fruit Fly Traps for Indoors, Gnat Traps for House Indoor, Sticky Traps Fungus Gnats Killer for Mosquito and Flying Insects, Bug Pest Insect Catcher Killer for Houseplant",B07XLM4FWL,Sticky Traps,https://www.amazon.com/dp/B07XLM4FWL?psc=1,https://m.media-amazon.com/images/I/71GZTSBLTTL._AC_SY355_.jpg,Stingmon,7.99,"2,639","2,017","1,000","22,550.26","15,628.32",177,"3,681",US,4.71,1,4.4,"34,578",9.0,,Stingmon US,"Patio, Lawn & Garden",Small Standard-Size,FBA,5.08 x 0.47 x 3.07 in,0.07,,"Sep 21, 2019",,No,80.0,Stingmon US,fruit fly trap
92.0,"Cordless Fruit Fly Trap for Indoors and Outdoors – 2 Device + 10 Refills Rechargeable Gnat Traps for House Indoor with Replaceable Glue Boards, Safe & Odor-Free Sticky Hanging Fly Traps",B0G24MZB7W,Electric Traps,https://www.amazon.com/dp/B0G24MZB7W?psc=1,https://m.media-amazon.com/images/I/612LkOQzSmL._AC_SY355_.jpg,STOGA,49.99,37,6,,994.67,266.01,185,"115,703",,13.63,2,3.6,33,8.0,0,Altech Retail,"Patio, Lawn & Garden",Large Standard-Size,FBA,6.77 x 4.96 x 6.57 in,1.81,,"Jan 13, 2026",Sponsored Brand Video,No,4.0,Altech Retail,plug in fly trap
15.0,"Super Ninja Fruit Fly Traps for Indoors - 4 Pack, Highly Effective Fruit Fly Catcher for Indoor Use for Home & Kitchen, Up to 3 Weeks of Performance per Bottle, Kid & Pet Friendly",B0D5DJ7V4P,Lure,https://www.amazon.com/dp/B0D5DJ7V4P?psc=1,https://m.media-amazon.com/images/I/71628Tc1YiL._AC_SX355_.jpg,Super Ninja,13.99,"18,963","14,050","10,000","278,715.79","196,421.28",179,142,US,6.02,1,3.8,"14,717",8.0,360,Impact USA,"Patio, Lawn & Garden",Large Standard-Size,FBA,4.65 x 1.34 x 2.91 in,0.22,,"Jun 4, 2024",,No,23.0,Impact USA,fruit fly trap
35.0,"Super Ninja Fruit Fly Traps for Indoors - 2 Pack, Highly Effective Fruit Fly Catcher for Indoor Use for Home & Kitchen, Up to 3 Weeks of Performance per Bottle, Kid & Pet Friendly",B0D5DJBVCR,Lure,https://www.amazon.com/dp/B0D5DJBVCR?psc=1,https://m.media-amazon.com/images/I/81j-hUJka0L._AC_SY355_.jpg,Super Ninja,9.99,"18,963","2,191","1,000","278,715.79","21,863.82",179,142,US,4.65,1,3.8,"14,717",8.0,360,Impact USA,"Patio, Lawn & Garden",Large Standard-Size,FBA,4.92 x 1.26 x 2.80 in,0.13,,"Jul 29, 2024",,No,22.0,Impact USA,fruit fly trap
110.0,"Premium Fruit Fly Traps | Double Sided Gnat Traps | Waterproof Yellow Sticky Traps are Great Outdoors | Also for Fungus Gnats, Aphids, Flies, Moths and Spiders | Pack of 25",B0BS738Q6Q,Sticky Traps,https://www.amazon.com/dp/B0BS738Q6Q?psc=1,https://m.media-amazon.com/images/I/716zHF+8aXL._AC_SY355_.jpg,TechOrganics,12.99,13,4,,149.77,53.92,172,"365,534",US,5.87,1,4.3,351,7.0,0,TechOrganics,"Patio, Lawn & Garden",Large Standard-Size,FBA,6.30 x 0.87 x 3.86 in,0.24,,"Jan 13, 2023",,No,40.0,TechOrganics,fruit fly trap
28.0,TERRO 2-Pack Fly Trap,B00E4GADNA,Lure,https://www.amazon.com/dp/B00E4GADNA?psc=1,https://m.media-amazon.com/images/I/71BTzFVbOkL._AC_SY355_.jpg,Terro,9.29,156,156,600,"1,512.38","1,512.01",21,"10,117",US,4.62,11,4.0,"3,016",3.0,8,One Way Pet,"Patio, Lawn & Garden",Large Standard-Size,FBA,5.79 x 1.85 x 4.57 in,0.18,,"Aug 17, 2013",,No,153.0,One Way Pet,fruit fly trap
35.0,Terro Fruit Fly Traps for Indoors (6 Pack) + 270 Days of Lure Supply,B0BX4GQF68,Lure,https://www.amazon.com/dp/B0BX4GQF68?psc=1,https://m.media-amazon.com/images/I/81iUZKBoLNL._AC_SY355_.jpg,Terro,20.26,"46,700","12,771","10,000","666,055.13","214,072.66",68,20,AMZ,9.26,5,4.0,"24,452",10.0,314,Amazon,"Patio, Lawn & Garden",Large Standard-Size,AMZ,9.09 x 4.33 x 5.55 in,0.53,,"Mar 19, 2023",,No,38.0,Amazon,plug in fly trap | fruit fly trap
7.0,"TERRO Fruit Fly Traps for Indoors (4 Pack) + 180 Days of Lure Supply - T2503SR - Lure and Kill Indoor Fruit Flies Near Fruit, Trash Cans, Countertops - Ready to Use Trap - 180 Day Supply",B01MRHXM0I,Lure,https://www.amazon.com/dp/B01MRHXM0I?psc=1,https://m.media-amazon.com/images/I/81F5uQH3fyL._AC_SY355_.jpg,Terro,12.9,"46,700","33,928","20,000","666,055.13","451,708.29",186,20,AMZ,6.01,13,4.0,"24,462",9.0,285,Amazon,"Patio, Lawn & Garden",Large Standard-Size,AMZ,7.09 x 2.05 x 4.65 in,0.42,,"Nov 10, 2016",,No,114.0,Amazon,fruit fly trap
34.0,Terro Fruit Fly Traps for Indoors (12 Pack) + 540 Days of Lure Supply,B07V7GC46D,Lure,https://www.amazon.com/dp/B07V7GC46D?psc=1,https://m.media-amazon.com/images/I/81FD0pVL9zL._AC_SY355_.jpg,Terro,32.68,"1,482","1,482",700,"48,083.12","48,078.62",69,"9,543",US,10.92,12,4.4,673,12.0,10,RalexInc,"Patio, Lawn & Garden",Large Standard-Size,FBA,11.46 x 4.37 x 5.28 in,1.57,,"Jul 19, 2019",,No,82.0,RalexInc,fruit fly trap
134.0,"TERRO T518 Fly Magnet, 16 Total, 2 Pack, Sticky Fly Trap Indoor Hanging",B07Q6942LQ,Sticky Traps,https://www.amazon.com/dp/B07Q6942LQ?psc=1,https://m.media-amazon.com/images/I/91K2xi4pRCL._AC_SY355_.jpg,Terro,10.0,"5,941",768,300,"41,670.56","7,666.97",71,"1,286",AMZ,7.11,4,4.1,"17,978",4.0,25,Amazon,"Patio, Lawn & Garden",Large Standard-Size,AMZ,10.39 x 2.28 x 8.46 in,0.49,,"Apr 9, 2019",,No,85.0,Amazon,fruit fly trap
63.0,TERRO T2502 Ready-to-Use Indoor Fruit Fly Trap with Built in Window - 2 Traps + 90 day Lure Supply,B01JIRNEQW,Lure,https://www.amazon.com/dp/B01JIRNEQW?psc=1,https://m.media-amazon.com/images/I/81uiOPbkLRL._AC_SY355_.jpg,Terro,8.07,433,433,,"3,273.13","3,269.26",98,"33,175",AMZ,4.45,17,4.0,"67,829",10.0,,Amazon,"Patio, Lawn & Garden",Large Standard-Size,AMZ,6.14 x 2.24 x 3.39 in,0.2,,"Sep 27, 2016",,No,116.0,Amazon,fruit fly trap
118.0,"2026 Upgraded 1 Pack Plug-in Flying Insect Traps for Indoors & 5 Refill Cartridges - Fruit Fly Traps Bug Zapper with Purple UV Light Tech for House Flies, Fruit Flies, Gnats to Mosquito Trap (FT91)",B0GQH2G529,Electric Traps,https://www.amazon.com/dp/B0GQH2G529?psc=1,https://m.media-amazon.com/images/I/61luK4uQPdL._AC_SY355_.jpg,Thcritter,15.99,204,87,50,"4,302.02","1,392.13",197,"77,219",US,6.49,1,4.7,32,7.0,13,BYFS LLC,"Patio, Lawn & Garden",Large Standard-Size,FBA,4.76 x 2.44 x 3.62 in,0.29,,"Mar 13, 2026",,No,2.0,BYFS LLC,plug in fly trap
144.0,"2026 Upgraded 2 Pack Plug-in Flying Insect Traps for Indoors & 10 Refill Cartridges - Fruit Fly Traps Bug Zapper with Purple UV Light Tech for House Flies, Fruit Flies, Gnats to Mosquito Trap (MK13)",B0G13F4P25,Electric Traps,https://www.amazon.com/dp/B0G13F4P25?psc=1,https://m.media-amazon.com/images/I/61vGR-3j1gL._AC_SY355_.jpg,Thcritter,25.99,5,5,,132.9,132.83,198,"293,589",,8.25,1,,0,,0,Gcfl Trading Inc,"Patio, Lawn & Garden",Large Standard-Size,,5.71 x 3.03 x 3.11 in,0.6,,"May 6, 2026",,No,0.0,Gcfl Trading Inc,plug in fly trap
23.0,"TIENBE Flying Insect Trap, 2 in 1 Indoor Plug-in Fruit Fly Trap, 1 Trap White and 6 Glue Cards, Fruit Fly Traps for Gnat, Moth, Mosquito, Suitable for Every Part of The Home",B0CZNQ53H4,Electric Traps,https://www.amazon.com/dp/B0CZNQ53H4?psc=1,https://m.media-amazon.com/images/I/718sq3hBKmL._AC_SY355_.jpg,TIENBE,8.99,"17,285","12,305","9,000","206,351.68","120,332.97",173,139,US,4.36,2,4.1,"4,296",9.0,143,TIENBE LLC,"Patio, Lawn & Garden",Large Standard-Size,FBA,4.65 x 1.34 x 2.44 in,0.22,,"May 24, 2024",,No,24.0,TIENBE LLC,plug in fly trap | flying insect trap | fruit fly trap
53.0,"Fly Trap Indoor- 2 in 1 Plug in Fly Trap with Auto Night Light, Fruit Fly Traps for Indoors, Gnat Trap, Bug Light Trap for Mosquitoes, Flies, Fruit Flies, Moths (1 Device + 5 Glue Cards)",B0DL51MHMQ,Electric Traps,https://www.amazon.com/dp/B0DL51MHMQ?psc=1,https://m.media-amazon.com/images/I/612jqSy3W1L._AC_SY355_.jpg,Tihilgam,9.99,"1,212",834,300,"14,744.54","8,324.77",186,"15,706",US,4.74,2,3.9,"1,667",7.0,,JIMMY'S GARDEN,"Patio, Lawn & Garden",Large Standard-Size,FBA,4.61 x 2.68 x 4.57 in,0.37,,"Nov 7, 2024",,No,18.0,JIMMY'S GARDEN,plug in fly trap | fruit fly trap
131.0,"Fly Trap Indoor, Plug in Flying Insect Trap for Fruit Fly, Gnat, Moth, UV Mosquito Bug Trap Catcher with Night Light, Noiseless and Easy to Use, Ideal for House Bedroom Kitchen(1 Device+ 5 Refills)",B0CTDQJ2MG,Electric Traps,https://www.amazon.com/dp/B0CTDQJ2MG?psc=1,https://m.media-amazon.com/images/I/61NEVJX5JsL._AC_SY355_.jpg,TOADWILL,8.97,17,13,,173.64,118.79,197,"161,918",US,4.48,1,3.7,262,7.0,0,TOADWILL,"Patio, Lawn & Garden",Large Standard-Size,FBA,5.16 x 2.13 x 3.35 in,0.26,,"Apr 11, 2024",,No,25.0,TOADWILL,plug in fly trap
101.0,Trappify Hanging Fly Traps Outdoor: Fruit Flies and Flying Insect Trap for Indoor & Outdoor Use I Disposable Sticky Fly Trap Indoor House Pest Control (2 Pack),B08DMY3WWX,Sticky Traps,https://www.amazon.com/dp/B08DMY3WWX?psc=1,https://m.media-amazon.com/images/I/71+77B-0Y1L._AC_SY355_.jpg,Trappify,11.99,"1,826","1,247","1,000","28,223.78","14,934.24",159,"4,720",US,7.09,1,4.2,"5,792",9.0,59,Trappify,"Patio, Lawn & Garden",Large Standard-Size,FBA,10.75 x 2.05 x 4.17 in,0.29,,"Jul 28, 2020",,No,70.0,Trappify,fruit fly trap
24.0,"Bug Zapper Outdoor & Indoor 4200V Electric Mosquito Zapper - Waterproof Bug Repellent 365nm UV Light, 20W Fly Zapper for Home Patio Yard Camping, One-Button Easy Operation",B0GSPWZNMY,Electric Traps,https://www.amazon.com/dp/B0GSPWZNMY?psc=1,https://m.media-amazon.com/images/I/713hJUAd4-L._AC_SY355_.jpg,TRAYDER,25.99,341,341,,"8,310.24","8,306.86",171,"1,510",,10.83,1,4.6,14,8.0,0,Trays Group,"Patio, Lawn & Garden",Large Standard-Size,FBA,12.17 x 6.22 x 6.30 in,1.81,,"May 6, 2026",,No,0.0,Trays Group,flying insect trap
46.0,"Bug Zapper Indoor Mosquito Zapper with Safety Grid USB Mosquito Trap Fly Zapper with Small Brush, Radiationless LED Mosquito Killer for Indoor, Home, Office, Car, Patio, Gray",B0GRZCVFS4,Electric Traps,https://www.amazon.com/dp/B0GRZCVFS4?psc=1,https://m.media-amazon.com/images/I/61aWhDwwsTL._AC_SY355_.jpg,TWOHHACC,12.99,306,306,200,"3,971.69","3,968.49",174,"17,573",US,5.9,1,2.8,12,8.0,8,PENGSHOULIANG CO,"Patio, Lawn & Garden",Large Standard-Size,FBA,5.67 x 3.94 x 4.09 in,0.31,,"Mar 15, 2026",,No,2.0,PENGSHOULIANG CO,flying insect trap
61.0,"96PCS Fruit Fly Sticky Traps, Gnat Traps Insect Trap for Plants Kitchen Indoor and Outdoor",B08T9BCK3G,Sticky Traps,https://www.amazon.com/dp/B08T9BCK3G?psc=1,https://m.media-amazon.com/images/I/71a2gG0DGHL._AC_SY355_.jpg,USKICH,9.99,"3,553","3,553","3,000","35,480.90","35,445.25",90,"2,092",CN,5.99,1,4.6,"5,594",8.0,60,US.K M,"Patio, Lawn & Garden",Large Standard-Size,FBA,5.59 x 1.65 x 5.08 in,0.66,,"Feb 2, 2021",,No,63.0,US.K M,fruit fly trap
137.0,"Fly Trap Indoor, 2 Pack Flying Insect Trap, Plug-in Fruit Fly Trap for Flies, Moth and Other Flying Insects, Gnat Traps for House Indoor, Bug Catcher Light Fly Killer (16 Double Sided Glue Cards)",B0D2L2FPNZ,Electric Traps,https://www.amazon.com/dp/B0D2L2FPNZ?psc=1,https://m.media-amazon.com/images/I/71zt6jbHjkL._AC_SY355_.jpg,VANELC,21.99,68,38,,"1,081.45",832.23,195,"103,910",US,7.5,1,4.3,167,9.0,0,Deal Near You,"Patio, Lawn & Garden",Large Standard-Size,FBA,5.75 x 3.03 x 3.11 in,0.68,,"Jun 14, 2024",,No,23.0,Deal Near You,plug in fly trap
144.0,"Fruit Fly Traps 6 Pack – Non-Toxic, No Insecticides, Environmentally Friendly Fruit & Gnat Traps – Easy-Use Home & Kitchen Pest Control, Odor-Free & Disposable",B089BVXV68,Lure,https://www.amazon.com/dp/B089BVXV68?psc=1,https://m.media-amazon.com/images/I/71vRTHFyshL._AC_SY355_.jpg,Ven-Trap,7.99,31,31,,245.78,245.34,159,"222,376",US,4.33,1,3.7,494,4.0,0,MiddletonShippers,"Patio, Lawn & Garden",Large Standard-Size,FBA,6.50 x 1.22 x 5.79 in,0.29,,"Aug 10, 2020",,No,69.0,MiddletonShippers,fruit fly trap
38.0,"VEYOFLY Fruit Fly Traps for Indoors (2 Device + 4 Refills), Gnat Trap Indoor Plug in, Bug Traps, Flying Insect Trap, Gnat Traps for House Indoor, Fly Trap Indoor for Home Bug Light, Gnats Catcher",B0BDT4XZR4,Electric Traps,https://www.amazon.com/dp/B0BDT4XZR4?psc=1,https://m.media-amazon.com/images/I/81LY0ZEXgsL._AC_SY355_.jpg,VEYOFLY,26.97,"11,458","5,150","3,000","360,132.30","176,860.43",195,341,US,8.14,1,4.1,"9,768",9.0,153,VEYOFLY,"Patio, Lawn & Garden",Large Standard-Size,FBA,5.71 x 2.63 x 3.54 in,0.47,,"Sep 10, 2022",,No,44.0,VEYOFLY,plug in fly trap
42.0,"VEYOFLY Fruit Fly Traps for Indoors (1 Device + 2 Refills), Gnat Trap Indoor Plug in, Bug Traps, Flying Insect Trap, Gnat Traps for House Indoor, Fly Trap Indoor for Home Bug Light, Gnats Catcher",B0BJ1LXR8B,Electric Traps,https://www.amazon.com/dp/B0BJ1LXR8B?psc=1,https://m.media-amazon.com/images/I/71HemolPcLL._AC_SX355_.jpg,VEYOFLY,17.97,"4,604","2,250","1,000","97,026.14","38,501.74",195,"2,995",US,6.79,1,4.1,"6,247",9.0,63,VEYOFLY,"Patio, Lawn & Garden",Large Standard-Size,FBA,4.76 x 2.40 x 3.62 in,0.33,,"Oct 24, 2022",,No,43.0,VEYOFLY,plug in fly trap
65.0,"VEYOFLY Fruit Fly Traps for Indoors (2 Device + 2 Refills), Gnat Trap Indoor Plug in, Bug Traps, Flying Insect Trap, Gnat Traps for House Indoor, Fly Trap Indoor for Home Bug Light, Gnats Catcher",B0BZTJMV2F,Electric Traps,https://www.amazon.com/dp/B0BZTJMV2F?psc=1,https://m.media-amazon.com/images/I/71KvWYUHKEL._AC_SX355_.jpg,VEYOFLY,29.97,"4,604",734,300,"97,026.14","21,148.95",195,"3,008",US,8.85,1,4.1,"6,248",9.0,65,VEYOFLY,"Patio, Lawn & Garden",Large Standard-Size,FBA,5.67 x 2.64 x 3.62 in,0.46,,"Apr 13, 2023",,No,37.0,VEYOFLY,flying insect trap
125.0,"Fruit Fly Traps for Indoors, Plug in Flying Insect Trap with Auto Night Light, Bug Catcher Indoor, Fly Trap Indoor for Fruit Flies, Gnats, Mosquito, Moths (1 Device + 5 Glue Cards)",B0G47K9B63,Electric Traps,https://www.amazon.com/dp/B0G47K9B63?psc=1,https://m.media-amazon.com/images/I/61klX0cN-+L._AC_SY355_.jpg,WAYSLA,9.99,14,14,,137.19,136.97,180,"304,256",US,4.63,1,3.3,26,7.0,0,WAYSLA,"Patio, Lawn & Garden",Large Standard-Size,FBA,4.61 x 2.72 x 4.57 in,0.35,,"Dec 18, 2025",,No,5.0,WAYSLA,plug in fly trap
126.0,"Fly Trap Indoor, 2 in 1 Plug in Fruit Fly Traps for Indoors with Auto Night Light Gnat Traps for House Indoor Flying Insect Trap for Fruit Flies Moths Mosquito (1 Device + 5 Glue Cards)",B0F1CDGC8Z,Electric Traps,https://www.amazon.com/dp/B0F1CDGC8Z?psc=1,https://m.media-amazon.com/images/I/61nzoPSGcLL._AC_SY355_.jpg,WAYSLA,8.99,15,11,,169.72,95.97,185,"175,891",US,4.48,1,3.9,54,7.0,0,WAYSLA,"Patio, Lawn & Garden",Large Standard-Size,FBA,4.65 x 2.68 x 4.57 in,0.37,,"Apr 29, 2025",,No,13.0,WAYSLA,plug in fly trap
121.0,"MiniMax Plug in Fruit Fly Traps for Indoors! A Flying Insect Trap with UV LED Bulbs & 5 Glue Board Refills! Gnat Trap Used as a Fruit Fly Killer, Indoor Fly Trap, Mosquito Trap, Gnat Killer!",B0CXWKDQZX,Electric Traps,https://www.amazon.com/dp/B0CXWKDQZX?psc=1,https://m.media-amazon.com/images/I/81RSKIz97pL._AC_SY355_.jpg,WizTrap,14.95,10,10,,151.52,151.31,190,"256,892",US,7.51,1,3.7,382,8.0,3,PzPro Inc.,"Patio, Lawn & Garden",Large Standard-Size,FBA,6.61 x 2.13 x 5.20 in,0.24,,"May 13, 2024",,No,24.0,PzPro Inc.,plug in fly trap
127.0,"2-Pack Large Indoor Plug in Fly Trap, 21 UV LED Bulbs, 10 Sticky Glue Board Refills, A Home Gnat Trap, Moth, Flies, Mosquito Trap! (2 Devices 10 Glue Boards)",B0C3G5XH5Q,Electric Traps,https://www.amazon.com/dp/B0C3G5XH5Q?psc=1,https://m.media-amazon.com/images/I/811pI68Dg3L._AC_SX355_.jpg,WizTrap,29.99,46,20,,"1,045.55",628.5,157,"143,435",US,10.11,1,4.0,292,7.0,0,PzPro Inc.,"Patio, Lawn & Garden",Large Standard-Size,FBA,10.91 x 3.11 x 5.67 in,1.21,,"Jun 26, 2023",,No,35.0,PzPro Inc.,plug in fly trap
128.0,"Wondercide - Flying Insect and Fly Trap - Indoor Bug Catcher for Fruit and House Flies, Gnats, Moths, and Mosquitoes - Starter Kit for Home and Kitchen - 1 Plug-in Light and 1 Cartridge",B0CJMYL7D3,Electric Traps,https://www.amazon.com/dp/B0CJMYL7D3?psc=1,https://m.media-amazon.com/images/I/81lPtZXicPL._AC_SY355_.jpg,Wondercide,18.99,"1,525",477,200,"30,233.12","9,049.39",185,"7,638",US,7.61,2,3.9,"1,220",6.0,4,Wondercide,"Patio, Lawn & Garden",Large Standard-Size,FBA,6.18 x 3.46 x 5.08 in,0.37,,"Sep 27, 2023",,No,32.0,Wondercide,plug in fly trap
41.0,Wondercide - Fruit Fly Traps for Indoors - Fruit Fly Killer - Pet and People Safe - Made in USA & Plant Based - 5.4 oz - 2 Pack,B09WJLKZP1,Passive attractor,https://www.amazon.com/dp/B09WJLKZP1?psc=1,https://m.media-amazon.com/images/I/71n1CuYsQPL._AC_SX355_.jpg,Wondercide,17.59,"1,740","1,593","1,000","37,743.79","34,161.39",127,"4,740",US,7.4,1,3.5,"5,504",8.0,20,Wondercide,"Patio, Lawn & Garden",Large Standard-Size,FBA,8.03 x 2.68 x 3.23 in,0.88,,"Mar 25, 2022",,No,50.0,Wondercide,fruit fly trap
67.0,"WowCatch Plug-in Flying Insect Trap for Indoors, Fly Trap for Fruit Flies, Gnats & House Flies, UV Light Indoor Bug Catcher for Home, Kitchen, Mess-Free Alternative to Bug Zapper, 1 Device 2 Refills",B0GKPZRMNV,Electric Traps,https://www.amazon.com/dp/B0GKPZRMNV?psc=1,https://m.media-amazon.com/images/I/71LTma3ywGL._AC_SY355_.jpg,WowCatch,13.99,"1,163",742,300,"18,478.59","11,726.68",198,"14,646",AMZ,6.19,2,4.0,69,7.0,24,Amazon,"Patio, Lawn & Garden",Large Standard-Size,AMZ,6.42 x 2.24 x 3.94 in,0.32,,"Mar 23, 2026",,No,2.0,Amazon,plug in fly trap
97.0,"Flying Insect Trap for Indoors, Plug-in Fly Trap Bug Catcher for Gnats, Fruit Flies & House Flies, Upgraded Blue UV Light Trap with Sticky Cards, Silent & Mess-Free, 1 Device + 5 Refill",B0GH74FPG6,Electric Traps,https://www.amazon.com/dp/B0GH74FPG6?psc=1,https://m.media-amazon.com/images/I/71NF6ch3JFL._AC_SY355_.jpg,WowCatch,16.19,"1,761","1,047",500,"33,878.70","17,662.87",185,"4,017",US,6.52,2,4.2,94,8.0,37,WowCatch USA,"Patio, Lawn & Garden",Large Standard-Size,FBA,6.06 x 2.48 x 4.02 in,0.42,,"Feb 23, 2026",,No,3.0,WowCatch USA,plug in fly trap
111.0,"Advanced Double-Sided Indoor Fly Trap for Home, Plug-in Ultra 5-Way UV Light Bug Catcher, Fly & Gnat Killer for House Flies, Gnats, Mosquitoes, Moths, Fruit Fly Traps for Indoors, 1 Trap 4 Refills",B0GCQTKDPR,Electric Traps,https://www.amazon.com/dp/B0GCQTKDPR?psc=1,https://m.media-amazon.com/images/I/71nVghLYWdL._AC_SY355_.jpg,WowCatch,16.98,991,379,100,"16,675.73","6,623.68",196,"11,330",AMZ,6.64,2,4.2,53,8.0,15,Amazon,"Patio, Lawn & Garden",Large Standard-Size,AMZ,5.04 x 2.05 x 3.07 in,0.33,,"Feb 24, 2026",,No,3.0,Amazon,plug in fly trap
56.0,YISSVIC Electric Fly Swatter Foldable Bug Zapper Racket 2 in 1 Mosquito Killer with Purple Attractant Light Rechargeable 1800mAh for Indoor Home Backyard Patio Camping,B0DKXNXWSL,Electric Traps,https://www.amazon.com/dp/B0DKXNXWSL?psc=1,https://m.media-amazon.com/images/I/81AS-+SiOXL._AC_SY355_.jpg,YISSVIC,16.99,741,510,300,"16,873.29","10,966.27",167,"3,177",US,8.27,1,4.4,"1,510",9.0,501,Fococo,"Patio, Lawn & Garden",Large Standard-Size,FBA,11.14 x 2.09 x 8.90 in,1.1,,"Feb 15, 2025",,No,15.0,Fococo,flying insect trap
67.0,YISSVIC Electric Fly Swatter Bug Zapper Racket Dual Modes Mosquito Killer with Purple Mosquito Light Rechargeable for Indoor Home Office Backyard Patio Camping (Black 2 Pack),B0BS16J73Z,Electric Traps,https://www.amazon.com/dp/B0BS16J73Z?psc=1,https://m.media-amazon.com/images/I/81r8iUdWmVL._AC_SY355_.jpg,YISSVIC,28.99,29,29,"1,000",833.95,833.94,174,"1,071",US,10.94,2,4.4,"1,635",9.0,210,Fococo,"Patio, Lawn & Garden",Large Standard-Size,FBA,17.40 x 1.85 x 11.57 in,1.92,,"Apr 24, 2023",,No,37.0,Fococo,flying insect trap
119.0,"40 Pcs 5 Shapes Yellow Extremely Sticky Traps for Fungus Gnat, Fruit Fly, Fly, Whitefly, Flying Insect Catcher Traps for Houseplants, Kitchen, Indoor/Outdoor, Non-Toxic, Odorless, Pet and Kid Safe",B09X3NMTK9,Sticky Traps,https://www.amazon.com/dp/B09X3NMTK9?psc=1,https://m.media-amazon.com/images/I/7105XWXobxL._AC_SY355_.jpg,YourDaDa,5.99,"2,792","2,476","2,000","15,784.60","13,842.75",196,"3,581",US,3.55,1,4.5,"7,136",7.0,25,Lightmeinc,"Patio, Lawn & Garden",Small Standard-Size,FBA,7.13 x 0.67 x 5.91 in,0.35,,"Apr 11, 2022",,No,49.0,Lightmeinc,fruit fly trap
120.0,"2 Fruit Fly Traps & 10 Adhesive Cartridges, Indoor Plug-in Bug Catcher, UV Light Fly Trap Captures Fruit Flies, Gnats, Houseflies, Moths, and Flying Insects for Kitchen, Bathroom, Plant Areas",B0DSQ6X51F,Electric Traps,https://www.amazon.com/dp/B0DSQ6X51F?psc=1,https://m.media-amazon.com/images/I/81t3PtRCOZL._AC_SY355_.jpg,Zaperly,21.99,626,503,400,"12,726.01","10,911.73",191,"8,686",US,5.67,1,4.2,408,8.0,12,Zaperly,"Patio, Lawn & Garden",Large Standard-Size,FBA,6.10 x 4.41 x 4.45 in,0.75,,"Mar 4, 2025",,No,14.0,Zaperly,plug in fly trap
145.0,"1 Fruit Fly Trap & 5 Adhesive Cartridges, Indoor Plug-in Bug Catcher, UV Light Fly Trap Captures Fruit Flies, Gnats, Houseflies, Moths, and Flying Insects for Kitchen, Bathroom, Plant Areas",B0DSQT2FZ7,Electric Traps,https://www.amazon.com/dp/B0DSQT2FZ7?psc=1,https://m.media-amazon.com/images/I/718-DEKlTEL._AC_SY355_.jpg,Zaperly,10.84,626,41,,"12,726.01",674.92,189,"8,682",US,5.72,1,4.2,409,9.0,12,Zaperly,"Patio, Lawn & Garden",Large Standard-Size,FBA,6.26 x 2.28 x 4.29 in,0.46,,"Mar 28, 2025",,No,14.0,Zaperly,fruit fly trap
62.0,"Electric Bug Zapper Indoor, Mosquito Zapper with 2 Extra Replacement Bulbs, Fly, Mosquito Killer and Repellent with Double-Voltage Grid 3500V & Remote, for Patio Yard Home Kitchen",B0GGZNBS5X,Electric Traps,https://www.amazon.com/dp/B0GGZNBS5X?psc=1,https://m.media-amazon.com/images/I/81VowR1mKeL._AC_SY355_.jpg,Zapguru,36.99,392,357,200,"14,260.30","13,218.79",179,"36,764",US,11.36,1,4.4,44,9.0,2,iHeart Gifts&More,"Patio, Lawn & Garden",Large Standard-Size,FBA,16.54 x 4.45 x 11.78 in,4.23,,"Jan 15, 2026",,No,4.0,iHeart Gifts&More,flying insect trap
114.0,"Fruit Fly Traps for Indoors, Plug in Fly Trap Indoor, 900 Sq Ft Protection Area, 6 Color Light Indoor House Bug Catcher with RC for Flying Insects Gnats Fruit Flies (1 Device+7 Refills)",B0FZBW6MG9,Electric Traps,https://www.amazon.com/dp/B0FZBW6MG9?psc=1,https://m.media-amazon.com/images/I/71MnU9YEgZL._AC_SY355_.jpg,ZAYMAN,9.99,47,35,,677.6,491.96,185,"99,820",US,6.45,1,4.2,191,8.0,0,jin ming you,"Patio, Lawn & Garden",Large Standard-Size,FBA,5.00 x 2.01 x 2.80 in,0.29,,"Dec 18, 2025",,No,5.0,jin ming you,plug in fly trap
66.0,"Solar Bug Zapper Outdoor, 4500V Mosquito Zapper Waterproof with Panel Sensor Electric Fly Zapper Rechargeable Mosquito Killer with 10FT Extension Cord, Fly Trap Ideal for Patio, Backyard, Camping",B0CSSTGN7X,Electric Traps,https://www.amazon.com/dp/B0CSSTGN7X?psc=1,https://m.media-amazon.com/images/I/71gKCJiw+BL._AC_SY355_.jpg,zechuan,76.99,"6,072","6,072","2,000","504,338.37","504,290.16",195,"1,206",US,19.8,2,4.3,976,7.0,51,LOARICA,"Patio, Lawn & Garden",Large Standard-Size,FBA,14.92 x 3.66 x 11.50 in,4.89,,"Feb 2, 2024",,No,27.0,LOARICA,flying insect trap
1.0,"Zevo Flying Insect Trap & Cartridge - Plug in Fly Trap & Indoor Bug Catcher for Gnats, House & Fruit Flies - Mess-Free - Use in Any Room - Uses Blue & UV Light (1 Plug in Device & 1 Cartridge)",B07T869RNY,Electric Traps,https://www.amazon.com/dp/B07T869RNY?psc=1,https://m.media-amazon.com/images/I/81AnvlATCkL._AC_SY355_.jpg,Zevo,17.97,"122,192","39,232","30,000","3,301,924.44","709,041.16",192,3,US,7.46,2,4.3,"79,275",9.0,,Front Row CPG,"Patio, Lawn & Garden",Large Standard-Size,FBA,7.13 x 3.35 x 4.57 in,0.35,,"Jun 20, 2019",Sponsored Brand,No,83.0,Front Row CPG,plug in fly trap | flying insect trap
2.0,"Zevo Flying Insect Trap & 3 Refill Cartridges - Plug in Fly Trap & Indoor Bug Catcher for Gnats, House & Fruit Flies - Blue & UV Light Technology, Mess-Free Alternative to Bug Zapper",B0CKY689WQ,Electric Traps,https://www.amazon.com/dp/B0CKY689WQ?psc=1,https://m.media-amazon.com/images/I/81oM9Fx8QaL._AC_SY355_.jpg,Zevo,25.96,"122,192","75,369","80,000","3,301,924.44","1,909,399.20",182,3,US,9.65,12,4.3,"79,275",9.0,"1,673",Front Row CPG,"Patio, Lawn & Garden",Large Standard-Size,FBA,7.24 x 4.57 x 6.81 in,0.42,,"Oct 19, 2023",Sponsored Brand,No,31.0,Front Row CPG,plug in fly trap | flying insect trap | fruit fly trap
3.0,"Zevo 2 Flying Insect Traps & 2 Refill Cartridges - Plug in Fly Trap & Indoor Bug Catcher for Gnats, House & Fruit Flies - Blue & UV Light Technology, Mess-Free Alternative to Bug Zapper",B0C3PDTYYX,Electric Traps,https://www.amazon.com/dp/B0C3PDTYYX?psc=1,https://m.media-amazon.com/images/I/81uxQ4MUSlL._AC_SY355_.jpg,Zevo,37.47,"52,976","36,657","20,000","2,182,818.32","1,373,547.03",185,12,US,11.46,1,4.4,"32,670",9.0,557,Front Row CPG,"Patio, Lawn & Garden",Large Standard-Size,FBA,9.88 x 4.76 x 7.44 in,0.66,,"May 2, 2023",Sponsored Brand,No,36.0,Front Row CPG,plug in fly trap | flying insect trap | fruit fly trap
31.0,"Zevo Flying Insect Trap Official Refill Cartridges - Fits Both Zevo Trap & MAX Indoor Fly Trap - Authentic Trap+Lock Technology to Catch Gnats, House & Fruit Flies (4 Official Refill Cartridges)",B0C3FTCYZL,Electric Traps,https://www.amazon.com/dp/B0C3FTCYZL?psc=1,https://m.media-amazon.com/images/I/81uXJAVhd1L._AC_SY355_.jpg,Zevo,14.97,"181,758","88,044","90,000","3,211,717.44","1,296,918.63",194,2,US,7.01,10,4.8,"39,910",9.0,"1,554",Front Row CPG,"Patio, Lawn & Garden",Large Standard-Size,FBA,7.60 x 3.54 x 4.21 in,0.2,,"Apr 26, 2023",,No,37.0,Front Row CPG,plug in fly trap | fruit fly trap
37.0,"Zevo Flying Insect Trap Official Refill Cartridges - Fits Both Zevo Trap & MAX Indoor Fly Trap - Authentic Trap+Lock Technology to Catch Gnats, House & Fruit Flies (6 Official Refill Cartridges)",B0CTQDTF1V,Electric Traps,https://www.amazon.com/dp/B0CTQDTF1V?psc=1,https://m.media-amazon.com/images/I/81+nq0FrOeL._AC_SY355_.jpg,Zevo,21.97,"187,027","54,012","40,000","3,315,516.41","1,166,300.09",194,2,US,7.98,8,4.8,"39,910",9.0,"1,317",Front Row CPG,"Patio, Lawn & Garden",Large Standard-Size,FBA,8.19 x 3.54 x 4.57 in,0.25,,"Feb 25, 2024",,No,27.0,Front Row CPG,plug in fly trap
55.0,"Zevo MAX Bug Catcher & Fly Trap for Indoors - Flying Insect Trap for Gnats, House & Fruit Flies - Use in Any Room - No-Mess Disposal (1 Plug in Base & 2 Cartridges)",B0CPKZLV35,Electric Traps,https://www.amazon.com/dp/B0CPKZLV35?psc=1,https://m.media-amazon.com/images/I/81D0zOe6ZwL._AC_SY355_.jpg,Zevo,34.97,"1,392","1,203","5,000","54,547.41","40,876.98",164,415,US,10.63,10,4.2,"5,684",9.0,120,Front Row CPG,"Patio, Lawn & Garden",Large Standard-Size,FBA,8.66 x 4.57 x 5.47 in,0.71,,"Dec 5, 2023",,No,29.0,Front Row CPG,plug in fly trap | flying insect trap
37.0,"Zevo MAX Bug Catcher & Fly Trap for Indoors - Flying Insect Trap for Gnats, House & Fruit Flies - Use in Any Room - No-Mess Disposal (2 Plug in Bases & 4 Cartridges)",B0CTQ5TSYB,Electric Traps,https://www.amazon.com/dp/B0CTQ5TSYB?psc=1,https://m.media-amazon.com/images/I/611gCcZ+1vL._AC_SY355_.jpg,Zevo,69.99,"1,392",65,600,"54,547.41","4,473.91",165,408,US,18.86,4,4.2,"5,685",9.0,100,Front Row CPG,"Patio, Lawn & Garden",Large Standard-Size,FBA,9.17 x 5.47 x 8.54 in,1.43,,"Feb 26, 2024",,No,27.0,Front Row CPG,fruit fly trap
28.0,"Zevo 2 Flying Insect Traps & 4 Refill Cartridges - Plug in Fly Trap & Indoor Bug Catcher for Gnats, House & Fruit Flies - Blue & UV Light Technology, Mess-Free Alternative to Bug Zapper",B0CKY5N63H,Electric Traps,https://www.amazon.com/dp/B0CKY5N63H?psc=1,https://m.media-amazon.com/images/I/815OU+3uq7L._AC_SY355_.jpg,Zevo,45.97,"52,976","11,751","10,000","2,182,818.32","522,478.05",185,12,US,13.75,10,4.4,"32,670",9.0,544,Front Row CPG,"Patio, Lawn & Garden",Large Standard-Size,FBA,9.13 x 4.69 x 7.24 in,0.77,,"Oct 19, 2023",,No,31.0,Front Row CPG,plug in fly trap | flying insect trap
47.0,"Zevo Compact Flying Insect Trap Kit with Refill Cartridges - Plug-in Indoor Bug Catcher for Gnats, House & Fruit Flies - Blue + UV Light Technology, No Odor, No Mess (1 Plug-in Device + 3 Cartridges)",B0GJRLN3WS,Electric Traps,https://www.amazon.com/dp/B0GJRLN3WS?psc=1,https://m.media-amazon.com/images/I/813a3fh4ViL._AC_SY355_.jpg,Zevo,23.44,"8,071","7,573","6,000","187,535.32","177,515.50",199,397,US,9.11,3,4.5,131,9.0,87,Front Row CPG,"Patio, Lawn & Garden",Large Standard-Size,FBA,6.22 x 3.19 x 6.10 in,0.41,,"Mar 13, 2026",,No,2.0,Front Row CPG,plug in fly trap
145.0,"6 Pack Bug Zapper Indoor, Electronic Fly Trap Insect Killer, Fly Trap for Indoors, Plug in Bug Zappers Mosquitoes Killer Mosquito Zapper with Blue Lights for Home, Office",B0GCHZ1G7H,Electric Traps,https://www.amazon.com/dp/B0GCHZ1G7H?psc=1,https://m.media-amazon.com/images/I/81Im4mlpj+L._AC_SY355_.jpg,ZLieatmp,25.99,83,83,50,"2,146.44","2,145.51",170,"92,214",US,10.65,1,,0,8.0,0,REY&JET,"Patio, Lawn & Garden",Large Standard-Size,FBA,9.29 x 3.23 x 7.09 in,1.04,,"Feb 12, 2026",,No,3.0,REY&JET,plug in fly trap
30.0,"6Pack Bug Zapper Indoor Plug in Mosquito Zapper Indoor, Mosquito Killer for Baby Room, Bedroom&Nursery, Fruit Fly Zapper Insect Killer with Blue Light, Plug in Gnat Killer for Kitchen&Indoor Plant",B0GPNZHX4W,Electric Traps,https://www.amazon.com/dp/B0GPNZHX4W?psc=1,https://m.media-amazon.com/images/I/81M0IY1wgyL._AC_SY355_.jpg,ZLieatmp,35.99,246,161,100,"6,611.57","4,397.40",196,"14,329",US,11.61,2,5.0,25,9.0,3,REY&JET,"Patio, Lawn & Garden",Large Standard-Size,FBA,9.72 x 2.91 x 5.16 in,0.86,,"May 8, 2026",,No,0.0,REY&JET,flying insect trap
11.0,"Safer Home Indoor Plug-In Fly Trap - SH502 - Effective Fruit Fly Traps for Indoors, Gnat Traps for House Indoor, 400 Sq Ft Protection - Style: 1 Device + 2 Glue Cards",B09T3T1FYN,Electric Traps,https://www.amazon.com/dp/B09T3T1FYN?psc=1,https://m.media-amazon.com/images/I/71PsCvDvipL._AC_SY355_.jpg,Safer Home,12.99,"30,965","7,801","10,000","465,548.26","99,198.41",166,19,AMZ,6.74,8,4.2,"38,122",8.0,,Amazon,"Patio, Lawn & Garden",Large Standard-Size,AMZ,6.61 x 2.36 x 4.29 in,0.29,,"Feb 28, 2022",,No,51.0,Amazon,plug in fly trap | flying insect trap | fruit fly trap
22.0,"Safer Home Indoor Plug-in Fly Trap - SH502-2SR - Effective Fruit Fly Traps for Indoors, Gnat Traps for House Indoor, 800 Total Sq Ft Protection - 2 Devices + 2 Glue Cards",B0CQ8RSTDW,Electric Traps,https://www.amazon.com/dp/B0CQ8RSTDW?psc=1,https://m.media-amazon.com/images/I/81RI2s+ahLL._AC_SY355_.jpg,Safer Home,30.18,"30,965","7,324","6,000","465,548.26","187,707.54",170,19,AMZ,7.95,4,4.4,"5,716",8.0,,Amazon,"Patio, Lawn & Garden",Large Standard-Size,AMZ,5.35 x 3.11 x 5.35 in,0.6,,"Feb 6, 2024",,No,27.0,Amazon,plug in fly trap
29.0,"Safer Home Indoor Plug-in Fly Trap - SH502-2R4SR - Effective Fruit Fly Traps for Indoors, Gnat Traps for House Indoor, 400 Sq Ft Protection - Style: 2 Devices + 4 Glue Cards",B0DK2DSCQ2,Electric Traps,https://www.amazon.com/dp/B0DK2DSCQ2?psc=1,https://m.media-amazon.com/images/I/817nS1xaxXL._AC_SY355_.jpg,Safer Home,24.92,"2,894","1,391",900,"57,617.34","30,556.59",173,"6,482",AMZ,9.8,2,4.5,"1,870",8.0,25,Amazon,"Patio, Lawn & Garden",Large Standard-Size,AMZ,9.80 x 3.15 x 6.22 in,0.73,,"Nov 9, 2024",,No,18.0,Amazon,plug in fly trap
44.0,Fruit Fly Traps for Indoors by Raid | 2 Lures + 2 Refills | Effective Fruit Fly Killer & Gnat Traps for House Indoor Use | Easy to Use & Safe Food-Based Lure Fly Catcher,B07WHKLYPW,Lure,https://www.amazon.com/dp/B07WHKLYPW?psc=1,https://m.media-amazon.com/images/I/81WJTbxHq6L._AC_SY355_.jpg,Raid,11.99,644,644,400,"7,719.74","7,713.20",169,"15,041",US,6.64,2,3.0,"10,784",9.0,8,MIKO V,"Patio, Lawn & Garden",Large Standard-Size,FBA,8.76 x 2.54 x 6.22 in,0.2,,"Aug 27, 2019",,No,81.0,MIKO V,fruit fly trap
40.0,"Aunt Fannie's FlyPunch Fruit Fly Trap for Indoor and Kitchen Use, Ready to Use, Made with Plant Based Ingredients, Safe Near Food, Long Lasting, 32 oz Refill",B0C4Z77R1F,Lure,https://www.amazon.com/dp/B0C4Z77R1F?psc=1,https://m.media-amazon.com/images/I/715vp43U33L._AC_SY355_.jpg,Aunt Fannie's,19.99,"1,318",267,500,"26,462.47","5,327.69",157,450,US,9.13,1,4.5,184,7.0,,Aunt Fannie's,"Patio, Lawn & Garden",Large Standard-Size,FBA,8.94 x 3.07 x 3.11 in,2.23,,"May 11, 2023",,No,36.0,Aunt Fannie's,fruit fly trap
94.0,"Safer Brand 5026 Houseplant Sticky Stake Insect Traps for Indoor Plants - Controls Fungus Gnats, Whiteflies, Midges, Thrips, Fruit Flies, and Black Flies - 1 Pack, 7 Traps",B000OV8OTY,Sticky Traps,https://www.amazon.com/dp/B000OV8OTY?psc=1,https://m.media-amazon.com/images/I/81xHrl-iBpL._AC_SY355_.jpg,Safer,14.3,"1,401",214,,"16,137.18","3,033.56",171,"8,044",US,6.01,8,4.4,"14,640",5.0,,MaxWarehouse,"Patio, Lawn & Garden",Large Standard-Size,MFN,7.52 x 1.06 x 4.06 in,0.09,,"Oct 5, 2016",,No,115.0,MaxWarehouse,fruit fly trap
8.0,"DEVOGUE® Electric Fly Swatter – Battery Powered Fly Swatter Racket, Mosquito and Insect Killer, Handheld Pest Control, Indoor and Outdoor Use",B0GVPGRMLH,Electric Traps,https://www.amazon.com/dp/B0GVPGRMLH?psc=1,https://m.media-amazon.com/images/I/71BGVLPJ1dL._AC_SY355_.jpg,DEVOGUE,9.99,"3,980","3,980",3.0,"39,760.12","39,720.21",144,601,US,6.26,1,4.3,45,7.0,35,DEVOGUE PRODUCTS LLC,"Patio, Césped y Jardín",Large Standard-Size,FBA,17.80 x 1.46 x 8.19 in,0.35,,"Apr 17, 2026",,No,1.0,DEVOGUE PRODUCTS LLC,
18.0,"PhatroyYee Outdoor Solar Bug Zapper, 4500V Portable Waterproof Mosquito Swatter, Rechargeable Electric Wireless Insect Trap for Yard Home Garden Camp",B0D1R9MK2Q,Electric Traps,https://www.amazon.com/dp/B0D1R9MK2Q?psc=1,https://m.media-amazon.com/images/I/81giHWJUzSL._AC_SY355_.jpg,PhatroyYee,69.99,"3,558","2,520",3.0,"283,174.08","192,524.63",196,163,US,19.66,1,4.4,736,7.0,63,KuccHero,"Patio, Césped y Jardín",Large Standard-Size,FBA,15.01 x 3.62 x 11.97 in,4.58,,"Apr 29, 2024",,No,25.0,KuccHero,
19.0,"YsChois Electric Fly Swatter, Insect Zapper, Mosquito Zapper Racket | Golden Zone Voltage, 3mm Denser Mesh, Apple-Like Weight - Powered by AA Batteries (Not",B0G5271Y3G,Electric Traps,https://www.amazon.com/dp/B0G5271Y3G?psc=1,https://m.media-amazon.com/images/I/81yDyUsN3dL._AC_SY355_.jpg,YsChois,11.97,"11,506","10,361",8.0,"127,344.87","108,525.35",199,117,US,7.02,1,4.5,176,7.0,125,"YsChois, LLC","Patio, Césped y Jardín",Large Standard-Size,FBA,15.91 x 1.14 x 8.54 in,0.55,,"Mar 29, 2026",,No,2.0,"YsChois, LLC",
25.0,Faicuk Handheld Electric Fly Swatter Racket,B07VRR5YT8,Electric Traps,https://www.amazon.com/dp/B07VRR5YT8?psc=1,https://m.media-amazon.com/images/I/71lsWIj0hnL._AC_SY355_.jpg,Faicuk,13.99,"3,857","2,332",2.0,"61,527.71","31,850.77",43,"1,028",US,9.0,1,4.2,"8,624",6.0,39,FAICUK,"Patio, Césped y Jardín",Large Standard-Size,FBA,17.36 x 1.65 x 8.76 in,0.73,,"Sep 25, 2019",,No,80.0,FAICUK,
28.0,"DEVOGUE® Electric Fly Swatter - Weight Like Apple - Powered by 2 AA Batteries (Not Included) - 3 Layer Protection Racket for Home, Bedroom, Kitchen, Office, Patio, Indoor and Outdoor",B0FCMPQ7KB,Electric Traps,https://www.amazon.com/dp/B0FCMPQ7KB?psc=1,https://m.media-amazon.com/images/I/71m7s7-DA4L._AC_SY355_.jpg,DEVOGUE,10.99,"2,788","2,788",400.0,"35,969.11","35,941.12",194,"16,666",US,7.17,1,4.1,188,8.0,35,DEVOGUE PRODUCTS LLC,"Patio, Césped y Jardín",Large Standard-Size,FBA,17.63 x 1.22 x 8.54 in,0.4,,"Jun 10, 2025",,No,11.0,DEVOGUE PRODUCTS LLC,
32.0,"Flowtron Indoor Bug Zapper | Electric Fly & Insect Killer with 80W UV Light, Pheromone Lure Attractant, Shock Kill Grid & Reflector Panels | 1200 Sq Ft for Kitchen, Restaurant & Barn, UL Certified",B0007QLU3S,Electric Traps,https://www.amazon.com/dp/B0007QLU3S?psc=1,https://m.media-amazon.com/images/I/81AYWpXdpZL._SX342_.jpg,Flowtron,189.99,22,22,,"4,186.02","4,185.9",196,"288,983",US,45.02,2,3.8,40,9.0,0,DBROTH,"Patio, Lawn & Garden",Large and Bulky,FBA,20.00 x 8.20 x 18.20 in,14.15,,"Oct 8, 2011",,No,175.0,DBROTH,
35.0,"Mosiller Electric Fly Swatter, Portable 3800V Fly Swatter Racket, Type-C Rechargeable, Mosquito Killer for Indoor and Outdoor, 3-Layer Safety Mesh, Easy to Use, Lightweight",B0F1TTNXML,Electric Traps,https://www.amazon.com/dp/B0F1TTNXML?psc=1,https://m.media-amazon.com/images/I/61h3J3ag3iL._AC_SY355_.jpg,Mosiller,15.99,"2,168","1,725",900.0,"33,713.67","25,840.16",192,"2,694",US,8.92,1,4.3,339,8.0,31,Jisoo Home,"Patio, Césped y Jardín",Large Standard-Size,FBA,17.56 x 1.57 x 8.39 in,0.86,,"May 21, 2025",,No,12.0,Jisoo Home,
38.0,"Outdoor Wireless Insect Zapper, 4200V Electric Mosquito Killer Fly Trap, Rechargeable Portable Fly Zapper, Waterproof Mosquito Trap, Indoor Outdoor Insect Killer for Camp, Garden, Backyard, Home",B0GHRXNVZV,Electric Traps,https://www.amazon.com/dp/B0GHRXNVZV?psc=1,https://m.media-amazon.com/images/I/71UNDYqFX+L._AC_SY355_.jpg,Xriba,35.99,417,417,1.0,"20,831.29","20,831.27",276,"2,047",US,6.24,1,4.5,126,7.0,53,Xriba Pest Store,"Patio, Césped y Jardín",Large Standard-Size,FBA,10.16 x 5.31 x 5.35 in,1.46,,"Mar 13, 2026",,No,2.0,Xriba Pest Store,
40.0,"4000V Electric Fly Swatter with 1800mAh Rechargeable Battery, 5-Layer Safety Mesh, Dual Mode, 180° Foldable, Ideal for Indoor or Outdoor Use (White)",B0GMGWJKVB,Electric Traps,https://www.amazon.com/dp/B0GMGWJKVB?psc=1,https://m.media-amazon.com/images/I/7176xzSvzoL._AC_SY355_.jpg,WOCVRYY,19.99,101,101,400.0,"2,021.8","2,020.78",178,"4,510",US,5.53,1,4.4,828,9.0,813,SAMAX INC,"Patio, Césped y Jardín",Large Standard-Size,FBA,10.98 x 2.20 x 8.15 in,0.93,,"Apr 14, 2026",,No,1.0,SAMAX INC,
42.0,"Electric Fly Swatter, Electric Fly Swatter, Mosquito Swatter, Electric Fly Swatter, for Camping, Travel, Outdoor and Indoor Pest Control (2 AA Batteries Included)",B07RQP31ZQ,Electric Traps,https://www.amazon.com/dp/B07RQP31ZQ?psc=1,https://m.media-amazon.com/images/I/71ypf2AvWYL._AC_SY355_.jpg,FOBELISK,27.99,413,413,200.0,"10,602.77","10,598.55",178,"10,756",US,10.71,1,4.2,"1,556",9.0,,FOBELISK,"Patio, Césped y Jardín",Large Standard-Size,FBA,17.56 x 1.65 x 7.20 in,0.66,,"Aug 28, 2019",,No,81.0,FOBELISK,
43.0,"GAIATOP Electric Fly Swatter, 3800V Fly Swatter with Portable Battery, Insect Zapper Racket with 3 Layer Protection for Home, Bedroom, Kitchen, Office, Patio, Indoor and Outdoor",B0BPNRQ5CW,Electric Traps,https://www.amazon.com/dp/B0BPNRQ5CW?psc=1,https://m.media-amazon.com/images/I/81OvIs0lIkL._AC_SY355_.jpg,Gaiatop,21.99,"6,647",968,300.0,"95,050.96","21,279.44",192,"20,959",US,9.31,1,4.4,911,8.0,,LuckyMax Direct,"Patio, Césped y Jardín",Large Standard-Size,FBA,17.68 x 2.64 x 11.93 in,1.76,,"Mar 29, 2023",,No,38.0,LuckyMax Direct,
44.0,Electric Fly Swatter [Set of 2] Handheld Fly Swatter Racket for Indoor/Outdoor - Powerful 1500 Volts Kills Flies/Insects and Mosquitoes Instantly - Portable Battery Powered Fly Swatter (Batteries,B0D1SH7ZXN,Electric Traps,https://www.amazon.com/dp/B0D1SH7ZXN?psc=1,https://m.media-amazon.com/images/I/81nHiMj7IXL._AC_SY355_.jpg,SEWANTA,19.99,"7,125","1,127",,"178,985.22","22,526.4",200,"5,996",US,8.66,1,4.2,372,9.0,54,SA sales,"Patio, Césped y Jardín",Large Standard-Size,FBA,17.60 x 1.65 x 7.32 in,0.93,,"Apr 15, 2024",,No,25.0,SA sales,
45.0,"Electric Bug Zapper Indoor＆Outdoor, 1000V High-Efficiency Mosquito Killer with Replaceable Purple UVA Bulbs, Fly Zapper Killer Detachable Collecting Tray for Home Patio Backyard",B0H1B6LYVQ,Electric Traps,https://www.amazon.com/dp/B0H1B6LYVQ?psc=1,https://m.media-amazon.com/images/I/81yMfcPbf-L._AC_SY355_.jpg,STABLEP,19.99,115,115,,"2,490.79","2,489.62",177,"2,172",,9.48,1,2.0,2,7.0,0,Amira's Appliances,"Patio, Césped y Jardín",Large Standard-Size,FBA,11.54 x 5.67 x 5.75 in,1.57,,"May 14, 2026",,No,0.0,Amira's Appliances,
47.0,"Black Flag 2 Pack Electric Bug Zapper Racket, Fly Swatter and Mosquito Killer, Battery Operated (Black)",B0728KFVFD,Electric Traps,https://www.amazon.com/dp/B0728KFVFD?psc=1,https://m.media-amazon.com/images/I/71nWBMBzDGL._AC_SY355_.jpg,Black Flag,24.05,428,428,200.0,"10,302.85","10,298.44",125,"18,530",US,16.21,2,4.4,"2,074",9.0,3,Greenscapes Home & Garden Products,"Patio, Césped y Jardín",Large and Bulky,MFN,20.24 x 4.56 x 10.33 in,1.92,,"May 31, 2017",,No,108.0,Greenscapes Home & Garden Products,
49.0,"DynaTrap DT1130SR 1/2 Acre Outdoor Mosquito and Flying Insect Trap and Killer – Kills Mosquitoes, Flies, Wasps, Gnats, and Other Flying Insects – Alternative to Mosquito Killer",B0CQ8S58ZF,Electric Traps,https://www.amazon.com/dp/B0CQ8S58ZF?psc=1,https://m.media-amazon.com/images/I/71i0S+Rvi8L._AC_SY355_.jpg,DynaTrap,68.98,"6,335","5,107",4.0,"452,342.04","364,748.15",199,412,AMZ,20.92,5,4.1,"1,564",10.0,45,Amazon,"Patio, Césped y Jardín",Large and Bulky,AMZ,12.24 x 9.17 x 9.25 in,3.6,,"Mar 17, 2024",,No,26.0,Amazon,
50.0,Electric Mosquito Swatter Racket with Rotating Head and Telescopic Handle Indoor 2 in 1 USB Rechargeable UV Insect Zapper Indoor Outdoor Mosquito Killer,B0GGQPZ1Y7,Electric Traps,https://www.amazon.com/dp/B0GGQPZ1Y7?psc=1,https://m.media-amazon.com/images/I/61j-mLQTpIL._AC_SY355_.jpg,WowCatch,29.99,"1,943","1,943",1.0,"55,676.13","55,656.6",200,"5,291",US,12.9,1,4.3,55,7.0,35,WowCatch USA,"Patio, Césped y Jardín",Large Standard-Size,FBA,16.65 x 2.44 x 10.55 in,1.83,,"Feb 12, 2026",,No,3.0,WowCatch USA,
51.0,"Outdoor Solar Bug Zapper, Type-C Waterproof Mosquito Zapper and Solar Powered, Auto On/Off, 4200V Cordless Electric Mosquito Swatter, 5000mAh Rechargeable Mosquito Swatter for Backyard Camping",B0GF272GFZ,Electric Traps,https://www.amazon.com/dp/B0GF272GFZ?psc=1,https://m.media-amazon.com/images/I/71AGC6-l8nL._AC_SY355_.jpg,PhatroyYee,49.99,"1,123","1,016",400.0,"69,337.41","62,755.51",270,496,US,14.99,1,4.0,192,9.0,16,KuccHero,"Patio, Césped y Jardín",Large Standard-Size,FBA,10.87 x 6.06 x 7.05 in,3.24,,"Jan 13, 2026",,No,4.0,KuccHero,
52.0,"15W Bug Zapper Replacement Bulb with 4 Pin Base, Ful 15W-BL U Shape Double Tube Bulb for Outdoor Mosquito Zapper, 1 Pack",B09V85G7CF,Electric Traps,https://www.amazon.com/dp/B09V85G7CF?psc=1,https://m.media-amazon.com/images/I/51Lv4d3pH2L._AC_SY355_.jpg,Dichroma,9.99,"1,390","1,390",1.0,"13,881.97","13,867.93",183,"5,965",US,4.41,1,4.4,"1,607",6.0,43,Dichroma USA,"Patio, Césped y Jardín",Large Standard-Size,FBA,8.50 x 1.26 x 2.01 in,0.2,,"Mar 4, 2022",,No,50.0,Dichroma USA,
53.0,"Dynatrap DT3007W Flying Insect Indoor Plug Trap for Flies, Fruit Flies, Moths, Mosquitoes and Other Flying Insects - 1 White Device + 2 Sticky Cards",B0CQ8VR9XL,Electric Traps,https://www.amazon.com/dp/B0CQ8VR9XL?psc=1,https://m.media-amazon.com/images/I/71hPcYqcAtL._AC_SY355_.jpg,DynaTrap,13.87,"1,342",699,400.0,"16,887.8","9,424.88",199,"4,789",AMZ,7.42,5,4.5,860,16.0,227,Amazon,"Patio, Césped y Jardín",Large Standard-Size,AMZ,7.24 x 2.44 x 4.29 in,0.37,,"Feb 12, 2024",,No,27.0,Amazon,
54.0,"2 Pcs Electric Indoor Bug Zapper with 20W Replacement Bulbs, Blue Light, Powerful 2800V, Attracts Fly and Mosquito Traps with Circuit, No-Load Protection, Plug-in Outdoor Pest Control",B0BN8C3934,Electric Traps,https://www.amazon.com/dp/B0BN8C3934?psc=1,https://m.media-amazon.com/images/I/819KUnsJmuL._AC_SY355_.jpg,Qualirey,52.99,246,246,100.0,"13,264.32","13,264.15",227,"26,597",US,17.42,1,4.0,247,7.0,1,SwayDot,"Patio, Césped y Jardín",Large Standard-Size,FBA,15.98 x 7.09 x 10.79 in,6.15,,"Jan 11, 2023",,No,40.0,SwayDot,
58.0,Faicuk 2 in 1 Handheld Rechargeable Electric Fly Swatter Racket (2 in 1 Green),B0CMXBMCDF,Electric Traps,https://www.amazon.com/dp/B0CMXBMCDF?psc=1,https://m.media-amazon.com/images/I/71LUv3yaN5L._AC_SY355_.jpg,Faicuk,18.99,"3,857","1,146",700.0,"61,527.71","20,749.47",76,"1,028",US,8.98,1,4.2,"8,624",7.0,32,FAICUK,"Patio, Césped y Jardín",Large Standard-Size,FBA,17.24 x 1.73 x 8.90 in,0.99,,"May 16, 2024",,No,24.0,FAICUK,
61.0,"WowCatch Upgraded Indoor Outdoor LED Bug Zapper, Up to 50,000 Hours Lifespan (No Bulb Replacement), Powerful 4200V Mosquito Zapper, Electric Fly Swatter for Patio, Backyard, Home, Camp",B0GJBT1127,Electric Traps,https://www.amazon.com/dp/B0GJBT1127?psc=1,https://m.media-amazon.com/images/I/71vnguzo9-L._AC_SY355_.jpg,WowCatch,29.99,320,320,100.0,"11,646.4","11,645.43",248,"3,189",US,12.71,1,4.6,45,8.0,12,WowCatch USA,"Patio, Césped y Jardín",Large Standard-Size,FBA,12.20 x 7.56 x 8.70 in,2.45,,"Feb 12, 2026",,No,3.0,WowCatch USA,
62.0,"Solar Bug Zapper Outdoor, Mosquito Zapper 4500V Wireless Waterproof Auto On/Off Portable Type-C Solar Powered Bug Zapper, Electric Mosquito Trap Fly Killer for Patio Garage Backyard Camp",B0D1VP26D1,Electric Traps,https://www.amazon.com/dp/B0D1VP26D1?psc=1,https://m.media-amazon.com/images/I/81NQBl4pbeL._AC_SY355_.jpg,PhatroyYee,79.99,"4,258","3,351",3.0,"325,989.45","245,124.47",269,814,US,20.26,1,4.3,653,9.0,32,KuccHero,"Patio, Césped y Jardín",Large Standard-Size,FBA,14.96 x 3.70 x 11.46 in,4.85,,"May 2, 2024",,No,24.0,KuccHero,
65.0,"Powerful Outdoor Large Solar Fly Swatter for 3000 Square Feet, Rechargeable Portable Mosquito Zapper with High Power, Wireless Solar Fly Swatter for Patio, Garden, Yard",B0FKB2H4H5,Electric Traps,https://www.amazon.com/dp/B0FKB2H4H5?psc=1,https://m.media-amazon.com/images/I/81vz3WqkXtL._AC_SY355_.jpg,coospider-repta,89.99,"2,673",438,100.0,"383,971.08","39,416.85",193,"1,593",US,22.42,1,4.0,488,9.0,39,Sunshine 100,"Patio, Césped y Jardín",Large Standard-Size,FBA,17.32 x 4.57 x 10.12 in,6.97,,"Dec 17, 2025",,No,5.0,Sunshine 100,
69.0,"Outdoor Bug Zapper, 4 in 1 4200V Electric Bug Zapper, Rechargeable Bug Zapper, Cordless Fly Swatter with 5000mAh Battery, IP68 Waterproof, Portable E Bug Zapper",B0GTJPJDPK,Electric Traps,https://www.amazon.com/dp/B0GTJPJDPK?psc=1,https://m.media-amazon.com/images/I/81e-tjKvY1L._AC_SY355_.jpg,MKNXYD,35.99,"1,746","1,746",1.0,"80,867.98","80,867.87",200,"49,329",US,10.99,1,4.1,62,9.0,16,EVERGLOW GLOBAL,"Patio, Césped y Jardín",Large Standard-Size,FBA,11.18 x 4.80 x 4.88 in,1.52,,"Apr 19, 2026",,No,1.0,EVERGLOW GLOBAL,
