Display Order,Product Details,ASIN,Segment,URL,Marketplace,Image URL,Brand,Price  €,Parent Level Sales,ASIN Sales,Recent Purchases,Parent Level Revenue,ASIN Revenue,Title Char. Count,BSR,Seller Country/Region,Fees  €,Active Sellers,Ratings,Review Count,Images,Review velocity,Buy Box,Category,Size Tier,Fulfillment,Dimensions,Weight,ABA Most Clicked,Creation Date,Sponsored,Best Seller,Seller Age (mo),Seller
94,"La Roche Posay Repairing Cream for Body, Face and Lips, for Sensitive Skin, with Dexpanthenol and Tribioma, Reduces Tension and Redness, Cicaplast Baume B5+, 100 ml",B0BJFLVCZK,Cream,https://www.amazon.de/dp/B0BJFLVCZK?psc=1,DE,https://m.media-amazon.com/images/I/61lg2nKtAFL._SX342_.jpg,La Roche-Posay,16.79,"12,678","12,678",N/A,"194,848.81","194,734.38",164,18,AMZ,6.55,1,4.7,"4,164",6,300,Amazon,Beauty,Large Envelope,AMZ,13.40 x 3.80 x 5.70 cm,0.11,N/A,"Aug 17, 2022",,No,44,Amazon
4,"Roche Posay Effaclar Foaming Cleansing Gel, 400 Millilitres",B003JSEGNC,Check,https://www.amazon.de/dp/B003JSEGNC?psc=1,DE,https://m.media-amazon.com/images/I/71uT3swhjrL._SX342_.jpg,La Roche-Posay,13.91,"12,823","12,823","6,000","178,497.64","178,369.26",59,19,AMZ,5.51,1,4.6,"45,456",9,687,Amazon,Beauty,Small Parcel,AMZ,20.50 x 6.10 x 6.70 cm,0.46,N/A,"Mar 30, 2021",,No,61,Amazon
8,CERAVE Deep Pore Cleansing Gel 236 ml,B0B7RQ46LD,Check,https://www.amazon.de/dp/B0B7RQ46LD?psc=1,DE,https://m.media-amazon.com/images/I/51PLQTTTo7L._SX342_.jpg,CeraVe,10.95,"15,226","15,226","8,000","175,154.78","175,105.28",37,5,AMZ,4.29,1,4.5,"31,090",8,"1,123",Amazon,Beauty,Large Envelope,AMZ,17.10 x 3.50 x 7.00 cm,0.28,N/A,"Aug 1, 2022",,No,44,Amazon
24,"La Roche-Posay Lipikar Baume Light AP+M, Replenishing Lotion for Neurodermatitis and Dry Skin, Quick Absorption, No Fragrances, for Babies from 3 Months, Children and Adults, 400 ml",B09V542XVS,Cream,https://www.amazon.de/dp/B09V542XVS?psc=1,DE,https://m.media-amazon.com/images/I/41lmeQYcLrL._SX342_.jpg,La Roche-Posay,23.99,"2,973","2,973","1,000","79,072.94","79,050.38",181,"1,093",N/A,7.02,1,4.7,"1,871",10,48,,Beauty,Extra Large Envelope,MFN,20.10 x 5.60 x 5.70 cm,0.42,N/A,"Mar 9, 2022",,No,49,
18,"Cerave moisturising lotion, 236 ml",B07CG2TD9F,Cream,https://www.amazon.de/dp/B07CG2TD9F?psc=1,DE,https://m.media-amazon.com/images/I/61YDmQy6soL._SX342_.jpg,CeraVe,10.48,"7,543","7,543","4,000","79,052.75","78,977.16",34,49,AMZ,3.96,1,4.6,"44,258",8,391,Amazon,Beauty,Large Envelope,AMZ,15.80 x 3.80 x 7.00 cm,0.28,N/A,"Mar 16, 2018",,No,97,Amazon
11,"Mixa Cream for Dry and Cracked Skin, Moisturiser for the Body, Hands and Face, with Urea and Niacinamide, Urea Cica Repair + Skin Renewing Cream, 1 x 400 ml",B09V8JNGD4,Cream,https://www.amazon.de/dp/B09V8JNGD4?psc=1,DE,https://m.media-amazon.com/images/I/811R5oWSjsL._SY355_.jpg,Mixa,6.68,"8,097","8,097","3,000","69,627","69,553.44",156,41,AMZ,4.04,8,4.5,"7,323",12,185,Amazon,Beauty,Small Parcel,AMZ,9.10 x 8.70 x 9.00 cm,0.46,N/A,"Mar 20, 2022",,No,49,Amazon
93,Cerave - Moisturizer for dry to very dry skin - 177 ml,B07C5VMJPW,Cream,https://www.amazon.de/dp/B07C5VMJPW?psc=1,DE,https://m.media-amazon.com/images/I/71ea4mQlpTL._SX342_.jpg,CeraVe,10.3,"6,052","6,052","3,000","66,570.20","66,515.18",54,104,AMZ,3.04,1,4.5,"18,996",10,169,Amazon,Beauty,Extra Large Envelope,AMZ,16.40 x 4.80 x 5.00 cm,0.2,N/A,"Apr 13, 2018",,No,96,Amazon
7,"Anua Heartleaf Pore Cleansing Oil, Cleansing Oil Face, Pore Cleanser, Sebum Care, Suitable for All Skin Types, Gently Melting Texture, Makeup Remover, Korean Skincare (200 ml)",B0DL8Y8N4G,Wash,https://www.amazon.de/dp/B0DL8Y8N4G?psc=1,DE,https://m.media-amazon.com/images/I/61nHrsCJT1L._SY355_.jpg,ANUA,13.99,"3,903","3,903","1,000","64,241.97","64,241.87",175,265,PL,6.12,5,4.4,"1,162",10,128,LaRose Sp. z o.o.,Beauty,Extra Large Envelope,MFN,18.00 x 5.30 x 12.10 cm,0.27,N/A,"Oct 29, 2024",,No,18,LaRose Sp. z o.o.
42,"Sorion cream - also suitable for skin care in cases of psoriasis and eczema With coconut oil, Neem, Rubia Cordifolia, Turmeric and Wrightia tinctoria.",B074D5ZKX9,Cream,https://www.amazon.de/dp/B074D5ZKX9?psc=1,DE,https://m.media-amazon.com/images/I/81gpa6C36jL._AC_SY355_.jpg,Sorion,30.63,"3,918","1,781",N/A,"83,843.98","54,545.01",150,227,AMZ,8.01,5,4.3,"14,420",6,29,Amazon,,Extra Large Envelope,AMZ,21.50 x 4.70 x 4.70 cm,0.16,N/A,"Oct 15, 2017",,No,102,Amazon
147,"CETAPHIL Moisturising Cream, 453 g, For Dry, Sensitive Skin, Intensively Moisturises 48 Hours and Strengthens Resistance, With Vitamin B3, Sunflower Oil, Packaging May Vary",B003IO05U0,Cream,https://www.amazon.de/dp/B003IO05U0?psc=1,DE,https://m.media-amazon.com/images/I/71vgyRjmhkL._SX342_.jpg,Cetaphil,17.09,"2,506","2,506","1,000","52,843","52,825.45",172,336,BE,6.45,8,4.7,"1,801",10,12,Amazon,Beauty,Small Parcel,FBA,9.80 x 9.40 x 9.50 cm,0.52,N/A,"Apr 22, 2010",,No,192,Amazon
28,"Mixa Panthenol Skin Soothing Cream with Panthenol, Care Cream for Dry, Sensitive and Neurodermatitis-Prone Skin, Wound Healing Cream for Redness and Itching, Panthenol Comfort, 400 ml",B0BPSWK6Y5,Cream,https://www.amazon.de/dp/B0BPSWK6Y5?psc=1,DE,https://m.media-amazon.com/images/I/71KX5HBOqmL._SY355_.jpg,Mixa,5.82,"6,491","6,491","3,000","48,685.50","48,620.50",183,92,AMZ,3.95,2,4.6,"2,121",11,94,Amazon,Beauty,Small Parcel,AMZ,8.90 x 8.50 x 8.80 cm,0.45,N/A,"Dec 12, 2022",,No,40,Amazon
7,"Kanzy Jojobaöl Kaltgepresst 100% Reines Gold, 120ml für Haut, Haare und Nägel, Gesichtsöl und Körperöl, Vegan & Hexanfrei, Jojobaöl, Anti-Falten, Natürliche Intensiv Feuchtigkeitspflege",B07BYPW7LZ,Check,https://www.amazon.de/dp/B07BYPW7LZ?psc=1,DE,https://m.media-amazon.com/images/I/51p2piuFXSL._SX450_.jpg,KANZY,9.93,"16,916","4,497",N/A,"149,760.56","47,571.80",185,9,N/A,3.83,1,N/A,N/A,9,678,,,Extra Large Envelope,FBA,13.90 x 5.05 x 5.10 cm,0.23,N/A,"Mar 8, 2021",,No,61,
86,"La Roche Posay Regenerating Eye Cream for Allergy-Prone Eye Areas, Soothes Redness and Itching, with Niacinamide, Neurosensins and Sphingobioma, Toleriane Dermallergo Eyes, 20 ml",B09DPFXM6C,Cream,https://www.amazon.de/dp/B09DPFXM6C?psc=1,DE,https://m.media-amazon.com/images/I/51HXMkWyHUL._SX342_.jpg,La Roche-Posay,19.99,"2,124","2,124","1,000","42,414.53","42,394.06",178,606,AMZ,5.78,1,4.5,"1,606",12,73,Amazon,Beauty,Large Envelope,AMZ,10.30 x 3.50 x 3.70 cm,0.04,N/A,"Oct 29, 2021",,No,54,Amazon
144,"La Roche Posay Face Cream, for Allergy-Prone Skin, Reduces Redness, with Sphingobioma and Neurosensine, Fragrance-Free and Alcohol-Free, Dermallergo Cream, Toleriane, 40 ml",B09DPGJC3B,Cream,https://www.amazon.de/dp/B09DPGJC3B?psc=1,DE,https://m.media-amazon.com/images/I/613NuWl9+nL._SX342_.jpg,La Roche-Posay,21.58,"1,956","1,956",N/A,"41,943.74","41,934.13",172,"5,380",AMZ,6.28,1,4.7,"2,397",7,130,Amazon,Beauty,Large Envelope,AMZ,14.00 x 3.40 x 3.70 cm,0.06,N/A,"Feb 20, 2025",,No,14,Amazon
136,"CeraVe Moisturising Cream for Body and Face, with Pump Dispenser, Cream for Dry to Very Dry Skin, with Hyaluronic and 3 Essential Ceramides, 454 g",B0853C7CFQ,Cream,https://www.amazon.de/dp/B0853C7CFQ?psc=1,DE,https://m.media-amazon.com/images/I/51jzMorS7rL._SX342_.jpg,CeraVe,17.85,"2,315","2,315","1,000","41,390.55","41,372.47",146,257,AMZ,6.08,1,4.6,"7,629",8,106,Amazon,Beauty,Small Parcel,AMZ,11.28 x 9.00 x 9.20 cm,0.53,N/A,"Feb 18, 2020",,No,74,Amazon
21,"Eucerin AtopiControl Soothing Light Balm 400 ml, Basic Skin Care for Dry and Atopic Skin, Moisturising Body Cream with Ceramides and Licochalcone A",B07YTKM7PN,Cream,https://www.amazon.de/dp/B07YTKM7PN?psc=1,DE,https://m.media-amazon.com/images/I/61bIwDuN4xL._SX342_.jpg,Eucerin,18.31,"1,686","1,686",900,"34,998.50","34,997.16",147,886,AMZ,6.69,10,4.6,743,6,24,,Beauty,Extra Large Envelope,AMZ,20.80 x 5.70 x 8.80 cm,0.43,N/A,"Oct 7, 2019",,No,78,
27,"Bi-Oil Skin Care Oil, Special Care Product for Scars and Stretch Marks 125 ml",B00KWCQHZ8,Check,https://www.amazon.de/dp/B00KWCQHZ8?psc=1,DE,https://m.media-amazon.com/images/I/61eZ758cYQL._SY355_.jpg,Bio-Oil,12.56,"2,128","2,128","1,000","31,813.42","31,792.04",77,437,AMZ,5.66,1,4.5,"12,757",8,41,Amazon,Beauty,Extra Large Envelope,AMZ,14.80 x 4.40 x 4.50 cm,0.15,N/A,"Jul 1, 2012",,No,165,Amazon
44,Cicaplast Baume B5+ Balm,B00ST2GSRK,Cream,https://www.amazon.de/dp/B00ST2GSRK?psc=1,DE,https://m.media-amazon.com/images/I/61QrwyZDC4L._SX342_.jpg,La Roche-Posay,7.88,"5,015","3,765",N/A,"49,716.58","30,760.49",24,44,AMZ,3.28,1,4.7,"20,622",9,789,Amazon,Beauty,Large Envelope,AMZ,12.15 x 3.20 x 4.75 cm,0.05,N/A,"Jul 26, 2015",,No,129,Amazon
16,"Dexeryl Creams, 1 piece",B008KL09BG,Cream,https://www.amazon.de/dp/B008KL09BG?psc=1,DE,https://m.media-amazon.com/images/I/51tMuhLqAWL._SY355_.jpg,DEXERYL,19.76,"1,908","1,722",900,"34,096.49","30,693.80",23,599,IT,6.12,5,4.7,"3,109",8,36,FARMACIA ONLINE SHOP,Beauty,Extra Large Envelope,FBA,23.10 x 5.50 x 5.80 cm,0.56,#2,"Jul 14, 2012",,No,165,FARMACIA ONLINE SHOP
64,"Allergika Med Eyelid Cream 15ml Fast Relief from Redness, Flaking and Skin Dryness",B08HCPH5T6,Cream,https://www.amazon.de/dp/B08HCPH5T6?psc=1,DE,https://m.media-amazon.com/images/I/61-fXFWuBuL._SX342_.jpg,Allergika,20.97,"1,323","1,323",500,"30,661.39","30,654.98",82,"2,105",N/A,7.82,3,4.5,373,6,4,St. Bernward Apotheke,Beauty,Large Envelope,MFN,8.80 x 3.40 x 3.60 cm,0.02,N/A,"Sep 3, 2020",,No,67,St. Bernward Apotheke
8,#NAME?,B07H3B8J76,Cream,https://www.amazon.de/dp/B07H3B8J76?psc=1,DE,https://m.media-amazon.com/images/I/71DcCH+LuiL._SY355_.jpg,Evolsin,14.24,"1,685","1,792",900,"28,026.15","29,834.02",131,"1,828",DE,3.04,2,4.1,"2,826",8,N/A,Evolsin,Health & Personal Care,Extra Large Envelope,FBA,14.30 x 4.20 x 4.50 cm,0.07,N/A,"Sep 16, 2018",,No,91,Evolsin
131,"Linola Forte Skin Milk - 1 x 200 ml - Intensive Nourishing Cream Against Itching with 24-Hour Effect | Body Lotion for Dry, Irritated or Neurodermatitis Prone Skin | Helps from the First Use",B09QJJPR3C,Cream,https://www.amazon.de/dp/B09QJJPR3C?psc=1,DE,https://m.media-amazon.com/images/I/71XK+oLiIAL._SY355_.jpg,Linola,21.34,"1,621","1,621",N/A,"29,409.41","29,404.09",190,"3,018",N/A,7.61,6,4.5,507,4,23,,Beauty,Extra Large Envelope,MFN,20.50 x 5.40 x 6.40 cm,0.23,N/A,"Jan 16, 2022",,No,51,
28,"CeraVe Schäumendes Reinigungsgel für Gesicht und Körper, Feuchtigkeitsspendend und hautstärkend, Für normale bis fettige Haut, Mit Hyaluron und 3 essenziellen Ceramiden",B0CRSJ46YD,Check,https://www.amazon.de/dp/B0CRSJ46YD?psc=1,DE,https://m.media-amazon.com/images/I/51g5iT018ML._SX342_.jpg,CeraVe,18.29,"4,633","1,548","1,000","82,980.10","28,664.76",168,135,AMZ,6.16,1,4.6,"101,254",9,"1,072",Amazon,Beauty,Extra Large Envelope,AMZ,21.20 x 4.60 x 9.20 cm,0.65,N/A,"Feb 16, 2024",,No,26,Amazon
29,"frei öl Body Shaping Oil, firming body oil, anti-cellulite effect, all skin types and sensitive skin, pharmacist quality, climate-neutral certified, microbiom-friendly, vegan, 1 x 125 ml",B01LYTJSQ5,Check,https://www.amazon.de/dp/B01LYTJSQ5?psc=1,DE,https://m.media-amazon.com/images/I/71e1ReL770L._SY355_.jpg,frei öl,13.38,"2,080","1,862","1,000","30,465.59","26,714.50",186,946,AMZ,5.17,6,4.5,"2,391",9,12,Amazon,Beauty,Large Envelope,AMZ,14.40 x 3.70 x 7.00 cm,0.19,N/A,"Sep 15, 2016",,No,115,Amazon
10,"BIODERMA Atoderm Shower Oil - Soothing and Irritation-Relieving Cleansing - Instant Wellbeing and 24 Hours Moisturising - Sensitive, Very Dry to Irritated Skin - Pump Bottle 1 L",B00ZY65OSI,Wash,https://www.amazon.de/dp/B00ZY65OSI?psc=1,DE,https://m.media-amazon.com/images/I/615ZenpkpGL._SY355_.jpg,Bioderma,17.43,"1,265","1,265",600,"25,527.75","25,521.45",177,"1,215",DE,6.47,22,4.7,"30,203",8,269,DermoBox,Beauty,Small Parcel,FBA,21.50 x 7.80 x 10.50 cm,1.17,N/A,"Aug 27, 2015",,No,128,DermoBox
51,"bedrop Propolis Cream for Acne, Neurodermatitis (High Dose Ointment) - 60 g Propolis Cream with Beeswax & Grape Seed Oil (60 g)",B0BDDNK31J,Cream,https://www.amazon.de/dp/B0BDDNK31J?psc=1,DE,https://m.media-amazon.com/images/I/71n9rOLBGcL._AC_SY355_.jpg,bedrop,19.9,"1,378","1,263",600,"31,468.99","25,110.64",127,"1,364",DE,7.4,1,4.4,836,8,15,bedrop #natürlichbiene,Beauty,Extra Large Envelope,FBA,6.10 x 5.60 x 5.70 cm,0.16,#3,"Sep 7, 2022",,No,43,bedrop #natürlichbiene
37,"CeraVe Feuchtigkeitsspendendes Reinigungsöl, Intensive und langanhaltende Feuchtigkeit für normale bis sehr trockene Haut, Reinigung für Körper und Gesicht, mit 3 essenziellen Ceramiden",B0967LDZ7R,Wash,https://www.amazon.de/dp/B0967LDZ7R?psc=1,DE,https://m.media-amazon.com/images/I/51mYBrdKYkL._SX342_.jpg,CeraVe,15.25,"2,182","1,628",800,"32,053.21","24,906.85",185,775,AMZ,6.44,1,4.6,"10,232",6,158,Amazon,Beauty,Extra Large Envelope,AMZ,18.80 x 4.80 x 8.40 cm,0.54,N/A,"Jul 22, 2021",,No,57,Amazon
55,"CeraVe Schäumendes Reinigungsgel für Gesicht und Körper, Feuchtigkeitsspendend und hautstärkend, Für normale bis fettige Haut, Mit Hyaluron und 3 essenziellen Ceramiden",B07C5XD33D,Wash,https://www.amazon.de/dp/B07C5XD33D?psc=1,DE,https://m.media-amazon.com/images/I/51bpB2xMIrL._SX342_.jpg,CeraVe,16.98,"4,633","1,569",N/A,"82,980.10","24,293.60",168,135,AMZ,5.97,5,4.6,"101,254",10,979,Amazon,Beauty,Extra Large Envelope,AMZ,18.70 x 4.70 x 8.70 cm,0.54,N/A,"Apr 13, 2018",,No,96,Amazon
31,"The Ordinary Glucoside Foaming Cleanser, Mild Foaming Face Wash for All Skin Types, Including Sensitive Skin, 150 ml",B0BYQ45N7W,Wash,https://www.amazon.de/dp/B0BYQ45N7W?psc=1,DE,https://m.media-amazon.com/images/I/41uPO7xf-qL._SX342_.jpg,The Ordinary,10.5,"2,039","2,039","1,000","23,320.41","23,302.55",116,874,AMZ,5.9,1,4.7,"2,507",6,274,Amazon,Beauty,Large Envelope,AMZ,19.30 x 3.70 x 7.10 cm,0.18,N/A,"Mar 16, 2023",,No,37,Amazon
46,"Eubos skin calm cream 50ml for sensitive and dry skin of children and babies, dermatologically approved",B000V3MHY8,Cream,https://www.amazon.de/dp/B000V3MHY8?psc=1,DE,https://m.media-amazon.com/images/I/71kUfOsRMzL._SY355_.jpg,EUBOS,12.95,"5,169","1,753",N/A,"78,169.47","22,686.15",103,32,AMZ,5.36,5,4.6,706,9,24,Amazon,Baby Products,Extra Large Envelope,AMZ,13.30 x 4.20 x 4.30 cm,0.07,N/A,"Jun 12, 2008",,No,214,Amazon
30,"Sorion Repair Cream - for psoriasis, neurodermatitis, dry skin and eczema for intensive skin care (50 g)",B00IFZEBSE,Check,https://www.amazon.de/dp/B00IFZEBSE?psc=1,DE,https://m.media-amazon.com/images/I/715B3MZAeTL._AC_SY355_.jpg,Sorion,19.08,"3,918","1,136",400,"83,843.98","22,367.51",104,225,N/A,5.73,9,4.3,"14,420",6,29,Amazon,Beauty,Large Envelope,MFN,16.70 x 3.10 x 3.40 cm,0.06,N/A,"Dec 31, 2008",,No,208,Amazon
30,Eubos Skin Rest,B000V3PZ0Q,Cream,https://www.amazon.de/dp/B000V3PZ0Q?psc=1,DE,https://m.media-amazon.com/images/I/71lad5JZoCL._SY355_.jpg,EUBOS,14.19,"5,169","1,323",700,"78,169.47","22,125.41",15,32,AMZ,5.95,8,4.7,"1,162",9,0,Amazon,Baby Products,Extra Large Envelope,AMZ,17.70 x 4.40 x 5.40 cm,0.15,N/A,"Jun 12, 2008",,No,214,Amazon
95,"La Roche Posay Lipikar Balm AP+Max Body Lotion, Replenishing Body Cream for Dry Skin Prone to Atopic Dermatitis, Strengthens the Microbiome, Reduces Itching and Tension, 400 ml",B0FTFQB5YF,Cream,https://www.amazon.de/dp/B0FTFQB5YF?psc=1,DE,https://m.media-amazon.com/images/I/61DWK5LAQVL._SX342_.jpg,La Roche-Posay,23.77,947,947,400,"21,639.66","21,636.36",176,"13,517",N/A,7.66,3,4.5,53,1,35,Amazon,Beauty,Extra Large Envelope,FBA,20.10 x 5.40 x 5.70 cm,0.45,N/A,"Sep 29, 2025",,No,7,Amazon
51,La Roche Posay La Roche PosayLipikar AP + M Balm Moisturising Cream 400 ml,B0849KTG44,Cream,https://www.amazon.de/dp/B0849KTG44?psc=1,DE,https://m.media-amazon.com/images/I/61p-I45AJAL._SX342_.jpg,La Roche-Posay,29.29,942,942,N/A,"21,029.77","21,029.64",74,"8,242",AMZ,7.81,1,4.6,"1,830",9,40,Amazon,Beauty,Extra Large Envelope,AMZ,20.10 x 5.50 x 5.70 cm,0.45,N/A,"Jan 17, 2020",,No,75,Amazon
42,"La Roche-Posay Lipikar Eczema Med Acute Cream for Fast Relief of Eczema Symptoms in Eczema Eczema, Support for the Natural Microbiome of the Skin, 30 ml",B09LDBLS9T,Cream,https://www.amazon.de/dp/B09LDBLS9T?psc=1,DE,https://m.media-amazon.com/images/I/61CKNNHEIvL._SX342_.jpg,La Roche-Posay,22.88,994,994,300,"21,032.01","21,027.65",152,"4,696",N/A,6.85,1,4.4,345,8,21,,Beauty,Extra Large Envelope,MFN,10.90 x 4.20 x 4.40 cm,0.07,N/A,"Oct 18, 2021",,No,54,
118,"Linola Face - 2 x 50 ml | Face Cream for Dry, Sensitive and Neurodermatitis Prone Skin | Medical Face Care without Microplastics",B0B3S6NF9M,Cream,https://www.amazon.de/dp/B0B3S6NF9M?psc=1,DE,"https://m.media-amazon.com/images/I/616-V-98lLL._SY355_PIbundle-2,TopRight,0,0_SX322SY355SH20_.jpg",Linola,29.98,698,698,N/A,"20,922.93","20,915.82",128,"2,966",N/A,7.92,3,4.6,175,3,6,,Beauty,Extra Large Envelope,FBA,21.50 x 5.50 x 17.60 cm,0.15,N/A,"Jun 10, 2022",,No,46,
58,Rosaliac Gel MICELLARE 195 ml,B00R0LU78W,Check,https://www.amazon.de/dp/B00R0LU78W?psc=1,DE,https://m.media-amazon.com/images/I/51zgmpmJMfL._SX342_.jpg,La Roche-Posay,15.65,"1,260","1,260",500,"20,864.79","20,853.22",29,"1,400",AMZ,6.38,1,4.7,744,1,20,Amazon,Beauty,Extra Large Envelope,AMZ,18.30 x 4.10 x 4.10 cm,0.24,N/A,"Nov 17, 2014",,No,137,Amazon
7,"Naissance almond oil, sweet, 1 litre.",B007MCXGO6,Check,https://www.amazon.de/dp/B007MCXGO6?psc=1,DE,https://m.media-amazon.com/images/I/71PcxQ1+gZL._AC_SY355_.jpg,Naissance,12.42,"2,182","1,528","1,000","31,738.38","20,622.76",37,329,GB,6.03,1,4.6,"48,190",7,122,naissance ®,Beauty,Standard Parcel,FBA,22.20 x 12.60 x 16.70 cm,0.97,N/A,"Jun 11, 2012",,No,166,naissance ®
22,"La Roche-Posay Lipikar Shower and Bath Oil AP+ Replenishing Shower Gel - Bath Oil for Itchy, Dry and Sensitive Skin 1L",B0DJPB34JN,Wash,https://www.amazon.de/dp/B0DJPB34JN?psc=1,DE,https://m.media-amazon.com/images/I/516Q-7YP6ML._SY445_.jpg,La Roche-Posay,17.79,767,767,400,"20,243.82","20,239.48",118,"2,052",PT,7.33,3,4.7,496,1,20,Amazon,Beauty,Small Parcel,MFN,22.40 x 8.70 x 8.80 cm,1.14,N/A,"Oct 12, 2024",,No,18,Amazon
44,"CeraVe Creme-zu-Schaum Reinigung, Feuchtigkeitsspendende Reinigungscreme, Für normale bis trockene Haut, Entfernt Schmutz und Make-up, Mit Hyaluron und Ceramiden",B0DG8WX9ZK,Check,https://www.amazon.de/dp/B0DG8WX9ZK?psc=1,DE,https://m.media-amazon.com/images/I/61y+Y0We6mL._SX342_.jpg,CeraVe,16.39,"1,681","1,214",700,"26,574.84","19,878.03",161,"1,066",AMZ,5.88,1,4.5,"8,733",9,76,Amazon,Beauty,Extra Large Envelope,AMZ,18.90 x 4.80 x 8.80 cm,0.56,N/A,"Aug 14, 2024",,No,20,Amazon
36,"Eucerin AtopiControl Gesichtscreme, 50 ml [Badartikel]",B00G1IA63G,Cream,https://www.amazon.de/dp/B00G1IA63G?psc=1,DE,https://m.media-amazon.com/images/I/61l-8LHtKEL._SX342_.jpg,Eucerin,17.7,994,994,400,"19,879.02","19,872.67",54,"1,763",N/A,5.78,16,4.5,939,7,4,A+ eCom,Beauty,Large Envelope,FBA,13.20 x 3.20 x 4.30 cm,0.06,N/A,"Oct 9, 2013",,No,150,A+ eCom
21,Kanzy Rose Hip Oil Organic Cold Pressed 100% Pure Rosehip Oil Wild Rose Oil for Skin Hair Nails Facial Oil Body Oil Vegan Hexane Free Rose Hip Seed Oil Anti-Ageing Anti-Wrinkle Natural 120 ml,B07BYMJMJZ,Check,https://www.amazon.de/dp/B07BYMJMJZ?psc=1,DE,https://m.media-amazon.com/images/I/81kvJ-wzhlL._SX355_.jpg,KANZY,8.49,"16,916","2,046","1,000","149,760.56","19,439.16",191,10,GB,4.71,1,4.5,"34,328",6,742,KANZY,Beauty,Extra Large Envelope,FBA,13.80 x 5.10 x 5.20 cm,0.23,N/A,"Jun 21, 2018",,No,94,KANZY
115,Galderma Excipial Protect Protective Complex 500ml,B00E67IZLE,Check,https://www.amazon.de/dp/B00E67IZLE?psc=1,DE,https://m.media-amazon.com/images/I/61HfnXd2ZQL._SY355_.jpg,Excipial,20.65,757,757,300,"19,048.36","19,042.53",50,"3,532",AMZ,8.08,5,4.5,486,7,5,Amazon,Beauty,Small Parcel,AMZ,16.00 x 8.30 x 8.50 cm,0.55,N/A,"Dec 17, 2008",,No,208,Amazon
13,"BABOR Hy-Oil Cleanser for All Skin Types, Care Oil for Daily Facial Cleansing, Makeup Remover, Vegan Formula with Vitamin E, 1 x 200 ml",B0BPSLD51J,Check,https://www.amazon.de/dp/B0BPSLD51J?psc=1,DE,https://m.media-amazon.com/images/I/51LzH5jmu2L._SX342_.jpg,BABOR,16.5,"1,042","1,042",N/A,"18,849.37","18,845.57",135,"1,476",AMZ,5.9,1,4.6,"1,955",5,12,Amazon,Beauty,Extra Large Envelope,AMZ,19.41 x 4.90 x 5.69 cm,0.26,N/A,"Dec 31, 2022",,No,40,Amazon
23,Neutrogena Hydro Boost Water Gel Moisturiser,B082VPVQZS,Check,https://www.amazon.de/dp/B082VPVQZS?psc=1,DE,https://m.media-amazon.com/images/I/61BZ8POV1iL._SY355_.jpg,Neutrogena,4.16,"3,788","3,788","2,000","18,751.99","18,713.96",44,304,AMZ,3.05,5,4.6,"5,719",7,59,Amazon,Beauty,Extra Large Envelope,AMZ,18.60 x 4.10 x 4.20 cm,0.25,N/A,"Jan 15, 2020",,No,75,Amazon
20,"SEBAMED Fresh Shower 400 ml, Shower Gel for Sensitive and Stressed Skin, Long-Lasting Fresh Feeling, Moisturises the Skin with Amino Acids and Allantoin, for Men and Women",B0FJFD8HDX,Wash,https://www.amazon.de/dp/B0FJFD8HDX?psc=1,DE,https://m.media-amazon.com/images/I/41cd1yKwqFL._SY355_.jpg,Sebamed,3.77,"3,810","3,939","2,000","17,908.99","18,517.31",171,173,AMZ,4.38,1,4.8,169,5,23,Amazon,Beauty,Extra Large Envelope,AMZ,17.00 x 4.30 x 9.50 cm,0.46,N/A,"Jul 22, 2025",,No,9,Amazon
26,SKIN1004 Madagascar Centella Light Cleansing Oil (200 ml),B0CZTT9JXV,Check,https://www.amazon.de/dp/B0CZTT9JXV?psc=1,DE,https://m.media-amazon.com/images/I/51aIyQjJ4NL._SY355_.jpg,SKIN1004,18.19,"1,895",980,600,"30,693.81","18,374.93",57,783,N/A,5.89,6,4.5,"12,363",8,382,dashausdepot,Beauty,Extra Large Envelope,FBA,16.10 x 5.40 x 5.50 cm,0.24,N/A,"Apr 4, 2024",,No,24,dashausdepot
139,"Mixa Urea Balm with 40% Glycerin, Urea and Allatoin, Repairing, Moisturising, for Very Dry, Cracked Skin on Elbows, Knees, Feet & Hands, 10 in 1 Urea Cica Repair+, 150 ml",B0CPTBBQJR,Cream,https://www.amazon.de/dp/B0CPTBBQJR?psc=1,DE,https://m.media-amazon.com/images/I/71+e76JuKTL._SX355_.jpg,Mixa,5.84,"2,557","2,557","1,000","17,769.99","17,744.28",170,459,AMZ,N/A,6,4.7,"1,105",12,35,Amazon,Beauty,Extra Large Envelope,AMZ,9.00 x 4.70 x 8.90 cm,0.2,N/A,"Dec 8, 2023",,No,28,Amazon
50,BIODERMA BIODERMA CREALINE H2O Mizellar Solution for Sensitive Skin 500 ml Unisex Pack of 1 x 500 ml,B002XZLAWM,Check,https://www.amazon.de/dp/B002XZLAWM?psc=1,DE,https://m.media-amazon.com/images/I/51D9UzBWcqL._SY355_.jpg,Bioderma,11.46,"1,919","1,336","1,000","24,507.52","17,583.01",100,688,LT,6.34,9,4.7,"38,448",8,175,Cosmetica ✅,Beauty,Small Parcel,FBA,17.40 x 6.80 x 7.11 cm,0.54,N/A,"Dec 31, 2008",,No,208,Cosmetica ✅
27,Eucerin DermoCapillaire Kopfhautberuhigendes Urea Intensiv-T [Badartikel],B0090YFK0W,Other,https://www.amazon.de/dp/B0090YFK0W?psc=1,DE,https://m.media-amazon.com/images/I/414ONK59kYL._SX342_.jpg,Eucerin,16.95,988,988,300,"17,432.34","17,431.34",73,"10,914",GB,2.78,20,4.5,490,6,10,SKPS-Enterprise,Beauty,Large Envelope,FBA,15.50 x 3.40 x 5.40 cm,0.13,N/A,"Aug 21, 2012",,No,164,SKPS-Enterprise
71,"Eucerin AtopiControl Lotion, 400 ml",B00GUYH90E,Cream,https://www.amazon.de/dp/B00GUYH90E?psc=1,DE,https://m.media-amazon.com/images/I/61ESRiqTJxL._SY355_.jpg,Eucerin,24.29,723,723,N/A,"17,245.31","17,238.94",35,"4,349",N/A,7.67,5,4.6,621,6,4,,Beauty,Large Envelope,FBA,21.70 x 3.60 x 7.80 cm,0.45,N/A,"Oct 9, 2013",,No,150,
69,"Dermasence Mousse Cleansing Foam, 200 ml Foam",B00E67CRKE,Check,https://www.amazon.de/dp/B00E67CRKE?psc=1,DE,https://m.media-amazon.com/images/I/61y7haENePL._SX342_.jpg,DERMASENCE,15.21,"1,012","1,012",500,"16,928.21","16,922.45",45,"1,617",N/A,5.9,6,4.6,895,5,7,apominga - Die Online Apotheke in München,Beauty,Extra Large Envelope,MFN,22.00 x 5.20 x 5.30 cm,0.28,N/A,"Nov 10, 2009",,No,197,apominga - Die Online Apotheke in München
18,Weleda Organic Pomegranate Regeneration Oil (1 x 100 ml) 100 ml White,B001O9LN0C,Check,https://www.amazon.de/dp/B001O9LN0C?psc=1,DE,https://m.media-amazon.com/images/I/71uoLUazCbL._SY355_.jpg,Weleda,10.35,"1,044","1,044",300,"15,665.68","15,660.16",69,"1,513",AMZ,4.88,10,4.7,"1,856",11,17,Amazon,Beauty,Large Envelope,AMZ,15.50 x 3.70 x 6.10 cm,0.29,N/A,"Nov 10, 2009",,No,197,Amazon
68,CETAPHIL Reinigungslotion,B004CRN3BA,Cream,https://www.amazon.de/dp/B004CRN3BA?psc=1,DE,https://m.media-amazon.com/images/I/71gk5yXIlhL._SX342_.jpg,Cetaphil,11.71,881,822,400,"16,961.81","15,596.80",25,"2,506",AMZ,6.27,5,4.7,575,9,N/A,Amazon,Beauty,Extra Large Envelope,AMZ,19.10 x 5.30 x 9.60 cm,0.49,N/A,"Nov 10, 2009",,No,197,Amazon
40,Beauty of Joseon Ginseng Cleansing Oil Waterproof Makeup Remover for Sensitive Acne Prone Facial Skin Korean Skin Care for Men and Women 210ml,B0D1Q43KQZ,Check,https://www.amazon.de/dp/B0D1Q43KQZ?psc=1,DE,https://m.media-amazon.com/images/I/61Ok4s6Tk3L._SY355_.jpg,Beauty of Joseon,15.78,824,824,200,"15,093.62","15,089.04",142,"4,874",N/A,6.2,6,4.4,"1,771",9,73,Imagine It Delivered,Beauty,Extra Large Envelope,FBA,24.60 x 5.20 x 5.40 cm,0.76,N/A,"Aug 14, 2024",,No,20,Imagine It Delivered
72,La Roche-Posay Toleriane Cleaning Fluid 200ml Solution,B000IOBEG2,Check,https://www.amazon.de/dp/B000IOBEG2?psc=1,DE,https://m.media-amazon.com/images/I/61pVdClkAqL._SX342_.jpg,La Roche-Posay,12.99,"1,164","1,164",500,"15,076.70","15,065.66",54,"2,402",AMZ,5.37,1,4.3,"2,611",8,21,Amazon,Beauty,Extra Large Envelope,AMZ,16.69 x 4.36 x 4.54 cm,0.23,N/A,"Jun 2, 2008",,No,214,Amazon
45,"Lavera Neutral Acute Cream with Micro Silver, Organic Evening Primrose, Instant Aid for Skin Irritations, Neurodermatitis Medical Skin Care, Vegan Organic Plant Active Ingredients, Natural Cosmetics Cream, 75 ml",B07H43SZRL,Cream,https://www.amazon.de/dp/B07H43SZRL?psc=1,DE,https://m.media-amazon.com/images/I/71w0cEtZexL._AC_SY355_.jpg,lavera,9.61,"1,112","1,112",600,"14,941.58","14,940.54",211,983,AMZ,5.74,4,4.4,"1,739",7,7,Amazon,Beauty,Large Envelope,AMZ,15.00 x 4.00 x 5.00 cm,0.08,N/A,"Sep 5, 2018",,No,91,Amazon
64,"Manuka Honey Hemp Ointment for Neurodermatitis & Eczema, Dandruff - Propolis, Beeswax, Aloe Vera, Dermatologically Recommended, Heals Dry, Cracked Skin",B0BW9MN9Z9,Cream,https://www.amazon.de/dp/B0BW9MN9Z9?psc=1,DE,https://m.media-amazon.com/images/I/71ffVmxmwEL._SY355_.jpg,Hemp Help HEMP COSMETIC,16.04,778,778,400,"14,075.40","14,069.11",151,"4,111",CZ,4.8,2,4.3,675,8,30,H4H Naturals,Health & Personal Care,Standard Envelope,FBA,6.60 x 2.40 x 6.40 cm,0.06,N/A,"Feb 20, 2023",,No,38,H4H Naturals
47,Locobase Repair Cream - 72h Moisturising Cream for Very Dry & Cracked Skin - Body & Face Care - Regenerates the Skin Barrier - Fragrance-Free - Dermatologically Tested - 100 g,B0F3DZFTQ6,Cream,https://www.amazon.de/dp/B0F3DZFTQ6?psc=1,DE,https://m.media-amazon.com/images/I/51TfkczNWXL._SY355_.jpg,Locobase,21.59,"1,891",567,200,"26,955.69","13,913.25",175,"1,006",AMZ,7.2,5,4.7,174,7,13,Amazon,Beauty,Extra Large Envelope,AMZ,16.60 x 4.80 x 5.70 cm,0.13,N/A,"Apr 2, 2025",,No,12,Amazon
128,Cetaphil Pro Itch Control 295ml Lotion,B07NGLXM9G,Cream,https://www.amazon.de/dp/B07NGLXM9G?psc=1,DE,https://m.media-amazon.com/images/I/61vMgieV6kL._SX342_.jpg,Cetaphil,19.03,485,599,300,"11,048.21","13,652.70",38,"3,209",BE,6.82,8,4.6,424,8,16,homeplace-eu,Beauty,Extra Large Envelope,FBA,19.30 x 4.90 x 6.80 cm,0.34,N/A,"Feb 7, 2019",,No,86,homeplace-eu
47,"Veet Expert Multi-Benefit Oil - 100% Natural Origin with Vitamins & Omega 3 - Body Oil for Shaving & After Hair Removal - Moisturising Shaving Oil for Body & Face, 100 ml",B08PGFBHDB,Check,https://www.amazon.de/dp/B08PGFBHDB?psc=1,DE,https://m.media-amazon.com/images/I/61LWX0MMEoL._AC_SY355_.jpg,Veet,6.68,"1,722","1,722",600,"13,663.26","13,646.30",170,"1,477",AMZ,3.64,2,4.4,"1,058",9,30,Amazon,Beauty,Large Envelope,AMZ,14.00 x 3.00 x 4.30 cm,0.11,N/A,"Jan 3, 2021",,No,63,Amazon
27,"Eucerin AtopiControl Acute Care Cream 100 ml, Acute Skin Care for Dry and Atopic Skin, Targeted Use for Instant Relief from Itching, Redness and Irritation",B07ZL23F22,Cream,https://www.amazon.de/dp/B07ZL23F22?psc=1,DE,https://m.media-amazon.com/images/I/61Jgp0KTsIL._SX342_.jpg,Eucerin,30,512,512,200,"13,582.09","13,579.45",155,"6,794",IT,7.23,6,4.6,499,7,21,FarmaciaBasso,Health & Personal Care,Large Envelope,FBA,13.50 x 3.70 x 6.00 cm,0.11,N/A,"Oct 25, 2019",,No,78,FarmaciaBasso
4,"BIODERMA Atoderm Intensive Balm - Anti-Itching, Repairing and Nourishing Care - Very Dry, Irritated to Atopic Skin - Recommended by Dermatologists - Pump Bottle 500 ml",B0161ZC5GY,Cream,https://www.amazon.de/dp/B0161ZC5GY?psc=1,DE,https://m.media-amazon.com/images/I/51j19A6MGZL._SY355_.jpg,Bioderma,21.34,825,558,300,"17,758.43","13,156.04",167,"1,885",FR,N/A,13,4.8,"10,369",8,162,Cosmeco,Beauty,Small Parcel,FBA,20.95 x 6.60 x 6.81 cm,0.55,N/A,"Oct 7, 2015",,No,126,Cosmeco
9,"Eucerin AtopiControl Hand Intensive Cream 75 ml, Soothing Hand Cream Nourishes Atopic, Hand Decema-Prone Skin, Moisturising Skin Care with Licochalcone A and Ceramides",B01N0RN5MH,Cream,https://www.amazon.de/dp/B01N0RN5MH?psc=1,DE,https://m.media-amazon.com/images/I/616idZx85VL._SX342_.jpg,Eucerin,8.32,"1,297","1,297",700,"12,640.08","12,633.73",167,"1,219",N/A,3.43,14,4.6,999,7,25,CRIFLOMAR,Beauty,Large Envelope,FBA,11.20 x 3.80 x 3.90 cm,0.09,N/A,"Nov 25, 2016",,No,113,CRIFLOMAR
50,"haruharu wonder Black Rice Moisture Deep Cleansing Oil 5.1 fl.oz / 150 ml | Korean Facial Cleanser, Makeup Remover | Vegan, Cruelty Free | Jojoba Seed Oil, Macadamia Seed Oil",B08W1ZHTL3,Check,https://www.amazon.de/dp/B08W1ZHTL3?psc=1,DE,https://m.media-amazon.com/images/I/410kaXTQP-L._SY355_.jpg,HARUHARU,15.21,726,726,200,"12,483.32","12,476.33",174,"4,185",DE,5.86,8,4.3,"3,773",7,141,The Incredible Company,Beauty,Extra Large Envelope,FBA,15.30 x 4.90 x 5.10 cm,0.19,N/A,"Apr 8, 2022",,No,48,The Incredible Company
10.2.,Eubos Skin Rest,B00E67C4EI,Cream,https://www.amazon.de/dp/B00E67C4EI?psc=1,DE,https://m.media-amazon.com/images/I/717NnAm69CL._SY355_.jpg,EUBOS,12.39,"5,065",982,500,"76,680.77","12,252.08",15,35,N/A,4.9,22,4.5,600,9,7,Amazon,Baby Products,Large Envelope,AMZ,11.50 x 3.90 x 3.90 cm,0.05,N/A,"Sep 3, 2008",,No,211,Amazon
6,"Aveeno Skin Relief Body Oil Spray - With Oat Oil and Jojoba Oil, Provides Long-Lasting Moisture, Strengthens the Skin Protection Barrier and Improves Elasticity for Very Dry, Sensitive Skin",B0DGH2CDK4,Oil,https://www.amazon.de/dp/B0DGH2CDK4?psc=1,DE,https://m.media-amazon.com/images/I/71uHTx7cPYL._SY355_.jpg,Aveeno,11.12,952,952,700,"11,837.73","11,831.05",189,906,GB,5.01,11,4.3,278,7,12,Amazon,Beauty,Large Envelope,FBA,18.90 x 4.00 x 4.20 cm,0.23,N/A,"Sep 9, 2024",,No,19,Amazon
45,"Sebamed Sport Shower 3 in 1, 400 ml, for Body, Face and Hair, for Men and Women, Skin and Hair Care for Sport-Damaged Skin and Scalp, Shampoo and Shower Gel",B0FJ8CPHLN,Other,https://www.amazon.de/dp/B0FJ8CPHLN?psc=1,DE,https://m.media-amazon.com/images/I/41Q67zx3l7L._SY355_.jpg,Sebamed,3.77,"1,733","1,733",700,"11,070.95","11,058.75",156,"1,089",AMZ,3.4,1,4.8,105,5,18,Amazon,Beauty,Extra Large Envelope,AMZ,17.00 x 4.30 x 9.50 cm,0.46,N/A,"Jul 21, 2025",,No,9,Amazon
62,SOS Derma Care Anti-Itching Cream Acute Intensive Care (100 ml) - Relieves Itching in Dry Skin & Neurodermatitis - With Panthenol & Micro Silver - Suitable for Adults & Children,B0D3FD2SCD,Cream,https://www.amazon.de/dp/B0D3FD2SCD?psc=1,DE,https://m.media-amazon.com/images/I/6105ZHoKVYL._AC_SY355_.jpg,SOS,5.95,"1,951","1,830",N/A,"15,726.63","10,869.78",177,695,N/A,3.44,1,4.4,148,9,27,,Beauty,Extra Large Envelope,FBA,14.50 x 4.20 x 6.40 cm,0.12,N/A,"May 23, 2024",,No,23,
10,Bepanthen Sensiderm Cream for Stabilising Skin Protection Barrier and Soothing Irritated Skin Areas 20 g,B00E66YY4W,Check,https://www.amazon.de/dp/B00E66YY4W?psc=1,DE,https://m.media-amazon.com/images/I/71vcAQxOwJL._AC_SX355_.jpg,Bepanthen,9.99,"1,215","1,110",N/A,"12,955.43","10,841.28",104,"1,107",N/A,N/A,6,4.5,"3,068",8,12,,Health & Personal Care,Large Envelope,MFN,11.81 x 3.91 x 3.99 cm,0.04,N/A,"Feb 29, 2012",,No,170,
68,"CeraVe Regenerating Hand Cream, Gentle Cream for Sensitive Skin, No Fragrances, for Neurodermatitis or Allergies, with Hyaluronic Acid and Essential Ceramides, 50 ml",B07C5W53C3,Cream,https://www.amazon.de/dp/B07C5W53C3?psc=1,DE,https://m.media-amazon.com/images/I/71cTnXwJBKL._SX342_.jpg,CeraVe,4.54,"1,566","1,566",800,"10,761.37","10,755.14",165,840,AMZ,3.08,4,4.8,"5,553",7,52,Amazon,Beauty,Large Envelope,AMZ,10.83 x 3.40 x 5.10 cm,0.06,N/A,"Apr 13, 2018",,No,96,Amazon
48,"La Roche Posay Body Lotion for Itchy, Dry and Neurodermatitis Prone Skin, Reduces Itching, Strengthens Skin Protection Barrier, with Niacinamide and Shea Butter, Lipikar Baume AP+M, 200 ml",B08PHCW2DX,Cream,https://www.amazon.de/dp/B08PHCW2DX?psc=1,DE,https://m.media-amazon.com/images/I/51ePUUkT69L._SX342_.jpg,La Roche-Posay,22.89,476,476,200,"10,601.32","10,599.99",188,"3,490",AMZ,N/A,1,4.8,"1,147",8,34,Amazon,Beauty,Extra Large Envelope,AMZ,16.00 x 4.50 x 7.30 cm,0.19,N/A,"Dec 3, 2020",,No,64,Amazon
39,Locobase Repair Cream - 72h Moisturising Cream for Very Dry & Cracked Skin - Body & Face Care - Regenerates the Skin Barrier - Fragrance-Free - Dermatologically Tested - 30 g,B0F3FJ6MCC,Cream,https://www.amazon.de/dp/B0F3FJ6MCC?psc=1,DE,https://m.media-amazon.com/images/I/51AY0bkptWL._SY355_.jpg,Locobase,6.41,"1,891","1,148",500,"26,955.69","10,219.63",174,"1,006",AMZ,3.64,5,4.7,174,7,13,Amazon,Beauty,Extra Large Envelope,AMZ,13.00 x 4.10 x 4.60 cm,0.04,N/A,"Apr 2, 2025",,No,12,Amazon
65,"BABOR Gel & Tonic Cleanser for Oily and Blemished Skin, Anti-Bacterial Cleansing Gel and Facial Toner in One, Vegan Formula, Gel & Tonic 2 in 1, 1 x 200 ml",B0BPSGM4CS,Check,https://www.amazon.de/dp/B0BPSGM4CS?psc=1,DE,https://m.media-amazon.com/images/I/61RIKSOCckL._SX342_.jpg,BABOR,12.27,648,648,300,"10,178.62","10,176.12",155,"3,434",AMZ,5.61,1,4.5,"1,390",3,4,Amazon,Beauty,Extra Large Envelope,AMZ,19.30 x 4.80 x 5.80 cm,0.27,N/A,"Dec 31, 2022",,No,40,Amazon
61,"Allergika Med Face Cream, Long-Lasting Regeneration of a Damaged Skin Barrier, 50 ml",B0953KCDHY,Cream,https://www.amazon.de/dp/B0953KCDHY?psc=1,DE,https://m.media-amazon.com/images/I/613V8kxXuaL._SX342_.jpg,Allergika,22.65,412,412,200,"10,047","10,044.71",84,"5,328",N/A,N/A,4,4.6,261,6,3,St. Bernward Apotheke,Beauty,Extra Large Envelope,MFN,12.50 x 4.20 x 4.30 cm,0.09,N/A,"May 18, 2021",,No,59,St. Bernward Apotheke
51,KIEHL'S Ultra Facial Cleanser 150ml Mild Avocado Oil Based Facial Cleanser Foaming Cleanser Oil Removes Makeup For All Skin Types,B00BBFU9TU,Check,https://www.amazon.de/dp/B00BBFU9TU?psc=1,DE,https://m.media-amazon.com/images/I/71n2dF2tebL._SX342_.jpg,Kiehl's,18.9,519,519,200,"9,889.26","9,884.11",129,"4,590",AMZ,6.26,1,4.6,"1,663",8,49,Amazon,Beauty,Extra Large Envelope,AMZ,15.70 x 4.90 x 7.50 cm,0.18,N/A,"Feb 22, 2017",,No,110,Amazon
50,"- Evolsin® psoriasis balm / ointment, cream, effective relief thanks to unique patented action, soothes irritated, itchy and dry skin",B07G68HMVM,Cream,https://www.amazon.de/dp/B07G68HMVM?psc=1,DE,https://m.media-amazon.com/images/I/71rlJAsw-EL._SX342_.jpg,Evolsin,19.79,488,488,300,"9,732.33","9,732.19",133,"5,372",DE,6.01,2,4.1,"1,103",9,3,Evolsin,Health & Personal Care,Extra Large Envelope,FBA,15.00 x 4.40 x 4.70 cm,0.14,N/A,"Aug 5, 2018",,No,92,Evolsin
122,"SIRIDERMA HYDRO Intensive Cream - Care for Irritated, Itchy Skin for Neurodermatitis, Psoriasis & Rosacea | Relieves Itching & Burning, Reduces Redness | Perfume Free, 150 ml",B00862A392,Cream,https://www.amazon.de/dp/B00862A392?psc=1,DE,https://m.media-amazon.com/images/I/616v1pbEH-L._SX355_.jpg,SIRIDERMA,42.6,464,228,100,"14,828.11","9,720.29",174,"7,163",DE,10.8,1,4.5,394,10,4,Barbara Seitz,Beauty,Extra Large Envelope,FBA,20.20 x 4.40 x 5.20 cm,0.19,N/A,"May 25, 2012",,No,167,Barbara Seitz
19,"Care Oil - Skin Care Specialist Against Scars, Stretch Marks and Pigment Spots, Dry and Sensitive Skin, Pharmacist Quality, Climate-Neutral, Microbiom-Friendly, Vegan (1 x 125 ml)",B00E5B5ENI,Check,https://www.amazon.de/dp/B00E5B5ENI?psc=1,DE,https://m.media-amazon.com/images/I/71cg4SJpimL._SY355_.jpg,frei öl,8.79,"1,037",930,400,"11,816.98","9,670.46",179,"2,100",AMZ,4.22,6,4.6,"1,851",7,15,Amazon,Beauty,Large Envelope,AMZ,14.20 x 3.71 x 6.91 cm,0.15,N/A,"Jul 3, 2013",,No,153,Amazon
56,"La Roche Posay Micellar Cleansing Foam, Facial Cleansing and Makeup Remover for Sensitive Skin, Creamy Foam with Micellar Technology, 150 ml",B009C5NAJC,Check,https://www.amazon.de/dp/B009C5NAJC?psc=1,DE,https://m.media-amazon.com/images/I/71rK4lJVH3L._SX342_.jpg,La Roche-Posay,16.29,577,577,200,"9,306.40","9,301.84",140,"3,917",AMZ,5.48,1,4.5,"1,675",1,38,Amazon,Beauty,Extra Large Envelope,AMZ,17.20 x 4.10 x 4.50 cm,0.22,N/A,"Apr 26, 2013",,No,156,Amazon
15,SKIN1004 Centella Light Cleansing Oil 200 ml,B07T5BN3P2,Check,https://www.amazon.de/dp/B07T5BN3P2?psc=1,DE,https://m.media-amazon.com/images/I/513XnLnpwpL._SY355_.jpg,SKIN1004,17.06,"1,895",532,300,"30,693.81","9,237.04",44,783,FR,6.27,10,4.5,"12,363",8,490,Majo DE,Beauty,Extra Large Envelope,FBA,16.20 x 5.40 x 5.40 cm,0.23,N/A,"Aug 27, 2019",,No,80,Majo DE
33,"N1 Psoriasis Intensive Cream 50 ml - Eczema & Neurodermatitis Cream - Soothes, Nourishes, Relieves and Smooths Red, Flaky, Inflamed & Dry Skin",B0B56LYR2N,Cream,https://www.amazon.de/dp/B0B56LYR2N?psc=1,DE,https://m.media-amazon.com/images/I/813UERc3QZL._SY355_.jpg,N1,13.5,662,543,300,"13,845.38","9,166.57",142,"4,037",DE,6.91,5,3.9,445,7,7,N1 - Health Care,Health & Personal Care,Extra Large Envelope,FBA,14.20 x 4.40 x 4.50 cm,0.08,N/A,"Jun 27, 2022",,No,46,N1 - Health Care
62,"La Roche Posay Micro Exfoliating Cleansing Gel for Sensitive, Blemished Skin on Face and Body, Removes Dead Skin Cells with LHA, Salicylic Acid and Zinc, Effaclar, 200 ml",B086MK9Q8C,Check,https://www.amazon.de/dp/B086MK9Q8C?psc=1,DE,https://m.media-amazon.com/images/I/618BzkDaFJL._SX342_.jpg,La Roche-Posay,11.99,541,541,300,"8,901.69","8,897.15",170,"2,787",AMZ,6.21,1,4.6,445,10,17,Amazon,Beauty,Extra Large Envelope,AMZ,16.30 x 4.80 x 7.10 cm,0.23,N/A,"Apr 3, 2020",,No,72,Amazon
126,"DERMASENCE Vitop Forte Care Cream, 200 ml - Skin-protecting Basic Care for Dry and Neurodermatitis Prone Skin - Inflammation Preventive - with Active Complex of Färberwaid and Aloe Vera",B07MZGFJ4X,Cream,https://www.amazon.de/dp/B07MZGFJ4X?psc=1,DE,https://m.media-amazon.com/images/I/61kHXD6+oHL._SY355_.jpg,DERMASENCE,23.28,309,309,200,"8,859.46","8,857.75",185,"5,844",N/A,7.83,4,4.6,376,6,3,apominga - Die Online Apotheke in München,Beauty,Extra Large Envelope,MFN,19.80 x 5.30 x 7.00 cm,0.25,N/A,"Oct 5, 2018",,No,90,apominga - Die Online Apotheke in München
136,"Dermasence Adtop Cream, 250 ml",B004CRR6YU,Cream,https://www.amazon.de/dp/B004CRR6YU?psc=1,DE,https://m.media-amazon.com/images/I/61PzeNRLAjL._SY355_.jpg,DERMASENCE,21.27,407,407,N/A,"8,643.17","8,640.57",30,"10,353",N/A,6.35,6,4.7,974,6,8,,Beauty,Extra Large Envelope,MFN,5.00 x 21.60 x 6.80 cm,0.28,N/A,"Sep 15, 2009",,No,199,
145,"Naissance Shea Butter Organic (No. 306) 500 g - Pure And Natural, Unrefined, Organically Certified, Hand-Kneaded, Vegan And Fragrance-free - Ethically And Sustainably Made in Ghana",B004SMFLDM,Check,https://www.amazon.de/dp/B004SMFLDM?psc=1,DE,https://m.media-amazon.com/images/I/61psitO-aWL._AC_SY355_.jpg,Naissance,11.72,741,537,200,"11,514.02","8,575.99",180,"1,327",GB,7.23,1,4.1,"11,109",8,17,naissance ®,Beauty,Small Parcel,FBA,11.20 x 10.20 x 10.30 cm,0.56,N/A,"Jun 25, 2012",,No,166,naissance ®
117,Eucerin Aquaphor 220 ml,B07HMGVSWQ,Cream,https://www.amazon.de/dp/B07HMGVSWQ?psc=1,DE,https://m.media-amazon.com/images/I/41pTQttswwL._SX342_.jpg,Eucerin,20.17,373,373,200,"8,543.73","8,541.73",23,"3,987",AMZ,7.02,14,4.6,753,8,28,,Beauty,Extra Large Envelope,AMZ,19.80 x 4.80 x 7.80 cm,0.21,N/A,"Sep 18, 2018",,No,91,
29,"Eucerin AtopiControl Soothing Ultralight Hydro Lotion 400 ml, Basic Skin Care for Dry and Atopic Skin, Moisturising Body Cream with Licochalcone A and Hyaluronic Acid",B0DVZNZMDM,Cream,https://www.amazon.de/dp/B0DVZNZMDM?psc=1,DE,https://m.media-amazon.com/images/I/61CWQQ3EHFL._SX342_.jpg,Eucerin,16.8,426,426,200,"8,520.38","8,515.99",166,"4,204",AMZ,7.41,4,4.8,113,7,8,Amazon,Beauty,Extra Large Envelope,AMZ,21.30 x 5.60 x 9.00 cm,0.42,N/A,"Feb 19, 2025",,No,14,Amazon
39,"CETAPHIL Cleansing lotion, 236 ml, for dry, sensitive skin, facial cleansing with and without water, gently and effectively removes dirt, soap-free, packaging may vary",B07K9JPY2S,Cream,https://www.amazon.de/dp/B07K9JPY2S?psc=1,DE,https://m.media-amazon.com/images/I/615IX4iuk+L._SY355_.jpg,Cetaphil,8.55,903,748,300,"11,440.20","8,499.62",167,"2,567",AMZ,5.17,6,4.6,225,8,20,Amazon,Beauty,Large Envelope,AMZ,15.80 x 4.00 x 8.80 cm,0.27,N/A,"Nov 6, 2018",,No,89,Amazon
91,"Aveeno Dermexa Moisturising Daily Emollient Cream Body Lotion with Soothing Triple Oat Complex for Very Dry, Itchy, Sensitive, Eczema-Prone Skin, 200 ml",B0DGH4M5VN,Cream,https://www.amazon.de/dp/B0DGH4M5VN?psc=1,DE,https://m.media-amazon.com/images/I/61hZRk+elkL._SY355_.jpg,Aveeno,14.12,483,483,200,"8,239.65","8,235.46",152,"5,016",AMZ,4.41,5,4.5,116,10,7,Amazon,Beauty,Extra Large Envelope,AMZ,19.40 x 5.40 x 6.80 cm,0.24,N/A,"Sep 9, 2024",,No,19,Amazon
63,"WELEDA Organic Clarifying Wash Gel - Deep Pore Natural Cosmetics Anti Pimples Face Cleansing for Blemished Skin Face Care Fights Pimples / Blackheads & Reduces Excess Sebum (Vegan, 100 ml)",B07PTZFT38,Wash,https://www.amazon.de/dp/B07PTZFT38?psc=1,DE,https://m.media-amazon.com/images/I/61-pP4etK4L._SY355_.jpg,Weleda,5.43,"1,113","1,113",400,"8,113.09","8,109.77",188,"2,249",AMZ,3.64,9,4.5,"1,460",10,13,Amazon,Beauty,Large Envelope,AMZ,14.00 x 4.00 x 6.30 cm,0.12,N/A,"Mar 18, 2019",,No,85,Amazon
46,Colloidal Silver Cream (Pharmacy Production) 100 G,B003KO1O5I,Check,https://www.amazon.de/dp/B003KO1O5I?psc=1,DE,https://m.media-amazon.com/images/I/816bWMPfvtL._SY355_.jpg,Pestalozzi Apotheke,11.29,851,493,200,"13,966.22","8,083.76",50,"4,194",DE,6.49,1,4.3,"3,978",6,10,bio-apo (Gratis-Versand über 20€ in Deutschland),Health & Personal Care,Extra Large Envelope,FBA,12.30 x 4.20 x 4.30 cm,0.13,N/A,"May 4, 2010",,No,191,bio-apo (Gratis-Versand über 20€ in Deutschland)
35,"Garnier Oil Beauty Nourishing Milk Rich Body Lotion with Argan Oil, Almond Oil, Rose Oil and Macadamia 400ml.",B00JDI3ZNY,Check,https://www.amazon.de/dp/B00JDI3ZNY?psc=1,DE,https://m.media-amazon.com/images/I/61w0OSGYJGL._SY355_.jpg,Garnier,4.16,"1,629","1,629",900,"8,061.35","8,044.96",109,883,AMZ,3.05,1,4.6,"2,115",1,37,Amazon,Beauty,Large Envelope,AMZ,22.10 x 3.80 x 8.80 cm,0.44,N/A,"Mar 31, 2014",,No,145,Amazon
54,"Sebamed Soap-free wash emulsion refill bag, 400 ml, soap-free cleansing for sensitive skin, strengthens the skin barrier, suitable for hand, face and body cleansing",B0FB3JRY23,Wash,https://www.amazon.de/dp/B0FB3JRY23?psc=1,DE,https://m.media-amazon.com/images/I/7103d0-SPtL._SY355_.jpg,Sebamed,3.74,"1,740","1,740",800,"7,742.06","7,724.53",164,752,AMZ,3.5,1,4.7,154,5,13,Amazon,Beauty,Small Parcel,AMZ,23.30 x 6.20 x 19.30 cm,0.43,N/A,"Jun 7, 2025",,No,10,Amazon
20,Kneipp Skin Oil Almond Blossom Gentle Skin 100 ml,B000ORUNP6,Check,https://www.amazon.de/dp/B000ORUNP6?psc=1,DE,https://m.media-amazon.com/images/I/71vHVemEkQL._SY355_.jpg,Kneipp,3.77,"1,711","1,711",900,"7,680.77","7,663.54",49,936,AMZ,4.38,3,4.7,"2,731",6,20,Amazon,Beauty,Extra Large Envelope,AMZ,13.60 x 5.10 x 5.20 cm,0.21,N/A,"Mar 26, 2007",,No,229,Amazon
71,by Amazon Sensitive Hand Soap 4 x 500 ml,B0CS623NCL,Check,https://www.amazon.de/dp/B0CS623NCL?psc=1,DE,"https://m.media-amazon.com/images/I/61wjIEDxX8L._SY355_PIbundle-4,TopRight,0,0_AA355SH20_.jpg",by Amazon,3.33,"5,358","1,574",700,"25,478.75","7,543.74",40,120,AMZ,4.87,2,4.5,"2,722",5,109,Amazon,Beauty,Standard Parcel,AMZ,20.20 x 12.70 x 18.90 cm,2.29,N/A,"Apr 1, 2024",,No,24,Amazon
38,"SEBAMED Sea Salt Shower 400 ml, Shower Gel for Men and Women, with Original Dead Sea Salt, Soap-free Cleansing for Sensitive and Dry Skin",B0FJ88C598,Wash,https://www.amazon.de/dp/B0FJ88C598?psc=1,DE,https://m.media-amazon.com/images/I/41uinl-VlwL._SY355_.jpg,Sebamed,3.77,"1,102","1,102",500,"7,468.56","7,458.29",137,722,AMZ,3.4,1,4.7,138,5,5,Amazon,Beauty,Extra Large Envelope,AMZ,17.20 x 4.20 x 9.50 cm,0.47,N/A,"Jul 21, 2025",,No,9,Amazon
52,"SEBAMED Anti-Redness Perfume-Free Gentle Cleansing Foam for Rosacea, Reduces Redness on the Face, Suitable as Rosacea Facial Care, for the Care and Cleansing of Reddened Skin, 150 ml",B0D2Y3T8PX,Check,https://www.amazon.de/dp/B0D2Y3T8PX?psc=1,DE,https://m.media-amazon.com/images/I/417JKfLTnkL._SY355_.jpg,Sebamed,6.3,962,962,400,"7,435.83","7,433.12",182,"3,221",AMZ,5.16,5,4.2,139,4,10,Amazon,Beauty,Extra Large Envelope,AMZ,17.50 x 4.70 x 4.70 cm,0.2,N/A,"Apr 29, 2024",,No,24,Amazon
14,Manyo Factory Pure Cleansing Oil,B01N5K834V,Wash,https://www.amazon.de/dp/B01N5K834V?psc=1,DE,https://m.media-amazon.com/images/I/61GfWBNBkXL._SY355_.jpg,ma:nyo,18.9,405,309,200,"9,475.13","7,335.24",32,"6,303",N/A,6.81,15,4.5,"6,319",9,N/A,Warenhaus Brühl,Beauty,Extra Large Envelope,FBA,19.80 x 4.90 x 4.90 cm,0.25,N/A,"Feb 1, 2017",,No,110,Warenhaus Brühl
42,"Marigold Ointment - All Natural Balm Relieves Skin Rashes, Itching, Dry Skin, Eczema, Cracked Hands Handmade, Plastic Free, Cruelty Free, Moisturising. - 100ml",B07H4RB55D,Cream,https://www.amazon.de/dp/B07H4RB55D?psc=1,DE,https://m.media-amazon.com/images/I/71rw98IG84L._SY500_.jpg,The Ilex Wood,14.4,591,424,300,"11,316.53","7,198.45",159,36,GB,4.12,1,4.5,"1,743",6,N/A,The Ilex Wood,Handmade Products,Large Envelope,FBA,13.90 x 3.40 x 10.20 cm,0.08,N/A,"Sep 6, 2018",,No,91,The Ilex Wood
70,La Roche Posay LIPIKAR BAUME LIGHT AP+M Body Lotion Light Body Cream with Anti-Itching and Anti-Relapse Effect for Skin Prone to Neurodermatitis and Allergies,B0FSRVPY96,Cream,https://www.amazon.de/dp/B0FSRVPY96?psc=1,DE,https://m.media-amazon.com/images/I/313ZDnaHxbL._SX342_.jpg,La Roche-Posay,20.16,299,299,200,"7,166.51","7,163.41",158,"1,841",AMZ,7.02,2,4,18,1,5,Amazon,Beauty,Extra Large Envelope,AMZ,20.30 x 5.70 x 5.70 cm,0.44,N/A,"Sep 29, 2025",,No,7,Amazon
6,"CeraVe Feuchtigkeitsspendendes Reinigungsöl, Intensive und langanhaltende Feuchtigkeit für normale bis sehr trockene Haut, Reinigung für Körper und Gesicht, mit 3 essenziellen Ceramiden",B09CCJD53W,Wash,https://www.amazon.de/dp/B09CCJD53W?psc=1,DE,https://m.media-amazon.com/images/I/71u1-IC4RNL._SX342_.jpg,CeraVe,10.83,"2,182",554,200,"32,053.21","7,145.46",185,775,AMZ,4.97,4,4.6,"10,232",8,199,Amazon,Beauty,Large Envelope,AMZ,17.10 x 3.40 x 6.90 cm,0.28,N/A,"Aug 11, 2021",,No,56,Amazon
49,Linola Grease Cream 75 g cream,B00DIVYW34,Cream,https://www.amazon.de/dp/B00DIVYW34?psc=1,DE,https://m.media-amazon.com/images/I/510n1DaitaL._AC_SY355_.jpg,Linola,16.34,427,427,N/A,"6,947.59","6,947.46",30,N/A,N/A,5.49,5,4.7,354,1,0,,,Large Envelope,MFN,4.00 x 5.00 x 10.00 cm,0.1,N/A,"Aug 24, 2012",,No,164,
114,PHYSIOGEL Daily Moisture Therapy Cream,B00G4U97FO,Check,https://www.amazon.de/dp/B00G4U97FO?psc=1,DE,https://m.media-amazon.com/images/I/61dpoXFvnsL._SY355_.jpg,Physiogel,11.76,492,492,200,"6,885.04","6,879.98",38,"3,565",AMZ,5.52,6,4.6,575,9,7,Amazon,Beauty,Extra Large Envelope,AMZ,15.80 x 4.80 x 4.90 cm,0.13,N/A,"Dec 31, 2008",,No,208,Amazon
29,Eucerin EDS Urea Gentle Shower Gel 5 Percent 400 ml,B0DVZ8STKK,Wash,https://www.amazon.de/dp/B0DVZ8STKK?psc=1,DE,https://m.media-amazon.com/images/I/51+It5CWWgL._SY445_.jpg,Eucerin,13.44,394,394,200,"6,705.19","6,702.15",51,"5,053",AMZ,6.43,10,4.6,219,1,15,Amazon,Beauty,Large Envelope,AMZ,21.90 x 3.80 x 8.10 cm,0.49,N/A,"Feb 9, 2025",,No,14,Amazon
56,"Eucerin Body Cream, Eczema, Relief, 8 oz",B00DEXA0LY,Cream,https://www.amazon.de/dp/B00DEXA0LY?psc=1,DE,https://m.media-amazon.com/images/I/61NWlJcIwBL._SY355_.jpg,Eucerin,34.21,237,237,N/A,"6,560.84","6,559.95",40,"13,166",N/A,8.55,1,4.4,"16,955",11,82,,Beauty,Extra Large Envelope,FBA,20.20 x 4.70 x 7.70 cm,0.25,N/A,"Sep 2, 2013",,No,151,
22,"Uriage Xemose C8+ Anti-Itching Balm 500 ml - Nourishes, Repairs, Soothes - Very Dry, Atopic Skin - 8 Biomimetic Ceramides & 10% Shea Butter - Face & Body - Fragrance-Free",B07JDLL4LP,Cream,https://www.amazon.de/dp/B07JDLL4LP?psc=1,DE,https://m.media-amazon.com/images/I/61d+hZ5AsQL._SY355_.jpg,Uriage,23.75,303,303,200,"6,362.56","6,362.43",170,"6,358",FR,6.55,6,4.2,"1,478",9,49,Cosmeco,Beauty,Small Parcel,FBA,20.50 x 6.60 x 6.70 cm,0.53,N/A,"Sep 29, 2018",,No,91,Cosmeco
70,BIODERMA Sensibio Gel Moussant - Micellar Soothing Cleanser - Removes Makeup from Face and Eyes - Sensitive Skin - Strengthens Moisture Balance - Pump Bottle 200 ml,B01I4OSYJ2,Check,https://www.amazon.de/dp/B01I4OSYJ2?psc=1,DE,https://m.media-amazon.com/images/I/51SXFnn3b5L._SY355_.jpg,Bioderma,13.74,735,476,200,"11,102.11","6,298.26",164,"3,582",N/A,N/A,11,4.7,"17,460",6,243,SHOAAP,Beauty,Extra Large Envelope,FBA,17.80 x 5.00 x 5.30 cm,0.24,N/A,"Jul 14, 2016",,No,117,SHOAAP
132,"Sorion Sensitive Repair Creme, Ayurvedic Repair Care for Skin Irritations, Neurodermatitis, Psoriasis, Itching and Eczema 50 ml",B089HF85HG,Cream,https://www.amazon.de/dp/B089HF85HG?psc=1,DE,https://m.media-amazon.com/images/I/51Ird77C-gL._SY355_.jpg,Sorion,17.78,358,358,N/A,"6,272.44","6,269.94",127,"5,971",AMZ,5.71,4,4.3,998,2,5,Amazon,Beauty,Large Envelope,AMZ,16.60 x 3.20 x 3.50 cm,0.06,N/A,"Jun 15, 2020",,No,70,Amazon
35,Eucerin AtopiControl 40 ml,B00FXR2XAU,Cream,https://www.amazon.de/dp/B00FXR2XAU?psc=1,DE,https://m.media-amazon.com/images/I/61lhqlVxC4L._SX342_.jpg,Eucerin,14.45,380,380,100,"6,256.15","6,254.20",26,"8,583",N/A,5.62,13,4.4,638,7,6,A+ eCom,Beauty,Large Envelope,FBA,14.60 x 2.80 x 4.50 cm,0.05,N/A,"Oct 9, 2013",,No,150,A+ eCom
38,"CETAPHIL Pro ItchControl Acute Repair Cream, 227 g, for Neurodermatitis and Eczema Prone Skin, Instant Regeneration of the Skin Barrier, Microbiome Friendly, No Fragrance and Preservatives",B0CNHB59YQ,Cream,https://www.amazon.de/dp/B0CNHB59YQ?psc=1,DE,https://m.media-amazon.com/images/I/61re8IakQvL._SX342_.jpg,Cetaphil,18.95,263,263,100,"6,027.28","6,025.03",188,"7,062",AMZ,6.06,5,4.8,56,9,6,Amazon,Beauty,Standard Envelope,AMZ,17.20 x 2.00 x 5.70 cm,0.25,N/A,"Nov 16, 2023",,No,29,Amazon
87,Multilind MikroSilber Cream 75ml Cream,B00E4UB7DG,Cream,https://www.amazon.de/dp/B00E4UB7DG?psc=1,DE,https://m.media-amazon.com/images/I/61pUrXGUrfL._AC_SY355_.jpg,MULTILIND,16.99,342,342,N/A,"5,928.71","5,925.27",38,"5,403",N/A,6.7,1,4.6,563,4,2,,Beauty,Extra Large Envelope,MFN,12.80 x 4.20 x 5.30 cm,0.1,N/A,"Nov 3, 2009",,No,197,
37,"Uriage Shower Oil Soap Free with Glycerine 25% - 2-in-1: Cleanses Gentle & Moisturises - for the Whole Family - Face & Body - Soap-Free, Physiological pH Value, Sensitive Skin - 1L",B0752S69DK,Wash,https://www.amazon.de/dp/B0752S69DK?psc=1,DE,https://m.media-amazon.com/images/I/7100O6bjE-L._SY355_.jpg,Uriage,14.73,448,324,100,"7,364.62","5,817.61",180,"4,338",ES,7.1,10,4.6,"3,124",9,64,Easo Magno Beauty,Beauty,Small Parcel,MFN,23.60 x 7.70 x 8.30 cm,1.16,N/A,"Oct 19, 2017",,No,102,Easo Magno Beauty
53,Eucerin pH5 Shower Oil 200ml Gel,B07CZ9M715,Check,https://www.amazon.de/dp/B07CZ9M715?psc=1,DE,https://m.media-amazon.com/images/I/61Xj+LswZlL._SX342_.jpg,Eucerin,14.24,311,311,100,"5,734.32","5,732.54",32,"10,117",N/A,N/A,1,4.4,477,7,13,Farmacia Cavalieri,,Large Envelope,FBA,21.80 x 3.70 x 8.20 cm,0.45,N/A,"May 10, 2018",,No,95,Farmacia Cavalieri
52,Kneipp Sensitive Massage Oil - With Almond Oil - Also Suitable for Sensitive Skin - 100 ml,B0FLQ8S2RQ,Check,https://www.amazon.de/dp/B0FLQ8S2RQ?psc=1,DE,https://m.media-amazon.com/images/I/71XiJRCf8aL._AC_SY355_.jpg,Kneipp,5.42,"3,626",858,400,"25,543.15","5,523.03",90,795,AMZ,3.56,5,4.6,221,6,30,Amazon,Health & Personal Care,Extra Large Envelope,AMZ,16.50 x 5.00 x 5.00 cm,0.13,N/A,"Aug 8, 2025",,No,8,Amazon
43,BIODERMA Atoderm Crème Ultra - Daily Moisturiser for the Whole Family - Strengthens the Skin Barrier - for Sensitive to Dry Skin - 500 ml Pump Bottle,B079XX76RM,Cream,https://www.amazon.de/dp/B079XX76RM?psc=1,DE,https://m.media-amazon.com/images/I/51En2p2WqJL._SY355_.jpg,Bioderma,15.26,364,313,100,"7,100.66","5,442.08",149,"5,771",FR,5.84,16,4.4,"4,725",8,94,Cosmeco,Beauty,Small Parcel,FBA,21.00 x 6.90 x 7.20 cm,0.55,N/A,"Feb 21, 2018",,No,98,Cosmeco
146,Cetaphil Pro Itch Control Wash Lotion 295ml Lotion,B07Q272CWN,Wash,https://www.amazon.de/dp/B07Q272CWN?psc=1,DE,https://m.media-amazon.com/images/I/61nqe943+EL._SX342_.jpg,Cetaphil,13.18,241,338,200,"3,821.41","5,379.59",50,"1,332",AMZ,5.77,7,4.6,252,9,16,Amazon,Baby Products,Extra Large Envelope,AMZ,18.00 x 4.70 x 6.70 cm,0.34,N/A,"Oct 18, 2019",,No,78,Amazon
89,"Universal Hemp Neurodermitis Hanfsalbe mit Propolis & Manuka – 100 ml Pflege bei Ekzemen & rissiger Haut Für trockene, juckende Haut | Bio-Hanföl & Bienenwachs | Natürlich beruhigende Creme 100ml",B09D3WW6Q5,Cream,https://www.amazon.de/dp/B09D3WW6Q5?psc=1,DE,https://m.media-amazon.com/images/I/71dTItD2LiL._AC_SY355_.jpg,Hemp Help HEMP COSMETIC,20.07,227,227,100,"5,273.63","5,271.53",195,"14,129",CZ,N/A,1,4.5,515,7,11,H4H Naturals,Beauty,Large Envelope,MFN,8.50 x 2.60 x 8.20 cm,0.1,N/A,"Aug 10, 2021",,No,56,H4H Naturals
21,"Sebamed Soap-free washing emulsion with dispenser 400 ml, soap-free cleansing for sensitive skin, strengthens the skin barrier, suitable for hand, face and body cleansing",B0F9YKJT3S,Wash,https://www.amazon.de/dp/B0F9YKJT3S?psc=1,DE,https://m.media-amazon.com/images/I/61U7AGQWfxL._SY355_.jpg,Sebamed,5.42,"1,417",801,500,"7,433.98","5,127.47",170,318,AMZ,3.17,1,4.7,129,5,12,Amazon,Beauty,Large Envelope,AMZ,18.20 x 3.80 x 10.60 cm,0.46,N/A,"Jun 7, 2025",,No,10,Amazon
44,"colibri skincare Calming Oil Cleanser 200 ml - Gentle Cleansing Oil for Facial Cleansing Against Waterproof Make-Up, Dirt & Deposits - Cleans the Face Intensively without Drying Out",B08HJMFWXY,Wash,https://www.amazon.de/dp/B08HJMFWXY?psc=1,DE,https://m.media-amazon.com/images/I/61pvxo-NkoL._SY355_.jpg,colibri skincare,18.95,"1,502",280,100,"28,185.37","5,091.14",181,"1,585",DE,6,2,4.3,290,6,N/A,domany,Beauty,Extra Large Envelope,FBA,19.20 x 4.90 x 5.10 cm,0.25,N/A,"Sep 4, 2020",,No,67,domany
61,by Amazon Aloe Vera Hand Soap Refill Pack 2 x 1000 ml,B0DDTZGSKJ,Check,https://www.amazon.de/dp/B0DDTZGSKJ?psc=1,DE,"https://m.media-amazon.com/images/I/71dvCIj-VdL._SY355_PIbundle-2,TopRight,0,0_AA355SH20_.jpg",by Amazon,3.27,"9,983","1,319",800,"38,315.04","4,900.03",53,17,AMZ,4.84,2,4.3,"5,102",3,248,Amazon,Beauty,Small Parcel,AMZ,33.00 x 11.70 x 21.30 cm,2.22,N/A,"Dec 18, 2024",,No,16,Amazon
64,JUNGLÜCK Squalane - Vegan | Squalane Light Care Oil for a Healthy Skin Protection Barrier | Protects the Skin from Moisture Loss - Pure Vegetable Squalane Oil Made from 100% Olive,B09GKQDXJW,Check,https://www.amazon.de/dp/B09GKQDXJW?psc=1,DE,https://m.media-amazon.com/images/I/411EXxk9n4L._SY355_.jpg,junglück,24.9,187,187,100,"4,815.43","4,813.48",179,"9,989",DE,6.52,1,4.6,157,7,1,junglück,Beauty,Large Envelope,FBA,12.80 x 3.90 x 4.20 cm,0.13,N/A,"Sep 11, 2018",,No,91,junglück
66,"La Roche-Posay Lipikar Shower & Bath Oil AP+, Replenishing Shower and Bath Oil for Very Dry and Neurodermatitis-Prone Skin, Itch-Reducing, Skin Soothing and Moisturising, 400 ml",B07Q6FG1T6,Wash,https://www.amazon.de/dp/B07Q6FG1T6?psc=1,DE,https://m.media-amazon.com/images/I/712wWJdi+dL._SX342_.jpg,La Roche-Posay,20.54,250,250,100,"4,786.25","4,785.54",177,"7,333",N/A,6.24,1,4.7,"2,649",1,42,,Beauty,Extra Large Envelope,MFN,19.90 x 5.50 x 5.50 cm,0.47,N/A,"Jan 9, 2019",,No,87,
41,"Mustela Stelatopia Organic Itch Relief Cream, Face and Body, Infants, Children, Whole Family - Extremely Dry Skin or Eczema, 99% Ingredients of Natural Origin (300 ml)",B0BVTNQ6LL,Cream,https://www.amazon.de/dp/B0BVTNQ6LL?psc=1,DE,https://m.media-amazon.com/images/I/61zdmYFhBFL._SY355_.jpg,Mustela,20.92,210,210,100,"4,715.98","4,715.14",167,"3,724",AMZ,7.16,6,4.7,451,8,22,,Baby Products,Extra Large Envelope,AMZ,22.80 x 4.60 x 10.30 cm,0.35,N/A,"Dec 14, 2022",,No,40,
46,100% Organic Rosehip Oil | Cold Pressed & Pure | Made in Germany | Natural Wild Rose Oil - Rosehip Oil | For Face Hair Skin | Rose Oil for Face Care | Vegan - Pure 1 Ingredient -,B0BQWY69QP,Check,https://www.amazon.de/dp/B0BQWY69QP?psc=1,DE,https://m.media-amazon.com/images/I/81qVIs3iMrL._SY355_.jpg,Soena,15.99,293,293,300,"4,686.06","4,683.05",178,N/A,CY,5.44,1,4.9,455,7,0,Soena Naturals Ltd,,Large Envelope,FBA,12.30 x 3.90 x 4.00 cm,0.11,N/A,"Jan 2, 2023",,No,39,Soena Naturals Ltd
36,"Organic skin oil, 100 ml, cold pressed, 100 % natural, for face and body care, massage oil, against wrinkles, dry skin and anti-ageing.",B07B4ZXYTJ,Oil,https://www.amazon.de/dp/B07B4ZXYTJ?psc=1,DE,https://m.media-amazon.com/images/I/61IbwyrBLJL._AC_SY355_.jpg,KRÄUTERLAND N A T U R - Ö L M Ü H L E,14.86,293,293,100,"4,662.58","4,659.52",135,"7,662",DE,6.8,1,4.6,406,9,3,Kräuterland Natur-Ölmühle GmbH,Beauty,Extra Large Envelope,FBA,19.60 x 5.90 x 13.40 cm,0.22,N/A,"Feb 26, 2018",,No,98,Kräuterland Natur-Ölmühle GmbH
25,Junglück Facial Cleaning Oil,B07T5BW9NL,Wash,https://www.amazon.de/dp/B07T5BW9NL?psc=1,DE,https://m.media-amazon.com/images/I/41nWLRHz1XL._SY355_.jpg,junglück,28.9,155,155,50,"4,629.11","4,627.42",28,"12,838",DE,7.76,1,4.4,240,8,0,junglück,Beauty,Extra Large Envelope,FBA,14.40 x 4.90 x 4.90 cm,0.21,N/A,"Jun 18, 2019",,No,82,junglück
61,Weleda Organic Almond Soothing Face Oil (1 x 50 ml),B003LDMVNM,Oil,https://www.amazon.de/dp/B003LDMVNM?psc=1,DE,https://m.media-amazon.com/images/I/61xfTy4lRaL._SY355_.jpg,Weleda,11.43,338,338,100,"4,500.65","4,499.79",51,"6,613",AMZ,6.45,10,4.4,834,11,4,Amazon,Beauty,Extra Large Envelope,AMZ,12.50 x 4.50 x 5.79 cm,0.16,N/A,"Mar 23, 2007",,No,229,Amazon
139,Colloidal silver cream ointment silver cream 100 g rosacea onyco micro eczema skin 100 G,B07JMKG43J,Check,https://www.amazon.de/dp/B07JMKG43J?psc=1,DE,https://m.media-amazon.com/images/I/71QkwbIH9JL._SY355_.jpg,Maison Naturelle,16.99,263,263,100,"4,468.55","4,465.78",88,"6,728",DE,5.68,1,4.4,"1,790",6,1,MAISON NATURELLE,Beauty,Small Parcel,FBA,8.30 x 8.10 x 8.30 cm,0.24,N/A,"Jun 9, 2018",,No,94,MAISON NATURELLE
31,Weleda Organic Calendula Massage Oil 100ml,B000V3OB6A,Check,https://www.amazon.de/dp/B000V3OB6A?psc=1,DE,https://m.media-amazon.com/images/I/61xod6SGYqL._SY355_.jpg,Weleda,10.08,364,364,100,"4,304.31","4,302.01",42,"7,393",AMZ,4.84,12,4.7,"1,323",10,1,Amazon,Health & Personal Care,Large Envelope,AMZ,15.80 x 3.70 x 6.10 cm,0.3,N/A,"Aug 29, 2007",,No,224,Amazon
28,"Eucerin PH5 Shower Cleansing Oil 1L Body Cleansing Oil with Natural Oils for Gentle Daily Cleansing, Olive Oil for Dry and Sensitive Skin for the Whole Family",B0CHJZSFJY,Wash,https://www.amazon.de/dp/B0CHJZSFJY?psc=1,DE,https://m.media-amazon.com/images/I/31qTQ+yrqPL._SY355_.jpg,Eucerin,21.26,144,144,50,"4,295.55","4,294.10",158,"9,014",AMZ,7.21,3,4.6,250,1,19,Amazon,Beauty,Small Parcel,AMZ,25.40 x 6.10 x 17.10 cm,1.06,N/A,"Oct 7, 2023",,No,30,Amazon
105,"DERMASENCE Vitop Forte Nourishing Cream 100 ml - For Very Dry & Irritated Skin, Soothes Itching, Protects Against Irritation, Vegan, Absorbs Quickly, for Eczema Skin, Also Suitable for Children",B01N7SO3Z7,Cream,https://www.amazon.de/dp/B01N7SO3Z7?psc=1,DE,https://m.media-amazon.com/images/I/61gMQlF8pLL._SY355_.jpg,DERMASENCE,18.02,214,214,100,"4,278.64","4,277.36",193,"9,453",N/A,7.38,7,4.7,335,6,1,apominga - Die Online Apotheke in München,Beauty,Extra Large Envelope,MFN,19.10 x 5.20 x 12.40 cm,0.13,N/A,"Jan 15, 2017",,No,111,apominga - Die Online Apotheke in München
140,ALLERGIKA Evening Primrose Oil Cream 20% MED 100 ml,B09VYD878V,Cream,https://www.amazon.de/dp/B09VYD878V?psc=1,DE,https://m.media-amazon.com/images/I/61bc+ppaHUL._SX342_.jpg,Allergika,19.24,188,188,100,"4,257.33","4,256.61",51,"9,611",AMZ,6.45,4,4.8,52,6,0,Amazon,Beauty,Large Envelope,AMZ,18.00 x 4.00 x 5.00 cm,0.11,N/A,"Jan 2, 2022",,No,51,Amazon
37,Eucerin Atopicontrol lotion.,B00FXQ6G5Y,Cream,https://www.amazon.de/dp/B00FXQ6G5Y?psc=1,DE,https://m.media-amazon.com/images/I/61fl1Xm4TYL._SX342_.jpg,Eucerin,19.12,184,184,100,"4,256.68","4,256.29",28,"5,021",AMZ,6.45,12,4.6,275,7,0,Amazon,Beauty,Large Envelope,AMZ,21.80 x 3.90 x 8.30 cm,0.45,N/A,"Oct 16, 2013",,No,150,Amazon
59,Palmer's Cocoa Butter Formula Moisturising Body Oil,B000056W74,Check,https://www.amazon.de/dp/B000056W74?psc=1,DE,https://m.media-amazon.com/images/I/81bde6fUI3L._SY355_.jpg,Palmer's,8.34,496,455,200,"5,212.68","4,226.93",51,"4,110",GB,3.45,8,4.4,"26,336",7,192,Everyday+Essentials,Beauty,Large Envelope,FBA,19.60 x 3.70 x 6.10 cm,0.27,N/A,"Aug 28, 2015",,No,128,Everyday+Essentials
113,frei öl GesichtsÖl 30 ml,B01LZ59TY9,Check,https://www.amazon.de/dp/B01LZ59TY9?psc=1,DE,https://m.media-amazon.com/images/I/61CFMKrwYZL._SY355_.jpg,frei öl,18.49,197,197,100,"4,226.79","4,224.88",24,"13,045",AMZ,6.34,6,4.6,294,7,2,Amazon,Beauty,Large Envelope,AMZ,12.29 x 3.20 x 3.51 cm,0.06,N/A,"Sep 15, 2016",,No,115,Amazon
52,ALLERGIKA Hydrolotio Sensitive 500ml,B00KTGDFSE,Cream,https://www.amazon.de/dp/B00KTGDFSE?psc=1,DE,https://m.media-amazon.com/images/I/51lF0hu1M+L._SX342_.jpg,Allergika,30.19,141,141,50,"4,180.54","4,179.72",36,"11,479",NL,7.67,19,4.6,256,2,4,esando,Beauty,Small Parcel,MFN,21.30 x 8.60 x 8.90 cm,0.64,N/A,"Nov 24, 2011",,No,173,esando
70,Bepanthen Eczema Cream 20g,B01NBGU7E8,Cream,https://www.amazon.de/dp/B01NBGU7E8?psc=1,DE,https://m.media-amazon.com/images/I/51Ps5kYv-5L._AC_SY355_.jpg,Bepanthen,16.99,234,234,N/A,"4,154.14","4,151.71",26,"12,809",N/A,6.19,2,4.4,142,3,10,,Health & Personal Care,Large Envelope,FBA,11.60 x 3.40 x 3.50 cm,0.03,N/A,"Jan 14, 2017",,No,111,
43,Ebenol 0.5% Cream 30G,B00DIWG5WE,Cream,https://www.amazon.de/dp/B00DIWG5WE?psc=1,DE,https://m.media-amazon.com/images/I/41J3+TX1bfL._AC_SY355_.jpg,EBENOL,13.29,322,322,N/A,"4,135.73","4,133.24",21,N/A,N/A,N/A,1,4.6,500,7,0,,,N/A,MFN,N/A,N/A,N/A,"Aug 22, 2012",,No,164,
59,Weleda Gentle Cleansing Foam 150ml,B078YBBZXD,Check,https://www.amazon.de/dp/B078YBBZXD?psc=1,DE,https://m.media-amazon.com/images/I/61i6mo5yPjL._SY355_.jpg,Weleda,5.54,555,555,200,"4,133.70","4,132.69",34,"2,818",AMZ,3.57,12,4.5,949,9,15,Amazon,Beauty,Extra Large Envelope,AMZ,17.40 x 4.29 x 4.29 cm,0.2,N/A,"Jan 11, 2018",,No,99,Amazon
102,"BIODERMA Atoderm Intensive Eye - 3-in-1 Care for Cleansing, Soothing and Repair of Eyelids - Good Makeup Base - Very Dry, Irritated, Eczema Prone Skin - Tube 100 ml",B08562FW67,Check,https://www.amazon.de/dp/B08562FW67?psc=1,DE,https://m.media-amazon.com/images/I/619suqBSw2L._SY355_.jpg,Bioderma,17.66,211,194,100,"4,416.03","4,084.44",164,"9,377",LT,6.57,17,4.5,"2,253",8,42,Cosmetica ✅,Beauty,Extra Large Envelope,FBA,15.80 x 4.20 x 5.60 cm,0.08,N/A,"Mar 19, 2020",,No,73,Cosmetica ✅
60,"BABOR CLEANSING Phyto Hy-Oil Booster Reactivating for Regeneration-Needed Skin, Facial Cleanser for Use with Hy Oil, Phytoactive, Vegan Formula, 1 x 100 ml",B0F4KMLPDG,Check,https://www.amazon.de/dp/B0F4KMLPDG?psc=1,DE,https://m.media-amazon.com/images/I/31A0HPjwTpL._SY355_.jpg,BABOR,16.74,197,197,100,"3,921.65","3,921.53",155,"7,813",AMZ,6.41,1,4.9,30,2,1,Amazon,Beauty,Extra Large Envelope,AMZ,15.80 x 4.40 x 4.90 cm,0.15,N/A,"Apr 11, 2025",,No,12,Amazon
59,Kose Cosmeport Softymo Speedy Makeup Cleansing Oil 230ml - Pack of 2,B0CMGRNSNH,Check,https://www.amazon.de/dp/B0CMGRNSNH?psc=1,DE,"https://m.media-amazon.com/images/I/51oXbpOqF6L._SY355_PIbundle-2,TopRight,0,0_AA355SH20_.jpg",Aburiya,19.96,166,166,100,"3,919.97","3,919.44",68,"8,344",JP,N/A,2,4.4,182,6,5,GJG AUDIO,Beauty,Small Parcel,FBA,20.90 x 7.30 x 8.20 cm,0.5,N/A,"Nov 6, 2023",,No,29,GJG AUDIO
47,"CETAPHIL Cleansing Foam, 200 ml, Facial Cleansing for Normal, Dry, Sensitive Skin, Gently Cleans Blemished Skin, Removes Sebum and Protects the Skin Barrier, With Glycerine and Ceramides",B0BXM482RR,Check,https://www.amazon.de/dp/B0BXM482RR?psc=1,DE,https://m.media-amazon.com/images/I/61t5+79+D2L._SX342_.jpg,Cetaphil,11.76,274,274,100,"3,785.15","3,783.75",186,"6,738",AMZ,5.52,6,4.7,207,9,1,Amazon,Beauty,Extra Large Envelope,AMZ,19.90 x 4.40 x 9.00 cm,0.26,N/A,"Mar 6, 2023",,No,37,Amazon
77,eos Body Oil with Vanilla Cashmere and Cashmere Hydration 24 Hours Plant Soothing Smoothing and Nourishing Dry Skin 6 oz White,B0CSTCYSF7,Check,https://www.amazon.de/dp/B0CSTCYSF7?psc=1,DE,https://m.media-amazon.com/images/I/61kF+9b6+ML._SY355_.jpg,eos,22.52,141,141,50,"3,763.40","3,762.47",126,"16,487",N/A,7.44,4,4.6,"3,981",9,404,Hops - Online,Beauty,Extra Large Envelope,FBA,15.20 x 4.20 x 4.40 cm,0.19,N/A,"Jun 23, 2025",,No,10,Hops - Online
43,"Behrend - Psoriasis & Eczema Cream for Reddened, Dry & Flaky Skin - Psoriasis & Eczema Ointment Reduces Itching & Soothes Inflamed Skin - Medical Device Without Cortisone",B0BGJKH4ZT,Cream,https://www.amazon.de/dp/B0BGJKH4ZT?psc=1,DE,https://m.media-amazon.com/images/I/71NGw5Iu75L._AC_SY355_.jpg,Behrend Homecare,13.4,235,235,100,"3,746.14","3,743.67",170,"13,252",DE,5.43,1,4,649,9,10,Evolsin,Health & Personal Care,Extra Large Envelope,FBA,14.20 x 4.30 x 4.40 cm,0.07,N/A,"Sep 26, 2022",,No,43,Evolsin
57,"Hand san Cream Soap Fragrance-Free Refill Bag | Fragrance-, Soaps and Dye-Free | Hand Washing & Face Cleansing | Formulation Without Microplastics | pH Neutral & Vegan | 500 ml",B0CHWDKTG9,Cream,https://www.amazon.de/dp/B0CHWDKTG9?psc=1,DE,https://m.media-amazon.com/images/I/71sE4n9leGL._SY355_.jpg,Handsan,1.64,"4,612","1,913","1,000","9,024.11","3,727.76",176,152,AMZ,3.7,1,4.6,"1,612",7,38,Amazon,Beauty,Small Parcel,AMZ,22.80 x 6.40 x 12.80 cm,0.52,N/A,"Sep 12, 2023",,No,31,Amazon
57,medicube Zero Pore Blackhead Cleansing Oil Make Up Remover for All Skin Types. Daily Moisture Facial Cleansing Oil (205 ml/6.93 Fl.Oz). Clear/Colourless,B0DPJR1N27,Check,https://www.amazon.de/dp/B0DPJR1N27?psc=1,DE,https://m.media-amazon.com/images/I/61xAf2RXBjL._SY355_.jpg,medicube,20.69,226,226,100,"3,722.97","3,722.81",152,"7,007",IN,6.88,4,4.4,273,8,54,Europe Cosmetics,Beauty,Extra Large Envelope,FBA,20.50 x 4.90 x 5.00 cm,0.24,N/A,"Mar 25, 2025",,No,13,Europe Cosmetics
57,"Neuroderm Repair Cream, 50 ml - Skin Cream with Glycerine & Ceramides for Neurodermatitis | For Adults, Children & Infants - Supports the Regeneration of Dry Skin for Eczema",B07H8ZJHB6,Cream,https://www.amazon.de/dp/B07H8ZJHB6?psc=1,DE,https://m.media-amazon.com/images/I/71RciN+cbeL._SY355_.jpg,InfectoPharm,14.83,363,248,N/A,"4,986.29","3,623.97",173,"7,726",N/A,5.64,1,4.6,355,1,5,,Beauty,Extra Large Envelope,MFN,12.80 x 4.30 x 5.60 cm,0.08,N/A,"Aug 17, 2018",,No,92,
32,"SALTHOUSE Dead Sea Care Cream for Dry, Flaky and Reddened Skin - with Dead Sea Salt Magnesium, Urea & Glycerine - Also Suitable for Psoriasis, 75 ml",B0F4ZRVW45,Cream,https://www.amazon.de/dp/B0F4ZRVW45?psc=1,DE,https://m.media-amazon.com/images/I/71c8Jy6009L._SY355_.jpg,Salthouse,8.36,364,364,200,"3,625.48","3,621.73",148,"4,535",AMZ,3.45,2,4.3,62,7,1,Amazon,Beauty,Extra Large Envelope,AMZ,14.20 x 4.10 x 6.10 cm,0.1,N/A,"Apr 15, 2025",,No,12,Amazon
56,"Organic Jojoba Oil, Cold Pressed, Pure 100% Natural Care for Skin, Hair, Beard, Glass, Bottle, Bottled in France",B07K2W45P8,Check,https://www.amazon.de/dp/B07K2W45P8?psc=1,DE,https://m.media-amazon.com/images/I/716xJIlMWzL._SY355_.jpg,Beau Cliché,8.39,397,360,100,"4,521.86","3,595.10",112,"5,304",FR,3.84,1,4.6,"6,053",7,32,Bon Sens,Beauty,Extra Large Envelope,FBA,13.90 x 4.70 x 4.90 cm,0.19,N/A,"Jan 18, 2022",,No,51,Bon Sens
69,Avène Cream with Cold Cream 100ml,B000Q2ZL38,Cream,https://www.amazon.de/dp/B000Q2ZL38?psc=1,DE,https://m.media-amazon.com/images/I/41vECph-p2L._SY355_.jpg,Avene,9.99,200,200,100,"3,575.63","3,573.94",33,"11,710",PT,4.44,7,4.6,738,8,4,Beauty Lovy,Beauty,Large Envelope,MFN,18.20 x 3.70 x 5.00 cm,0.11,N/A,"Jun 2, 2008",,No,214,Beauty Lovy
135,"Dexeryl Nourishing Lotion for Dry and Very Dry Skin, 24h Moisture for Body & Face, Soothes Skin & Reduces Itching, 500 ml",B0DGXZST7X,Cream,https://www.amazon.de/dp/B0DGXZST7X?psc=1,DE,https://m.media-amazon.com/images/I/61qZ56Rq9fL._SY355_.jpg,DEXERYL,15.64,283,225,N/A,"4,850.43","3,559.55",121,"6,797",N/A,5.77,8,4.6,134,7,18,,Beauty,Extra Large Envelope,MFN,20.60 x 5.90 x 6.10 cm,0.52,N/A,"Sep 13, 2024",,No,19,
30,"SEBAMED Soap-free washing emulsion sea salt refill bag, 400 ml, for particularly mild cleaning of dry and sensitive skin, suitable for hand, face and body cleansing",B0FBX2YWZR,Wash,https://www.amazon.de/dp/B0FBX2YWZR?psc=1,DE,https://m.media-amazon.com/images/I/71ZC4UjxHvL._SY355_.jpg,Sebamed,3.74,798,798,300,"3,559.99","3,551.86",164,"2,581",AMZ,3.4,1,4.8,59,5,12,Amazon,Beauty,Extra Large Envelope,AMZ,18.50 x 5.10 x 12.80 cm,0.45,N/A,"Jun 7, 2025",,No,10,Amazon
46,Almond Oil (100 ml) | Free from Colourants and Preservatives | for Face and Body | for Massage | for Hair Care and Scalp | Base Oil Under Makeup | Anti Ageing | Vegan,B09R514YXM,Other,https://www.amazon.de/dp/B09R514YXM?psc=1,DE,https://m.media-amazon.com/images/I/71+f7kRm+pL._SY355_.jpg,veda NATURALS,9.99,348,348,200,"3,476.55","3,472.92",166,"4,993",DE,3.84,2,4.5,423,6,2,Veda Naturals,Beauty,Extra Large Envelope,FBA,16.00 x 5.90 x 5.90 cm,0.25,N/A,"Jan 20, 2022",,No,51,Veda Naturals
51,Locobase Protect Cream - 48h Moisturising Cream for Dry & Irritated Skin - Body & Face Care - Strengthens the Skin Barrier - Fragrance-Free - for the Whole Family - 350 g,B0F3FF921S,Cream,https://www.amazon.de/dp/B0F3FF921S?psc=1,DE,https://m.media-amazon.com/images/I/51Zg8RkM8iL._SY355_.jpg,Locobase,19.65,321,146,50,"5,175.14","3,425.47",170,"6,179",AMZ,6.91,5,4.6,75,6,4,Amazon,Beauty,Small Parcel,AMZ,9.30 x 8.70 x 8.80 cm,0.41,N/A,"Apr 2, 2025",,No,12,Amazon
141,"Sebamed Urea 5% Acute Face Care Fragrance-Free Very Dry Skin 50 ml, Moisturises 72 Hours, Helps Smooth Wrinkles, Quickly Relieves Flaking and Tension, Perfume Free",B0FZJXPT58,Check,https://www.amazon.de/dp/B0FZJXPT58?psc=1,DE,https://m.media-amazon.com/images/I/51hqYSC1HsL._SY355_.jpg,Sebamed,7.52,385,380,400,"3,443.61","3,395.35",163,"1,688",AMZ,3.76,1,4.8,24,5,10,Amazon,Beauty,Extra Large Envelope,AMZ,6.70 x 5.70 x 6.60 cm,0.09,N/A,"Nov 3, 2025",,No,5,Amazon
72,La Roche-Posay Lipikar Baume AP+ Balm 200 ml,B00NNUMI86,Cream,https://www.amazon.de/dp/B00NNUMI86?psc=1,DE,https://m.media-amazon.com/images/I/71BFplpmbNL._SX342_.jpg,La Roche-Posay,23.45,121,121,50,"3,346.50","3,346.33",44,"11,984",PT,7.56,1,4.6,"3,453",9,56,Be and Care,Beauty,Extra Large Envelope,MFN,16.10 x 4.40 x 6.80 cm,0.21,N/A,"Sep 17, 2014",,No,139,Be and Care
17,Neuroderm Lipo Care Cream 250 ml,B07M5Q6N6F,Cream,https://www.amazon.de/dp/B07M5Q6N6F?psc=1,DE,https://m.media-amazon.com/images/I/71Vjqq5m1QL._SY355_.jpg,InfectoPharm,17.23,260,197,N/A,"4,108.88","3,345.57",32,N/A,N/A,N/A,1,4.7,520,1,0,,,N/A,MFN,N/A,N/A,N/A,"Dec 23, 2018",,No,88,
33,"Uriage Xémose Cleansing Soothing Oil 1 L - Face & Body Wash for Dry Skin, Prone to Eczema - Cleans, Nourishes & Offers Long-Lasting Comfort - Soap Free",B00P9YV0Z6,Wash,https://www.amazon.de/dp/B00P9YV0Z6?psc=1,DE,https://m.media-amazon.com/images/I/71KTsnhUrPL._SY355_.jpg,Uriage,18.48,282,170,100,"5,090.46","3,334.84",151,"4,387",N/A,6.16,6,4.5,"1,937",9,23,3D Tripcke,Beauty,Small Parcel,FBA,24.21 x 7.70 x 8.10 cm,1.21,N/A,"Aug 27, 2014",,No,140,3D Tripcke
50,"Dexeryl Cream 250 g: care and protection for dry skin, especially for various skin conditions such as eczema. Fragrance-free and paraben-free",B0FD3YG81R,Cream,https://www.amazon.de/dp/B0FD3YG81R?psc=1,DE,https://m.media-amazon.com/images/I/61iEEMF1FEL._SY355_.jpg,DEXERYL,15.04,822,217,100,"22,620.71","3,331.71",141,"2,839",DE,5.83,1,4.7,135,7,85,Homoeopathiefuchs Versand-Apotheke,"Business, Industry & Science",Extra Large Envelope,FBA,20.40 x 5.40 x 6.90 cm,0.12,N/A,"Jun 13, 2025",,No,10,Homoeopathiefuchs Versand-Apotheke
68,Ducray Dexyane Med Soothing Repair Cream 100ml,B01M6ZHI4D,Cream,https://www.amazon.de/dp/B01M6ZHI4D?psc=1,DE,https://m.media-amazon.com/images/I/61Mc82UeLYL._SY355_.jpg,Ducray,24.59,136,136,50,"3,286.20","3,285.72",46,"10,020",N/A,8.15,7,4.4,681,6,9,OSAPHARM,Beauty,Extra Large Envelope,FBA,16.00 x 4.40 x 6.20 cm,0.14,N/A,"Oct 28, 2016",,No,114,OSAPHARM
46,"Salthouse Dead Sea Therapy Cream Shower with Aloe Vera and Almond Oil, for Very Dry Skin and Tension Feelings, 250 ml",B09SQ442KQ,Cream,https://www.amazon.de/dp/B09SQ442KQ?psc=1,DE,https://m.media-amazon.com/images/I/61xv+hX3JBL._SY355_.jpg,Salthouse,3.32,876,876,500,"3,234.12","3,233.91",117,"2,276",AMZ,2.97,2,4.6,196,7,3,Amazon,Beauty,Large Envelope,AMZ,19.80 x 3.30 x 7.60 cm,0.29,N/A,"Feb 21, 2022",,No,50,Amazon
148,"DERMASENCE Adtop Plus Nourishing Cream 100 ml - 10% Urea & Glycerin - For Dry Skin, Eczema - Fragrance-Free, Vegan - Skin Protection with Hygrobol Effect - Daily Basic Care",B00E6M5SPU,Cream,https://www.amazon.de/dp/B00E6M5SPU?psc=1,DE,https://m.media-amazon.com/images/I/61phBAaOANL._SY355_.jpg,DERMASENCE,17.36,190,190,N/A,"3,231.44","3,230.03",172,"7,387",N/A,6.63,5,4.6,263,6,2,,Beauty,Extra Large Envelope,MFN,14.80 x 4.10 x 5.70 cm,0.13,N/A,"Nov 10, 2009",,No,197,
54,Almond Oil 100 ml - 100% Pure Base Oil by wesentlich. - Natural Care for Skin and Hair,B01MRAKXI6,Check,https://www.amazon.de/dp/B01MRAKXI6?psc=1,DE,https://m.media-amazon.com/images/I/61V+cP+62EL._SY355_.jpg,wesentlich.,6.61,730,357,200,"8,223.35","3,189.82",86,"3,189",DE,3.37,1,4.7,989,7,13,Vitabody Wellness und natürliche Pflege,,Large Envelope,FBA,9.90 x 3.80 x 4.10 cm,0.09,N/A,"Jul 12, 2018",,No,93,Vitabody Wellness und natürliche Pflege
127,"RoyceDerm Neurodermatitis Psoriasis Cream, Psoriasis Seborrheic Psoriasis Conditioner & Shampoo Set, Neurodermatitis Anti-Dandruff Scalp Set for Scalp & Body",B0GKHSMP5K,Other,https://www.amazon.de/dp/B0GKHSMP5K?psc=1,DE,https://m.media-amazon.com/images/I/71dPfsBK8IL._SX355_.jpg,Roycederm,38.65,68,68,N/A,"3,142.94","3,142.81",157,"36,160",US,11.3,1,5,3,6,0,Icarus Foundry,Health & Personal Care,Small Parcel,FBA,20.10 x 8.00 x 19.20 cm,0.93,N/A,"Dec 16, 2024",,No,16,Icarus Foundry
69,Dermasence Adtop Cream 50 ml,B00E59XYMI,Cream,https://www.amazon.de/dp/B00E59XYMI?psc=1,DE,https://m.media-amazon.com/images/I/71+YdCm87eL._SX342_.jpg,DERMASENCE,9.67,319,319,100,"3,137.57","3,135.16",28,"5,520",N/A,3.44,6,4.6,221,6,3,apominga - Die Online Apotheke in München,Beauty,Large Envelope,MFN,12.20 x 3.70 x 4.70 cm,0.07,N/A,"Nov 17, 2010",,No,185,apominga - Die Online Apotheke in München
67,Mixa Anti-Skin Stress Non-Foaming Comfort Cleanser - Gentle Facial Cleansing & Makeup Remover with Panthenol & Probiotics - Soothes Stressed Skin - Fragrance & Alcohol Free - 150 ml,B0FY68Q36Z,Check,https://www.amazon.de/dp/B0FY68Q36Z?psc=1,DE,https://m.media-amazon.com/images/I/61VHDzEZwhL._SY355_.jpg,Mixa,5,524,524,300,"3,116.93","3,111.57",181,"3,547",AMZ,2.87,1,4.1,59,6,12,Amazon,Beauty,Large Envelope,AMZ,18.00 x 3.70 x 4.10 cm,0.18,N/A,"Jan 5, 2026",,No,3,Amazon
35,SKIN1004 Madagascar Centella Light Cleansing Oil (30 ml),B09TLD4S4H,Check,https://www.amazon.de/dp/B09TLD4S4H?psc=1,DE,https://m.media-amazon.com/images/I/51vCQ-vWFkL._SY355_.jpg,SKIN1004,6.63,"1,895",384,100,"30,693.81","3,069.27",56,783,N/A,4.28,11,4.5,"12,363",7,377,Warenhaus Brühl,Beauty,Large Envelope,FBA,7.90 x 3.40 x 3.40 cm,0.05,N/A,"May 31, 2024",,No,23,Warenhaus Brühl
127,"Pullach Hof Aloe-Vera Cream, Balm from Allgäu [Bavaria, Germany]",B002G2KHZI,Cream,https://www.amazon.de/dp/B002G2KHZI?psc=1,DE,https://m.media-amazon.com/images/I/41kr6yBMBNL._AC_SY355_.jpg,Pullach Hof,7.18,347,347,100,"3,061.83","3,060.79",64,"9,368",DE,N/A,1,4.4,743,1,20,ecotrade-GmbH,Beauty,Small Parcel,FBA,8.40 x 7.70 x 8.30 cm,0.24,N/A,"Mar 2, 2021",,No,61,ecotrade-GmbH
110,the SAEM Jeju Fresh Aloe Soothing Gel 95%,B011S44TWQ,Cream,https://www.amazon.de/dp/B011S44TWQ?psc=1,DE,https://m.media-amazon.com/images/I/61LD9PMw0aL._SY355_.jpg,the SAEM,8.27,497,327,100,"4,537.23","3,029.48",41,"4,063",PL,4.69,5,4.5,"1,012",8,N/A,Blink Station,Beauty,Extra Large Envelope,FBA,10.30 x 5.40 x 10.20 cm,0.38,N/A,"Sep 15, 2015",,No,127,Blink Station
123,"DERMASENCE Vitop Forte Rescue Care Cream, 50 ml - Cream for Itchy & Extremely Dry Skin, Soothes Irritated Areas, Vegan, Fragrance-Free, for Ezema, Hands, Face & Body",B091JRL4JZ,Cream,https://www.amazon.de/dp/B091JRL4JZ?psc=1,DE,https://m.media-amazon.com/images/I/61375bnkPQL._SY355_.jpg,DERMASENCE,16.97,159,159,50,"2,993.18","2,992.17",165,"11,023",N/A,5.85,5,4.7,117,6,2,apominga - Die Online Apotheke in München,Beauty,Large Envelope,MFN,15.30 x 3.20 x 4.30 cm,0.07,N/A,"Apr 2, 2021",,No,60,apominga - Die Online Apotheke in München
38,Eucerin Atopi Olio Det 400ml,B07CJDK8D8,Wash,https://www.amazon.de/dp/B07CJDK8D8?psc=1,DE,https://m.media-amazon.com/images/I/61AMXVgOGKL._SX342_.jpg,Eucerin,14.5,172,172,100,"2,974.21","2,973.26",28,"3,162",AMZ,5.65,13,4.5,540,6,23,Amazon,Beauty,Large Envelope,AMZ,21.90 x 3.50 x 8.30 cm,0.44,N/A,"Dec 10, 2013",,No,148,Amazon
55,"Mixa Panthenol Body Lotion XXL, Itch-Relieving and Soothing Balm, with Panthenol and Vegetable Glycerine, for Sensitive, Sensitive Skin, Reduces Itching, Mixa Panthenol Comfort, 400 ml",B0CPT9MFYB,Cream,https://www.amazon.de/dp/B0CPT9MFYB?psc=1,DE,https://m.media-amazon.com/images/I/613G9yBI4jL._SY355_.jpg,Mixa,4.58,834,542,"2,000","5,417.46","2,947.04",184,85,AMZ,3.09,3,4.6,"3,847",8,44,Amazon,Beauty,Large Envelope,AMZ,23.10 x 4.00 x 8.90 cm,0.44,N/A,"Dec 8, 2023",,No,28,Amazon
40,"PHATOIL Rosehip Seed Oil Organic Cold Pressed 118 ml, Rosehip Seed Oil USDA Organic 100% Pure Natural, Rose Hip Oil Vegan Hexane-Free for Skin, Hair and Nails, Moisturiser Face Oil, Body Oil",B0FF1V1H1C,Check,https://www.amazon.de/dp/B0FF1V1H1C?psc=1,DE,https://m.media-amazon.com/images/I/713VB5py1IL._SY355_.jpg,PHATOIL,8.45,332,332,100,"2,947.74","2,944.27",190,"9,488",CN,4.71,1,4.2,98,8,4,PHATOIL-DE,Beauty,Extra Large Envelope,FBA,13.20 x 5.20 x 7.10 cm,0.25,N/A,"Jun 21, 2025",,No,10,PHATOIL-DE
51,"Sebamed Soap Free Wash 150 g with Vitamin E for Daily Gentle Pore Deep Cleansing Sensitive Skin Suitable for Hands, Face and Body Cleansing",B0F9X3XQJK,Check,https://www.amazon.de/dp/B0F9X3XQJK?psc=1,DE,https://m.media-amazon.com/images/I/61bH5zfZTCL._SY355_.jpg,Sebamed,2.48,987,987,500,"2,912.50","2,912.39",139,"1,932",AMZ,2.69,2,4.6,141,4,13,Amazon,Beauty,Large Envelope,AMZ,9.70 x 3.90 x 5.90 cm,0.16,N/A,"May 26, 2025",,No,11,Amazon
9,Mixa Expert Shower Cream for Sensitive Skin with Shea Butter,B08QPX7GSL,Cream,https://www.amazon.de/dp/B08QPX7GSL?psc=1,DE,https://m.media-amazon.com/images/I/61yTYQclnyL._SY355_.jpg,Mixa,4.19,508,508,300,"2,888.44","2,884.06",60,"2,193",AMZ,3.64,2,4.6,877,1,14,Amazon,Beauty,Extra Large Envelope,AMZ,20.20 x 4.10 x 8.00 cm,0.45,N/A,"Oct 25, 2023",,No,30,Amazon
130,boep med Base Cream | Basic Care for Problem Skin such as Neurodermatitis or Rosacea | Very Dry or Itchy Skin | Certified Natural Cosmetics (500 ml),B0DSG4BQWX,Cream,https://www.amazon.de/dp/B0DSG4BQWX?psc=1,DE,https://m.media-amazon.com/images/I/315gx++uYJL._SY355_.jpg,boep,39.87,428,58,N/A,"11,032.41","2,882.85",148,"6,430",DE,11.88,1,4.6,146,7,0,das boep,Beauty,Small Parcel,FBA,21.30 x 7.20 x 7.30 cm,0.59,N/A,"Jan 7, 2025",,No,15,das boep
43,Lipikar Gel Lavant ml,B00V4PHBO8,Wash,https://www.amazon.de/dp/B00V4PHBO8?psc=1,DE,https://m.media-amazon.com/images/I/71VNlYW5XzL._SX342_.jpg,La Roche-Posay,12.27,235,235,100,"2,868.94","2,867.24",21,"10,363",N/A,N/A,1,4.6,"2,268",1,37,,Beauty,Extra Large Envelope,FBA,20.00 x 5.40 x 5.60 cm,0.45,N/A,"Apr 24, 2015",,No,132,
17,"WELEDA Organic Make-Up Removal Cleansing Oil - Fragrance-Free Natural Cosmetics Face Care Cleansing Oil for Removing Make-Up Leaves a Silky Skin Feeling Without Oily Finish (Vegan, 150 ml)",B0D66YCMXZ,Wash,https://www.amazon.de/dp/B0D66YCMXZ?psc=1,DE,https://m.media-amazon.com/images/I/61hMNQh14BL._SY355_.jpg,Weleda,10.76,226,226,100,"2,849.96","2,848.55",188,"10,599",AMZ,6.33,6,4.4,362,11,24,Amazon,Beauty,Extra Large Envelope,AMZ,16.10 x 5.50 x 5.60 cm,0.3,N/A,"Jun 5, 2024",,No,22,Amazon
68,Eucerin Atopicontrol Face Cream 50 ml,B00FC7H05Y,Cream,https://www.amazon.de/dp/B00FC7H05Y?psc=1,DE,https://m.media-amazon.com/images/I/71w8OSa6HsL._SY355_.jpg,Eucerin,17.64,135,135,50,"2,841.65","2,840.24",37,"13,422",N/A,6.19,6,4.3,208,3,6,A+ eCom,Beauty,Large Envelope,FBA,13.10 x 3.20 x 4.40 cm,0.02,N/A,"Feb 18, 2014",,No,146,A+ eCom
9,"Soothing Eczema Cream for Itching, Redness, Dry, Irritated, Eczema Tendy Skin, Nourishing Moisturiser 18 g",B0G7ZP4RBC,Cream,https://www.amazon.de/dp/B0G7ZP4RBC?psc=1,DE,https://m.media-amazon.com/images/I/61vaE76gR2L._AC_SY355_.jpg,BioRelie,8.39,245,245,100,"2,837.92","2,835.94",106,"15,451",CN,3.69,1,4,26,7,2,MASHANGYOU,Health & Personal Care,Standard Envelope,FBA,14.80 x 2.40 x 5.00 cm,0.04,N/A,"Jan 21, 2026",,No,3,MASHANGYOU
69,Locobase Repair Cream - 72h Moisturising Cream for Very Dry & Cracked Skin - Body & Face Care - Regenerates the Skin Barrier - Fragrance-Free - Dermatologically Tested - 50 g,B0F3FGJHBV,Cream,https://www.amazon.de/dp/B0F3FGJHBV?psc=1,DE,https://m.media-amazon.com/images/I/51K90ZQcn0L._SY355_.jpg,Locobase,14.28,"1,891",175,100,"26,955.69","2,809.98",174,"1,006",AMZ,5.83,5,4.7,174,7,13,,Beauty,Extra Large Envelope,AMZ,16.00 x 4.20 x 4.70 cm,0.07,N/A,"Apr 2, 2025",,No,12,
41,"Nivea Creme Protect & Dexpanthenol Shower Gel with Vitamins and Oils, Soap-Free Cream Shower with Dexpanthenol for Dry and Sensitive Skin (250 ml)",B0DRVHZQHF,Wash,https://www.amazon.de/dp/B0DRVHZQHF?psc=1,DE,https://m.media-amazon.com/images/I/71e+l5NUmoL._SY355_.jpg,Beiersdorf,1.95,"1,418","1,418",N/A,"2,756.75","2,756.50",146,"1,245",AMZ,N/A,1,4.7,246,11,16,Amazon,Beauty,Large Envelope,AMZ,17.50 x 3.10 x 6.90 cm,0.27,N/A,"Dec 30, 2024",,No,16,Amazon
9,Mediderm Cream 1kg,B084WXDP12,Check,https://www.amazon.de/dp/B084WXDP12?psc=1,DE,https://m.media-amazon.com/images/I/41NfWKG-UmL._SY355_.jpg,Mediderm,19.05,326,127,100,"5,752.97","2,743.42",18,"10,689",AMZ,6.67,2,4.5,438,1,12,,Health & Personal Care,Small Parcel,AMZ,22.90 x 9.30 x 22.40 cm,1.09,N/A,"Feb 17, 2020",,No,74,
126,"Reineoele Squalane Oil - Vegan Light Skin and Hair Care Oil, Squalane Face Oil, Moisturising for a Healthy Skin Barrier, Squalane Organic Pure Vegetable Squalane Oil Squalane Oil",B08K9DPYXS,Other,https://www.amazon.de/dp/B08K9DPYXS?psc=1,DE,https://m.media-amazon.com/images/I/61eIG6fDn5L._SY355_.jpg,dr. ahuis reineoele,19.9,143,143,50,"2,707.28","2,705.74",178,"18,446",DE,6.03,1,4.6,235,8,2,reineoele,Beauty,Large Envelope,FBA,12.10 x 3.90 x 4.00 cm,0.12,N/A,"Sep 28, 2020",,No,67,reineoele
49,"Salthouse Dead Sea Therapy Cleansing Foam Sensitive, Gentle Cleansing, with Panthenol and Allantoin for Sensitive Facial Skin, 150 ml",B0CS1D4BG3,Check,https://www.amazon.de/dp/B0CS1D4BG3?psc=1,DE,https://m.media-amazon.com/images/I/61xXTB-hLdL._SY355_.jpg,Salthouse,4.58,497,497,200,"2,707.94","2,702.85",133,"3,307",AMZ,2.83,2,4.7,167,7,4,Amazon,Beauty,Extra Large Envelope,AMZ,17.10 x 4.10 x 4.60 cm,0.21,N/A,"Jan 11, 2024",,No,27,Amazon
83,"WELEDA Bio Skin Food Ultra Light Dry Oil - Natural Cosmetics 2-in-1 Moisturiser for Face & Body - Unisex Face Care/Body Care Spray for Instant Glow & Soft Skin (Vegan, 100 ml)",B0BZ4SFPYB,Check,https://www.amazon.de/dp/B0BZ4SFPYB?psc=1,DE,https://m.media-amazon.com/images/I/71jAPhOyVHL._SY355_.jpg,Weleda,9.8,181,181,100,"2,666.17","2,664.58",175,"7,660",AMZ,5.78,4,4.5,913,11,29,Amazon,Beauty,Extra Large Envelope,AMZ,15.30 x 4.10 x 4.20 cm,0.13,N/A,"Apr 1, 2023",,No,36,Amazon
52,"Weleda Wild Rose Harmonising Nourishing Oil, Natural Cosmetics Body Oil from Roses, for Dry and Demanding Skin with Pleasant Rose Fragrance, 1 x 100 ml",B000K9CEGO,Check,https://www.amazon.de/dp/B000K9CEGO?psc=1,DE,https://m.media-amazon.com/images/I/71lqPXPnbbL._SY355_.jpg,Weleda,18.55,149,149,N/A,"2,664.90","2,664.04",151,"13,381",N/A,5.82,10,4.7,"2,233",10,14,,Beauty,Large Envelope,MFN,15.60 x 3.70 x 6.40 cm,0.27,N/A,"Nov 30, 2007",,No,221,
42,"SALTHOUSE Dead Sea Care Cream for Extremely Dry, Irritated Skin - Cream with Dead Sea Minerals, Dead Sea Magnesium, Urea & Shea Butter as well as for Neurodermatitis, 75 ml",B0F4ZFT1N3,Cream,https://www.amazon.de/dp/B0F4ZFT1N3?psc=1,DE,https://m.media-amazon.com/images/I/71xiJwYRA2L._SY355_.jpg,Salthouse,8.29,270,270,100,"2,665.61","2,662.90",172,"7,557",AMZ,3.57,2,4.5,77,7,4,Amazon,Beauty,Extra Large Envelope,AMZ,14.20 x 4.20 x 6.10 cm,0.1,N/A,"Apr 15, 2025",,No,12,Amazon
62,Phametra Urea Urea Ointment 10% | Medical Skin Care | Therapy Accompanying Care | Moisturiser for Very Dry and Cracked Skin | Body Care without Fragrances | 250 g,B014QWJ9R2,Cream,https://www.amazon.de/dp/B014QWJ9R2?psc=1,DE,https://m.media-amazon.com/images/I/61H-Uvc2-dL._SY355_.jpg,PHAMETRA,15.64,334,131,50,"5,404.65","2,630.31",162,"8,280",DE,6.4,1,4.6,357,7,5,Phametra,Beauty,Small Parcel,FBA,10.30 x 7.20 x 7.30 cm,0.31,N/A,"Jun 5, 2014",,No,142,Phametra
126,"Nupure Probaderm 50 ml Anti Pimple Cream, Intensive Cream for Acne, Microbiotic for Itching, Redness, for Skin Flora, Acne Treatment and Complementary Care for Neurodermatitis, Psoriasis & Eczema",B093C7DK8W,Cream,https://www.amazon.de/dp/B093C7DK8W?psc=1,DE,https://m.media-amazon.com/images/I/61lIr0v5AHS._SY355_.jpg,nupure,21.95,117,117,N/A,"2,563.02","2,562.91",195,"12,293",N/A,6.71,4,4,359,9,0,,Beauty,Extra Large Envelope,FBA,12.80 x 4.20 x 4.70 cm,0.07,N/A,"Apr 23, 2021",,No,60,
65,"Jean & Len Sensitive Shower Balm Almond Oil & Shea Butter, Cleanses the Skin Gently and Gently, for Dry & Sensitive Skin, with Nourishing, Sweet Almond Fragrance, Parabens & Silicones, Vegan, 250 ml",B0FBWX94KF,Cream,https://www.amazon.de/dp/B0FBWX94KF?psc=1,DE,https://m.media-amazon.com/images/I/71xTZlB4zhL._SY355_.jpg,Jean & Len,2.09,875,875,400,"2,560.18","2,560.03",198,"2,774",AMZ,3.34,2,4.6,124,5,9,Amazon,Beauty,Extra Large Envelope,AMZ,19.80 x 4.80 x 7.10 cm,0.28,N/A,"Jun 4, 2025",,No,10,Amazon
58,"haruharu Wonder Black Rice Moisture Deep Cleansing Oil 150 ml (Christmas Limited Edition), Korean Facial Cleansing, Makeup Remover",B0DKXB3M1Z,Check,https://www.amazon.de/dp/B0DKXB3M1Z?psc=1,DE,https://m.media-amazon.com/images/I/51swu0OKHmL._SY355_.jpg,HARUHARU,10.08,203,203,100,"2,474.31","2,474.14",130,"6,243",KR,5.22,1,4.2,46,5,9,Haruharu wonder,Beauty,Extra Large Envelope,FBA,19.00 x 5.20 x 15.40 cm,0.19,N/A,"Nov 4, 2024",,No,17,Haruharu wonder
10.4.,Eubos Skin Rest,B01JZO3FSA,Other,https://www.amazon.de/dp/B01JZO3FSA?psc=1,DE,https://m.media-amazon.com/images/I/71GIrB3trHL._SY355_.jpg,EUBOS,16.85,"5,065",149,50,"76,680.77","2,468.41",15,35,N/A,5.44,16,4.5,86,9,4,Amazon,Baby Products,Large Envelope,AMZ,13.00 x 4.00 x 5.00 cm,0.08,N/A,"Jan 1, 2009",,No,207,Amazon
85,"Linola Duo 30 g - Cream for Neurodermatitis, Eczema and Inflammation of the Skin | Reduces Itchy and Anti-Inflammatory | Without Cortisone",B0C5J58KZ9,Cream,https://www.amazon.de/dp/B0C5J58KZ9?psc=1,DE,https://m.media-amazon.com/images/I/71ozTuUiZXL._AC_SY355_.jpg,Linola,16.04,152,152,N/A,"2,460.43","2,459.93",138,N/A,N/A,N/A,1,4.5,129,10,0,,,N/A,MFN,N/A,N/A,N/A,"May 17, 2023",,No,35,
134,"Bioderma Atoderm Intensive, 500 ml cream",B01BB27E36,Cream,https://www.amazon.de/dp/B01BB27E36?psc=1,DE,https://m.media-amazon.com/images/I/411pegZSWPL._SY355_.jpg,Bioderma,22.72,166,104,N/A,"3,029.23","2,442.02",40,"39,566",N/A,6.81,4,4.4,"1,823",6,16,,,Small Parcel,MFN,21.20 x 6.80 x 7.80 cm,0.56,N/A,"Jan 31, 2016",,No,123,
100,"La Roche-Posay Lipikar Baume Light AP+M, Replenishing Lotion for Neurodermatitis and Dry Skin, Quick Absorbent, No Fragrances, for Babies from 3 Months, Children and Adults, 200 ml",B09V53RT55,Cream,https://www.amazon.de/dp/B09V53RT55?psc=1,DE,https://m.media-amazon.com/images/I/51KO4X9bSHL._SX342_.jpg,La Roche-Posay,17.39,138,138,50,"2,421.23","2,420.37",180,"19,197",AMZ,6.03,1,4.6,95,1,7,Amazon,Beauty,Extra Large Envelope,AMZ,16.10 x 4.60 x 7.00 cm,0.21,N/A,"Mar 9, 2022",,No,49,Amazon
41,"Naissance pure sweet almond oil (no. 215) 500 ml, vegan, GM-free, ideal for hair and body care, aromatherapy and as a base oil for massage oils",B004RGOCZM,Check,https://www.amazon.de/dp/B004RGOCZM?psc=1,DE,https://m.media-amazon.com/images/I/71YENpt40VL._AC_SY355_.jpg,Naissance,8.87,"2,182",242,200,"31,738.38","2,418.39",143,329,GB,4.47,1,4.6,"48,190",7,122,naissance ®,Beauty,Small Parcel,FBA,16.10 x 7.20 x 7.40 cm,0.5,N/A,"Jun 8, 2012",,No,166,naissance ®
76,Almond oil,B07H955YB8,Check,https://www.amazon.de/dp/B07H955YB8?psc=1,DE,https://m.media-amazon.com/images/I/516Ih+PwavL._SY355_.jpg,junglück,24.9,92,92,50,"2,389.25","2,388.21",10,"23,664",DE,7.16,1,4.6,214,7,0,junglück,Beauty,Extra Large Envelope,FBA,14.50 x 4.70 x 4.70 cm,0.21,N/A,"Sep 11, 2018",,No,91,junglück
58,Phametra Urea Urea Ointment 10% Moisturiser for Very Dry and Cracked Skin Body Care without Fragrances 100 g,B00KTGESUI,Cream,https://www.amazon.de/dp/B00KTGESUI?psc=1,DE,https://m.media-amazon.com/images/I/61saHtBoq7L._SY355_.jpg,PHAMETRA,11.56,334,193,100,"5,404.65","2,384.61",108,"8,280",N/A,5,6,4.6,357,1,4,apominga - Die Online Apotheke in München,Beauty,Extra Large Envelope,MFN,7.70 x 5.60 x 5.70 cm,0.11,N/A,"Jun 5, 2014",,No,142,apominga - Die Online Apotheke in München
140,"SALTHOUSE Dead Sea Care Cream for Irritated, Very Dry Skin with Itching - with Dead Sea Magnesium, Panthenol & Almond Oil such as Neurodermatitis and Psoriasis (Psoriasis), 75 ml",B0F4ZPVQ2H,Cream,https://www.amazon.de/dp/B0F4ZPVQ2H?psc=1,DE,https://m.media-amazon.com/images/I/71dg2cmQYQL._SY355_.jpg,Salthouse,9.24,217,217,100,"2,385.92","2,383.88",178,"6,409",AMZ,4.69,2,4.4,35,7,2,Amazon,Beauty,Extra Large Envelope,AMZ,14.30 x 4.20 x 6.10 cm,0.1,N/A,"Apr 15, 2025",,No,12,Amazon
51,lavera Pampering Body Oil - Smooth Skin Feeling - Regenerating & Moisture-Preserving - Vegan - Natural Cosmetics - 100 ml,B0DCCCJNCK,Check,https://www.amazon.de/dp/B0DCCCJNCK?psc=1,DE,https://m.media-amazon.com/images/I/71qQMGqa34L._SY355_.jpg,lavera,8.39,238,238,100,"2,378.39","2,375.88",121,"11,975",AMZ,4.83,3,4.7,106,8,7,Amazon,Beauty,Extra Large Envelope,AMZ,18.60 x 4.30 x 4.40 cm,0.26,N/A,"Aug 6, 2024",,No,20,Amazon
138,"Pullach Hof Aloe-Vera Cream, Balm from Allgäu [Bavaria, Germany]",B01IHJR4O0,Check,https://www.amazon.de/dp/B01IHJR4O0?psc=1,DE,https://m.media-amazon.com/images/I/81I39qECCJL._SY355_.jpg,Pullach Hof,5.74,353,353,200,"2,365.36","2,364.30",64,"5,238",DE,3.8,4,4.6,363,1,3,ecotrade-GmbH,Beauty,Small Parcel,FBA,8.30 x 8.10 x 8.30 cm,0.28,N/A,"Sep 14, 2013",,No,151,ecotrade-GmbH
113,"Organic Marigold Ointment Wound Ointment with Manuka Honey & Propolis - High Dose Calendula Cream for Neurodermatitis, Eczema & Dry Skin - Regenerates & Nourishes Without Cortisone",B0D8BQ2YGQ,Cream,https://www.amazon.de/dp/B0D8BQ2YGQ?psc=1,DE,https://m.media-amazon.com/images/I/81y6LcxcCeL._SY355_.jpg,Hemp Help HEMP COSMETIC,16.8,121,121,50,"2,244.32","2,243.40",180,"17,713",CZ,7.03,1,4.3,283,7,4,H4H Naturals,Health & Personal Care,Large Envelope,FBA,6.50 x 3.40 x 6.40 cm,0.09,N/A,"Jun 28, 2024",,No,22,H4H Naturals
114,"Organic Rosehip Oil 120 ml (Wild Rose Oil) - 100% Cold Pressed, Vegan, in Glass Bottle - Rose Hip Seed Oil for Face, Body, Hair, Skin, Hands, Scalp",B0719V9Z72,Other,https://www.amazon.de/dp/B0719V9Z72?psc=1,DE,https://m.media-amazon.com/images/I/61C3ZVbR6kL._SY355_.jpg,Natura Pur,12.6,215,147,N/A,"2,878.38","2,203.41",147,"11,951",DE,5.67,1,4.5,"3,397",6,25,#Brothers,Beauty,Extra Large Envelope,FBA,13.40 x 5.40 x 7.00 cm,0.24,N/A,"Oct 10, 2021",,No,54,#Brothers
143,"Dexeryl Creme, 250 g",B00E5A3H88,Cream,https://www.amazon.de/dp/B00E5A3H88?psc=1,DE,https://m.media-amazon.com/images/I/51DJte9WwBL._SY355_.jpg,DEXERYL,12.55,196,196,N/A,"2,196.70","2,195.26",20,"9,436",N/A,5.3,2,4.5,599,2,18,,Beauty,Extra Large Envelope,MFN,20.50 x 5.40 x 6.80 cm,0.29,N/A,"Nov 17, 2010",,No,185,
10.5.,Eubos Skin Rest,B002WDQ2DM,Wash,https://www.amazon.de/dp/B002WDQ2DM?psc=1,DE,https://m.media-amazon.com/images/I/61d8EuBNzBL._SY355_.jpg,EUBOS,10.45,"5,065",214,100,"76,680.77","2,186.91",15,N/A,N/A,5.6,22,4.6,186,9,1,Amazon,,Extra Large Envelope,AMZ,17.70 x 4.30 x 5.40 cm,0.17,N/A,"Nov 10, 2009",,No,197,Amazon
53,"HiPP Highly compatible family cream, with shea butter, aloe vera and vegetable glycerine for dry skin, fragrance-free and hypoallergenic, for prone to eczema, 300 ml",B0FQVJM6Y2,Cream,https://www.amazon.de/dp/B0FQVJM6Y2?psc=1,DE,https://m.media-amazon.com/images/I/614Rz+w-FjL._AC_SX355_.jpg,HiPP,5,368,368,200,"2,188.15","2,184.32",165,"1,264",AMZ,3.73,1,4.5,38,14,6,Amazon,Baby Products,Small Parcel,AMZ,8.50 x 7.20 x 8.10 cm,0.32,N/A,"Sep 12, 2025",,No,7,Amazon
60,"SEBAMED Sea Salt Shower 200 ml, Shower Gel for Men and Women, with Original Dead Sea Salt, Soap-free Cleansing for Sensitive and Dry Skin",B0FHKX3PLC,Wash,https://www.amazon.de/dp/B0FHKX3PLC?psc=1,DE,https://m.media-amazon.com/images/I/51SrCM-6NeL._SY355_.jpg,Sebamed,4.16,463,463,200,"2,136.93","2,133.64",137,"16,035",AMZ,3.05,2,3.8,14,5,0,Amazon,Beauty,Large Envelope,AMZ,13.40 x 3.40 x 8.10 cm,0.23,N/A,"Jul 15, 2025",,No,9,Amazon
36,"Mixa Skin Soothing Cream for Face, Body and Hands, for Dry Skin Prone to Eczema, Wound Healing Cream for Redness and Itching, Panthenol Comfort, 150 ml",B0CZS6K7MS,Cream,https://www.amazon.de/dp/B0CZS6K7MS?psc=1,DE,https://m.media-amazon.com/images/I/61VotfG+raL._SY355_.jpg,Mixa,4.16,434,434,200,"2,111.59","2,107.23",151,"4,466",AMZ,3.44,1,4.4,287,8,17,Amazon,Beauty,Extra Large Envelope,AMZ,9.30 x 4.60 x 8.70 cm,0.19,N/A,"Apr 3, 2024",,No,24,Amazon
64,"Neutrogena Hydro Boost Aqua Cleansing Gel, Fragrance-Free, Clarifying Face Cleansing with Moisturising Hyaluronic Acid, Gentle Makeup Remover for All Skin Types, 200 ml",B0CYTD6CXJ,Check,https://www.amazon.de/dp/B0CYTD6CXJ?psc=1,DE,https://m.media-amazon.com/images/I/61Ps2xW0Y5L._SY355_.jpg,Neutrogena,4.16,"1,341",425,200,"21,270.08","2,097.81",168,"1,724",AMZ,4.43,1,4.6,398,7,N/A,Amazon,Beauty,Extra Large Envelope,AMZ,18.40 x 4.10 x 4.10 cm,0.24,N/A,"Mar 22, 2024",,No,25,Amazon
39,"BIODERMA Atoderm Intensive for Neurodermatitis, 200 ml Cream",B08475HN8L,Cream,https://www.amazon.de/dp/B08475HN8L?psc=1,DE,https://m.media-amazon.com/images/I/41V1hZ2yk8L._SY355_.jpg,Bioderma,16.82,825,103,50,"17,758.43","2,056.12",60,"1,885",DE,6.42,16,4.8,"10,369",9,162,DermoBox,Beauty,Extra Large Envelope,FBA,16.10 x 5.00 x 7.49 cm,0.22,N/A,"May 1, 2015",,No,131,DermoBox
102,Vaseline Cocoa Body Gel 200ml,B0015SXSKK,Check,https://www.amazon.de/dp/B0015SXSKK?psc=1,DE,https://m.media-amazon.com/images/I/61MoqtNwpwL._SY355_.jpg,Vaseline,8.07,203,203,100,"2,032.19","2,030.92",29,"6,225",DE,2.65,12,4.5,"7,040",2,91,schnappfuchs-DE,Beauty,Large Envelope,FBA,16.40 x 2.90 x 6.40 cm,0.2,N/A,"Jul 27, 2010",,No,189,schnappfuchs-DE
38,"Blueline Cream Lotion for Fungus, Athlete's Foot, Eczema or Eczema Treatment (500 ml Dispenser) | Body Lotion for Dry and Itchy Skin | Body Lotion for Psoriasis, Skin Redness",B00JDI0VP4,Cream,https://www.amazon.de/dp/B00JDI0VP4?psc=1,DE,https://m.media-amazon.com/images/I/61m4J07IhPL._SY355_.jpg,AQUYO Cosmetics,28.15,182,53,50,"4,718.65","1,989.11",174,"22,527",DE,9.34,1,4.1,475,7,1,AQUYO Cosmetics,Beauty,Small Parcel,FBA,19.70 x 7.00 x 7.00 cm,0.56,N/A,"May 23, 2018",,No,95,AQUYO Cosmetics
40,"Beef Tallow Cream - Organic Beef Tallow and Wild Honey Balm for Face and Body Skincare, Natural Moisturising Cream for Dry and Sensitive Skin, 120 g",B0DYDH3CFK,Cream,https://www.amazon.de/dp/B0DYDH3CFK?psc=1,DE,https://m.media-amazon.com/images/I/71sfUUxZ21L._SY355_.jpg,Ultrove,7.28,175,175,100,"1,988.97","1,987.12",148,"4,529",CN,3.83,1,4.1,373,9,15,Ederwhere,Beauty,Small Parcel,FBA,7.20 x 6.70 x 7.00 cm,0.24,N/A,"Mar 31, 2025",,No,13,Ederwhere
114,Penaten Ultra sensitive.,B093JVVY46,Cream,https://www.amazon.de/dp/B093JVVY46?psc=1,DE,https://m.media-amazon.com/images/I/71VQrX65fRL._AC_SY355_.jpg,Penaten,2.76,528,528,300,"1,985.55","1,983.94",24,819,AMZ,2.69,3,4.7,381,8,6,Amazon,Baby Products,Large Envelope,AMZ,9.20 x 2.90 x 9.10 cm,0.13,N/A,"Apr 1, 2017",,No,108,Amazon
106,Forpeople Propolis Bee Ointment Organic 50 ml · Ointment with Propolis High Dose for Eczema & Acne · Healing Ointment for Sensitive & Dry Skin · Propolis Ointment with Nourishing Oils,B0DH74FW73,Cream,https://www.amazon.de/dp/B0DH74FW73?psc=1,DE,https://m.media-amazon.com/images/I/71i-QHHQ+hL._AC_SY355_.jpg,4 people who care,10.9,195,195,100,"1,983.57","1,981.71",183,"19,993",DE,4.68,1,4.4,162,6,7,forpeople_skincare,Health & Personal Care,Extra Large Envelope,FBA,6.10 x 5.80 x 5.90 cm,0.16,N/A,"Sep 17, 2024",,No,19,forpeople_skincare
67,AVENE XeraCalm A.D Cream 200 ml,B00FTQVKXG,Cream,https://www.amazon.de/dp/B00FTQVKXG?psc=1,DE,https://m.media-amazon.com/images/I/410RRxXtUSL._SY355_.jpg,Avene,21.2,91,91,N/A,"1,946.80","1,946.25",31,"15,942",N/A,6.6,3,4.7,118,1,0,,Beauty,Extra Large Envelope,MFN,5.40 x 20.20 x 6.80 cm,0.22,N/A,"Oct 11, 2013",,No,150,
44,"Locobase Eczema Cream - Cortisone Free Skin Care for Atopic Eczema - Reduces Itching & Redness - with Aloe Vera & Glycerine - Fragrance-Free, Vegan - Dermatologically Tested - 60 g",B0F3FGC6RN,Cream,https://www.amazon.de/dp/B0F3FGC6RN?psc=1,DE,https://m.media-amazon.com/images/I/51EofwXeHNL._SY355_.jpg,Locobase,18.51,89,89,N/A,"1,927.93","1,927.23",180,"24,817",AMZ,6.25,1,4.6,25,6,8,,Beauty,Large Envelope,AMZ,14.20 x 3.60 x 5.10 cm,0.08,N/A,"Apr 2, 2025",,No,12,
55,Avène Hydrance Aqua Gel 50ml Cream,B07SY17F2Z,Check,https://www.amazon.de/dp/B07SY17F2Z?psc=1,DE,https://m.media-amazon.com/images/I/71BarjShXQL._SY355_.jpg,Avene,15.85,117,117,50,"1,855.16","1,855.05",34,"12,770",PT,5.8,7,4.6,"2,834",7,22,Beauty Lovy,Beauty,Extra Large Envelope,MFN,6.30 x 5.20 x 6.20 cm,0.13,N/A,"Jun 14, 2019",,No,82,Beauty Lovy
130,Skin Balm 30 ml | Rich Care Ointment | Moisturising Cream for Face & Body | Eczema Cream & Psoriasis Cream for Very Dry Skin Areas | Face Cream,B0CL9KKM1B,Cream,https://www.amazon.de/dp/B0CL9KKM1B?psc=1,DE,https://m.media-amazon.com/images/I/61VWkpKeqML._SY355_.jpg,natüür,23.87,62,62,N/A,"1,850.76","1,849.99",143,"15,324",DE,7.91,2,3.8,37,9,0,natüür,Beauty,Extra Large Envelope,FBA,5.60 x 4.70 x 5.50 cm,0.14,N/A,"Oct 18, 2023",,No,30,natüür
40,"Naissance Pure Almond Oil Sweet (No. 215) 250 ml Vegan GM Free - Ideal for Hair and Body Care, Aromatherapy and as a Base Oil for Massage Oils",B004RGOCY8,Check,https://www.amazon.de/dp/B004RGOCY8?psc=1,DE,https://m.media-amazon.com/images/I/71K-fh+XGFL._AC_SY355_.jpg,Naissance,7.47,"2,182",231,100,"31,738.38","1,841.90",142,"4,516",GB,3.68,1,4.6,"48,190",9,122,naissance ®,Health & Personal Care,Extra Large Envelope,FBA,15.50 x 6.00 x 6.10 cm,0.26,N/A,"Jun 11, 2012",,No,166,naissance ®
30,"BIODERMA Atoderm 2-in-1 Oil for Normal to Dry Skin, 150 ml Oil",B0C8BWL2ZV,Oil,https://www.amazon.de/dp/B0C8BWL2ZV?psc=1,DE,https://m.media-amazon.com/images/I/41kz0qKvzSL._SY355_.jpg,Bioderma,24.58,78,78,N/A,"1,822.14","1,821.68",62,"31,011",PT,6.84,12,4.4,201,7,5,BOC Online,Beauty,Large Envelope,MFN,17.00 x 3.80 x 4.00 cm,0.15,N/A,"Jun 16, 2023",,No,34,BOC Online
21,"Blueline Cream for Eczema, Neurodermatitis & Rash, Body Cream for Dry, Blemished Skin, Care Cream for Itching and Skin Irritation (500 ml Dispenser), Parabens and Perfume Free",B00JDI0U0K,Cream,https://www.amazon.de/dp/B00JDI0U0K?psc=1,DE,https://m.media-amazon.com/images/I/6130a9R43TL._SY355_.jpg,AQUYO Cosmetics,28.99,47,47,N/A,"1,819.55","1,818.95",175,"27,594",DE,N/A,1,4.1,"1,007",7,3,AQUYO Cosmetics,Beauty,Small Parcel,FBA,19.70 x 7.00 x 7.00 cm,0.56,N/A,"May 23, 2018",,No,95,AQUYO Cosmetics
16,"DEXERYL Cleansing Oil: Daily Cleansing of Body and Face, for Dry Skin Prone to Ecema, 1 x 500ml",B0BLC6972T,Wash,https://www.amazon.de/dp/B0BLC6972T?psc=1,DE,https://m.media-amazon.com/images/I/51LlRcuTwCL._SY355_.jpg,DEXERYL,17.73,147,104,N/A,"2,814.18","1,761.53",95,"9,718",N/A,6.06,12,4.7,377,6,N/A,,Beauty,Small Parcel,MFN,20.70 x 6.40 x 6.50 cm,0.59,N/A,"Nov 3, 2022",,No,41,
53,Locobase Protect Cream - 48h Moisturising Cream for Dry & Irritated Skin - Body & Face Care - Strengthens the Skin Barrier - Fragrance-Free - for the Whole Family - 100 g,B0F3FCRFQQ,Cream,https://www.amazon.de/dp/B0F3FCRFQQ?psc=1,DE,https://m.media-amazon.com/images/I/51OVrahr08L._SY355_.jpg,Locobase,8.39,321,175,100,"5,175.14","1,748.01",170,"6,179",AMZ,3.58,5,4.6,75,7,4,Amazon,Beauty,Extra Large Envelope,AMZ,16.80 x 4.70 x 5.80 cm,0.13,N/A,"Apr 2, 2025",,No,12,Amazon
38,Kneipp Organic Care Oil Special - Natural Cosmetics - Skin Oil for Scars & Stretch Marks - For Dry & Stressed Skin - 100 ml,B0FLQCRYWT,Check,https://www.amazon.de/dp/B0FLQCRYWT?psc=1,DE,https://m.media-amazon.com/images/I/71AErD7+m4L._SY355_.jpg,Kneipp,7.03,881,213,100,"6,044.17","1,735.20",123,"2,583",AMZ,3.71,5,4.6,157,7,20,Amazon,Beauty,Extra Large Envelope,AMZ,16.50 x 5.00 x 5.60 cm,0.2,N/A,"Aug 8, 2025",,No,8,Amazon
37,BIODERMA Atoderm Intensive Gel Cream Nourishing and Cooling Anti-Itch Body Care Gel 500ml Gel,B089ZYDWJ5,Cream,https://www.amazon.de/dp/B089ZYDWJ5?psc=1,DE,https://m.media-amazon.com/images/I/61VWsyi5y1L._SY355_.jpg,Bioderma,26.95,65,65,N/A,"1,731.85","1,731.51",93,"23,098",FR,3.4,31,4.6,"1,214",10,23,Parapharmacie Centrale,Beauty,Small Parcel,FBA,21.10 x 6.90 x 7.10 cm,0.57,N/A,"Jun 9, 2020",,No,70,Parapharmacie Centrale
36,"SEBAMED Soap-free washing emulsion sea salt with dispenser 200 ml, for particularly mild cleaning of dry and sensitive skin, suitable for hand, face and body cleansing",B0FBX18Z1Z,Wash,https://www.amazon.de/dp/B0FBX18Z1Z?psc=1,DE,https://m.media-amazon.com/images/I/51gM4LTtvUL._SY355_.jpg,Sebamed,3.32,434,434,200,"1,712.06","1,711.92",167,"4,897",AMZ,2.97,1,4.7,55,5,12,Amazon,Beauty,Large Envelope,AMZ,14.70 x 3.40 x 8.10 cm,0.24,N/A,"Jun 10, 2025",,No,10,Amazon
48,La Roche Posay Micelles Cleansing Fluid Ultra for reactive skin 200 ml,B01MZ68OFL,Check,https://www.amazon.de/dp/B01MZ68OFL?psc=1,DE,https://m.media-amazon.com/images/I/718qYPXjyBL._SX342_.jpg,La Roche-Posay,13.15,113,113,50,"1,707.69","1,706.80",70,"6,580",AMZ,5.01,1,4.5,179,1,0,Amazon,Beauty,Large Envelope,AMZ,16.40 x 4.00 x 4.20 cm,0.23,N/A,"Dec 31, 2008",,No,208,Amazon
108,"Dexeryl Creme, 500 g",B0098G931Y,Cream,https://www.amazon.de/dp/B0098G931Y?psc=1,DE,https://m.media-amazon.com/images/I/61L+5+7R4ML._SY355_.jpg,Hengulus,19.39,83,83,N/A,"1,669.44","1,668.50",20,"49,120",N/A,7.32,4,4.6,"1,403",1,24,,Beauty,Extra Large Envelope,MFN,23.00 x 5.60 x 5.80 cm,0.56,N/A,"Sep 10, 2012",,No,163,
41,frei öl ReinigungsÖl & Maske 100 ml,B072JK614S,Wash,https://www.amazon.de/dp/B072JK614S?psc=1,DE,https://m.media-amazon.com/images/I/612WfN1q+uL._SY355_.jpg,frei öl,12.29,106,106,50,"1,667.20","1,666.13",35,"19,026",AMZ,6.22,5,4.4,134,6,0,Amazon,Beauty,Extra Large Envelope,AMZ,17.80 x 4.10 x 4.20 cm,0.18,N/A,"May 15, 2017",,No,107,Amazon
67,Leovet Bio Skin Oil,B0011BBNGW,Check,https://www.amazon.de/dp/B0011BBNGW?psc=1,DE,https://m.media-amazon.com/images/I/51ibZl7VLcL._AC_SY355_.jpg,Leovet,20.77,81,81,N/A,"1,639.91","1,639.38",19,"7,422",N/A,6.52,4,4.5,222,1,1,,Pet Supplies,Small Parcel,MFN,23.40 x 6.40 x 6.70 cm,0.51,N/A,"Aug 18, 2009",,No,200,
44,"PRIMAVERA Organic St. John's Wort Oil 100 ml - Natural Plant Power - Glass Bottle - Aroma Oil, Body Oil, Natural Cosmetics - Relieving, Warming, Regenerating - Vegan",B0BTMK1QRP,Check,https://www.amazon.de/dp/B0BTMK1QRP?psc=1,DE,https://m.media-amazon.com/images/I/61C4-4b7q9L._SY355_.jpg,Primavera,14.62,111,103,50,"1,654.42","1,579.16",165,"12,541",N/A,5.41,7,4.8,85,8,0,apominga - Die Online Apotheke in München,Health & Personal Care,Large Envelope,MFN,14.00 x 3.90 x 4.10 cm,0.24,N/A,"Feb 1, 2023",,No,38,apominga - Die Online Apotheke in München
134,"Australian Bodycare Wound and Healing Ointment for Intimate Area, 200 ml, Anti-Inflammatory Wound Cream, Wound Ointment with Zinc for the Butt for Incontinence, Anti Redness Cream",B0CGJTY2G5,Cream,https://www.amazon.de/dp/B0CGJTY2G5?psc=1,DE,https://m.media-amazon.com/images/I/717+iOiW4cL._AC_SY355_.jpg,Australian Bodycare,9.87,784,121,200,"6,109.73","1,555.65",179,"5,690",DK,5.22,1,4.3,"1,440",5,15,Australian Bodycare,Health & Personal Care,Extra Large Envelope,FBA,17.90 x 4.80 x 7.80 cm,0.22,N/A,"Aug 24, 2023",,No,32,Australian Bodycare
66,"Uriage Xemose Irritation-Relieving Lipid Building Cream for Dry, Atopy Prone Skin with Shea Butter - Relieves Itching, Long Lasting Comfort - Face & Body - Fragrance-Free - 400 ml",B019HPS6XQ,Cream,https://www.amazon.de/dp/B019HPS6XQ?psc=1,DE,https://m.media-amazon.com/images/I/61J-9iQp2VL._SY355_.jpg,Uriage,21,88,74,N/A,"1,759.43","1,555.14",179,"9,577",N/A,6.55,1,4.6,"3,389",6,35,,Beauty,Small Parcel,FBA,18.50 x 8.00 x 8.30 cm,0.49,N/A,"Jan 19, 2016",,No,123,
28,"Sebamed Dry Skin Body Lotion Omega 12%, 200ml",B004O77LRK,Cream,https://www.amazon.de/dp/B004O77LRK?psc=1,DE,https://m.media-amazon.com/images/I/513jbXH6oxL._SY355_.jpg,sebamed TROCKENE HAUT,7.02,192,192,100,"1,538.99","1,538.30",45,"9,928",AMZ,3.71,8,4.5,327,5,1,Amazon,Beauty,Extra Large Envelope,AMZ,16.60 x 4.20 x 6.80 cm,0.25,N/A,"Feb 17, 2011",,No,182,Amazon
18.1.,Bioderma Atoderm Ultra Nourishing Cream Unscented 2 x 500 ml,B09J9ZY7G5,Cream,https://www.amazon.de/dp/B09J9ZY7G5?psc=1,DE,"https://m.media-amazon.com/images/I/51k9jY8derL._SY355_PIbundle-2,TopRight,0,0_AA355SH20_.jpg",Bioderma,31.06,321,47,N/A,"6,337.52","1,533.15",60,"4,283",N/A,7.81,2,4.4,"4,710",8,94,Cosmeco,Beauty,Small Parcel,FBA,21.20 x 6.90 x 14.10 cm,1.11,N/A,"Sep 24, 2020",,No,67,Cosmeco
37,Leti AT-4 Body Milk 500 ml,B009M4O1J6,Cream,https://www.amazon.de/dp/B009M4O1J6?psc=1,DE,https://m.media-amazon.com/images/I/41Lube0mZhL._SX342_.jpg,Leti,26.47,68,58,N/A,"1,704.06","1,515.78",26,"18,244",DE,N/A,16,4.5,373,5,2,APONEO - Deutsche Versand-Apotheke,Beauty,Extra Large Envelope,MFN,4.50 x 24.00 x 9.50 cm,0.58,N/A,"Jan 1, 2009",,No,207,APONEO - Deutsche Versand-Apotheke
64,Kose softymo Deep Cleansing Oil 230 ml (Japan Import),B000V2FB88,Check,https://www.amazon.de/dp/B000V2FB88?psc=1,DE,https://m.media-amazon.com/images/I/51wHEbqC-9L._SY355_.jpg,softymo,14.02,130,99,50,"1,879.48","1,484.16",53,"13,986",DE,5.52,7,4.4,"3,098",8,11,Alpine Trading Mittenwald,Beauty,Extra Large Envelope,FBA,19.30 x 5.10 x 6.80 cm,0.25,N/A,"Jul 31, 2014",,No,141,Alpine Trading Mittenwald
125,wesentlich. Almond Oil Cold Pressed 100 ml | 100% Pure Oil without Additives | Natural Body Care | Unrefined for Hair and Face | Perfect Massage Oil,B01N38FFG2,Check,https://www.amazon.de/dp/B01N38FFG2?psc=1,DE,https://m.media-amazon.com/images/I/61TGEi8ebrL._SY355_.jpg,wesentlich.,8.83,444,148,50,"5,740.17","1,466.48",148,"4,879",DE,3.84,1,4.5,922,7,12,Vitabody Wellness und natürliche Pflege,Beauty,Extra Large Envelope,FBA,12.60 x 5.30 x 6.20 cm,0.2,N/A,"Mar 12, 2018",,No,97,Vitabody Wellness und natürliche Pflege
111,Sulphur/Sulphur Ointment 10% Bioeel 70g,B09DW2S8H1,Check,https://www.amazon.de/dp/B09DW2S8H1?psc=1,DE,https://m.media-amazon.com/images/I/51QIbrucvWL._SX355_.jpg,BioEEL,8.75,120,113,100,"1,552.29","1,460.25",39,"6,506",RO,5.98,1,4.4,867,8,19,Ultra Effective,Beauty,Large Envelope,FBA,17.80 x 3.60 x 3.70 cm,0.09,N/A,"Sep 1, 2021",,No,55,Ultra Effective
53,"Bioderma, Atoderm Intensive Tree Soothing Skin Cream Dry Skin 2 x 500ml",B07BJK5W3J,Cream,https://www.amazon.de/dp/B07BJK5W3J?psc=1,DE,"https://m.media-amazon.com/images/I/51UCkJxOGHL._SY355_PIbundle-2,TopRight,0,0_AA355SH20_.jpg",Bioderma,54.54,37,29,N/A,"1,565.81","1,448.30",71,"71,536",FR,11.04,4,4.6,"1,194",3,3,Parapharmacie Centrale,Beauty,Small Parcel,FBA,21.20 x 7.00 x 14.50 cm,1.12,N/A,"Apr 11, 2018",,No,96,Parapharmacie Centrale
50,Uriage Xemose Cleansing Soothing Oil 500ml,B06XXWTV3H,Wash,https://www.amazon.de/dp/B06XXWTV3H?psc=1,DE,https://m.media-amazon.com/images/I/71H2h7cq2pL._SY355_.jpg,Uriage,16.25,262,90,50,"4,765.22","1,444.70",42,"6,982",CH,5.58,16,4.5,"1,936",9,35,DERMA EU,Beauty,Small Parcel,FBA,20.50 x 6.30 x 6.40 cm,0.62,N/A,"May 11, 2017",,No,107,DERMA EU
59,CeraVe Moisturising Cream for Dry to Very Dry Skin with 3 Essential Ceramides and Hyaluronan 340 g,B07CH9XWHR,Cream,https://www.amazon.de/dp/B07CH9XWHR?psc=1,DE,https://m.media-amazon.com/images/I/61p0999flgL._SX342_.jpg,CeraVe,14.03,79,79,50,"1,441.99","1,441.66",98,"38,042",AMZ,6.53,3,4.5,"8,223",10,66,Amazon,Beauty,Small Parcel,AMZ,9.35 x 7.20 x 9.20 cm,0.39,N/A,"Apr 19, 2018",,No,96,Amazon
54,"LETI AT4 Intensive Cream - Acute Aid for Skin Irritation & Eczema Due to Eczema or Allergy-Prone Skin, for Extremely Dry Skin, Irritation Reducing and Moisturising, 100 ml",B0798TKB8S,Cream,https://www.amazon.de/dp/B0798TKB8S?psc=1,DE,https://m.media-amazon.com/images/I/410pHS5RTrL._SY355_.jpg,Leti,26.71,55,55,N/A,"1,439.55","1,439.18",171,"26,839",NL,7.37,16,4.5,260,5,0,Dr. Vital e-Pharmacy,Beauty,Extra Large Envelope,FBA,15.40 x 4.40 x 5.10 cm,0.13,N/A,"Jan 24, 2018",,No,99,Dr. Vital e-Pharmacy
32,"EUBOS SENSITIVE Feuchtigkeitscreme Tagespflege, 50 ml [Misc.]",B000TV9S08,Cream,https://www.amazon.de/dp/B000TV9S08?psc=1,DE,https://m.media-amazon.com/images/I/61kU358NskL._SY355_.jpg,EUBOS,18.55,76,76,N/A,"1,417.65","1,416.74",61,"23,322",AMZ,6.2,23,4.6,260,8,5,Amazon,Beauty,Extra Large Envelope,AMZ,6.90 x 4.70 x 6.80 cm,0.09,N/A,"Aug 29, 2007",,No,224,Amazon
5,Kneipp Sensitive Care Oil - Skin Oil for Dry & Sensitive Skin - Body Oil with High-Quality Almond Oil - 100 ml,B0FLQCBT59,Check,https://www.amazon.de/dp/B0FLQCBT59?psc=1,DE,https://m.media-amazon.com/images/I/71-erZh71xL._SY355_.jpg,Kneipp,5.42,881,220,100,"6,044.17","1,413.94",110,"2,583",AMZ,3.56,5,4.6,157,7,20,Amazon,Beauty,Extra Large Envelope,AMZ,16.30 x 6.00 x 6.00 cm,0.1,N/A,"Aug 8, 2025",,No,8,Amazon
48,"Rose Oil for Face with Rose Petals, Organic Vitamin E Oil for Anti-Ageing, Scars & Stretch Marks, Gua Sha Oil, Natural Massage Body Oil with Fragrance for Dry Skin, Scalp and Nails - 60 ml",B0DL5M2LV7,Other,https://www.amazon.de/dp/B0DL5M2LV7?psc=1,DE,https://m.media-amazon.com/images/I/71S1nmf0YjL._SY355_.jpg,RoongDuuDll,7.17,186,166,50,"1,570.36","1,388.25",188,"9,541",CN,3.35,1,4.6,187,7,3,rongduUK,Beauty,Extra Large Envelope,FBA,12.60 x 4.19 x 4.39 cm,0.14,N/A,"Oct 28, 2024",,No,18,rongduUK
72,Neuroderm Repair Cream 25 ml,B07MXLF4DS,Cream,https://www.amazon.de/dp/B07MXLF4DS?psc=1,DE,https://m.media-amazon.com/images/I/71QibWPhu3L._SY355_.jpg,InfectoPharm,10.06,363,115,50,"4,986.29","1,359.74",28,"7,726",N/A,5.81,4,4.6,355,1,0,apominga - Die Online Apotheke in München,Beauty,Large Envelope,MFN,11.10 x 3.40 x 4.10 cm,0.04,N/A,"Jan 18, 2019",,No,87,apominga - Die Online Apotheke in München
35,Dermoscent Atop 7 Shampoo for Dogs and Cats - 200ml,B00KG5RWPA,Other,https://www.amazon.de/dp/B00KG5RWPA?psc=1,DE,https://m.media-amazon.com/images/I/61gukgcI7TL._AC_SY355_.jpg,Dermoscent,26.95,56,56,N/A,"1,359.77","1,359.41",51,"38,287",SE,7.16,7,4.5,252,9,0,Strawfield Pets Europe,Pet Supplies,Extra Large Envelope,FBA,18.50 x 4.80 x 10.70 cm,0.25,N/A,"Jul 15, 2014",,No,141,Strawfield Pets Europe
48,"Satin Naturel Organic Rosehip Oil 100 ml - 100% Pure Cold Pressed Pink Canina - Face Oil, Body Oil, Massage Oil & Hair Oil - Wild Rose Oil for Dry Skin Care with Anti-Wrinkle Effect",B07GRX1P9V,Oil,https://www.amazon.de/dp/B07GRX1P9V?psc=1,DE,https://m.media-amazon.com/images/I/71WJCIdWV5L._SY355_.jpg,Satin Naturel,19.99,394,69,50,"7,829.35","1,358.84",181,"2,936",BE,6.42,3,4.4,"3,601",9,N/A,Satin Naturel BV,Beauty,Extra Large Envelope,FBA,15.30 x 4.50 x 4.60 cm,0.24,N/A,"Aug 22, 2018",,No,92,Satin Naturel BV
17,"Grape Seed Oil Organic Skin Oil 50 ml - 100% Pure, Cold Pressed - Care for Face, Body, Hair - for Dry and Sensitive Skin - Premium Quality BotanyRoom®",B0D3C2TWB4,Check,https://www.amazon.de/dp/B0D3C2TWB4?psc=1,DE,https://m.media-amazon.com/images/I/61swewaOGxL._SY355_.jpg,BotanyRoom,9.92,353,104,50,"4,848.36","1,343.83",150,"5,976",LT,5.97,1,4.5,136,7,12,Botany Room,Beauty,Large Envelope,FBA,12.50 x 3.90 x 3.90 cm,0.12,N/A,"May 5, 2024",,No,23,Botany Room
64,"Tallow Beef Tallow Intensive Cream for Neurodermatitis, Eczema, Psoriasis & Rosacea; Natural Acute Care for Irritated, Dry, Itchy, Irritated and Reddened Skin (1 x 120 ml, Evening Primrose Oil)",B0G3QR2F44,Cream,https://www.amazon.de/dp/B0G3QR2F44?psc=1,DE,https://m.media-amazon.com/images/I/81CDSA19lsL._SY355_.jpg,Nature Nation,29.9,"1,293",44,N/A,"30,809.22","1,301.13",193,"1,243",DE,7.91,1,4.1,365,9,N/A,Nature Nation DE,Beauty,Extra Large Envelope,FBA,6.70 x 5.50 x 5.60 cm,0.23,N/A,"Nov 24, 2025",,No,5,Nature Nation DE
134,"A-DERMA Exomega Control Moisturising Cream for Neurodermatitis Prone Skin, 400 ml Cream",B0B4WKYBY2,Cream,https://www.amazon.de/dp/B0B4WKYBY2?psc=1,DE,https://m.media-amazon.com/images/I/61yVGSeM7wL._SY355_.jpg,A-Derma,26.35,52,52,N/A,"1,282.91","1,282.63",87,"36,067",N/A,7.35,7,4.6,77,1,2,,Beauty,Small Parcel,MFN,18.20 x 6.30 x 6.50 cm,0.47,N/A,"May 27, 2022",,No,47,
60,Linola® Fett - for atopic eczema (neurodermatitis) in subacute and chronic stage 2X50 pack 100g.,B00AHWJ80O,Check,https://www.amazon.de/dp/B00AHWJ80O?psc=1,DE,"https://m.media-amazon.com/images/I/51Evc8emZFL._AC_SX355_PIbundle-2,TopRight,0,0_SH20_.jpg",Dr Wolff,15.97,64,64,N/A,"1,268","1,267.37",96,"30,919",BG,4.46,4,4.6,35,2,0,Dealon,Health & Personal Care,Standard Envelope,MFN,2.01 x 8.00 x 2.01 cm,0,N/A,"Dec 4, 2012",,No,160,Dealon
143,"dline CC CoolingCream | From the Care Professional for Dry, Sensitive Skin | 200 ml Tube | Moisturising Cream | Eczema Cream | Aloe Vera, Beeswax, Glycerin, Jojoba Oil, Almond Oil, Castor Oil, Menthol",B003O9Z78Y,Cream,https://www.amazon.de/dp/B003O9Z78Y?psc=1,DE,https://m.media-amazon.com/images/I/61-ESZVqzvL._SY355_.jpg,dline,20.61,61,61,N/A,"1,259.92","1,259.79",200,"29,180",DE,6.51,1,4.6,70,6,0,dline GmbH Deutschland,Beauty,Extra Large Envelope,FBA,18.00 x 5.00 x 7.00 cm,0.26,N/A,"Jun 17, 2010",,No,190,dline GmbH Deutschland
132,"Kneipp nourishing massage oil, Almond Blossom, gentle on the skin, 100 ml",B000ZIYJXG,Check,https://www.amazon.de/dp/B000ZIYJXG?psc=1,DE,https://m.media-amazon.com/images/I/61TGEAogsNL._AC_SY355_.jpg,Kneipp,7.9,473,156,N/A,"3,922.74","1,234.71",73,"7,809",AMZ,3.67,1,4.7,"3,500",1,N/A,Amazon,Health & Personal Care,Extra Large Envelope,AMZ,13.70 x 5.20 x 5.20 cm,0.21,N/A,"Nov 21, 2007",,No,221,Amazon
17,frei öl BabyÖl 140 ml,B076CRBXCN,Oil,https://www.amazon.de/dp/B076CRBXCN?psc=1,DE,https://m.media-amazon.com/images/I/719qEho0YHL._AC_SY355_.jpg,frei öl,8.39,127,127,50,"1,232.05","1,230.67",21,"3,404",AMZ,3.19,5,4.6,359,6,0,Amazon,Baby Products,Large Envelope,AMZ,14.71 x 3.71 x 6.91 cm,0.19,N/A,"Oct 7, 2017",,No,102,Amazon
112,"AESHORY Rosehip Oil 100 ml 100% Pure Natural, Cold Pressed, Unrefined, Vegan - Natural Moisturiser Premium Rosehip Seed Oil for Face, Body, Hair, Skin, Nails",B09J4T5CVP,Check,https://www.amazon.de/dp/B09J4T5CVP?psc=1,DE,https://m.media-amazon.com/images/I/71m-tY21aWL._SY355_.jpg,Aeshory,8.39,122,122,50,"1,222.27","1,220.91",157,"24,546",CN,3.84,1,4.5,"1,496",7,30,MEDSW-EU,Beauty,Extra Large Envelope,FBA,13.90 x 4.80 x 5.20 cm,0.2,N/A,"Nov 11, 2021",,No,53,MEDSW-EU
52,"Cream Forte 15 ml | Rich Moisturiser for Neurodermatitis, Psoriasis & Eczema Cream | Face Cream & Body Cream | With Neem Extract | Moisturiser Also as Eczema Cream",B0F1X79JJK,Cream,https://www.amazon.de/dp/B0F1X79JJK?psc=1,DE,https://m.media-amazon.com/images/I/61YG0vSv1DL._SY355_.jpg,natüür,11.09,136,87,50,"3,040.12","1,209.15",163,"14,256",DE,5.13,1,4.3,7,9,N/A,natüür,Beauty,Large Envelope,FBA,8.50 x 3.20 x 3.20 cm,0.04,N/A,"Mar 18, 2025",,No,13,natüür
63,"Eucerin AtopiControl Soothing Light Balm 200 ml, Basic Skin Care for Dry and Atopic Skin, Moisturising Body Cream with Ceramides and Licochalcone A",B08LYSVT7V,Cream,https://www.amazon.de/dp/B08LYSVT7V?psc=1,DE,https://m.media-amazon.com/images/I/61ZbtV6HpWL._SX342_.jpg,Eucerin,17.05,69,69,N/A,"1,204.90","1,204.48",147,"18,233",GB,N/A,8,4.7,41,8,0,Glamstore DE,Beauty,Extra Large Envelope,MFN,16.60 x 4.80 x 6.00 cm,0.23,N/A,"Dec 31, 2008",,No,208,Glamstore DE
110,"Naissance Apricot Kernel Oil (No. 204) – 900 ml – Natural, Vegan, GMO Free – Moisturising, Nourishing for Face, Hair, Lip Balm, Body, Massage, Cosmetics, Skin Care",B004RG7B8W,Check,https://www.amazon.de/dp/B004RG7B8W?psc=1,DE,https://m.media-amazon.com/images/I/61LdT5zmIhL._SY355_.jpg,Naissance,17.75,126,63,N/A,"2,018.60","1,203.85",163,"14,810",GB,6.25,1,4.6,"2,554",7,9,naissance ®,Beauty,Small Parcel,FBA,21.90 x 8.60 x 8.80 cm,0.88,N/A,"Jul 14, 2016",,No,117,naissance ®
71,A-DERMA Exomega Control Moisturising Balm 400ml,B0B4WM18WQ,Cream,https://www.amazon.de/dp/B0B4WM18WQ?psc=1,DE,https://m.media-amazon.com/images/I/61nM0aTIbeL._SY355_.jpg,A-Derma,17.99,47,47,N/A,"1,202.81","1,202.41",47,"23,450",PT,8.09,14,4.7,63,1,9,Beauty Lovy,Beauty,Small Parcel,MFN,18.40 x 6.50 x 6.50 cm,0.46,N/A,"Dec 24, 2020",,No,64,Beauty Lovy
141,"Colloidal Silver Cream Hydro (100 g) from Pharmacy Production - Less Fat Content, Easier to Apply - Silver Cream Hydro Pestalozzi Pharmacy",B0BMFWGFXW,Check,https://www.amazon.de/dp/B0BMFWGFXW?psc=1,DE,https://m.media-amazon.com/images/I/71DJgXhXbwL._AC_SY355_.jpg,Pestalozzi Apotheke,17.7,65,65,N/A,"1,153","1,152.90",138,"34,272",N/A,5.7,1,4.6,86,9,0,,Beauty,Extra Large Envelope,FBA,7.90 x 5.80 x 5.80 cm,0.15,N/A,"Nov 15, 2022",,No,41,
29,"MAYJAM Sweet Almond Oil Organic 473 ml, Body Oil Almond Oil Cold Pressed Pure Natural Carrier Oil for Skin Hair, Skin Oil Repair and Care, USDA Organic Sweet Almond Oil for Massage",B0FMF5XLBJ,Check,https://www.amazon.de/dp/B0FMF5XLBJ?psc=1,DE,https://m.media-amazon.com/images/I/71HALlJtcGL._SY355_.jpg,MAYJAM,13.56,137,79,N/A,"1,953.55","1,135.82",180,"8,445",CN,5.43,1,4.6,548,8,17,MAYJAM,Health & Personal Care,Small Parcel,FBA,19.80 x 6.90 x 7.10 cm,0.47,N/A,"Aug 14, 2025",,No,8,MAYJAM
44,"Almond Oil BIO Cold Pressed, Body Oil, 200ml, Vegan, Light Protection Glass Bottle, Almond Oil Organic for Cosmetics & Organic Massage Oil for the Whole Body, Satin Naturel, Almond Oil Made in Germany",B07J1XTMYB,Check,https://www.amazon.de/dp/B07J1XTMYB?psc=1,DE,https://m.media-amazon.com/images/I/71ygCfLrjfL._SY355_.jpg,Satin Naturel,16.99,394,64,N/A,"7,829.35","1,089.93",200,"2,936",BE,5.97,4,4.5,"2,864",9,N/A,Satin Naturel BV,Beauty,Extra Large Envelope,FBA,16.60 x 5.70 x 5.80 cm,0.4,N/A,"Jul 28, 2018",,No,93,Satin Naturel BV
58,"Cream Forte 150 ml | Rich Moisturising Cream for Neurodermatitis, Psoriasis & Eczema Cream | Face Cream & Body Cream | With Neem Extract | Moisturiser Also as Eczema Cream",B0GHPG2XH8,Cream,https://www.amazon.de/dp/B0GHPG2XH8?psc=1,DE,https://m.media-amazon.com/images/I/61ZOyuvw66L._SY355_.jpg,natüür,39.83,136,22,N/A,"3,040.12","1,083.18",171,"12,325",DE,10.91,1,4.3,7,9,N/A,natüür,Beauty,Extra Large Envelope,FBA,5.00 x 16.00 x 5.00 cm,0.22,N/A,"Jan 19, 2026",,No,3,natüür
62,"Hautöl, 50 ml oil",B00E4ZU020,Oil,https://www.amazon.de/dp/B00E4ZU020?psc=1,DE,https://m.media-amazon.com/images/I/71GKqcuRkbS._SY355_.jpg,Befelka,11.31,17,17,N/A,226.29,226.27,17,"84,399",N/A,5.2,11,4.3,92,5,0,Schongau-apo,Beauty,Large Envelope,MFN,10.30 x 3.90 x 4.10 cm,0.11,N/A,"Jul 22, 2013",,No,156,Schongau-apo
39,ZIAJA MED Fabric Softening Bath and Shower Oil Dermatological Formula for Atopic Skin 270ml,B0DGFHSB6G,Wash,https://www.amazon.de/dp/B0DGFHSB6G?psc=1,DE,https://m.media-amazon.com/images/I/51DqoZEEXPL._SY355_.jpg,Ziaja,7.31,6,6,N/A,54.07,54.05,91,"88,837",AMZ,3.78,2,5,2,3,0,Amazon,Beauty,Extra Large Envelope,AMZ,18.50 x 5.40 x 5.50 cm,0.29,N/A,"Mar 27, 2025",,No,16,Amazon
43,"SVR - Topialyse Huile Lavante - 24H Replenishing, Itch-Relieving Cleansing Oil - For Dry to Atopic Skin - Omegas 3-6-9, Niacinamide, Prebiotics - 1000ml",B09D8SW19S,Wash,https://www.amazon.de/dp/B09D8SW19S?psc=1,DE,https://m.media-amazon.com/images/I/61pEzoLLLyL._SY355_.jpg,SVR,14.47,55,37,N/A,"1,085.48",823.29,152,"15,674",FR,6.04,15,4.6,"1,669",8,66,Cosmeco,Beauty,Small Parcel,FBA,23.30 x 8.30 x 8.80 cm,1.17,N/A,"Aug 21, 2021",,No,59,Cosmeco
15,"Rilastil Xerolact Face and Body Oil for Babies, Children and Adults, Moisturising, Relipidizing for Dry, Irritated and Atopic Skin 1000ml",B0DVM1G1B3,Wash,https://www.amazon.de/dp/B0DVM1G1B3?psc=1,DE,https://m.media-amazon.com/images/I/61qoRmZRZTL._SY445_.jpg,Rilastil,14.83,97,97,50,"1,732.55","1,732.54",137,"24,092",AMZ,6.21,7,4.6,503,7,22,Amazon,Beauty,Small Parcel,AMZ,24.80 x 8.70 x 9.50 cm,1.17,N/A,"Feb 5, 2025",,No,17,Amazon
54,"PAEDIPROTECT Care Oil for Babies & Children, 200 ml, Baby Oil with Almond Oil for Young Skin, Body Oil for Mild Skin Care and Cleaning in the Nappy Area, Skin Oil without Perfume and Microplastic, Vegan",B07M8B7LTY,Oil,https://www.amazon.de/dp/B07M8B7LTY?psc=1,DE,https://m.media-amazon.com/images/I/71-JES2Jz7L._SY355_.jpg,PaediProtect,3.32,80,80,200,315.42,315.42,202,"1,464",AMZ,3.01,2,4.5,335,5,0,Amazon,Baby Products,Large Envelope,AMZ,16.80 x 3.10 x 6.70 cm,0.21,N/A,"Jan 7, 2019",,No,90,Amazon
55,"Topicrem - CICA+ Concentrated Oil for Stretch Marks and Scars - Steamed, Helps Prevent, Soothes, Moisturises 24 Hours - Face & Body Care for Sensitive Skin - Non",B0B5B2HG2W,Oil,https://www.amazon.de/dp/B0B5B2HG2W?psc=1,DE,https://m.media-amazon.com/images/I/51K1t2jvhKL._SY355_.jpg,Topicrem,14.44,14,14,N/A,224.67,224.68,161,"47,966",AMZ,5.81,11,4.5,580,7,0,Amazon,Beauty,Extra Large Envelope,AMZ,13.30 x 4.20 x 4.40 cm,0.12,N/A,"Jun 28, 2022",,No,49,Amazon
37,"Almond Oil for Skin (Body and Face) and Hair, Anti Streaks in Pregnancy, for Atopic Skin and Baby, Massage Oil, Moisturising. Rich in Vitamin E. 100% Pure - 1000 ml 1 L | 100% pure, rich in vitamin E, anti-streaks during pregnancy, for atopic skin and baby, moisturising",B07VR7Z936,Oil,https://www.amazon.de/dp/B07VR7Z936?psc=1,DE,https://m.media-amazon.com/images/I/51xfOLoDqpL._SX342_.jpg,Oïléna,15.96,2,2,N/A,26.34,26.33,270,"74,972",ES,5.74,3,4.5,460,8,N/A,OmBiance,Beauty,Small Parcel,FBA,23.90 x 8.60 x 8.80 cm,0.98,N/A,"Jul 28, 2019",,No,84,OmBiance
65,"Neuroderm Almond Oil Bath, 200 ml - Medical Bath Oil for Dry Skin and Treatment for Eczema, Psoriasis & Itching | Skin Soothing Bath Additive with Natural Almond Oil",B00EXVBBTQ,Wash,https://www.amazon.de/dp/B00EXVBBTQ?psc=1,DE,https://m.media-amazon.com/images/I/714L7cdu+sL._AC_SY355_.jpg,InfectoPharm,11.56,3,2,N/A,42.95,27.98,165,N/A,N/A,4.24,13,4.7,339,1,0,Schongau-apo,,Large Envelope,MFN,4.00 x 5.00 x 10.00 cm,0.28,N/A,"Dec 14, 2012",,No,163,Schongau-apo
57,"Almond Oil for Skin (Body and Face) and Hair, Anti Streaks in Pregnancy, for Atopic Skin and Baby, Massage Oil, Moisturising. Rich in Vitamin E. 100% Pure - 5000 ml 5 L",B09MFKXBFX,Oil,https://www.amazon.de/dp/B09MFKXBFX?psc=1,DE,https://m.media-amazon.com/images/I/71aXMI-wGtL._AC_SY355_.jpg,Oïléna,41.17,11,2,N/A,262.95,72.57,168,"112,842",ES,12.77,1,4.4,36,9,0,OmBiance,Beauty,Standard Parcel,FBA,33.00 x 18.50 x 24.60 cm,4.84,N/A,"Nov 23, 2021",,No,56,OmBiance
8.,Cicabiafine – Nourishing Shower Balm (1 L bottle) – Moisturizing cleansing care for very dry skin – Gently cleanses without aggression from 3 years old,B098SRZ72Z,Wash,https://www.amazon.fr/dp/B098SRZ72Z?psc=1,FR,https://m.media-amazon.com/images/I/61Zt7i7DBLL._AC_SY355_.jpg,Cicabiafine,10.99,"1,413","1,413",700,"14,594.44","14,580.65",151,650,AMZ,8.51,1,4.5,859,7,47,Amazon,Beauty,Small Parcel,AMZ,24.40 x 8.40 x 8.50 cm,1.13,N/A,"Jul 7, 2021",,No,57,Amazon
9.,"Puressentiel - Cleansing - Liquid Soap with 3 Organic Essential Oils - Face, Hands and Body - Dry, Sensitive and Reactive Skin - Cleans & Protects - Antibacterial - 500ml",B09J93W1WM,Wash,https://www.amazon.fr/dp/B09J93W1WM?psc=1,FR,https://m.media-amazon.com/images/I/6137okqpz0L._AC_SY355_.jpg,Puressentiel,11.17,232,174,50,"3,112.52","2,561.98",170,"4,337",AMZ,7.47,2,4.5,323,6,3,Amazon,Beauty,Small Parcel,AMZ,21.80 x 6.40 x 6.70 cm,0.57,N/A,"Oct 11, 2021",,No,54,Amazon
15.,"DEXERYL - Soothing Shower Oil - Cleanses & Relipides the skin from birth - Preserves the skin barrier - Very dry or atopic skin - Soap, Fragrance Free - 500 ml",B0CTC4RF1N,Wash,https://www.amazon.fr/dp/B0CTC4RF1N?psc=1,FR,https://m.media-amazon.com/images/I/61t2I6YBQeL._AC_SY355_.jpg,DEXERYL,12.69,709,437,200,"10,103.77","5,535.61",159,"1,034",FR,6.62,1,4.3,42,9,11,MyHomeBoutique,Beauty,Extra Large Envelope,FBA,20.80 x 6.00 x 6.20 cm,0.59,N/A,"Jan 26, 2024",,No,27,MyHomeBoutique
16.,Mixa Expert Sensitive Skin Superfat Shower Cream with Shea Butter 1 Unit,B08QPX7GSL,Cream,https://www.amazon.fr/dp/B08QPX7GSL?psc=1,FR,https://m.media-amazon.com/images/I/61yTYQclnyL._AC_SY355_.jpg,Mixa,2.9,939,939,500,"2,722.91","2,722.74",72,909,AMZ,4.26,7,4.6,883,6,20,Amazon,Beauty,Extra Large Envelope,AMZ,20.20 x 4.10 x 8.00 cm,0.45,N/A,"Jan 31, 2021",,No,63,Amazon
17.,"BIODERMA Atoderm Intensive Foaming Gel - Cleans, Purifies, Helps Soothe Itching - Supergreasy Cleansing Base - Dermatologist Prescribed - For the Whole Family - Pump Bottle 500ml",B00VIU15QO,Wash,https://www.amazon.fr/dp/B00VIU15QO?psc=1,FR,https://m.media-amazon.com/images/I/51UTwUhIZxL._AC_SY355_.jpg,Bioderma,15.7,66,66,N/A,"1,037.82","1,037.06",178,"12,495",N/A,7.08,8,4.4,716,8,4,,Beauty,Extra Large Envelope,FBA,20.10 x 5.10 x 8.30 cm,0.57,N/A,"Apr 1, 2015",,No,132,
21.,Love & Green - Organic Surgras Cleansing Gel 500ml - For the Whole Family - Moisturizing Sensitive Skin - Formula based on pure ingredients,B07RK5C7HJ,Wash,https://www.amazon.fr/dp/B07RK5C7HJ?psc=1,FR,https://m.media-amazon.com/images/I/61QQik6w+VL._AC_SY355_.jpg,Love & Green,6.41,732,149,100,"5,922.84","1,081.15",139,266,AMZ,4.82,1,4.6,513,7,N/A,Amazon,Baby Products,Extra Large Envelope,AMZ,21.20 x 4.50 x 8.34 cm,0.58,N/A,"May 27, 2019",,No,83,Amazon
28.,"Corine de Farme - Superfatty Monoi Shower Cream - pH Neutral for Skin, Natural Origin - Dermatological Control - 100% Made in France - 750 ml",B0DDT2QKSH,Cream,https://www.amazon.fr/dp/B0DDT2QKSH?psc=1,FR,https://m.media-amazon.com/images/I/61XSmnm7mDL._AC_SY355_.jpg,Corine de Farme,4.84,"1,676",285,200,"6,141.2","1,407.46",141,875,AMZ,5.3,1,4.6,"1,447",2,49,Amazon,Health & Household,Small Parcel,AMZ,20.80 x 6.10 x 9.80 cm,0.83,N/A,"Aug 21, 2024",,No,20,Amazon
29.,LABORATOIRES VENDÔME - NUTRI V+ - Dermatological Bread Apricot Oil - Body & Face - Gently cleanses & nourishes - pH Neutral & Soap Free - High Tolerance - Dry to Very Dry Skin - 100g,B0DMSVT7G6,Wash,https://www.amazon.fr/dp/B0DMSVT7G6?psc=1,FR,https://m.media-amazon.com/images/I/71CbczK-HmL._AC_SY355_.jpg,Laboratoires Vendôme,3.71,487,487,200,"1,806.75","1,806.61",182,"1,452",AMZ,4.26,1,4.5,173,7,10,Amazon,Beauty,Large Envelope,AMZ,10.60 x 4.00 x 6.70 cm,0.11,N/A,"Nov 12, 2024",,No,17,Amazon
30.,"Uriage Extra-Rich Cleansing Superfat Gel - Sensitive Skin - Preserves the Hydrolipidic Film of the Skin - Fresh Foaming Gel - Cleans without drying out - Face & Body - Soap Free, Physiological pH - 1L",B00IZA1132,Wash,https://www.amazon.fr/dp/B00IZA1132?psc=1,FR,https://m.media-amazon.com/images/I/61ArqWDXCnL._AC_SY355_.jpg,Uriage,12.49,160,118,50,"1,834.19","1,482.22",200,"5,720",FR,7.92,6,4.5,"1,759",8,17,Cosmeco,Beauty,Small Parcel,FBA,27.20 x 8.70 x 11.80 cm,1.13,N/A,"Mar 22, 2014",,No,145,Cosmeco
31.,Le Petit Marseillais – Shea Butter Superfat Care Soap (2 100g loaves) – Hand and body soap with 98% ingredients of natural origin – Recyclable paper packaging,B0B45JPRJ9,Check,https://www.amazon.fr/dp/B0B45JPRJ9?psc=1,FR,https://m.media-amazon.com/images/I/71kdbX2EgmL._AC_SY355_.jpg,Le Petit Marseillais,1.72,523,523,N/A,"1,069.88","1,069.49",158,"2,405",AMZ,3.11,6,4.6,350,7,10,Amazon,Beauty,Standard Envelope,AMZ,12.30 x 2.20 x 8.20 cm,0.18,N/A,"Oct 17, 2019",,No,78,Amazon
35.,Le Petit Marseillais – Sweet Almond Oil Surgras Care Soap (2 100g roll) – Solid hand & body soap with 98% ingredients of natural origin – Recyclable paper packaging,B0B99SBC1W,Wash,https://www.amazon.fr/dp/B0B99SBC1W?psc=1,FR,https://m.media-amazon.com/images/I/71oJPO-7vpL._AC_SY355_.jpg,Le Petit Marseillais,1.86,853,853,400,"1,586.98","1,586.82",164,898,AMZ,3.11,9,4.7,525,8,19,Amazon,Beauty,Standard Envelope,AMZ,12.20 x 2.40 x 8.30 cm,0.2,N/A,"Oct 17, 2019",,No,78,Amazon
36.,"Topicrem - DA PROTECT Supergreasy Cleansing Gel - Cleans, Soothes, Protects - Shower Gel for Sensitive, Dry, Atopic Skin, Babies, Children and Adults - Made in France - 500ml",B00PTZXTQ8,Wash,https://www.amazon.fr/dp/B00PTZXTQ8?psc=1,FR,https://m.media-amazon.com/images/I/51W-+KX0TXL._AC_SY355_.jpg,Topicrem,10.89,243,212,N/A,"2,375.38","2,045.24",174,"3,248",N/A,8.41,11,4.5,"1,275",3,11,,Beauty,Small Parcel,MFN,25.20 x 8.10 x 9.80 cm,0.58,N/A,"Nov 19, 2014",,No,137,
38.,Nuxe Dream Honey Cleansing Gel for Face and Body 750 ml,B09FW48XQV,Check,https://www.amazon.fr/dp/B09FW48XQV?psc=1,FR,https://m.media-amazon.com/images/I/61Pl-e0qTiL._AC_SY355_.jpg,Nuxe,28.94,207,185,N/A,"5,310.81","4,567.03",55,"4,050",N/A,10.13,2,4.6,854,5,9,,Beauty,Small Parcel,FBA,21.10 x 7.20 x 7.80 cm,0.87,N/A,"Jun 9, 2021",,No,58,
45.,Bath and Shower Gel for Sensitive Skin 2x400ml Active Superfat Rogé Cavaillès,B075M8Q2G6,Check,https://www.amazon.fr/dp/B075M8Q2G6?psc=1,FR,"https://m.media-amazon.com/images/I/6174f0wojkL._AC_SY355_PIbundle-2,TopRight,0,0_SH20_.jpg",Rogé Cavaillès,18.12,133,133,50,"2,535.05","2,534.75",77,"8,022",N/A,8.49,12,4.3,86,1,2,WE DISTRIB,Beauty,Extra Large Envelope,FBA,20.70 x 5.90 x 15.40 cm,0.95,N/A,"Sep 14, 2017",,No,103,WE DISTRIB
56.,ROGÉ CAVAILLÈS | Bath Shower Gel – The Original | Nourishes & Protects the Skin | Gentle Cleansing | Sensitive Skin | Soap Free | 100% Recycled Plastic | Pack: Bath Shower Gel 1L + Eco-Refill 1L,B0CKBRV9VZ,Wash,https://www.amazon.fr/dp/B0CKBRV9VZ?psc=1,FR,"https://m.media-amazon.com/images/I/41n6r1sAF+L._AC_SX355_PIbundle-2,TopRight,0,0_SH20_.jpg",PARAVOSTRA,35.06,32,32,N/A,"1,124.04","1,123.91",194,"14,220",FR,13.06,1,4.3,32,4,0,WEB-MARKET,Beauty,Small Parcel,FBA,24.00 x 11.30 x 15.50 cm,2.17,N/A,"Oct 3, 2023",,No,30,WEB-MARKET
9.,"Le Petit Marseillais – Sublimating Body Oil (Spray 150 Ml) – Body Care Hydration 24H – Body Oil with Shea Butter, Sweet Almond and Argan Oil",B0FDKKQD17,Check,https://www.amazon.fr/dp/B0FDKKQD17?psc=1,FR,https://m.media-amazon.com/images/I/61B9xtobk5L._AC_SY355_.jpg,Le Petit Marseillais,5.5,749,749,400,"5,238.1","5,235.15",140,596,AMZ,4.4,1,4.5,85,7,21,Amazon,Beauty,Large Envelope,AMZ,17.10 x 3.10 x 5.30 cm,0.17,N/A,"Jun 18, 2025",,No,10,Amazon
10.,"Topicrem - CICA+, Stretch Marks and Scars Concentrated Oil - Attenuated, Helps Prevent, Soothes, Moisturizes 24h - Face and Body Care for Sensitive Skin - Non Greasy, Non Sticky Finish - 100ml",B0B5B2HG2W,Oil,https://www.amazon.fr/dp/B0B5B2HG2W?psc=1,FR,https://m.media-amazon.com/images/I/51K1t2jvhKL._AC_SY355_.jpg,Topicrem,9.98,810,810,400,"8,302.65","8,294.42",192,827,AMZ,5.11,3,4.5,537,7,22,Amazon,Beauty,Extra Large Envelope,AMZ,13.30 x 4.20 x 4.40 cm,0.12,N/A,"Jun 27, 2022",,No,46,Amazon
13.,Vaseline Intensive Care Coconut Restore Body Oil for Healthy and Hydrated Skin Regenerating Body Oil Gel with 100% Pure Coconut Oil (1 x 200ml),B0FYQBNRRC,Check,https://www.amazon.fr/dp/B0FYQBNRRC?psc=1,FR,https://m.media-amazon.com/images/I/610qgwOxIqL._AC_SY355_.jpg,Vaseline,11.99,120,120,50,"1,435.48","1,434.14",143,"6,286",AT,6.75,1,4.2,53,7,44,prsWORLD,Beauty,Large Envelope,FBA,16.10 x 3.00 x 6.20 cm,0.2,N/A,"Jan 6, 2026",,No,3,prsWORLD
14.,"CeraVe - Moisturising Foaming Cleansing Oil - Moisturizes and Soothes Without Altering the Skin Barrier - Ceramides, Triglycerides, Squalane - Normal to Very Dry, Atopic Prone Skin - 473 ml",B0967LDZ7R,Wash,https://www.amazon.fr/dp/B0967LDZ7R?psc=1,FR,https://m.media-amazon.com/images/I/517+j47c8uL._AC_SX342_.jpg,CeraVe,11.9,"2,220","2,220","1,000","26,239.16","26,216.79",189,240,AMZ,6.1,3,4.6,"6,153",8,92,Amazon,Beauty,Extra Large Envelope,AMZ,18.80 x 4.80 x 8.40 cm,0.54,N/A,"Jul 22, 2021",,No,57,Amazon
15.,"Mixa - Anti-Stretch Mark Oil - 30% Omega 6 & 9 - Reduces Color, Texture and Thickness of Post-Pregnancy Stretch Marks or Weight and Size Variations - 100ml",B0DQLCYKRC,Check,https://www.amazon.fr/dp/B0DQLCYKRC?psc=1,FR,https://m.media-amazon.com/images/I/51AtLzFiEfL._AC_SY355_.jpg,Mixa,9.99,"1,408",674,300,"12,745.54","6,459.89",155,465,AMZ,5.75,1,4.5,"1,258",6,48,Amazon,Beauty,Large Envelope,AMZ,15.60 x 3.10 x 5.00 cm,0.1,N/A,"Dec 16, 2024",,No,16,Amazon
16.,Veet - Hydrating Miraculous Oil Post Hair Removal and Pre and Post Shave - Based on Natural Oils,B07YVFG9CJ,Check,https://www.amazon.fr/dp/B07YVFG9CJ?psc=1,FR,https://m.media-amazon.com/images/I/61nyX80T4hL._AC_SY355_.jpg,Veet,9.35,"1,179","1,010",800,"14,423.98","8,845.79",96,454,AMZ,4.71,1,4.5,"2,983",5,8,Amazon,Health & Household,Large Envelope,AMZ,13.80 x 2.70 x 4.60 cm,0.11,N/A,"May 12, 2020",,No,71,Amazon
17.,"Uriage Xemose Cleansing Oil for dry skin with atopic tendency I Cleanses and soothes itching. Foaming, Nourishing Gel-en-Oil I Face & Body I Unscented, Soap Free I Physiological pH",B00P9YV0Z6,Wash,https://www.amazon.fr/dp/B00P9YV0Z6?psc=1,FR,https://m.media-amazon.com/images/I/71EWe75PRLL._AC_SY355_.jpg,Uriage,20,216,216,100,"2,772","2,771.5",180,"1,860",CH,8.6,9,4.6,597,9,3,Skincare Expert France,Beauty,Small Parcel,FBA,24.21 x 7.70 x 8.10 cm,1.21,N/A,"Aug 27, 2014",,No,140,Skincare Expert France
18.,WELEDA - Relaxing Lavender Oil - Relaxes and soothes - For a moment of relaxation while nourishing the skin - NATRUE* - Vegan*** - 100 ml,B000ORYDJI,Check,https://www.amazon.fr/dp/B000ORYDJI?psc=1,FR,https://m.media-amazon.com/images/I/51oWFRHd20L._AC_SY355_.jpg,Weleda,13.49,360,360,100,"4,763.73","4,760.78",137,"3,587",AMZ,6.41,2,4.7,"2,531",6,26,Amazon,Beauty,Large Envelope,AMZ,15.60 x 3.71 x 6.10 cm,0.27,N/A,"Aug 9, 2010",,No,188,Amazon
23.,"n2 Aromatherapy Sweet Almond Oil 900ml - For Skin, Hair, Massage, Nails, Cuticles, Ears, Face, Body",B0BTM352LL,Other,https://www.amazon.fr/dp/B0BTM352LL?psc=1,FR,https://m.media-amazon.com/images/I/61G-3WZKNEL._AC_SY355_.jpg,n2 Aromatherapy,12.99,666,558,300,"8,411.08","7,239.98",99,"1,423",GB,7.74,1,4.6,247,7,18,naissance ®,Beauty,Small Parcel,FBA,21.90 x 8.70 x 8.80 cm,0.83,N/A,"May 24, 2023",,No,35,naissance ®
28.,"Corine de Farme Nourishing and Moisturizing After-Sun Oil for Body and Hair, Soothes, Moisturizes, Prolongs Tanning, Repairs Hair, Island Fragrance - 150 ml",B01N1A3PRG,Other,https://www.amazon.fr/dp/B01N1A3PRG?psc=1,FR,https://m.media-amazon.com/images/I/61q+kT+AytL._AC_SY355_.jpg,Corine de Farme,7.49,902,145,50,"5,035.92","1,083.87",156,592,AMZ,4.55,1,4.6,494,5,N/A,Amazon,Beauty,Large Envelope,AMZ,17.50 x 3.00 x 6.60 cm,0.16,N/A,"Mar 15, 2017",,No,109,Amazon
29.,Vibratissimo Hot Moments Heating and Soothing Massage Oil 100ml,B0BRT2T99X,Check,https://www.amazon.fr/dp/B0BRT2T99X?psc=1,FR,https://m.media-amazon.com/images/I/61WaAk5frbL._AC_SY355_.jpg,Vibratissimo,9.99,"1,250",618,400,"16,244.29","7,014.74",63,659,DE,4.76,1,4.2,"4,306",6,28,HaJa GmbH,Health & Household,Large Envelope,FBA,13.20 x 3.60 x 3.90 cm,0.1,N/A,"Mar 15, 2023",,No,37,HaJa GmbH
31.,"MIXA - Multi-purpose Anti-Drying Cream - 48H Hydration & Soothing - 100% Vegetable Oils (Shea, Sweet Almond, Soy) - Dry and Sensitive Skin - 400ml",B0GHPPCY2Y,Cream,https://www.amazon.fr/dp/B0GHPPCY2Y?psc=1,FR,https://m.media-amazon.com/images/I/61cUHwVSzbL._AC_SY355_.jpg,Mixa,5.98,"2,349",369,200,"17,092.8","2,454.92",146,84,AMZ,6.27,1,4.2,3,6,0,Amazon,Beauty,Small Parcel,AMZ,9.10 x 8.80 x 9.00 cm,0.45,N/A,"Jan 19, 2026",,No,3,Amazon
32.,"LE PETIT OLIVIER - Lait Corps Hydratant - Huile D'Olive - Adoucit, Apaise & Hydrate - Peaux Normales A Sèches - 96% D'Origine Naturelle - Sans Silicone - Fabriqué en France - 250 ml",B083J7HTLJ,Check,https://www.amazon.fr/dp/B083J7HTLJ?psc=1,FR,https://m.media-amazon.com/images/I/61maaTQzuRL._AC_SY355_.jpg,Le Petit Olivier,3.95,549,402,200,"2,139.71","1,595.35",181,"2,152",AMZ,4.63,2,4.6,275,8,15,Amazon,Beauty,Extra Large Envelope,AMZ,20.40 x 4.70 x 7.30 cm,0.29,N/A,"Jan 6, 2020",,No,75,Amazon
33.,"WELEDA - Skin Food Body Balm - For dry to very dry skin - Intensely nourishes, moisturizes and soothes the skin - NATRUE - Vegan - 150 ml",B07JKZWSRW,Check,https://www.amazon.fr/dp/B07JKZWSRW?psc=1,FR,https://m.media-amazon.com/images/I/51xhWvtW9lL._AC_SY355_.jpg,Weleda,14.95,382,382,100,"5,310.72","5,308.19",137,"3,292",AMZ,7.31,1,4.7,"6,168",6,58,Amazon,Beauty,Small Parcel,AMZ,7.80 x 7.01 x 7.80 cm,0.29,N/A,"Dec 23, 2018",,No,88,Amazon
34.,"Topicrem - DA Balm Emollient - Moisturizing Cream, Relipid, Nourishes & Soothes - Face and Body Care for Sensitive, Dry, Atopic Skin, Babies, Children & Adults - Made in France - 500ml",B00PAUP3J8,Cream,https://www.amazon.fr/dp/B00PAUP3J8?psc=1,FR,https://m.media-amazon.com/images/I/51sBe8myOhL._AC_SY355_.jpg,Topicrem,12.79,"1,793","1,143","1,000","19,225.5","13,741.35",184,201,AMZ,6.64,7,4.5,"2,234",7,28,Amazon,Beauty,Small Parcel,AMZ,20.40 x 6.10 x 6.30 cm,0.57,N/A,"Nov 6, 2014",,No,137,Amazon
36.,"MAYJAM White Musk Fragrance Oil 100ml, Premium White Musk Fragrance Oil for Essential Oil Diffuser, Aromatherapy, Unwinding",B0FK55ZQP7,Check,https://www.amazon.fr/dp/B0FK55ZQP7?psc=1,FR,https://m.media-amazon.com/images/I/61jsIj-2GYL._AC_SY355_.jpg,MAYJAM,9.99,349,170,300,"3,466.12","1,613.86",123,748,CN,5.4,1,4.2,924,6,38,MAYJAM-FR,Health & Household,Extra Large Envelope,FBA,13.10 x 5.10 x 6.20 cm,0.21,N/A,"Jul 28, 2025",,No,9,MAYJAM-FR
43.,"Le Petit Marseillais – Hydrating Care Milk (400 ml pump) – Body Lotion for Very Dry Skin 24H Hydration – Body Milk with Shea Butter, Sweet Almond and Argan Oil",B0FDKH396F,Cream,https://www.amazon.fr/dp/B0FDKH396F?psc=1,FR,https://m.media-amazon.com/images/I/61Ne-tNbX8L._AC_SY355_.jpg,Le Petit Marseillais,5.11,439,439,200,"2,264.14","2,263.57",159,"1,877",AMZ,4.37,1,4.8,51,7,5,Amazon,Beauty,Large Envelope,AMZ,22.10 x 3.80 x 9.50 cm,0.45,N/A,"Jun 18, 2025",,No,10,Amazon
44.,Lierac - Phytolastil - Massage Oil 100ml - Stretch marks Body Care - Nourishes - Soothes - Improves skin elasticity - 99% ingredients of natural origin - Fragrance free -All skin types,B0CX91SM77,Check,https://www.amazon.fr/dp/B0CX91SM77?psc=1,FR,https://m.media-amazon.com/images/I/51szTOW6-cL._AC_SY445_.jpg,Lierac,12.99,97,97,50,"1,210.98","1,210.61",184,"10,866",AMZ,6.73,1,4.6,23,4,0,Amazon,Beauty,Extra Large Envelope,AMZ,14.80 x 4.80 x 4.80 cm,0.22,N/A,"Feb 15, 2024",,No,26,Amazon
45.,Uriage Xemose Cleansing Oil for Dry Skin - Cleanses and Soothes Itching - Foaming and Nourishing - Face & Body - Unscented - Soap Free - Physiological pH - 500 ml,B06XXWTV3H,Wash,https://www.amazon.fr/dp/B06XXWTV3H?psc=1,FR,https://m.media-amazon.com/images/I/71-h6r86HIL._AC_SY355_.jpg,Uriage,11.41,129,107,N/A,"1,536.15","1,291.42",162,"5,395",N/A,7.5,13,4.6,"1,883",8,245,,Beauty,Small Parcel,FBA,20.50 x 6.30 x 6.40 cm,0.62,N/A,"Mar 7, 2017",,No,109,
46.,Johnson & Johnson Moisturizing Oils 1 Unit 500ml,B01N7L4UMQ,Check,https://www.amazon.fr/dp/B01N7L4UMQ?psc=1,FR,https://m.media-amazon.com/images/I/71hQBlUcoHL._AC_SY355_.jpg,Johnson's Baby,6.32,598,598,200,"3,707.65","3,706.47",48,934,N/A,4.8,2,4.6,"1,246",6,31,,Baby Products,Extra Large Envelope,MFN,18.70 x 5.10 x 8.00 cm,0.46,N/A,"May 7, 2016",,No,119,
50.,"Cyperus Rotundus 100% Pure Natural Hair Removal Oil for Body & Face for Women, Reduces Unwanted Hair Growth After Shaving, Shrinks Pores, Moisturizes, Soothes and",B0F29M8GMG,Check,https://www.amazon.fr/dp/B0F29M8GMG?psc=1,FR,https://m.media-amazon.com/images/I/81UbWmdbXOL._AC_SY355_.jpg,JIUYUANCHUNJJ,9.99,281,141,50,"3,645.72","1,407.24",162,"2,499",CN,5.11,1,4.1,185,7,30,Happy Cart Shop,Health & Household,Extra Large Envelope,FBA,12.50 x 4.19 x 4.29 cm,0.13,N/A,"May 9, 2025",,No,11,Happy Cart Shop
51.,"NIVEA Repair Balm Face, Body & Hands Very Dry Skin (1 x 400ml), Vitamin E & Glycerin Cream for Extra Dry Rough Skin, 72H Moisturizing Body Care",B0CZRN24YX,Cream,https://www.amazon.fr/dp/B0CZRN24YX?psc=1,FR,https://m.media-amazon.com/images/I/61AOUDboWXL._AC_SY355_.jpg,NIVEA,5.85,"1,931","1,642",900,"11,299.4","9,677.29",143,345,AMZ,7.25,4,4.6,553,11,N/A,Amazon,Beauty,Small Parcel,AMZ,9.40 x 9.20 x 9.30 cm,0.45,N/A,"Apr 3, 2024",,No,24,Amazon
52.,"PraNaturals Pure & Natural Moroccan Argan Oil for Face & Body 100 ml - Rich in Vitamin E for Healthy Skin, Hair & Nails - Paraben and SLS Free - Vegan and Cruelty Free",B08DYFPD6F,Other,https://www.amazon.fr/dp/B08DYFPD6F?psc=1,FR,https://m.media-amazon.com/images/I/71rNeZ84S3L._AC_SY355_.jpg,PraNaturals,13.99,142,142,50,"1,991.15","1,989.56",167,"6,108",GB,6.82,1,4.6,"3,203",8,71,Just Beauty UK,Beauty,Extra Large Envelope,FBA,14.00 x 6.00 x 6.80 cm,0.22,N/A,"Aug 7, 2020",,No,68,Just Beauty UK
53.,Pranarôm rosehip organic vegetable oil 50 ml,B000VYP9ZQ,Check,https://www.amazon.fr/dp/B000VYP9ZQ?psc=1,FR,https://m.media-amazon.com/images/I/71RaSvK7BaL._AC_SY355_.jpg,Pranarôm,7.99,"1,582","1,582",800,"12,619.12","12,603.17",44,437,AMZ,4.95,1,4.5,"1,625",6,42,Amazon,Beauty,Extra Large Envelope,AMZ,11.40 x 4.40 x 4.50 cm,0.12,N/A,"Jun 29, 2009",,No,202,Amazon
55.,"Bionoble Gel Aloe Vera Bio 100% Pur Aloe 100ml - Flacon Verre Recyclable + Pompe - Gel Aloe Vera Cheveux Bouclés, Hydratant Crème Aloe Vera Visage, Soin Coup de Soleil Corps - Aloe Vera Gel Bio",B08PPPP1RK,Other,https://www.amazon.fr/dp/B08PPPP1RK?psc=1,FR,https://m.media-amazon.com/images/I/81HXB1uRv+L._AC_SY355_.jpg,BIONOBLE,10.98,624,391,200,"8,486.41","4,289.8",193,"1,288",AMZ,6.95,1,4.5,"3,356",9,37,Amazon,Beauty,Extra Large Envelope,AMZ,14.40 x 4.90 x 5.00 cm,0.22,N/A,"Dec 20, 2020",,No,64,Amazon
57.,"n2 Aromatherapy Grape Seed Oil 900 ml for Massage, Face, Hair",B0C77VSW14,Other,https://www.amazon.fr/dp/B0C77VSW14?psc=1,FR,https://m.media-amazon.com/images/I/71r1bp17P4L._AC_SY355_.jpg,n2 Aromatherapy,11.99,178,178,50,"2,139.22","2,137.32",61,"4,190",GB,7.55,1,4.6,81,7,4,naissance ®,Beauty,Small Parcel,FBA,22.00 x 8.40 x 8.80 cm,0.89,N/A,"Jul 27, 2023",,No,33,naissance ®
58.,Cicabiafine – Nourishing Anti-Irritation Cream (200 ml tube) – Moisturizing cream for extra-dry skin with atopic tendency – Repairing enriched with glycerin,B0052EBJF4,Cream,https://www.amazon.fr/dp/B0052EBJF4?psc=1,FR,https://m.media-amazon.com/images/I/61FnrTTAMJL._AC_SY355_.jpg,Cicabiafine,12.79,"1,138","1,138",600,"14,442","14,431.22",156,751,AMZ,6.64,3,4.6,"1,153",6,26,Amazon,Beauty,Extra Large Envelope,AMZ,19.61 x 5.59 x 7.49 cm,0.24,N/A,"May 24, 2011",,No,179,Amazon
60.,"SVR - Topialyse Crème - Soothing nourishing cream 48H - For dry and sensitive skin - Shea butter, vegetable oils - 200ml",B0BLXN5JDH,Cream,https://www.amazon.fr/dp/B0BLXN5JDH?psc=1,FR,https://m.media-amazon.com/images/I/61hJpVlqK4L._AC_SY355_.jpg,SVR,17.41,312,106,50,"5,317.01","1,673.26",120,"2,332",FR,7.11,1,4.6,529,6,17,Cosmeco,Beauty,Extra Large Envelope,FBA,16.10 x 4.50 x 7.80 cm,0.21,N/A,"Sep 21, 2022",,No,43,Cosmeco
61.,"Foucaud - LA FRICTION - Body Lotion, Relief, Soothes, Relaxes, Refreshes, 7 Essential Oil 100% Natural - Body Oil - French Brand Since 1946 - Glass Bottle 250ml",B002HGSH46,Check,https://www.amazon.fr/dp/B002HGSH46?psc=1,FR,"https://m.media-amazon.com/images/I/61VTK8q5rmL._AC_SX355_PIbundle-250,TopRight,0,0_SH20_.jpg",Foucaud,11.89,558,162,50,"9,156.36","1,922.68",160,"1,221",AMZ,6.19,1,4.7,"2,960",6,32,Amazon,Health & Household,Extra Large Envelope,AMZ,17.10 x 5.90 x 5.90 cm,0.48,N/A,"May 27, 2011",,No,179,Amazon
62.,Professional Body Massage Oil + Free Dispenser Economical Size The Massage You Expect Ayurveda Oil Aromatherapy Spa Massage Oil 1000ml 1 Litre,B0B2KBHHK8,Check,https://www.amazon.fr/dp/B0B2KBHHK8?psc=1,FR,https://m.media-amazon.com/images/I/714lRTTyQJL._AC_SY355_.jpg,bleu & marine Bretania,21.65,357,265,100,"10,260.86","5,674.4",142,"3,088",FR,9.11,2,3.9,438,6,N/A,Amazon,Beauty,Small Parcel,FBA,22.30 x 7.30 x 19.60 cm,0.99,N/A,"May 27, 2022",,No,47,Amazon
64.,"BIONOBLE Organic Pure Black Seed Oil - Cold Pressed, 100% Natural Origin, Hexane Free - Anti-Acne, Purifies - Face, Body, Hair - Vegan Black Seed Oil - Glass Bottle, Pipette, Pump - 50ml",B087WQP8PM,Other,https://www.amazon.fr/dp/B087WQP8PM?psc=1,FR,https://m.media-amazon.com/images/I/81ZceVfmezL._AC_SY355_.jpg,BIONOBLE,11.98,"12,470",346,200,"197,550.1","4,137.96",186,8,AMZ,6.11,1,4.4,"1,236",9,78,Amazon,Beauty,Extra Large Envelope,AMZ,12.70 x 4.30 x 4.40 cm,0.13,N/A,"Jun 24, 2022",,No,46,Amazon
66.,"Foucaud - LA FRICTION - Body Lotion, Relief, Soothes, Relaxes, Refreshes, 7 Essential Oil 100% Natural - Body Oil - French Brand Since 1946 - Glass Bottle 500ml",B0052EE6NG,Check,https://www.amazon.fr/dp/B0052EE6NG?psc=1,FR,https://m.media-amazon.com/images/I/61TOcGyrmeL._AC_SX355_.jpg,Foucaud,18.5,558,351,200,"9,156.36","6,415.96",160,"1,081",AMZ,8.67,1,4.7,"2,960",6,32,Amazon,Health & Household,Small Parcel,AMZ,22.20 x 6.90 x 7.10 cm,0.85,N/A,"May 24, 2011",,No,179,Amazon
67.,EOS Shea Better 24H Moisture Body Lotion Vanilla Cashmere,B08KT2Z93D,Check,https://www.amazon.fr/dp/B08KT2Z93D?psc=1,FR,https://m.media-amazon.com/images/I/51lP01--ejL._AC_SY355_.jpg,eos,22.04,686,626,300,"15,059.18","13,565.76",57,"1,805",AMZ,6.07,7,4.5,"46,651",12,"1,371",Amazon US,Beauty,Standard Envelope,AMZ,14.90 x 2.40 x 10.30 cm,0.04,N/A,"May 11, 2023",,No,35,Amazon US
11.,"DEXERYL - Emollient Body Cream - Medical Device - Moisturizes & Restores the Skin Barrier from birth - Very Dry or Atopic Skin - Fragrance Free, Paraben Free - Eczema, Psoriasis - 500g",B0GKQ4Y7S2,Cream,https://www.amazon.fr/dp/B0GKQ4Y7S2?psc=1,FR,https://m.media-amazon.com/images/I/51Y27Bv8n1L._AC_SY355_.jpg,DEXERYL,16.5,554,229,N/A,"7,012.84","3,782.8",184,703,N/A,8.27,1,5,6,1,4,,Beauty,Extra Large Envelope,FBA,23.10 x 5.70 x 5.80 cm,0.56,N/A,"Jan 30, 2026",,No,3,
18.,"Topicrem - DA PROTECT Balm Emollient - Moisturizing Cream, Relipid, Nourishes & Soothes - Face and Body Care for Sensitive, Dry, Atopic Skin, Babies, Children & Adults - Made in France - 200ml",B00FL00DPQ,Cream,https://www.amazon.fr/dp/B00FL00DPQ?psc=1,FR,https://m.media-amazon.com/images/I/51JgRQuzlQL._AC_SY355_.jpg,Topicrem,7.99,"1,793",506,200,"19,225.5","3,853.4",192,201,AMZ,4.95,6,4.5,"2,234",8,43,Amazon,Beauty,Extra Large Envelope,AMZ,17.30 x 4.80 x 7.20 cm,0.22,N/A,"Oct 2, 2013",,No,150,Amazon
19.,"BIODERMA Atoderm Intensive Balm - Anti-itch, Repairing and Nourishing Care - Very Dry, Irritated to Atopic Skin - Dermatologist Prescribed - Pump Bottle 500ml",B0161ZC5GY,Cream,https://www.amazon.fr/dp/B0161ZC5GY?psc=1,FR,https://m.media-amazon.com/images/I/51j19A6MGZL._AC_SY355_.jpg,Bioderma,23.5,281,281,N/A,"6,605.65","6,605.53",158,"3,245",N/A,9.32,18,4.7,"8,958",8,116,,Beauty,Small Parcel,FBA,20.95 x 6.60 x 6.81 cm,0.55,N/A,"Oct 1, 2015",,No,126,
27.,Topialysis Crema Barrera 50 ml,B0132AYK0U,Cream,https://www.amazon.fr/dp/B0132AYK0U?psc=1,FR,https://m.media-amazon.com/images/I/61o-P9JQfsL._AC_SY445_.jpg,SVR,10.5,110,110,50,"1,131.48","1,131.32",30,"6,839",FR,5.54,2,4.5,484,1,6,Cosmeco,Beauty,Large Envelope,FBA,12.70 x 3.40 x 5.10 cm,0.07,N/A,"Jul 31, 2015",,No,129,Cosmeco
28.,"Uriage Xemose Soothing Face Cream for Dry Skin, Atopic Eczema - 10% Shea Butter - 24H Hydration, Nourishes, Soothes, Protects - Non-Sticky, Non-Greasy - Fragrance Free - Non-Comedogenic - 40 ml",B01AR3VBC0,Cream,https://www.amazon.fr/dp/B01AR3VBC0?psc=1,FR,https://m.media-amazon.com/images/I/61HYnRBMxmL._AC_SY355_.jpg,Uriage,13.2,409,409,N/A,"5,401.92","5,397.83",193,"1,844",N/A,6.37,6,4.6,624,8,15,,Beauty,Large Envelope,FBA,12.80 x 3.70 x 4.70 cm,0.06,N/A,"Jan 17, 2016",,No,123,
32.,"WELEDA - Comfort Cream for Sensitive Skin with Almond - Dry, Atopic Skin - Soothes and protects - Fragrance Free - Tube 30 ml",B003LDJK5O,Cream,https://www.amazon.fr/dp/B003LDJK5O?psc=1,FR,https://m.media-amazon.com/images/I/41dGTk83ofL._AC_SY355_.jpg,Weleda,12.7,311,280,100,"3,877.75","3,448.1",125,"3,813",AMZ,7.29,4,4.3,"2,520",5,N/A,Amazon,Beauty,Large Envelope,AMZ,12.70 x 2.69 x 3.91 cm,0.04,N/A,"Nov 18, 2009",,No,197,Amazon
34.,"SVR - Topialyse Balm Protect+ - Anti-irritation relief - For dry to atopic skin - AD ceramides, vegetable oils - 200 ml",B09NXLSTCW,Cream,https://www.amazon.fr/dp/B09NXLSTCW?psc=1,FR,https://m.media-amazon.com/images/I/61hvoBiWkPL._AC_SY355_.jpg,SVR,17.9,413,65,N/A,"7,860.6","1,137.19",119,"4,117",FR,8.4,1,4.7,710,6,19,Laboratoire SVR,Beauty,Extra Large Envelope,FBA,18.60 x 5.40 x 6.80 cm,0.22,N/A,"Sep 22, 2021",,No,55,Laboratoire SVR
36.,"SVR - Topialyse Protect+ Balm - 48H anti-irritation relief balm - For dry to atopic skin - AD ceramides, vegetable oils, prebiotics - 400 ml",B09MGD4YG9,Cream,https://www.amazon.fr/dp/B09MGD4YG9?psc=1,FR,https://m.media-amazon.com/images/I/61rwJYiLHVL._AC_SY355_.jpg,SVR,23.47,413,348,N/A,"7,860.6","6,720.12",140,"4,115",N/A,8.24,3,4.7,710,7,19,,Beauty,Extra Large Envelope,FBA,20.20 x 5.80 x 5.90 cm,0.43,N/A,"Sep 22, 2021",,No,55,
37.,DERMINA Anti-Scratch Relipidating Balm Moisturizing & Soothing Immediate - Dry & Sensitive to Atopic Skin Strengthen Skin Barrier Fragrance Free Series ATOLINA 400ml,B07YBC6FW7,Cream,https://www.amazon.fr/dp/B07YBC6FW7?psc=1,FR,https://m.media-amazon.com/images/I/61qGcUDOYsL._AC_SY355_.jpg,Dermina,15.9,117,133,50,"2,123.6","2,467.44",165,"5,296",FR,8.1,1,4.1,62,9,2,INDERMA,Beauty,Extra Large Envelope,FBA,21.50 x 5.30 x 5.30 cm,0.44,N/A,"May 9, 2020",,No,71,INDERMA
38.,DEXERYL CREMA EMOLIEN P/S 500,B0CMTVL8VR,Cream,https://www.amazon.fr/dp/B0CMTVL8VR?psc=1,FR,https://m.media-amazon.com/images/I/41Ykvjc1LyL._AC_SY355_.jpg,Pierre Fabre,21,296,296,100,"5,634.68","5,632.19",29,"4,401",FR,7.64,7,4.5,226,1,14,Tade Retail,Beauty,Extra Large Envelope,FBA,23.10 x 5.60 x 5.80 cm,0.56,N/A,"Nov 7, 2023",,No,29,Tade Retail
40.,Uriage Xemose Anti-Irritation Relipidating Cream - Atopic Skin with Shea Butter - Soothes Itchy Sensations - Long-Lasting Comfort - Face & Body - Unscented,B019HPS6XQ,Cream,https://www.amazon.fr/dp/B019HPS6XQ?psc=1,FR,https://m.media-amazon.com/images/I/71pV5tF-cVL._AC_SY355_.jpg,Uriage,18.8,284,241,N/A,"5,142.05","4,539.92",155,"9,016",N/A,8.61,5,4.6,"3,440",9,34,,Beauty,Small Parcel,FBA,18.50 x 8.00 x 8.30 cm,0.49,N/A,"Dec 3, 2015",,No,124,
43.,"Mixa - Cica Repair Cream - Long-lasting Repair Effect - Very Dry and Rough Skin - Face, Body, Hands - Hypoallergenic - 400 ml",B0GHPFNC84,Cream,https://www.amazon.fr/dp/B0GHPFNC84?psc=1,FR,https://m.media-amazon.com/images/I/61TaPQ8MUGL._AC_SY355_.jpg,Mixa,6.96,"10,795",786,900,"84,972.99","6,287.05",125,140,AMZ,6.78,1,4.7,39,9,26,Amazon,Beauty,Small Parcel,AMZ,9.10 x 8.90 x 9.00 cm,0.46,N/A,"Jan 19, 2026",,No,3,Amazon
48.,"NIVEA NATURALLY GOOD Family Care Multi-Use Cream for the Whole Family (1 x 450ml), 3-in-1 Cream Enriched with 100% Natural Sweet Almond Oil, Face Care Body and Hands",B0B28VQHFP,Cream,https://www.amazon.fr/dp/B0B28VQHFP?psc=1,FR,https://m.media-amazon.com/images/I/71iy5FqTioL._AC_SY355_.jpg,NIVEA,5.84,396,396,300,"2,312.82","2,312.78",165,"1,089",AMZ,6.26,4,4.5,803,6,23,Amazon,Beauty,Small Parcel,AMZ,9.50 x 9.10 x 9.20 cm,0.5,N/A,"May 25, 2022",,No,47,Amazon
50.,"SVR Palpebral Balm - Soothing Repair Anti-Scratch Balm - For Dry, Irritated, Atopic Prone Face and Eye Area - Hyaluronic Acid, Omega 3-6-9, Ceramides AD - 30ml",B0CLDZSPGY,Cream,https://www.amazon.fr/dp/B0CLDZSPGY?psc=1,FR,https://m.media-amazon.com/images/I/613b4kp5qwL._AC_SX342_.jpg,SVR,18.5,203,203,N/A,"3,630.71","3,630.16",159,"3,023",N/A,7.17,1,4.6,246,6,23,,Beauty,Large Envelope,FBA,13.60 x 3.60 x 4.20 cm,0.07,N/A,"Oct 18, 2023",,No,30,
52.,"La Roche-Posay, Lipikar AP+MAX Repairing Balm Triple Repair, 72H Relief, Anti-Itching, Anti-Scratch, Shea Butter, Ideal for Dry Atopic Skin, 400 ml",B0FTFQB5YF,Cream,https://www.amazon.fr/dp/B0FTFQB5YF?psc=1,FR,https://m.media-amazon.com/images/I/51B+kMOJRML._AC_SY445_.jpg,La Roche-Posay,21.49,274,274,100,"6,293.47","6,290.91",147,"2,084",AMZ,9.02,2,4.4,53,1,32,Amazon,Beauty,Extra Large Envelope,AMZ,20.10 x 5.40 x 5.70 cm,0.45,N/A,"Dec 9, 2025",,No,4,Amazon
53.,Cicabiafine – Hydrating milk (400ml pump bottle) – Body lotion for dry skin – Repair treatment for immediate hydration – Daily care from 3 years,B0052EENG6,Cream,https://www.amazon.fr/dp/B0052EENG6?psc=1,FR,https://m.media-amazon.com/images/I/61r-IRMqhTL._AC_SY355_.jpg,Cicabiafine,11.89,372,372,100,"4,474.97","4,474.44",144,"1,681",AMZ,5.74,2,4.7,552,7,7,Amazon,Beauty,Extra Large Envelope,AMZ,21.30 x 4.10 x 7.70 cm,0.45,N/A,"May 24, 2011",,No,179,Amazon
56.,"Uriage Xemose Anti-Scratch Oil-Soothing Balm - Dry Skin Tendency to Atopic Eczema - Soothes from the 1st Application - 48 Hours Anti-Recurrence - Nourishing Balm for Face, Body - Unscented - 500 ml",B07JDLL4LP,Cream,https://www.amazon.fr/dp/B07JDLL4LP?psc=1,FR,https://m.media-amazon.com/images/I/71vns6lAGPL._AC_SY355_.jpg,Uriage,16.96,104,104,N/A,"1,767.85","1,766.7",197,"6,969",AMZ,8.33,12,4.5,"1,488",9,39,Amazon,Beauty,Small Parcel,AMZ,20.50 x 6.60 x 6.70 cm,0.53,N/A,"Oct 14, 2018",,No,90,Amazon
57.,"Moisturizing Body Cream & Eczema Cream - Relieves Itching and Redness, Soothing Repairing - For Dry and Irritated Skin, Non-Sticky Melting 18g",B0G7RKT6B5,Cream,https://www.amazon.fr/dp/B0G7RKT6B5?psc=1,FR,https://m.media-amazon.com/images/I/61FkBDXfxnL._AC_SY355_.jpg,BioRelie,9.99,152,155,100,"1,816.58","1,852.09",142,"5,662",N/A,3.06,1,4.3,21,7,0,MASHANGYOU,Beauty,Standard Envelope,FBA,14.70 x 2.20 x 5.00 cm,0.04,N/A,"Jan 21, 2026",,No,3,MASHANGYOU
58.,"SVR - Topialyse Crème - 48H soothing nourishing cream - For dry and sensitive skin - Shea butter, vegetable oils - 400ml",B0BFB35SKG,Cream,https://www.amazon.fr/dp/B0BFB35SKG?psc=1,FR,https://m.media-amazon.com/images/I/51gcEuQcozL._AC_SX355_.jpg,SVR,17,312,225,N/A,"5,317.01","3,926.59",120,"2,332",N/A,7.27,1,4.6,529,5,13,,Beauty,Extra Large Envelope,FBA,20.00 x 5.90 x 6.00 cm,0.45,N/A,"Nov 2, 2022",,No,41,
59.,"La Roche-Posay, Lipikar Light Cream AP+M Relipidant Triple Repair, Anti-Itching, Anti-Scratch, Shea Butter, Ideal for Dry Atopic Skin, 400 ml",B0FSRVPY96,Cream,https://www.amazon.fr/dp/B0FSRVPY96?psc=1,FR,https://m.media-amazon.com/images/I/313ZDnaHxbL._AC_SX342_.jpg,La Roche-Posay,22.04,69,69,N/A,"1,567.03","1,566.95",141,"4,951",AMZ,8.13,1,4,18,1,4,Amazon,Beauty,Extra Large Envelope,AMZ,20.30 x 5.70 x 5.70 cm,0.44,N/A,"Oct 17, 2025",,No,6,Amazon
61.,"CeraVe - Moisturizing Balm - Nourishes, Hydrates and Helps Restore Skin Barrier - Face & Body - Hyaluronic Acid + 3 Essential Ceramides - Fragrance Free - Dry to Very Dry Skin - 2 x 455 ml",B08D362GQV,Cream,https://www.amazon.fr/dp/B08D362GQV?psc=1,FR,"https://m.media-amazon.com/images/I/61KXJEfdKXL._AC_SX342_PIbundle-2,TopRight,0,0_SH20_.jpg",CeraVe,30.23,191,191,50,"6,267.57","6,266.99",188,"4,224",AMZ,11.39,1,4.6,"1,189",10,12,Amazon,Beauty,Small Parcel,AMZ,18.77 x 9.30 x 9.40 cm,1.03,N/A,"Jul 13, 2020",,No,69,Amazon
62.,DEXERYL - Nourishing Milk - Intense Hydration & Fast Penetration - Dry to Very Dry Skin - Face & Body - Fluid Texture - 24 H Nutrition - Fragrance Free - From birth - 200ml,B08KXSP8SK,Check,https://www.amazon.fr/dp/B08KXSP8SK?psc=1,FR,https://m.media-amazon.com/images/I/614NfmTCsJL._AC_SY355_.jpg,DEXERYL,9.99,242,242,N/A,"2,415.55","2,413.01",172,"3,464",N/A,5.11,1,4.9,36,8,9,,Beauty,Extra Large Envelope,FBA,16.40 x 4.70 x 7.60 cm,0.21,N/A,"Sep 15, 2022",,No,43,
63.,"La Roche-Posay - Lipikar Balm AP+M - Triple Repair Moisturizing Body Cream - Long-lasting Soothes Atopic Dry Skin - Shea Butter, Aqua Posæ, Niacinamide - High Tolerance Body Cream",B0849KTG44,Cream,https://www.amazon.fr/dp/B0849KTG44?psc=1,FR,https://m.media-amazon.com/images/I/71GqLri3sXL._AC_SX342_.jpg,La Roche-Posay,29.43,204,204,N/A,"5,190.06","5,189.81",179,"6,457",N/A,9.13,3,4.5,78,8,1,,Beauty,Extra Large Envelope,MFN,20.10 x 5.50 x 5.70 cm,0.45,N/A,"Jan 17, 2020",,No,75,
65.,"Uriage Xemose Syndet Face and Body - Dry Skin, Atopic Eczema - Extra-Mild Cleanser, Durable Comfort - Helps Restore the Skin Barrier - Fragrance and Soap Free - Physiological pH - 500 ml",B07DCSTPMG,Wash,https://www.amazon.fr/dp/B07DCSTPMG?psc=1,FR,https://m.media-amazon.com/images/I/71Hw4RjWoWL._AC_SY355_.jpg,Uriage,15.55,93,93,50,"1,369.95","1,369.61",186,"14,204",CH,9.11,4,4.6,108,7,9,Skincare Expert France,Beauty,Small Parcel,FBA,20.40 x 6.60 x 6.70 cm,0.61,N/A,"Jun 4, 2018",,No,94,Skincare Expert France
1.,"Topicrem - Ultra Moisturizing Body Lotion - Moisturizes 48h, Relipid, Protects the Skin - Smooth Texture, Delicate Odour - Moisturizing Cream for Sensitive Skin - Made in France - 2x500 ml",B00CA58DJ8,Cream,https://www.amazon.fr/dp/B00CA58DJ8?psc=1,FR,"https://m.media-amazon.com/images/I/61jbaHLVoWL._AC_SY355_PIbundle-2,TopRight,0,0_SH20_.jpg",Topicrem,19.99,"1,497","1,497",700,"29,595.1","29,588.91",188,292,AMZ,8.86,3,4.6,"3,113",7,23,Amazon,Beauty,Small Parcel,AMZ,20.30 x 6.70 x 13.20 cm,1.11,N/A,"Oct 20, 2012",Sponsored Brand,No,162,Amazon
2.,"Topicrem - Ultra Moisturizing Body Lotion - Moisturizes 48 hours, Relipid, Protects the Skin - Smooth Texture, Delicate Odour - Moisturizing Cream for Sensitive Skin - Made in France - 1L",B01HQV5TG0,Cream,https://www.amazon.fr/dp/B01HQV5TG0?psc=1,FR,https://m.media-amazon.com/images/I/51ocugh38dL._AC_SY355_.jpg,Topicrem,19.9,"2,138",203,100,"23,963.83","4,349.13",187,194,AMZ,8.86,1,4.6,"4,305",7,90,Amazon,Beauty,Small Parcel,AMZ,22.60 x 8.60 x 8.60 cm,1.08,N/A,"Jun 30, 2013",Sponsored Brand,No,154,Amazon
3.,"Topicrem - Ultra Moisturizing Body Lotion - Moisturizes 48 hours, Relipid, Protects the Skin - Smooth Texture, Delicate Odour - Moisturizing Cream for Sensitive Skin - Made in France - 500 ml",B00AT0Y1U6,Cream,https://www.amazon.fr/dp/B00AT0Y1U6?psc=1,FR,https://m.media-amazon.com/images/I/51QkB6sSWBL._AC_SY355_.jpg,Topicrem,10.67,"2,138","1,935","1,000","23,963.83","19,596.13",191,194,AMZ,8.38,9,4.6,"4,305",7,N/A,Amazon,Beauty,Small Parcel,AMZ,21.80 x 7.50 x 10.00 cm,0.55,N/A,"Aug 18, 2012",Sponsored Brand,No,164,Amazon
12.,"Soothing Hemorrhoid Cream, Suitable for Relieving Pain, Swelling, Itching and Bleeding, While Protecting Delicate Skin (20G 1-Pack)",B0G6L2TY6X,Check,https://www.amazon.fr/dp/B0G6L2TY6X?psc=1,FR,https://m.media-amazon.com/images/I/71EIe2ROz-L._AC_SY355_.jpg,SwiftGain,15.99,466,466,N/A,"7,443.67","7,438.91",131,"1,482",N/A,5.16,1,4.4,36,6,N/A,,Health & Household,Standard Envelope,FBA,13.90 x 2.40 x 4.10 cm,0.03,N/A,"Jan 16, 2026",Sponsored Brand Video,No,3,
18.,"Urea Cream 30% - Removes Scars, Eczema, Keratosis, Psoriasis, Skin Rashes for Dry and Cracked Skin, Helps Eliminate Scars Wound Healing with Lactic Acid, Oak Bark Oil Wheat Germ Oil, 50 ml",B01EUUVO00,Cream,https://www.amazon.fr/dp/B01EUUVO00?psc=1,FR,https://m.media-amazon.com/images/I/51Xea8jV0YL._AC_SY355_.jpg,TIS farmaceutic,9.95,386,386,200,"3,841.94","3,837.94",188,"2,723",RO,5,1,3.8,"6,131",8,47,KLU.Farma (EU),Beauty,Extra Large Envelope,FBA,11.70 x 4.10 x 4.20 cm,0.06,N/A,"May 7, 2016",,No,119,KLU.Farma (EU)
26.,"Behrend Cream for Psoriasis, Eczema and Neurodermatitis for Red, Dry & Flaky Skin - Reduces Itching & Soothes Inflamed Skin - Cortisone Free Medical Product",B0BGJKH4ZT,Cream,https://www.amazon.fr/dp/B0BGJKH4ZT?psc=1,FR,https://m.media-amazon.com/images/I/711d7XOwkHL._AC_SY355_.jpg,Behrend Homecare,15.95,199,199,100,"3,173.76","3,171.63",156,"5,126",DE,8.1,1,3.9,649,8,12,Evolsin,Beauty,Extra Large Envelope,FBA,14.20 x 4.30 x 4.40 cm,0.07,N/A,"Oct 6, 2022",,No,42,Evolsin
38.,"ISDIN Nutradeica Seborrheic Skin Gel Face Cream (50ml) | Moisturizes, Soothes and Mattes | For Seborrheic Skin | Daily Use",B00J5FWHQ6,Check,https://www.amazon.fr/dp/B00J5FWHQ6?psc=1,FR,https://m.media-amazon.com/images/I/51LWbFGIEqL._AC_SX342_.jpg,ISDIN,16.02,161,161,100,"2,559.85","2,559.69",122,"3,939",AMZ,6.89,1,4.2,"4,319",8,57,Amazon,Beauty,Large Envelope,AMZ,13.40 x 3.70 x 4.70 cm,0.07,N/A,"Sep 28, 2015",,No,127,Amazon
39.,Sorion Sorion Repair Cream Ayurvedic Special Care for Skin Irritation/Itching/Inflammation 150 ml,B074D5ZKX9,Check,https://www.amazon.fr/dp/B074D5ZKX9?psc=1,FR,https://m.media-amazon.com/images/I/81gpa6C36jL._AC_SY355_.jpg,Sorion,37.43,289,32,N/A,"6,402.19","1,283.1",97,"3,559",AMZ,10.33,1,4,"11,991",6,20,Amazon,Beauty,Extra Large Envelope,AMZ,21.50 x 4.70 x 4.70 cm,0.16,N/A,"Mar 9, 2016",,No,121,Amazon
42.,CICAMANUKA - Manuka Honey Repair Cream IAA10+ - Promotes the repair of damaged and dried skin - Certified Organic - 40 ml,B09RK86T26,Cream,https://www.amazon.fr/dp/B09RK86T26?psc=1,FR,https://m.media-amazon.com/images/I/61k65i1iQ-L._AC_SY355_.jpg,CicaManuka,9.99,478,478,N/A,"4,794.92","4,790.15",121,"2,291",AMZ,4.76,2,4.3,769,7,14,Amazon,Beauty,Large Envelope,AMZ,13.80 x 3.20 x 4.50 cm,0.06,N/A,"Jan 29, 2022",,No,51,Amazon
51.,BEPANTHEN DERM Cream tube 30 g,B01880REZC,Cream,https://www.amazon.fr/dp/B01880REZC?psc=1,FR,https://m.media-amazon.com/images/I/41OKOcqt8hL._AC_SX355_.jpg,Bepanthen,12,254,254,100,"2,961.41","2,961.18",30,"5,407",FR,6.75,4,4.6,601,3,14,Webury France,Beauty,Large Envelope,FBA,15.90 x 2.70 x 4.20 cm,0.04,N/A,"Aug 28, 2023",,No,32,Webury France
55.,Cicabiafine – Soothing Replenishing Cream (200 ml tube) – Cream for weakened skin and under oncological treatment – To repair the skin immediately,B0BHDSRQCQ,Cream,https://www.amazon.fr/dp/B0BHDSRQCQ?psc=1,FR,https://m.media-amazon.com/images/I/61DkZqBbAxL._AC_SY355_.jpg,Cicabiafine,14.99,339,339,N/A,"4,939.71","4,936.93",146,"2,370",AMZ,6.97,1,4.5,352,7,9,Amazon,Beauty,Extra Large Envelope,AMZ,18.00 x 4.90 x 13.60 cm,0.22,N/A,"Oct 5, 2022",,No,42,Amazon
58.,"Farmoderm 10% Zinc Oxide Barrier Cream for Adults - Changing Cream - Sores, Irritations, Moisture and Redness of Aging Skin - Relieving, Preventive and Repairing",B0BS3QG4LH,Cream,https://www.amazon.fr/dp/B0BS3QG4LH?psc=1,FR,https://m.media-amazon.com/images/I/61gqgCfRoHL._AC_SY355_.jpg,FARMODERM,11.3,204,204,100,"2,647.61","2,646.21",161,"1,073",AMZ,6.01,1,4.2,281,6,12,Amazon,Baby Products,Extra Large Envelope,AMZ,16.90 x 4.80 x 7.80 cm,0.21,N/A,"Jan 17, 2023",,No,39,Amazon
59.,Mixa - Anti-Dryness Cream - Hyaluronic Acid and Squalane - Moisturizes for 48 hours - Soothes Tears - Hypoallergenic - 50 ml,B0DQLD2S4R,Cream,https://www.amazon.fr/dp/B0DQLD2S4R?psc=1,FR,https://m.media-amazon.com/images/I/41uG0INFI1L._AC_SY355_.jpg,Mixa,10.16,817,179,50,"6,915.67","2,078.76",124,729,AMZ,5.48,1,4.4,241,6,N/A,Amazon,Beauty,Large Envelope,AMZ,13.20 x 3.70 x 5.80 cm,0.09,N/A,"Dec 16, 2024",,No,16,Amazon
63.,"Eucerin UreaRepair plus Handcreme 5%, 75 ml Cream",B01M0TG9FH,Check,https://www.amazon.fr/dp/B01M0TG9FH?psc=1,FR,https://m.media-amazon.com/images/I/51GRgODpUyL._AC_SX342_.jpg,Eucerin,12,117,117,50,"1,419.68","1,418.88",49,"8,481",FR,5.76,10,4.7,"1,471",9,33,LMHG,Beauty,Large Envelope,FBA,11.40 x 3.70 x 6.00 cm,0.09,N/A,"Nov 11, 2011",,No,173,LMHG
67.,Garnier Pure Active Air Cream Daily Mattifying Care Enriched with AHA + BHA & Charcoal - Hydrates 48h & Mattify 12h* - Combination to Oily Acne-prone Skin - 50 ml,B0CK91YLD7,Check,https://www.amazon.fr/dp/B0CK91YLD7?psc=1,FR,https://m.media-amazon.com/images/I/51i-YwN-bnL._AC_SY355_.jpg,Garnier,8.91,0,331,100,0,"3,719.36",162,"2,310",AMZ,6.41,1,4.3,344,9,N/A,Amazon,Beauty,Small Parcel,AMZ,7.00 x 6.20 x 7.00 cm,0.19,N/A,"Oct 2, 2023",,No,30,Amazon
7.,"DEXERYL - Soothing Shower Oil - Cleanses & Relipides the skin from birth - Preserves the skin barrier - Very dry or atopic skin - Soap, Fragrance Free - 1L",B0G48SK26Y,Wash,https://www.amazon.fr/dp/B0G48SK26Y?psc=1,FR,https://m.media-amazon.com/images/I/61nu9ybSj2L._AC_SY355_.jpg,DEXERYL,17.28,709,272,100,"10,103.77","4,561.18",155,"1,034",FR,9.48,1,4.3,42,9,11,MyHomeBoutique,Beauty,Small Parcel,FBA,23.80 x 7.60 x 7.80 cm,1.14,N/A,"Nov 27, 2025",,No,5,MyHomeBoutique
13.,"SVR - Topialysis Cleansing Oil - 24H Anti-Scratch Relipidant Cleansing Oil - For dry to atopic skin - Omega 3-6-9, Niacinamide, Prebiotics - 1000ml",B09D8SW19S,Wash,https://www.amazon.fr/dp/B09D8SW19S?psc=1,FR,https://m.media-amazon.com/images/I/616VBTp3TaL._AC_SY355_.jpg,SVR,20.9,"1,208",823,N/A,"22,107.24","16,121.3",147,818,N/A,9.01,2,4.6,"1,514",6,N/A,,Beauty,Small Parcel,FBA,23.40 x 8.30 x 8.40 cm,1.17,N/A,"May 7, 2021",,No,59,
20.,"SVR - Topialysis Gel Lavant - Gentle protective anti-drying cleanser - For dry and sensitive skin - Vegetable glycerin, Omega 3-6-9-1 Liters",B09FYL3CMY,Wash,https://www.amazon.fr/dp/B09FYL3CMY?psc=1,FR,https://m.media-amazon.com/images/I/61DTTmjWcSL._AC_SY355_.jpg,SVR,12.9,"1,780","1,418",N/A,"16,975.65","13,781.08",140,450,N/A,7.81,1,4.5,"1,406",6,57,,Beauty,Small Parcel,FBA,23.30 x 8.30 x 8.50 cm,1.09,N/A,"May 7, 2021",,No,59,
21.,SANEX - Derma Therapie - Anti-itch and anti-irritation shower oil - Shower gel - Skin prone to atopic eczema - hypoallergenic - amino acid complex - 425 ML,B0DZDBXPXW,Wash,https://www.amazon.fr/dp/B0DZDBXPXW?psc=1,FR,https://m.media-amazon.com/images/I/71l+57wTwlL._AC_SY355_.jpg,Sanex,4.6,"2,708","1,654",N/A,"12,881.45","7,593.4",155,117,AMZ,4.68,6,4.4,267,8,60,Amazon,Beauty,Extra Large Envelope,AMZ,18.50 x 4.40 x 8.80 cm,0.5,N/A,"Mar 5, 2025",,No,13,Amazon
28.,"La Roche-Posay | Lipikar Cleansing Oil AP+ Shower Oil | Gentle Cleanses | Anti-Irritation | For Normal, Dry & Atopic Skin | From Birth | 400ml + Eco-Refill 400ml",B0FJXTWD8H,Wash,https://www.amazon.fr/dp/B0FJXTWD8H?psc=1,FR,"https://m.media-amazon.com/images/I/71+frT9j2XL._AC_SY355_PIbundle-2,TopRight,0,0_SH20_.jpg",La Roche-Posay,46.63,92,92,50,"4,299.3","4,299.14",161,"12,214",FR,13.85,1,3.8,4,7,3,Pharmaco,Beauty,Small Parcel,FBA,20.80 x 9.80 x 10.20 cm,0.93,N/A,"Jul 25, 2025",,No,9,Pharmaco
32.,"CeraVe - Gel Moussant Anti-Imperfections - Purifie la Peau en douceur et Réduit les Imperfections - Acide Salicylique, Argile Blanche, Céramides et Niacinamide - Peau à Tendance Acnéique",B0F3DJ5QCG,Check,https://www.amazon.fr/dp/B0F3DJ5QCG?psc=1,FR,https://m.media-amazon.com/images/I/61eA6nyU9hL._AC_SX342_.jpg,CeraVe,10.99,"19,539","7,456","4,000","195,406.44","89,117.89",186,3,AMZ,5.96,1,4.6,"31,709",8,"1,218",Amazon,Beauty,Extra Large Envelope,AMZ,19.00 x 4.80 x 8.60 cm,0.55,N/A,"May 21, 2025",,No,11,Amazon
36.,"SVR - Topialysis Cleansing Balm - Soothing cleanser without sulfate - For very dry to atopic skin - Cotton & coconut oils, niacinamide, prebiotics - 400 ml",B06VY3WFBX,Wash,https://www.amazon.fr/dp/B06VY3WFBX?psc=1,FR,https://m.media-amazon.com/images/I/61kFTOnG+kL._AC_SY355_.jpg,SVR,17.89,276,198,N/A,"4,124.1","3,061.79",155,"8,026",N/A,7.4,1,4.6,494,6,N/A,,Beauty,Extra Large Envelope,FBA,19.20 x 5.90 x 6.00 cm,0.49,N/A,"Feb 20, 2017",,No,110,
37.,Pranarôm Aromaself Neutral Bio Cleansing Gel for Face - Body and Hair 500 ml,B09HCPXQ7M,Other,https://www.amazon.fr/dp/B09HCPXQ7M?psc=1,FR,https://m.media-amazon.com/images/I/61gIiLsuvKL._AC_SY355_.jpg,Pranarôm,7.2,556,344,100,"3,719.69","2,515.1",76,"1,387",AMZ,6.37,1,4.6,290,1,7,Amazon,Beauty,Small Parcel,AMZ,17.90 x 6.70 x 6.80 cm,0.54,N/A,"Sep 28, 2021",,No,55,Amazon
38.,"SVR - Topialysis Gel Lavant - Gentle protective anti-drying cleanser - For dry and sensitive skin - Vegetable glycerin, Omega 3-6-10-400ml",B09SWW1S9K,Wash,https://www.amazon.fr/dp/B09SWW1S9K?psc=1,FR,https://m.media-amazon.com/images/I/61ySc3QU2yL._AC_SY355_.jpg,SVR,9,"1,780",310,100,"16,975.65","2,834.45",138,450,FR,5.03,1,4.5,"1,406",3,57,Laboratoire SVR,Beauty,Extra Large Envelope,FBA,19.10 x 5.80 x 5.80 cm,0.46,N/A,"Feb 19, 2022",,No,50,Laboratoire SVR
45.,"DEXECLEAR by DEXERYL Anti-Blemish Foaming Gel, 2-in-1: Cleans & Reduces Pimples - Salicylic Acid - Soap Free, Fragrance Free - Face & Body - Acne-prone Oily Skin, 400 ml",B0FQV35VVG,Wash,https://www.amazon.fr/dp/B0FQV35VVG?psc=1,FR,https://m.media-amazon.com/images/I/51B4U+DMxRL._AC_SY355_.jpg,DEXERYL,12.99,"1,092",972,600,"13,729.61","12,613.2",169,556,FR,7.66,1,4.5,123,8,20,MyHomeBoutique,Beauty,Extra Large Envelope,FBA,20.00 x 5.70 x 6.90 cm,0.45,N/A,"Sep 11, 2025",,No,7,MyHomeBoutique
46.,"NIVEA Nourishing Shower Oil (1 x 200 ml), Nourishing Shower Gel Vitamin E and Natural Oils, Body Wash Gel, Feeling Skin Nourished & Radiant Health, All Skin Types",B00PBJB766,Wash,https://www.amazon.fr/dp/B00PBJB766?psc=1,FR,https://m.media-amazon.com/images/I/61aYeeg0G6L._AC_SY355_.jpg,NIVEA,3.5,669,612,300,"3,607.02","2,294.36",162,"1,257",AMZ,4.26,9,4.4,984,7,29,Amazon,Beauty,Large Envelope,AMZ,14.30 x 3.10 x 7.00 cm,0.21,N/A,"Nov 7, 2014",,No,137,Amazon
51.,DOVE - Shower Gel - Moisturizing Essential - Gently cleanses and softens the skin - Dermatologically tested - 0% Sulfate (promo pack of 2 x 450 ml),B0D1CVD3PL,Wash,https://www.amazon.fr/dp/B0D1CVD3PL?psc=1,FR,"https://m.media-amazon.com/images/I/61fCtKDNuxL._AC_SY355_PIbundle-2,TopRight,0,0_SH20_.jpg",Dove,6.5,"2,065","1,116",700,"12,379.27","7,119.2",147,318,AMZ,7.38,3,4.6,589,7,49,Amazon,Beauty,Small Parcel,AMZ,22.50 x 8.70 x 9.30 cm,1,N/A,"Apr 10, 2024",,No,24,Amazon
57.,BIODERMA Atoderm Shower Oil - Soothing and Anti-Irritation Cleanser - Immediate Comfort From Use and 24 Hours of Hydration - Very Dry to Irritated Sensitive Skin - Pump Bottle 1 Litre,B00ZY65OSI,Wash,https://www.amazon.fr/dp/B00ZY65OSI?psc=1,FR,https://m.media-amazon.com/images/I/615ZenpkpGL._AC_SY355_.jpg,Bioderma,16.94,71,71,N/A,"1,159.5","1,159.29",183,"8,033",ES,8.31,12,4.6,"30,214",8,260,Dermofarma,Beauty,Small Parcel,MFN,21.50 x 7.80 x 10.50 cm,1.17,N/A,"Jun 18, 2015",,No,130,Dermofarma
9.,"Topicrem - Ultra-Hydratant, Huile de Douche - Nettoie, Nourrit, Protège - Gel Douche Visage et Corps pour Peaux Sensibles, Sèches, Bébés, Enfants et Adultes - Fabrication Française - 1000 ml",B0CBCLCTCT,Wash,https://www.amazon.fr/dp/B0CBCLCTCT?psc=1,FR,https://m.media-amazon.com/images/I/61daTKrs1TL._AC_SY355_.jpg,Topicrem,9.89,"1,736","1,736","1,000","15,293.92","15,279.48",190,438,AMZ,6.66,13,4.5,407,5,53,Amazon,Beauty,Small Parcel,AMZ,27.00 x 8.60 x 8.70 cm,1.1,N/A,"Jul 7, 2023",,No,33,Amazon
32.,"SVR - Topialysis Cleansing Oil - 24H Anti-Scratch Relipidant Cleansing Oil - For dry to atopic skin - Omega 3-6-9, Niacinamide, Prebiotics - 400ml",B09M5WPSNQ,Wash,https://www.amazon.fr/dp/B09M5WPSNQ?psc=1,FR,https://m.media-amazon.com/images/I/61FscWl9j1L._AC_SY355_.jpg,SVR,17.99,"1,208",259,N/A,"22,107.24","3,885.03",146,818,FR,7.11,1,4.6,"1,514",2,N/A,Cosmeco,Beauty,Extra Large Envelope,FBA,18.10 x 5.70 x 5.80 cm,0.47,N/A,"May 7, 2021",,No,59,Cosmeco
50.,"Atoderm Cleansing Oil | Immediate Hydration and Comfort | Intensely Nourishes | Cleans, Relipides and Soothes Irritations | Very Good Tolerance | Made in France | Pack of 2 x 1L",B0CXTMQ54T,Wash,https://www.amazon.fr/dp/B0CXTMQ54T?psc=1,FR,https://m.media-amazon.com/images/I/71NCI03jdgL._AC_SY355_.jpg,PARAVOSTRA,49.06,79,79,50,"3,931.09","3,930.9",177,"8,950",FR,15.16,1,4.7,139,2,8,WEB-MARKET,Beauty,Small Parcel,FBA,22.00 x 7.90 x 21.30 cm,2.35,N/A,"Mar 12, 2024",,No,25,WEB-MARKET
51.,"Topicrem - Ultra-Hydratant, Huile de Douche - Nettoie, Nourrit, Protège - Gel Douche Visage et Corps pour Peaux Sensibles, Sèches, Bébés, Enfants et Adultes - Fabrication Française - 500 ml",B0CBCNJSDD,Wash,https://www.amazon.fr/dp/B0CBCNJSDD?psc=1,FR,https://m.media-amazon.com/images/I/61daTKrs1TL._AC_SY355_.jpg,Topicrem,9,125,125,100,"1,128.84","1,128.8",189,"3,226",AMZ,5.03,8,4.6,155,6,15,Amazon,Beauty,Small Parcel,AMZ,20.30 x 6.10 x 6.30 cm,0.57,N/A,"Jul 7, 2023",,No,33,Amazon
55.,"La Roche-Posay | Lipikar Routine | AP+ Cleansing Oil & Balm AP+M | Repairs, Soothes & Moisturizes | Suitable for Dry, Very Dry & Atopic Skin | From Birth | 400ml x 2",B0FFTH6ZJX,Wash,https://www.amazon.fr/dp/B0FFTH6ZJX?psc=1,FR,https://m.media-amazon.com/images/I/71WAENV-ksL._AC_SY355_.jpg,La Roche-Posay,56.79,66,66,N/A,"3,754.41","3,754.28",165,"9,217",FR,13.24,1,4.2,10,8,0,Pharmaco,Beauty,Extra Large Envelope,FBA,20.50 x 6.00 x 13.00 cm,0.8,N/A,"Jun 27, 2025",,No,10,Pharmaco
57.,"Nourishing Shower Oil with Argan Oil, 500 ml",B0DWFYVR89,Check,https://www.amazon.fr/dp/B0DWFYVR89?psc=1,FR,https://m.media-amazon.com/images/I/51pW9YCrGWL._AC_SY355_.jpg,Corine de Farme,3.55,418,418,200,"1,482.7","1,478.4",44,"2,111",AMZ,4.26,4,4.7,109,3,14,Amazon,Beauty,Extra Large Envelope,AMZ,20.10 x 4.10 x 8.30 cm,0.57,N/A,"Feb 7, 2025",,No,14,Amazon
60.,La Roche-Posay - Lipikar AP+ Cleansing Oil - Anti-irritation and Anti-scraping Shower Oil Refill - Dry skin with atopic tendency and eczema - Based on Shea Butter and Niacinamide,B08M5T2KCW,Wash,https://www.amazon.fr/dp/B08M5T2KCW?psc=1,FR,https://m.media-amazon.com/images/I/71WR31LNhbL._AC_SX342_.jpg,La Roche-Posay,17.14,64,64,N/A,"1,084.38","1,083.69",178,"12,738",N/A,7.29,3,4.7,846,16,43,,Beauty,Extra Large Envelope,MFN,17.80 x 5.40 x 12.30 cm,0.44,N/A,"Sep 1, 2022",,No,43,
61.,BIODERMA Atoderm Shower Oil - Soothing and Anti-Irritation Cleanser - Immediate Comfort From Use and 24 Hours of Hydration - Very Dry to Irritated Sensitive Skin - Pump Bottle 500ml,B0CY3QBYQR,Wash,https://www.amazon.fr/dp/B0CY3QBYQR?psc=1,FR,https://m.media-amazon.com/images/I/61TyxMNn9PL._AC_SY355_.jpg,Bioderma,16.5,67,67,N/A,"1,794.59","1,794.09",181,"14,290",PT,10.27,1,4.5,"2,006",8,120,Healtsy,Beauty,Small Parcel,MFN,21.60 x 7.50 x 10.70 cm,1.16,N/A,"Sep 22, 2024",,No,19,Healtsy
64.,"Cleansing Oil | Daily Hygiene Care | Cleans, Nourishes & Protects | 100% Tolerance | High Hydration | Soap-Free Care | Pediatric Tested | Pack of 2 x 1L",B0CZF5FKG9,Check,https://www.amazon.fr/dp/B0CZF5FKG9?psc=1,FR,"https://m.media-amazon.com/images/I/71nkQU1LkJL._AC_SY355_PIbundle-2,TopRight,0,0_SH20_.jpg",PARAVOSTRA,50.19,22,22,N/A,"1,090.92","1,090.74",152,"15,138",FR,15.33,1,4.9,25,2,3,WEB-MARKET,Baby Products,Small Parcel,FBA,23.70 x 8.40 x 17.10 cm,2.31,N/A,"Mar 29, 2024",,No,25,WEB-MARKET
67.,Erborian - Centella Cleansing - Huile/Gel démaquillante pour visage à la centella asiatica - Tous types de peaux - Soin cosmétique Coréen,B09ZRVSHS1,Check,https://www.amazon.fr/dp/B09ZRVSHS1?psc=1,FR,https://m.media-amazon.com/images/I/41YfbFajeoL._AC_SX342_.jpg,Erborian,8.8,"3,475",269,100,"68,383.59","2,803.82",137,111,AMZ,2.96,1,4.4,826,6,N/A,Amazon,Beauty,Large Envelope,AMZ,9.30 x 2.60 x 2.70 cm,0.04,N/A,"Jul 8, 2022",,No,45,Amazon
1.,Eau Précieuse - My Essential 3 Face Care Kit - Purifying Lotion - Cleansing Gel - Anti-Bleach Care + 1 Free Konjac Sponge,B0BS9QL7CX,Check,https://www.amazon.fr/dp/B0BS9QL7CX?psc=1,FR,https://m.media-amazon.com/images/I/71eDSa-M1TL._AC_SY355_.jpg,Eau Précieuse,22.18,158,158,N/A,"4,455.75","4,454.94",121,"5,969",AMZ,9.22,1,4.5,362,7,9,Amazon,Beauty,Small Parcel,AMZ,23.30 x 7.00 x 21.60 cm,0.83,N/A,"Jan 13, 2023",Sponsored Brand,No,39,Amazon
3.,Eau Précieuse - Clearskin Special Edition Purifying Lotion - Care for acne-prone skin - Triple action: purifies the skin - tightens pores - removes excess sebum - 375 mL,B0DHHGKPFP,Cream,https://www.amazon.fr/dp/B0DHHGKPFP?psc=1,FR,https://m.media-amazon.com/images/I/71FCVk2B9iL._AC_SY355_.jpg,Eau Précieuse,8.79,628,628,N/A,"6,169.42","6,163.19",169,336,AMZ,5.11,1,4.7,458,5,14,Amazon,Beauty,Extra Large Envelope,AMZ,17.90 x 5.30 x 5.40 cm,0.42,N/A,"Sep 19, 2024",Sponsored Brand,No,19,Amazon
68.,FastiSol Decking Cleaner Stone Concrete Tile Cleaner Degreases Soils Dirty Pollution and Removes Green and Black Stains in 40 Minutes,B07KZTFS6H,Check,https://www.amazon.fr/dp/B07KZTFS6H?psc=1,FR,https://m.media-amazon.com/images/I/61qS+F7XOfL._AC_SY355_.jpg,TECH N'FAST,37.59,252,252,100,"9,460.49","9,460.36",133,889,FR,9.27,1,4.4,27,6,5,DistriPro,Industrial & Scientific,N/A,MFN,N/A,N/A,N/A,"Mar 29, 2017",Sponsored Brand Video,No,109,DistriPro
34.,"DEXECLEAR by DEXERYL Anti-Blemish Foaming Gel, 2-in-1: Cleans & Reduces Pimples - Salicylic Acid - Soap Free, Fragrance Free - Face & Body - Acne-prone Oily Skin, 200 ml",B0G48XYVSM,Wash,https://www.amazon.fr/dp/B0G48XYVSM?psc=1,FR,https://m.media-amazon.com/images/I/51zT7Wdnp5L._AC_SY355_.jpg,DEXERYL,9.99,"1,092",120,50,"13,729.61","1,105.73",169,556,FR,4.76,1,4.5,123,7,15,MyHomeBoutique,Beauty,Extra Large Envelope,FBA,16.70 x 4.10 x 4.10 cm,0.23,N/A,"Nov 27, 2025",,No,5,MyHomeBoutique
35.,"La Roche-Posay, Lipikar AP+MAX Triple Repairing Balm, 72H Relief, Anti-Itching, Anti-Scratch, Shea Butter, Ideal for Dry Atopic Skin, 200 ml",B0FTFSPMSM,Cream,https://www.amazon.fr/dp/B0FTFSPMSM?psc=1,FR,https://m.media-amazon.com/images/I/71uWVB1lZlL._AC_SY355_.jpg,La Roche-Posay,22.68,58,58,N/A,"1,012.02","1,011.78",140,"1,767",AMZ,8.11,1,5,2,1,1,Amazon,Baby Products,Extra Large Envelope,AMZ,16.20 x 4.70 x 7.80 cm,0.21,N/A,"May 3, 2024",,No,23,Amazon
36.,"Uriage Xemose PSO Soothing Concentrate - Psoriatic Prone Skin - Shea Butter - Soothes Itching, Helps Remove Plaques - Fast Absorption - Convenient - Fragrance Free - 150ml",B09RMV6CV3,Check,https://www.amazon.fr/dp/B09RMV6CV3?psc=1,FR,https://m.media-amazon.com/images/I/610ICqgjVTL._AC_SY355_.jpg,Uriage,18.45,285,285,100,"5,254.31","5,254.18",171,"3,090",CH,7.49,3,4.5,147,6,13,Skincare Expert France,Beauty,Extra Large Envelope,FBA,18.00 x 5.40 x 6.80 cm,0.18,N/A,"Apr 8, 2022",,No,48,Skincare Expert France
10.,Natessance coconut dry oil 100 ml,B00D39015O,Check,https://www.amazon.fr/dp/B00D39015O?psc=1,FR,https://m.media-amazon.com/images/I/51szWCnpaFL._AC_SY355_.jpg,Natessance,7.49,169,169,50,"1,266.75","1,264.91",33,"4,945",AMZ,4.91,1,4.4,385,2,2,Amazon,Beauty,Extra Large Envelope,AMZ,13.70 x 5.80 x 6.40 cm,0.21,N/A,"May 30, 2013",,No,155,Amazon
17.,"WELEDA Skin Food Sublimating Dry Oil - Normal to Dry Skin, Biphase Spray Body & Face Moisturizing, Fast Absorption Without Oily Film, Organic Calendula & Organic Jojoba Oil, Vegan NATRUE, 100ml",B0BZ4SFPYB,Check,https://www.amazon.fr/dp/B0BZ4SFPYB?psc=1,FR,https://m.media-amazon.com/images/I/51FCWnygMAL._AC_SY355_.jpg,Weleda,12.95,76,76,50,"1,325.44","1,325.23",193,"7,397",AMZ,6.33,1,4.4,916,6,30,Amazon,Beauty,Extra Large Envelope,AMZ,15.30 x 4.10 x 4.20 cm,0.13,N/A,"Apr 1, 2023",,No,36,Amazon
18.,"Bi-Oil Skin Care Oil - Specialized Care for Stretch Marks, Scars, Dry Skin and Irregular Skin - 1 x 60 ml",B07YNZFVN3,Check,https://www.amazon.fr/dp/B07YNZFVN3?psc=1,FR,https://m.media-amazon.com/images/I/61YpJ+iT3RL._AC_SY355_.jpg,Bio-Oil,9.98,"3,919","1,396",500,"64,797.76","13,811.9",105,100,AMZ,5.11,1,4.6,"10,432",6,61,Amazon,Beauty,Extra Large Envelope,AMZ,11.00 x 4.40 x 4.60 cm,0.08,N/A,"Sep 11, 2019",,No,79,Amazon
19.,"Corine de Farme - Glitter Oil for Body, Face and Hair - Beauty Sun Care - Skin Enhances - Monoi from Tahiti Perfumed - Paraben Free - 150ml - Made in France",B0BXF9QM2X,Other,https://www.amazon.fr/dp/B0BXF9QM2X?psc=1,FR,https://m.media-amazon.com/images/I/71hzhk+54dL._AC_SY355_.jpg,Corine de Farme,6.5,284,284,100,"1,847.3","1,847.13",156,"2,895",AMZ,4.48,1,4.4,426,8,N/A,Amazon,Beauty,Large Envelope,AMZ,17.50 x 3.00 x 5.50 cm,0.24,N/A,"Mar 3, 2023",,No,37,Amazon
20.,Natessance Shea Oil 100 ml,B00V4G0IQK,Check,https://www.amazon.fr/dp/B00V4G0IQK?psc=1,FR,https://m.media-amazon.com/images/I/51uqnvbfvVL._AC_SY355_.jpg,Natessance,7.09,164,164,50,"1,150.05","1,149.17",26,"5,672",AMZ,4.88,1,4.5,402,2,4,Amazon,Beauty,Extra Large Envelope,AMZ,13.46 x 5.08 x 6.35 cm,0.2,N/A,"Mar 24, 2015",,No,133,Amazon
21.,CATTIER Sublime Alchemy Multi-Purpose Oil - Organic - 100 ml,B01BLKUUKM,Check,https://www.amazon.fr/dp/B01BLKUUKM?psc=1,FR,https://m.media-amazon.com/images/I/61aXQofLiPL._AC_SY355_.jpg,CATTIER,12.49,115,115,50,"1,440.04","1,438.74",60,"5,961",AMZ,7.25,1,4.5,346,3,0,Amazon,Beauty,Large Envelope,AMZ,16.20 x 3.60 x 3.70 cm,0.14,N/A,"Feb 9, 2016",,No,122,Amazon
22.,"JOJOBA Organic Oil 150 ml - Cosmos Organic - Planète au Naturel - Pure, Natural and Cold Pressed - Hair, Body, Skin",B0BHLMVH6B,Other,https://www.amazon.fr/dp/B0BHLMVH6B?psc=1,FR,https://m.media-amazon.com/images/I/71qANLmlaDL._AC_SY355_.jpg,Planète au Naturel,9.99,"1,196",830,500,"14,658.75","8,282.63",115,632,FR,3.61,1,4.5,"1,035",8,37,123PLANTES,Beauty,Standard Envelope,FBA,14.70 x 2.20 x 6.50 cm,0.16,N/A,"Oct 7, 2022",,No,42,123PLANTES
28.,Nuxe prodigious oil 100 ml,B01ATJESD6,Check,https://www.amazon.fr/dp/B01ATJESD6?psc=1,FR,https://m.media-amazon.com/images/I/717rtVq0aeL._AC_SY355_.jpg,Nuxe,26.04,645,459,300,"13,891.85","11,311.27",26,"1,690",BG,8.28,1,4.7,"16,590",8,12,Super Trade EU,Beauty,Large Envelope,FBA,15.80 x 3.90 x 8.80 cm,0.26,N/A,"Aug 16, 2012",,No,164,Super Trade EU
33.,Palmer's Large Cocoa Dry Oil 150 ml,B001KYU1H2,Check,https://www.amazon.fr/dp/B001KYU1H2?psc=1,FR,https://m.media-amazon.com/images/I/71Tw0dgBGNL._AC_SY355_.jpg,Palmer's,16.58,183,158,50,"3,031.58","2,515.64",35,"5,500",GB,6.51,3,4.4,"27,349",17,160,Everyday+Essentials,Beauty,Large Envelope,FBA,18.49 x 3.70 x 6.20 cm,0.2,N/A,"Sep 15, 2011",,No,175,Everyday+Essentials
43.,"MIXA - Multi-purpose Repair Cream - Intense Nutrition 72H & Anti-Dryness - Sweet Almond & Apricot Oils - Extra-Dry Skin - Body, Face & Hands - 400 ml",B0GHP4ZXR3,Cream,https://www.amazon.fr/dp/B0GHP4ZXR3?psc=1,FR,https://m.media-amazon.com/images/I/61XTAhI1oPL._AC_SY355_.jpg,Mixa,5.99,"2,349",750,500,"17,092.8","5,318.82",149,84,AMZ,6.27,1,4.9,42,6,39,Amazon,Beauty,Small Parcel,AMZ,9.00 x 8.70 x 8.90 cm,0.46,N/A,"Jan 19, 2026",,No,3,Amazon
48.,Pranarôm Organic Sweet Almond Vegetable Oil 100 ml,B0957QG7C9,Check,https://www.amazon.fr/dp/B0957QG7C9?psc=1,FR,https://m.media-amazon.com/images/I/61wUw3TGiUL._AC_SY355_.jpg,Pranarôm,8.99,"1,547","1,384",800,"13,331.94","12,429.16",50,461,AMZ,5.03,1,4.6,995,6,19,Amazon,Beauty,Extra Large Envelope,AMZ,13.90 x 5.80 x 9.50 cm,0.2,N/A,"May 18, 2021",,No,59,Amazon
50.,"Le Petit Marseillais – Moisturizing Moisturizing Lotion Pearlescent (250 ml Pump) – Body Lotion for Very Dry Skin Comfort 24H – Body Milk with Apricot Oil, White Lily and Mother of Pearl",B0FDKFQXVN,Cream,https://www.amazon.fr/dp/B0FDKFQXVN?psc=1,FR,https://m.media-amazon.com/images/I/614T1v0TSSL._AC_SY355_.jpg,Le Petit Marseillais,4.92,371,371,200,"1,819.3","1,816.55",186,"2,695",AMZ,5.34,1,4.6,20,7,4,Amazon,Beauty,Large Envelope,AMZ,19.90 x 3.30 x 8.30 cm,0.32,N/A,"Jun 18, 2025",,No,10,Amazon
52.,"Bi-Oil Skin Care Oil - Specialized Care for Stretch Marks, Scars, Dry Skin and Irregular Skin - 1 x 125 ml",B07XBVG72R,Check,https://www.amazon.fr/dp/B07XBVG72R?psc=1,FR,https://m.media-amazon.com/images/I/71met-mcu2L._AC_SY355_.jpg,Bio-Oil,17.75,"3,919","1,274",800,"64,797.76","21,306.93",106,100,AMZ,8.36,1,4.6,"10,432",7,48,Amazon,Beauty,Extra Large Envelope,AMZ,14.90 x 4.20 x 4.60 cm,0.14,N/A,"Jun 18, 2015",,No,130,Amazon
60.,MIXA - Self Tanning - Nourishing Body Lotion Sun Effect - Progressive Golden Tan 24H - Shea Butter & Apricot Oil - Light Skin - 250 ml,B0GHPPFBP9,Cream,https://www.amazon.fr/dp/B0GHPPFBP9?psc=1,FR,https://m.media-amazon.com/images/I/619sxgPv8hL._AC_SY355_.jpg,Mixa,6.59,"4,433",972,"1,000","36,304.12","6,813.45",134,11,AMZ,4.49,1,4.4,40,6,33,Amazon,Beauty,Large Envelope,AMZ,20.40 x 2.90 x 7.20 cm,0.29,N/A,"Jan 19, 2026",,No,3,Amazon
62.,"Le Petit Marseillais | Nutrition Moisturizing Balm (300ml jar) – Body balm for very dry skin comfort 24h – Body care with shea butter, sweet almond & argan oil",B08YG9THGK,Cream,https://www.amazon.fr/dp/B08YG9THGK?psc=1,FR,https://m.media-amazon.com/images/I/71LWW7t3-VL._AC_SY355_.jpg,Le Petit Marseillais,4.27,443,443,200,"2,198.06","2,194.18",159,"1,792",AMZ,4.65,8,4.6,473,6,18,Amazon,Beauty,Extra Large Envelope,AMZ,9.50 x 5.20 x 9.40 cm,0.33,N/A,"Mar 8, 2021",,No,61,Amazon
63.,Weleda Rosehip Harmonising Body Oil 100ml,B000K9CEGO,Check,https://www.amazon.fr/dp/B000K9CEGO?psc=1,FR,https://m.media-amazon.com/images/I/51bjiRz2uzL._AC_SY355_.jpg,Weleda,15.89,463,463,200,"7,327.3","7,327.14",41,"1,976",AMZ,4.38,1,4.7,"2,172",6,N/A,Amazon,Beauty,Large Envelope,AMZ,15.60 x 3.70 x 6.40 cm,0.27,N/A,"Mar 14, 2011",,No,181,Amazon
67.,Palmers Cocoa Butter Formula Moisturizing Body Oil 250ml,B000056W74,Check,https://www.amazon.fr/dp/B000056W74?psc=1,FR,https://m.media-amazon.com/images/I/81bde6fUI3L._AC_SY355_.jpg,Palmer's,14.52,138,92,50,"2,156.81","1,287.69",56,"8,635",DE,7.56,4,4.5,"26,365",7,258,ELBKAISER,Beauty,Large Envelope,FBA,19.60 x 3.70 x 6.10 cm,0.27,N/A,"Aug 22, 2015",,No,128,ELBKAISER
68.,Weleda Pomegranate Regenerating Body Oil 100ml,B001O9LN0C,Check,https://www.amazon.fr/dp/B001O9LN0C?psc=1,FR,https://m.media-amazon.com/images/I/51WkFr0TJwL._AC_SY355_.jpg,Weleda,17.98,449,235,100,"7,714.85","4,182.81",46,"2,404",AMZ,7.09,1,4.6,"1,813",6,N/A,Amazon,Beauty,Large Envelope,AMZ,15.50 x 3.70 x 6.10 cm,0.29,N/A,"May 25, 2009",,No,203,Amazon
69.,"Bi-Oil Natural Care Oil - Specialized Care for Stretch Marks, Scars, Dry Skin and Irregular Skin - 100% Natural Formulation - Ideal During Pregnancy - 1 x 60 ml",B091NJ19S5,Check,https://www.amazon.fr/dp/B091NJ19S5?psc=1,FR,https://m.media-amazon.com/images/I/61akiYazqFL._AC_SY355_.jpg,Bio-Oil,11.75,623,623,500,"7,146.98","7,146.81",160,900,AMZ,6.07,1,4.6,593,6,5,Amazon,Beauty,Extra Large Envelope,AMZ,10.80 x 4.40 x 4.50 cm,0.06,N/A,"Apr 2, 2021",,No,60,Amazon
72.,Palmer's Coconut Sublimation Oil 150ml,B00ZFWJLTY,Check,https://www.amazon.fr/dp/B00ZFWJLTY?psc=1,FR,"https://m.media-amazon.com/images/I/710YrNl9jjL._AC_SY355_PIbundle-150,TopRight,0,0_SH20_.jpg",Palmer's,17.14,77,77,N/A,"1,095.48","1,094.92",38,"14,012",RO,6.91,2,4.6,"11,485",9,72,Buyer-FR,Beauty,Large Envelope,MFN,18.08 x 3.10 x 5.80 cm,0.18,N/A,"Jul 18, 2015",,No,129,Buyer-FR
1.,BIOTHERM HOMME - Aquapower Advanced Gel - Men's Moisturizing Face Gel - Men's Face Moisturizing Cream - Men's Face Care - Normal to Combination Skin - Non Sticky Texture,B0DHBYGGSZ,Check,https://www.amazon.fr/dp/B0DHBYGGSZ?psc=1,FR,https://m.media-amazon.com/images/I/318nis4PsYL._AC_SY355_.jpg,Biotherm,35.4,0,142,50,0,"5,473.48",169,"3,384",AMZ,10.19,1,4.7,618,8,N/A,Amazon,Beauty,Extra Large Envelope,AMZ,17.20 x 5.10 x 5.50 cm,0.29,N/A,"Jan 27, 2025",Sponsored Brand,No,15,Amazon
3.,BIOTHERM - Aquasource Hyalu Plump Gel - Moisturizing Face Care - Hyaluronic Acid - Plumped Skin - All Skin Types,B09DPGK4Z5,Check,https://www.amazon.fr/dp/B09DPGK4Z5?psc=1,FR,https://m.media-amazon.com/images/I/412H0WX7r1L._AC_SY355_.jpg,Biotherm,44,0,35,N/A,0,"1,346.28",112,"18,108",AMZ,11.67,1,4.5,289,8,N/A,Amazon,Beauty,Small Parcel,AMZ,7.50 x 6.60 x 7.30 cm,0.24,N/A,"Aug 23, 2021",Sponsored Brand,No,56,Amazon
15.,VOSHUILES – Duo Wintergreen Essential Oil 10 ml and Arnica Flower Neutral Plant Oil 100 ml – 100% Pure and Natural – Stimulating Fragrance – HEBBD,B07HNQ7RSS,Check,https://www.amazon.fr/dp/B07HNQ7RSS?psc=1,FR,https://m.media-amazon.com/images/I/51ljhUCPqQL._AC_SY355_.jpg,VOSHUILES.COM HUILES ESSENTIELLES & VEGETALES,13.09,176,176,100,"2,309.96","2,309.84",146,"2,705",AMZ,6.78,1,4.5,403,9,0,Amazon,Health & Household,Extra Large Envelope,AMZ,12.60 x 4.80 x 8.70 cm,0.16,N/A,"Sep 24, 2018",Sponsored Brand Video,No,91,Amazon
19.,LOVEA - Multi-purpose Body Massage Oil - Monoï - Nourishes - All Skin Types - 97% Natural Origin - No Dyes - Vegan - Made in France - 50ml,B0BYF9L893,Check,https://www.amazon.fr/dp/B0BYF9L893?psc=1,FR,https://m.media-amazon.com/images/I/61KNlm2KkvL._AC_SY355_.jpg,Lovea,4.95,409,284,900,"2,086.08","1,318.98",138,379,AMZ,4.3,1,4.5,"1,098",6,N/A,Amazon,Health & Household,Small Parcel,AMZ,10.90 x 6.70 x 9.00 cm,0.12,N/A,"Mar 14, 2023",,No,37,Amazon
34.,Vaseline Cocoa Body Gel 200ml,B0015SXSKK,Check,https://www.amazon.fr/dp/B0015SXSKK?psc=1,FR,https://m.media-amazon.com/images/I/61MoqtNwpwL._AC_SY355_.jpg,Vaseline,13,287,287,100,"3,271.1","3,270.23",29,"3,879",AMZ,6.31,10,4.6,"7,040",2,128,Amazon,Beauty,Large Envelope,AMZ,16.40 x 2.80 x 6.60 cm,0.7,N/A,"Jul 20, 2012",,No,165,Amazon
49.,"Naissance Sweet Almond Oil (No. 215) - 1 Litre - Natural Moisturizer, Vegan, Non-GMO/Odour - Massage Lubricant - For Body, Face, Hair, Nails, Foot, Ear",B007MCXGO6,Other,https://www.amazon.fr/dp/B007MCXGO6?psc=1,FR,https://m.media-amazon.com/images/I/71PcxQ1+gZL._AC_SY355_.jpg,Naissance,16.99,"1,078",434,200,"22,525","7,306.57",151,"1,103",GB,8.96,1,4.5,"123,441",7,276,naissance ®,Beauty,Standard Parcel,FBA,22.20 x 12.60 x 16.70 cm,0.97,N/A,"Mar 19, 2012",,No,169,naissance ®
54.,Corine de Farme - DHA Sun Effect Moisturizing Milk - Natural Progressive Self-Tanning - Trace Free Uniform Tan - Enriched with Buriti Oil - Immediate Hydration - 150 mL,B0F195HN8G,Check,https://www.amazon.fr/dp/B0F195HN8G?psc=1,FR,https://m.media-amazon.com/images/I/51Nhhl-Vd5L._AC_SY355_.jpg,Corine de Farme,4.42,"1,391","1,263",800,"7,193.7","6,106.21",168,340,AMZ,4.3,1,4.2,716,8,17,Amazon,Beauty,Large Envelope,AMZ,18.60 x 3.70 x 5.40 cm,0.18,N/A,"Mar 12, 2025",,No,13,Amazon
57.,"Nuxe Prodigious Gold Oil, Body Treatment - Unit 1",B083XSZKR2,Check,https://www.amazon.fr/dp/B083XSZKR2?psc=1,FR,https://m.media-amazon.com/images/I/71meosohtuL._AC_SY355_.jpg,Nuxe,21.5,90,90,N/A,"1,939.44","1,939.28",49,"10,313",N/A,7.62,1,4.5,"1,798",4,1,,Beauty,Large Envelope,MFN,9.10 x 2.70 x 6.60 cm,0.15,N/A,"Jun 18, 2014",,No,142,
17.,"MIXA - Cica Baume - Multi-Use Repair Cream - Soothes & Protects - 8x Faster Repair* - Rich Texture - Panthenol + Glycerin - Adults, Children & Babies - Dry Irritated Skin - 50 ml",B0GHNX88CV,Cream,https://www.amazon.fr/dp/B0GHNX88CV?psc=1,FR,https://m.media-amazon.com/images/I/41h4KfGXo0L._AC_SX355_.jpg,Mixa,5.49,"10,795",617,N/A,"84,972.99","3,842.94",178,140,AMZ,4.4,1,4.8,98,9,84,Amazon,Beauty,Large Envelope,AMZ,12.30 x 3.90 x 5.30 cm,0.07,N/A,"Jan 19, 2026",,No,3,Amazon
21.,"Cicabiafine Baume Hydratant Anti-Dessèchement, Pour Peaux très Sèches à Irritées, Flacon pompe de 400 ml",B0052ED0FG,Cream,https://www.amazon.fr/dp/B0052ED0FG?psc=1,FR,https://m.media-amazon.com/images/I/618m9lYZopL._AC_SY355_.jpg,Cicabiafine,14.89,968,859,200,"12,155.02","10,750.24",104,"1,453",AMZ,6.62,3,4.7,811,8,26,Amazon,Beauty,Extra Large Envelope,AMZ,21.40 x 4.10 x 9.40 cm,0.44,N/A,"Jan 4, 2012",,No,171,Amazon
27.,"NIVEA Repair Balm Face, Body & Hands Dry & Sensitive Skin (1 x 400ml), Glycerin & Panthenol Anti-Itch Cream, Moisturizing Unscented Body Care 72H",B0CZRLFV73,Cream,https://www.amazon.fr/dp/B0CZRLFV73?psc=1,FR,https://m.media-amazon.com/images/I/61GtClwFgFL._AC_SY355_.jpg,NIVEA,5.6,"1,931",290,200,"11,299.4","1,612.01",145,345,AMZ,6.24,4,4.4,174,11,N/A,Amazon,Beauty,Small Parcel,AMZ,9.40 x 9.10 x 9.30 cm,0.45,N/A,"Apr 3, 2024",,No,24,Amazon
28.,Neutrogena – Anti-Pimple Moisturizing Gel plus 4% Niacinamide plus Panthenol (50ml) – Anti-pimple Face Care for Dry and Irritated Skin – Moisturizing Cream without Fragrance and Dyes,B0CGJD2FQW,Cream,https://www.amazon.fr/dp/B0CGJD2FQW?psc=1,FR,https://m.media-amazon.com/images/I/61gL8cSgPSL._AC_SY355_.jpg,Neutrogena,7.36,249,189,100,"1,962.57","1,487.41",182,"3,585",AMZ,4.55,1,4.1,416,7,4,Amazon,Beauty,Large Envelope,AMZ,13.80 x 3.50 x 4.90 cm,0.07,N/A,"Mar 16, 2024",,No,25,Amazon
36.,Neutrogena – L'Originale Norwegian Formula Concentrated Hand Cream (2 x 50 ml tubes) – Moisturizing cream for very dry and chapped hands – Immediate relief and 24 h hydration,B07F1B2TJX,Cream,https://www.amazon.fr/dp/B07F1B2TJX?psc=1,FR,https://m.media-amazon.com/images/I/71-cqkCWtBL._AC_SY355_.jpg,Neutrogena,9.13,"1,719","1,719",900,"12,934.22","12,932.98",174,523,AMZ,4.94,3,4.6,"1,226",7,15,Amazon,Beauty,Extra Large Envelope,AMZ,9.80 x 5.00 x 5.60 cm,0.12,N/A,"Jun 25, 2018",,No,94,Amazon
37.,"Diadermine PH5 Hydrating Day Care, Dry and Sensitive Skin - 50 ml Tube",B008X74ZKI,Check,https://www.amazon.fr/dp/B008X74ZKI?psc=1,FR,https://m.media-amazon.com/images/I/61L+A1RDBFL._AC_SY355_.jpg,Diadermine,2.65,698,698,300,"1,850.14","1,849.98",70,"1,057",AMZ,4.26,3,4.5,272,1,16,Amazon,Beauty,Large Envelope,AMZ,14.60 x 3.20 x 4.80 cm,0.07,N/A,"Oct 20, 2012",,No,162,Amazon
43.,"BIODERMA Atoderm Intensive Eye - 3-in-1 Make-Up Remover, Soothing and Repair Eye Care - Good Makeup Base - Very Dry, Irritated Skin with Atopic Prone - Tube 100 ml",B08562FW67,Check,https://www.amazon.fr/dp/B08562FW67?psc=1,FR,https://m.media-amazon.com/images/I/619suqBSw2L._AC_SY355_.jpg,Bioderma,20.49,256,256,100,"4,591.83","4,589.16",163,"4,744",LT,7.39,13,4.5,"1,546",8,37,Cosmetica ✅,Beauty,Extra Large Envelope,FBA,15.80 x 4.20 x 5.60 cm,0.08,N/A,"Feb 26, 2020",,No,74,Cosmetica ✅
56.,"CeraVe - Intensive Repair Ointment - Repair, Soothing and Protective Face, Body, Lip Care - 3 Essential Ceramides + Hyaluronic Acid - Very Dry, Damaged, Cracked Skin - 90 ml",B0CQ8HM4N7,Other,https://www.amazon.fr/dp/B0CQ8HM4N7?psc=1,FR,https://m.media-amazon.com/images/I/51ZZVaA0A5L._AC_SX342_.jpg,CeraVe,10.4,"1,031","1,031",500,"10,558.72","10,548.54",173,822,AMZ,6.51,1,4.6,867,7,32,Amazon,Beauty,Large Envelope,AMZ,13.30 x 3.70 x 5.70 cm,0.09,N/A,"Dec 14, 2023",,No,28,Amazon
58.,"WELEDA Skin Food Repair Care - Face and Body, Very Dry and Rough Skin, Intensely Nourishes and Repairs, Rosemary, Calendula, Chamomile, Pansy, Multi-Use Care, NATRUE Labelled, 75 ml",B000ORV3NC,Check,https://www.amazon.fr/dp/B000ORV3NC?psc=1,FR,https://m.media-amazon.com/images/I/51hcblGrdoL._AC_SY355_.jpg,Weleda,9.95,946,861,600,"10,671.39","8,554.37",181,781,AMZ,4.76,5,4.6,"33,859",7,145,Amazon,Beauty,Large Envelope,AMZ,14.00 x 3.80 x 5.10 cm,0.09,N/A,"Nov 30, 2009",,No,197,Amazon
60.,MoliCare Skin - Zinc Oxide Cream to Protect Skin from Irritated Intimate Areas - pH Neutral to Skin - 200 ml,B072MRM268,Cream,https://www.amazon.fr/dp/B072MRM268?psc=1,FR,https://m.media-amazon.com/images/I/41GOicWxp0L._AC_SY355_.jpg,Molicare,9.96,564,564,N/A,"5,680.99","5,679.82",108,"2,239",N/A,5.11,9,4.3,515,5,17,,Beauty,Extra Large Envelope,MFN,18.20 x 5.00 x 7.10 cm,0.25,N/A,"Sep 23, 2017",,No,103,
61.,COSRX Advanced Snail 92% All In One Cream 100ml | Moisturizing Cream with Snail Slime | For Anti Wrinkle Acne Skin & Dry Skin Day Care Women | Korean Korean Skincare,B01LEJ5MSK,Cream,https://www.amazon.fr/dp/B01LEJ5MSK?psc=1,FR,https://m.media-amazon.com/images/I/7135DSnMj+L._AC_SY355_.jpg,COSRX,16.96,"1,985","1,985","1,000","33,659.17","33,639.21",165,277,KR,7.26,11,4.4,"58,119",7,592,COSRX Official,Beauty,Extra Large Envelope,FBA,7.70 x 5.10 x 7.70 cm,0.17,N/A,"Apr 11, 2015",,No,132,COSRX Official
63.,"SVR Palpebral Crème by Topialyse – Soothing Anti-Scratch Care – For Sensitive, Dry and Irritated Eyelids – Hyaluronic Acid, Omega 3-6-10 – 15 ml",B00ZKT4RHI,Cream,https://www.amazon.fr/dp/B00ZKT4RHI?psc=1,FR,https://m.media-amazon.com/images/I/51s5hsEu+jL._AC_SX342_.jpg,SVR,17,294,294,N/A,"4,666.43","4,664.41",144,"5,479",N/A,6.94,1,4.5,"1,854",6,25,,Beauty,Large Envelope,FBA,12.70 x 2.80 x 3.40 cm,0.03,N/A,"Jun 13, 2015",,No,130,
64.,"WELEDA - Protective Cream for Adults & Children – Organic Calendula, Protective And Soothing, Face And Body, Dry Or Sensitive Skin Face Cream, Sweet Almond Oil, NATRUE Labelled, 75 ml",B000VH4300,Check,https://www.amazon.fr/dp/B000VH4300?psc=1,FR,https://m.media-amazon.com/images/I/51+iIRhggxL._AC_SY355_.jpg,Weleda,7,706,706,300,"4,761.07","4,758.67",183,"1,408",AMZ,4.51,6,4.7,925,5,14,Amazon,Beauty,Large Envelope,AMZ,12.00 x 4.00 x 5.00 cm,0.07,N/A,"May 5, 2009",,No,203,Amazon
65.,"SVR - Cicavit+ Cream SPF50+ - Soothing anti-mark repair treatment - For damaged, irritated, post-dermatological acts - Niacinamide, UVA/UVB/IR filters, antioxidants - 40 ml",B07RN8PM3L,Other,https://www.amazon.fr/dp/B07RN8PM3L?psc=1,FR,https://m.media-amazon.com/images/I/61aJobU+kSL._AC_SX342_.jpg,SVR,14.39,510,510,300,"7,280.22","7,277.94",172,"1,684",FR,N/A,2,4.6,697,7,10,Cosmeco,Beauty,Large Envelope,FBA,13.30 x 3.40 x 4.80 cm,0.06,N/A,"May 9, 2019",,No,83,Cosmeco
68.,"NIVEA MEN Extra Gentle Moisturizing Care Sensitive Skin (1x75ml), moisturizing face cream for men with sensitive and irritated skin, soothing face care men 0% alcohol",B00752ILKC,Cream,https://www.amazon.fr/dp/B00752ILKC?psc=1,FR,https://m.media-amazon.com/images/I/61Rn3XM-dTL._AC_SY355_.jpg,NIVEA MEN,6.24,627,627,300,"3,912.63","3,906.22",166,"1,761",AMZ,4.8,5,4.4,845,8,19,Amazon,Beauty,Extra Large Envelope,AMZ,13.20 x 4.40 x 5.60 cm,0.11,N/A,"Feb 3, 2012",,No,170,Amazon
70.,Jonzac Thermal Water Rehydrate Extra Rich Velvety Care 50 ml,B07CHXF6L3,Check,https://www.amazon.fr/dp/B07CHXF6L3?psc=1,FR,https://m.media-amazon.com/images/I/51S0PtbJuLL._AC_SY355_.jpg,JONZAC,13,364,340,100,"5,256.64","4,419.18",60,"3,328",AMZ,7.33,3,4.6,133,6,5,Amazon,Beauty,Large Envelope,AMZ,16.10 x 3.60 x 3.70 cm,0.07,N/A,"Feb 21, 2018",,No,98,Amazon
44.,Bioderma Atoderm Shower Oil Refill 1000ml,B0D9NN7XFD,Wash,https://www.amazon.fr/dp/B0D9NN7XFD?psc=1,FR,https://m.media-amazon.com/images/I/51c8GEGtkAL._AC_SY355_.jpg,Bioderma,13.89,9,9,N/A,132.31,132.32,41,"44,739",N/A,9.02,3,4.8,"1,105",8,60,,Beauty,Small Parcel,MFN,22.14 x 9.50 x 15.70 cm,1.12,N/A,"Sep 14, 2024",,No,22,
12.,Mustela - Stelatopia Organic Sunflower Cleansing Oil - Gentle cleansing for very dry or atopic skin - 98% natural ingredients - Baby and Family Cleansing Oil Pump Bottle,B07YPQ8B63,Wash,https://www.amazon.fr/dp/B07YPQ8B63?psc=1,FR,https://m.media-amazon.com/images/I/71TtUuugacL._AC_SY355_.jpg,Mustela,9.29,153,151,100,"1,744.88","1,726.04",169,"1,541",AMZ,7.03,5,4.7,814,10,60,Amazon,Baby Products,Extra Large Envelope,AMZ,22.90 x 5.50 x 7.70 cm,0.57,N/A,"Oct 4, 2019",,No,81,Amazon
37.,"Laboratorios Babé - Jabón Corporal de Aceite Con Ácidos Esenciales Omega 3.6 y 9. Aceites Emolientes y Reparadores, Piel Seca, Piel Atópica, Regenerador, Alivia el Picor, Hidratante - 500 ml",B00AHV6I3A,Wash,https://www.amazon.fr/dp/B00AHV6I3A?psc=1,FR,https://m.media-amazon.com/images/I/51D6ZRrBFsL._AC_SY355_.jpg,LABORATORIOS BABE,20.55,0,0,N/A,0,0,190,"272,201",N/A,8.86,1,4.7,647,8,1,,Beauty,Small Parcel,MFN,22.00 x 6.40 x 6.50 cm,0.57,N/A,"Nov 12, 2012",,No,164,
45.,MERCUROCHROME - Refined Sweet Almond Oil - Softening and Nourishing - 100 ml,B0060OU7F8,Oil,https://www.amazon.fr/dp/B0060OU7F8?psc=1,FR,https://m.media-amazon.com/images/I/61ruaFENToL._AC_SY355_.jpg,Mercurochrome,5.23,46,46,N/A,223.11,225.08,76,"17,356",AMZ,4.8,1,4.7,362,2,2,Amazon,Beauty,Extra Large Envelope,AMZ,11.18 x 4.70 x 4.70 cm,0.14,N/A,"Jan 4, 2012",,No,174,Amazon
39.,"Svr Topialysis Eco Cleansing Oil Refill, 1 L (Pack of 1)",B09FS32TJP,Wash,https://www.amazon.fr/dp/B09FS32TJP?psc=1,FR,https://m.media-amazon.com/images/I/7103CVovlTL._AC_SY355_.jpg,SVR,18.14,9,9,N/A,162.82,162.82,56,"55,629",N/A,8.68,2,4.6,236,4,9,,Beauty,Small Parcel,MFN,23.40 x 7.50 x 14.30 cm,1.13,N/A,"May 7, 2021",,No,62,
7.,SANEX - Derma Therapie - Anti-itch and anti-irritation shower oil - Shower gel - Skin prone to atopic eczema - hypoallergenic - amino acid complex - Pump 720ml,B0GR6KBSGZ,Wash,https://www.amazon.fr/dp/B0GR6KBSGZ?psc=1,FR,https://m.media-amazon.com/images/I/61aO0lMHqvL._AC_SY355_.jpg,Sanex,5.27,202,202,100,"1,400.66","1,400.67",159,"2,555",AMZ,6.66,1,5,1,9,0,Amazon,Beauty,Standard Parcel,AMZ,24.60 x 12.30 x 13.30 cm,0.83,N/A,"Mar 4, 2026",,No,4,Amazon
1.,"Cetaphil Moisturising Body Cream, Perfume-Free, Size 470 ml + Face and Body Cleansing Emulsion, Perfume-Free, Travel Size 30 ml",B0C23N3BDM,Check,https://www.amazon.it/dp/B0C23N3BDM?psc=1,IT,"https://m.media-amazon.com/images/I/71cZPFZF7hL._AC_SY355_PIbundle-2,TopRight,0,0_SH20_.jpg",Cetaphil,16.99,"1,095",499,200,"14,439.27","8,449.4",127,"1,072",AMZ,6.51,1,4.6,246,5,N/A,Amazon,Beauty,Extra Large Envelope,AMZ,18.80 x 5.40 x 12.50 cm,0.56,N/A,"Apr 11, 2023",Sponsored Brand,No,36,Amazon
2.,"Cetaphil Face and Body Cleansing Emulsion, Perfume-Free, Size 470 ml + Moisturizing Face and Body Cream, Without Perfume, Travel Size 14 g",B0C23P6XFJ,Check,https://www.amazon.it/dp/B0C23P6XFJ?psc=1,IT,"https://m.media-amazon.com/images/I/71ZUFNQje5L._AC_SY355_PIbundle-2,TopRight,0,0_SH20_.jpg",Cetaphil,15.78,570,520,200,"9,831.7","8,152.44",138,"2,432",AMZ,6.09,1,4.6,405,7,15,Amazon,Beauty,Extra Large Envelope,AMZ,18.80 x 5.40 x 11.50 cm,0.52,N/A,"Apr 11, 2023",Sponsored Brand,No,36,Amazon
3.,"Cetaphil Moisturizing Face and Body Cream, Without Perfume, Size 450 g + Cleansing Emulsion Face and Body, Without Perfume, Travel Size 30 ml",B0C23HGXSZ,Check,https://www.amazon.it/dp/B0C23HGXSZ?psc=1,IT,"https://m.media-amazon.com/images/I/71EHajyyW4L._AC_SY355_PIbundle-2,TopRight,0,0_SH20_.jpg",Cetaphil,17.49,"5,677","2,441","1,000","82,575.9","42,525.4",141,47,AMZ,7.36,1,4.6,"1,108",5,N/A,Amazon,Beauty,Small Parcel,AMZ,11.90 x 9.30 x 9.50 cm,0.53,N/A,"Apr 10, 2023",Sponsored Brand,No,36,Amazon
7.,"Cetaphil, Face and Body Moisturising Cream for Frequent Use, Intense Hydration for 24 Hours, Ideal for Dry, Very Dry, Sensitive and Damaged Skin, Soothing Effect, Fragrance Free, Size 100 g",B09YHPXRFX,Cream,https://www.amazon.it/dp/B09YHPXRFX?psc=1,IT,https://m.media-amazon.com/images/I/613vJsct4KL._AC_SY355_.jpg,Cetaphil,4.42,"5,677","1,842","1,000","82,575.9","9,961.39",189,51,AMZ,4.18,9,4.5,925,6,N/A,Amazon,Beauty,Large Envelope,AMZ,17.60 x 3.70 x 5.00 cm,0.13,N/A,"Apr 21, 2022",,No,48,Amazon
8.,"Mixa Strengthening Moisturising Cream for Sensitive and Very Dry Skin, Deep Hydrated Skin, with 10% Ceramides, Glycerine and Squalan, Fragrance Free, Ceramide Protect, 400 ml",B0D45LZBML,Cream,https://www.amazon.it/dp/B0D45LZBML?psc=1,IT,https://m.media-amazon.com/images/I/71p6HTvuY+L._AC_SY355_.jpg,Mixa,7.99,"1,495","1,495",700,"10,550.89","10,541.93",174,"2,770",AMZ,5.43,12,4.6,848,6,56,Amazon,Beauty,Small Parcel,AMZ,9.30 x 8.90 x 9.00 cm,0.43,N/A,"May 15, 2024",,No,23,Amazon
9.,"Garnier Prodigious Moisturising Rich Cream for Dry or Sensitive Skin, 50 ml",B06XTPGDC3,Check,https://www.amazon.it/dp/B06XTPGDC3?psc=1,IT,https://m.media-amazon.com/images/I/812PalcCI2L._AC_SY355_.jpg,Garnier,4.02,264,264,100,"1,575.22","1,573.28",75,"2,344",AMZ,3.98,3,4.4,509,8,6,Amazon,Beauty,Small Parcel,AMZ,7.50 x 6.70 x 7.00 cm,0.08,N/A,"Sep 1, 2016",,No,115,Amazon
15.,"NIVEA Repair & Care Body Cream, 400 ml, All-Purpose Fragrance Free Cream for Sensitive and Irritated Skin, Quick Absorption Body, Face and Hand Cream Enriched with Panthenol and Glycerin",B0D1VH1G5W,Cream,https://www.amazon.it/dp/B0D1VH1G5W?psc=1,IT,https://m.media-amazon.com/images/I/71WDTQnj8ZL._AC_SY355_.jpg,NIVEA,9.99,838,838,300,"5,381.48","5,381.09",186,"1,464",AMZ,5.43,11,4.5,316,8,12,Amazon,Beauty,Small Parcel,AMZ,15.20 x 9.10 x 9.40 cm,0.46,N/A,"Apr 16, 2024",,No,24,Amazon
16.,"Mixa Regenerating Body Cream, For Dry and Rough Skin, Moisturized and Soothing Skin for 48H, Repaired and Protected Skin Barrier, with 10% Urea and Niacinamide, Urea Cica Repair +, 400 ml",B0D45KJ86P,Check,https://www.amazon.it/dp/B0D45KJ86P?psc=1,IT,https://m.media-amazon.com/images/I/61mh6VKI8oL._AC_SY355_.jpg,Mixa,4.59,"7,820","6,528","4,000","47,607.86","41,573.58",187,11,AMZ,5.43,10,4.5,"1,297",9,19,Amazon,Beauty,Small Parcel,AMZ,10.40 x 9.20 x 9.60 cm,0.47,N/A,"May 15, 2024",,No,23,Amazon
17.,"Dermolab - Soothing Moisturizing Face Cream for Dry and Sensitive Skin, with Hyaluronic Acid, Moisturizing Effect, Protects Against Pollution, Dermatologically Tested, SPF 15, 50 ml",B01HITTZBK,Other,https://www.amazon.it/dp/B01HITTZBK?psc=1,IT,https://m.media-amazon.com/images/I/51co2WyVUWL._AC_SY355_.jpg,DERMOLAB,6.97,342,205,100,"2,704.14","1,741.97",181,"2,026",AMZ,4.59,6,4,250,8,N/A,Amazon,Beauty,Small Parcel,AMZ,8.13 x 7.87 x 8.13 cm,0.3,N/A,"Jun 24, 2016",,No,118,Amazon
18.,"BioNike - Defence Hydra Ricca, Crema Idratante Viso con Acido Ialuronico e Olio di Jojoba, Idratazione Immediata e fino a 48H, Effetto Lenitivo ed Emolliente per Pelle Sensibile e Secca, 50ml",B0DT1DTQBK,Cream,https://www.amazon.it/dp/B0DT1DTQBK?psc=1,IT,https://m.media-amazon.com/images/I/61o2ymxkbJL._AC_SX342_.jpg,BioNike,11.04,720,720,300,"8,336.19","8,332.5",191,"1,200",AMZ,6.95,19,4.6,85,7,7,Amazon,Beauty,Large Envelope,AMZ,13.60 x 3.20 x 5.00 cm,0.07,N/A,"Jan 28, 2025",,No,15,Amazon
19.,"Dermovitamina Calmilene Extreme Face Cream – Moisturizing Face Cream – For Dry, Sensitive and Allergic Tendency Skin – Against Redness – With Vitamin E, Bisabolol and Probiotics – 50 ml",B09JZVV9NL,Check,https://www.amazon.it/dp/B09JZVV9NL?psc=1,IT,https://m.media-amazon.com/images/I/71PvNMYoUuL._AC_SY355_.jpg,Dermovitamina,18.9,380,380,200,"5,019.7","5,019.56",185,"3,387",AMZ,5.92,10,4.3,197,7,14,Amazon,Beauty,Large Envelope,AMZ,12.30 x 3.70 x 4.90 cm,0.07,N/A,"Oct 25, 2021",,No,54,Amazon
20.,"Neutrogena Hydro Boost Cream Gel, Lightweight Gel Face Cream, Hyaluronic Acid Face Cream for Intense Hydration, Ideal for Dry and Sensitive Skin, 50ml",B01M4LCLK3,Check,https://www.amazon.it/dp/B01M4LCLK3?psc=1,IT,https://m.media-amazon.com/images/I/71+O9eVdxxL._AC_SY355_.jpg,Neutrogena,17.99,"4,468","1,686",700,"69,063.11","21,898.45",150,104,AMZ,5.98,36,4.3,"4,911",11,N/A,Amazon,Beauty,Small Parcel,AMZ,7.20 x 6.50 x 6.60 cm,0.13,N/A,"Oct 31, 2016",,No,114,Amazon
24.,"Dermovitamina Ragadi Foot Cream – Regenerating Conditioner – Against Cracking, Fissuration and Extreme Dryness – Cracked Dry Feet Cream – Barrier Effect – 75 ml",B079GLTJSC,Check,https://www.amazon.it/dp/B079GLTJSC?psc=1,IT,https://m.media-amazon.com/images/I/51PAEBMzoVL._AC_SY355_.jpg,Dermovitamina,13.5,636,636,200,"5,802.88","5,796.56",160,"2,725",AMZ,4.11,4,4.3,374,6,5,Amazon,Beauty,Large Envelope,AMZ,22.40 x 3.90 x 14.40 cm,0.07,N/A,"Jan 31, 2018",Sponsored Brand Video,No,99,Amazon
25.,"Bioderm Dermocrema - Nutrimento Intenso per Pelle Secche, Sensibili e Squamosa - Crema Idratante Mani e Corpo con Burro di Karitè - Crema Dermoattiva per Pelli Asfittiche - 200ml",B0CRLC93ZX,Check,https://www.amazon.it/dp/B0CRLC93ZX?psc=1,IT,https://m.media-amazon.com/images/I/511zFXF9S5L._AC_SY355_.jpg,BIODERM BIODERMOCOSMETICI,14.99,582,137,50,"10,501.96","1,839.34",178,982,AMZ,6.98,1,4.4,541,8,9,Amazon,Beauty,Extra Large Envelope,AMZ,16.60 x 4.70 x 7.80 cm,0.21,N/A,"Jan 5, 2024",,No,27,Amazon
26.,"Dermovitamina Calmilene Moisturizing Fluid, 500 ml, Face and Body Cream - Daily Hydration - Dry, Very Dry and Sensitive Skin - 99% Natural Origin Ingredients - For Adults and Children",B07NCZ5VDS,Cream,https://www.amazon.it/dp/B07NCZ5VDS?psc=1,IT,https://m.media-amazon.com/images/I/610ZfOQQIjL._AC_SY355_.jpg,Dermovitamina,17.9,689,520,200,"8,411.03","6,803.76",183,"2,010",AMZ,6.15,5,4.5,983,8,31,Amazon,Beauty,Extra Large Envelope,AMZ,20.60 x 4.40 x 6.60 cm,0.54,N/A,"Feb 4, 2019",,No,86,Amazon
32.,"VITAMINDERMINA Restorative Moisturising Cream 400ml - Dry, Sensitive, Atopic Skin - With 5 Ceramides, Vitamin Complex, Hyaluronic Acid - Soothing and Soothing - Babies, Children, Adults",B0BM7K4GR2,Cream,https://www.amazon.it/dp/B0BM7K4GR2?psc=1,IT,https://m.media-amazon.com/images/I/61w5fYLZJPL._AC_SY355_.jpg,VITAMINDERMINA,20.9,"1,058","1,058",600,"13,741.24","13,730.55",185,976,AMZ,6.9,22,4.5,210,1,12,Amazon,Beauty,Small Parcel,AMZ,10.00 x 7.90 x 9.70 cm,0.46,N/A,"Nov 8, 2022",,No,41,Amazon
33.,"Eucerin pH5 Cream 75ml, Face & Body Moisturiser for Long Lasting Hydration and Stronger Skin, Multi-purpose Moisturizing Formula with Dexpanthenol and Glycerin for Dry and Sensitive Skin",B07CZ97RQX,Cream,https://www.amazon.it/dp/B07CZ97RQX?psc=1,IT,https://m.media-amazon.com/images/I/618DWz5rXpL._AC_SY355_.jpg,Eucerin,9.83,181,181,50,"2,192.85","2,191.6",186,"5,370",AMZ,5.39,15,4.7,429,7,3,Amazon,Beauty,Small Parcel,AMZ,11.80 x 6.30 x 6.40 cm,0.11,N/A,"May 17, 2018",,No,95,Amazon
35.,"Cetaphil Moisturising Fluid, Face and Body Cream, for Normal, Dry and Sensitive Skin, Hydrates Up to 48 Hours, Fragrance Free, 8 oz",B0CDXTHHP9,Check,https://www.amazon.it/dp/B0CDXTHHP9?psc=1,IT,https://m.media-amazon.com/images/I/61QDrsSCOeL._AC_SY355_.jpg,Cetaphil,7.32,"1,095",522,200,"14,439.27","4,378.08",131,"1,072",AMZ,4.73,9,4.6,165,5,N/A,Amazon,Beauty,Large Envelope,AMZ,15.60 x 3.80 x 8.20 cm,0.27,N/A,"Dec 15, 2023",,No,28,Amazon
37.,"Dermovitamina Calmilene Moisturizing Cream 500 ml – Body Cream with Prolonged Action, Nourishing, Liporestitutive and Soothing, with Vitamin E and Ceramides – Suitable for Adults and Children",B01BDOIOHW,Check,https://www.amazon.it/dp/B01BDOIOHW?psc=1,IT,https://m.media-amazon.com/images/I/51pafQyx+4L._AC_SY355_.jpg,Dermovitamina,18.9,"3,200","3,176","2,000","35,661.51","35,584.39",191,76,AMZ,5.31,15,4.5,"3,828",8,25,Amazon,Beauty,Extra Large Envelope,AMZ,22.00 x 6.00 x 6.20 cm,0.55,N/A,"Jan 29, 2016",,No,123,Amazon
38.,"Rilastil Xerolact Repair Hand Cream, Restoring, Nourishing and Protective Treatment with Shea Butter for Sensitive Skin, Very Dry, 30 ml",B0759PFNP6,Cream,https://www.amazon.it/dp/B0759PFNP6?psc=1,IT,https://m.media-amazon.com/images/I/61bLL7sh8cL._AC_SY445_.jpg,Rilastil,2.84,"4,621","4,621","3,000","15,855.37","15,853.52",136,105,AMZ,3.94,22,4.5,"2,548",7,50,Amazon,Beauty,Standard Envelope,AMZ,12.20 x 2.20 x 3.50 cm,0.04,N/A,"Nov 8, 2016",,No,113,Amazon
39.,"Aveeno Daily Moisturising Moisturising Cream, 48 Hour Moisturizing Body Cream with Prebiotic Colloidal Oat, Body Cream for Normal, Dry and Sensitive Skin, Fragrance Free Body Lotion, 200ml",B00DM8KEXU,Check,https://www.amazon.it/dp/B00DM8KEXU?psc=1,IT,https://m.media-amazon.com/images/I/61XnHPuFlUL._AC_SY355_.jpg,Aveeno,9.75,"1,206",863,200,"14,438.19","9,843.43",188,"1,388",AMZ,6.37,22,4.5,"6,856",7,38,Amazon,Beauty,Extra Large Envelope,AMZ,18.00 x 4.70 x 7.60 cm,0.22,N/A,"Dec 10, 2011",,No,172,Amazon
40.,Dermovitamina Moisturizing Body Butter – Hydration up to 48 Hours – Body Cream – Dry and Sensitive Skin – Rich Texure – Fast Absorption – Delicate Coconut and Vanilla Scent – Calmilene – 400 ml,B0D62WRJKG,Check,https://www.amazon.it/dp/B0D62WRJKG?psc=1,IT,https://m.media-amazon.com/images/I/51zCj7RN8eL._AC_SY355_.jpg,Dermovitamina,21,202,202,100,"3,215.89","3,215.36",193,"3,054",AMZ,7.83,12,4.5,179,8,3,Amazon,Beauty,Small Parcel,AMZ,9.30 x 8.20 x 9.10 cm,0.45,N/A,"Jun 4, 2024",,No,22,Amazon
41.,"NIVEA Nourishing Body Cream, 500 ml, Body Moisturising Cream 72h Enriched with Pure Hyaluronic Acid, Almond Oil and Intense Nourishing Serum, Moisturizing Body Cream Dry or Very Dry Skin",B0D94KM62D,Check,https://www.amazon.it/dp/B0D94KM62D?psc=1,IT,https://m.media-amazon.com/images/I/510Jj62RANL._AC_SY355_.jpg,NIVEA,7.99,"1,538","1,538",900,"8,328.2","8,318.56",186,634,AMZ,4.09,6,4.7,418,8,24,Amazon,Beauty,Extra Large Envelope,AMZ,24.40 x 4.90 x 7.70 cm,0.54,N/A,"Jul 9, 2024",,No,21,Amazon
42.,"Aveeno Daily Mosturising Yogurt Moisturizing Body Cream, Honey and Apricot Scented Body Cream, Dry Skin Moisturizing Body Cream with Oats and Greek Yogurt, 300ml",B084TH67M4,Check,https://www.amazon.it/dp/B084TH67M4?psc=1,IT,https://m.media-amazon.com/images/I/61IdPt4q7cL._AC_SY355_.jpg,Aveeno,15.5,290,290,100,"2,731.74","2,728.99",161,"1,844",AMZ,4.01,15,4.5,500,7,6,Amazon,Beauty,Large Envelope,AMZ,20.00 x 4.00 x 8.56 cm,0.34,N/A,"May 11, 2019",,No,83,Amazon
43.,"Mixa Anti-Stain Moisturising Cream for Dry and Dull Skin, Moisturized Skin for 48H, Bright, Uniform Skin with 9% Niacinamide, Vitamin C and Shea Butter, Niacinamide Bright, 400ml",B0DQLMXW1C,Check,https://www.amazon.it/dp/B0DQLMXW1C?psc=1,IT,https://m.media-amazon.com/images/I/718AdG9LyxL._AC_SY355_.jpg,Mixa,7.99,"3,752","3,752","1,000","24,983.08","24,963.08",178,59,AMZ,5.43,8,4.5,"1,705",7,98,Amazon,Beauty,Small Parcel,AMZ,9.00 x 8.90 x 9.00 cm,0.46,N/A,"Dec 16, 2024",,No,16,Amazon
50.,"La Roche-Posay Toleriane Sensitive Moisturizing Face Cream, Suitable for Sensitive Skin, Soothing Action, Up to 48H Hydration, Formula with Glycerin, Vitamin B3, Ceramide, Thermal Water, 40 ml",B07942ZQBT,Cream,https://www.amazon.it/dp/B07942ZQBT?psc=1,IT,https://m.media-amazon.com/images/I/61BIKMUzBEL._AC_SX342_.jpg,La Roche-Posay,15.9,"2,235","2,235","1,000","35,529.26","35,506.78",192,209,AMZ,6.33,1,4.6,"4,424",1,97,Amazon,Beauty,Large Envelope,AMZ,12.30 x 3.30 x 4.70 cm,0.08,N/A,"Jan 18, 2018",,No,99,Amazon
52.,"La Roche-Posay Cicaplast Baume B5+, Balsamo Viso e Corpo Riparatore, Adatto a Pelli Secche e Sensibili, Azione Anti-rossore, Effetto Lenitivo, Formula con Tribioma e Prodotti Correlati",B00ST2GSRK,Cream,https://www.amazon.it/dp/B00ST2GSRK?psc=1,IT,https://m.media-amazon.com/images/I/61Zwid5oRCL._AC_SX342_.jpg,La Roche-Posay,9,"16,818","9,718","5,000","198,213.83","87,465.52",184,8,AMZ,4.07,1,4.6,"19,153",13,969,Amazon,Beauty,Large Envelope,AMZ,12.15 x 3.20 x 4.75 cm,0.05,N/A,"May 19, 2014",,No,143,Amazon
53.,"Eucerin pH5 Extra Light Moisturising Body Emulsion 400 ml, Body Moisturising Cream with Dexpanthenol and Glycerin with Fast Absorption Texture, Suitable for Dry and Sensitive Skin",B07CVTY4R2,Cream,https://www.amazon.it/dp/B07CVTY4R2?psc=1,IT,https://m.media-amazon.com/images/I/61mSx0dyWSL._AC_SY355_.jpg,Eucerin,8.93,114,114,50,"1,064.1","1,063.54",179,"3,967",AMZ,4.01,14,4.7,117,8,7,Amazon,Beauty,Large Envelope,AMZ,21.60 x 3.90 x 8.30 cm,0.46,N/A,"May 17, 2018",,No,95,Amazon
54.,"CeraVe Crema Idratante Viso SPF 50, Per Pelli da Normali a Secche, Idratazione Profonda, Ad Assorbimento Rapido, Con Protezione Solare SPF 50 e Acido Ialuronico e Routine Correlate a Questo Prodotto",B09XN22JBT,Other,https://www.amazon.it/dp/B09XN22JBT?psc=1,IT,https://m.media-amazon.com/images/I/616jwYu+yyL._AC_SX342_.jpg,CeraVe,13.99,"7,977","7,977","4,000","114,239.38","114,195.47",198,24,AMZ,6.04,1,4.6,"8,566",6,343,Amazon,Beauty,Large Envelope,AMZ,14.20 x 3.70 x 4.80 cm,0.07,N/A,"Jun 9, 2022",,No,46,Amazon
55.,"La Roche-Posay Nutritic Intense Riche Intensive Nourishing and Replenishing Treatment for Dry to Very Dry Skin, Soothes and Protects, with MP Lipids, Glycerin and Shea Butter, 50 ml",B00B5AN3M6,Check,https://www.amazon.it/dp/B00B5AN3M6?psc=1,IT,https://m.media-amazon.com/images/I/510rKIt5GOL._AC_SX342_.jpg,La Roche-Posay,22.5,583,583,300,"14,605.51","14,602.07",181,"1,071",AMZ,8.53,1,4.4,"1,744",1,41,Amazon,Beauty,Extra Large Envelope,AMZ,6.50 x 5.70 x 6.40 cm,0.18,N/A,"Feb 19, 2013",,No,158,Amazon
56.,"Aveeno Daily Moisturising Moisturising Cream, Perfume-free Moisturising Body Cream, Body & Face Moisturiser for Dry and Sensitive Skin, Prebiotic Colloidal Oat Body Lotion, 100ml",B01D8VR19U,Check,https://www.amazon.it/dp/B01D8VR19U?psc=1,IT,https://m.media-amazon.com/images/I/71ljvsLazmL._AC_SY355_.jpg,Aveeno,10.82,290,148,100,"2,998.18","1,732.77",178,"1,326",AMZ,6.73,20,4.6,273,7,N/A,Amazon,Beauty,Extra Large Envelope,AMZ,15.10 x 4.60 x 5.70 cm,0.12,N/A,"Mar 6, 2016",,No,121,Amazon
58.,"Dermovitamina Calmilene Sensicream Cleanser – Face and Body Cleanser – Soap Free – For Dry, Sensitive Skin with Atopic Tendency, Dermatitis, Psoriasis – with Vitamin E and Calmilene – 250 ml",B01N4UBFVK,Wash,https://www.amazon.it/dp/B01N4UBFVK?psc=1,IT,https://m.media-amazon.com/images/I/618vjoTBFsL._AC_SY355_.jpg,Dermovitamina,5.53,"1,002",210,100,"9,504.69","1,262.83",190,907,AMZ,5.07,8,4.6,789,5,10,Amazon,Beauty,Extra Large Envelope,AMZ,20.00 x 5.00 x 8.00 cm,0.28,N/A,"Feb 2, 2017",,No,110,Amazon
59.,"NIVEA Repair & Care Urea 400ml Moisturizing Body Cream - Very Dry, Rough & Cracked Skin - All Purpose Body Face & Hand Nourishing Cream 72H with 18% Glycerin, Provitamin B5 & Urea",B0D81KML5N,Check,https://www.amazon.it/dp/B0D81KML5N?psc=1,IT,https://m.media-amazon.com/images/I/71-1kaa0jPL._AC_SY355_.jpg,NIVEA,5.62,508,508,700,"3,393.02","3,389.51",179,684,AMZ,5.54,10,4.5,772,9,31,Amazon,Beauty,Small Parcel,AMZ,9.50 x 9.00 x 9.00 cm,0.46,N/A,"Jun 25, 2024",,No,22,Amazon
60.,"CeraVe Intensive Moisturising Cream for Very Dry Skin and Itchy Feeling, Soothing Action and Immediate Relief, 3 Essential Ceramides and 5% Hydro-Urea, 340 g",B0FHQ1Z14S,Cream,https://www.amazon.it/dp/B0FHQ1Z14S?psc=1,IT,https://m.media-amazon.com/images/I/61r1bQxXq9L._AC_SX342_.jpg,CeraVe,21.5,"1,151","1,151",600,"22,622.15","22,618.19",157,805,AMZ,7.18,6,4.4,120,6,38,Amazon,Beauty,Small Parcel,AMZ,9.30 x 7.40 x 9.20 cm,0.39,N/A,"Sep 20, 2025",,No,7,Amazon
62.,"Aveeno Daily Moisturizing Cream Oil, Moisturizing Body Cream with Sweet Almond Oil and Oats, Nourishing Body Cream, Moisturizing Body Cream Dry and Sensitive Skin, 300 ml",B085CZ5HF8,Check,https://www.amazon.it/dp/B085CZ5HF8?psc=1,IT,https://m.media-amazon.com/images/I/61ZN3+xihAL._AC_SY355_.jpg,Aveeno,6.67,215,194,100,"2,916.43","2,603.06",170,"4,331",AMZ,6.17,20,4.6,958,7,N/A,,Beauty,Extra Large Envelope,AMZ,20.00 x 4.50 x 8.40 cm,0.34,N/A,"Feb 26, 2020",,No,74,
64.,"NIVEA Velvety Body Cream, 500 ml, Body Moisturising Cream 72h Enriched with Pure Hyaluronic Acid, Shea Butter and Intense Nourishing Serum, Body Cream Moisturizing Dry Skin",B0D94MT1WK,Check,https://www.amazon.it/dp/B0D94MT1WK?psc=1,IT,https://m.media-amazon.com/images/I/51fztYD3YwL._AC_SY355_.jpg,NIVEA,7.99,469,469,200,"2,646.06","2,642.06",172,"1,965",AMZ,4.01,7,4.6,302,8,15,Amazon,Beauty,Extra Large Envelope,AMZ,24.10 x 4.40 x 8.00 cm,0.53,N/A,"Jul 9, 2024",,No,21,Amazon
65.,"CLINIANS | Hydra Plus Light Moisturizing Face Cream, Dermatologically Tested, Made in Italy, 50 ml",B0D52F2KY5,Check,https://www.amazon.it/dp/B0D52F2KY5?psc=1,IT,https://m.media-amazon.com/images/I/61gy+KMpfCL._AC_SY355_.jpg,CLINIANS,3.89,"1,863","1,863",900,"6,846.44","6,842.42",98,356,AMZ,4.21,3,4.6,521,2,21,Amazon,Beauty,Small Parcel,AMZ,8.30 x 7.90 x 8.20 cm,0.21,N/A,"May 24, 2024",,No,23,Amazon
67.,"Rilastil Xerolact Repair Hand Cream, Restoring, Nourishing and Protective Treatment with Shea Butter for Sensitive Skin, Very Dry, Pack of 100 ml",B0BPY3HJTM,Cream,https://www.amazon.it/dp/B0BPY3HJTM?psc=1,IT,https://m.media-amazon.com/images/I/61cwIB4v4RL._AC_SY445_.jpg,Rilastil,4.36,"1,889","1,889","1,000","17,550.54","17,550.07",145,513,AMZ,4.11,13,4.6,943,6,49,,Beauty,Large Envelope,AMZ,17.40 x 3.70 x 5.00 cm,0.11,N/A,"Dec 13, 2022",,No,40,
69.,"Beauty of Joseon Dynasty Face Moisturizing Cream for Dry and Sensitive Skin, Korean Skin Care for Men and Women, 100 ml, 3.38 Fl.Oz",B0CVKM5MMH,Check,https://www.amazon.it/dp/B0CVKM5MMH?psc=1,IT,https://m.media-amazon.com/images/I/61-6-j57zPL._AC_SY355_.jpg,Beauty of Joseon,38.94,593,407,200,"16,643.45","11,564.62",131,"2,099",AMZ,8.64,16,4.5,"6,680",9,209,Amazon,Beauty,Extra Large Envelope,AMZ,17.90 x 4.20 x 4.20 cm,0.1,N/A,"Oct 12, 2024",,No,18,Amazon
73.,"Bioderm Dermoleato - Olio da Massaggio Professionale - Idratante con Estratti Naturali - Efficace per il trattamento di Cicatrici, Smagliature e Pelle Secca - Azione Rivitalizzante - 300 ml",B0CZ4G29B4,Check,https://www.amazon.it/dp/B0CZ4G29B4?psc=1,IT,https://m.media-amazon.com/images/I/41q6iq9qJgL._AC_SY355_.jpg,BIODERM BIODERMOCOSMETICI,25.71,99,99,50,"1,615.67","1,614.86",189,"9,827",AMZ,9.25,1,4.4,242,6,0,Amazon,Beauty,Small Parcel,AMZ,16.10 x 6.30 x 6.40 cm,0.32,N/A,"Mar 26, 2024",Sponsored Brand Video,No,25,Amazon
9.,"Rilastil Xerolact Dry Skin Protective Cleansing Oil, Special Price, 1000 ml",B0CBKDC7JY,Wash,https://www.amazon.it/dp/B0CBKDC7JY?psc=1,IT,https://m.media-amazon.com/images/I/61TP-hpUQPL._AC_SY355_.jpg,Rilastil,15.49,"3,416","3,416","2,000","55,039.98","55,021.39",75,302,AMZ,7.95,16,4.6,166,3,62,Amazon,Beauty,Small Parcel,AMZ,24.80 x 8.20 x 8.30 cm,1.17,N/A,"Jul 20, 2022",,No,45,Amazon
10.,"La Roche-Posay Lipikar AP+ Cleansing Oil, for Dry Skin with Atopic Eczema Tendency, Anti-Inflammatory and Anti-Itching, Enriched with Aqua Posae Filiformis and Niacinamide, 1L",B0DJPB34JN,Wash,https://www.amazon.it/dp/B0DJPB34JN?psc=1,IT,https://m.media-amazon.com/images/I/51cgRDTF18L._AC_SX342_.jpg,La Roche-Posay,23.9,"1,581","1,581",900,"37,772.59","37,756.93",175,384,AMZ,8.69,1,4.6,511,1,18,Amazon,Beauty,Small Parcel,AMZ,22.40 x 8.70 x 8.80 cm,1.14,N/A,"Nov 5, 2025",,No,5,Amazon
11.,"Eucerin Atopi Control Soothing Cleansing Oil 400ml, Body Cleansing Oil for Daily Use, Shower Oil with 60% Natural Oils for Dry, Irritated and Atopic Dermatitis Skin",B07CJDK8D8,Wash,https://www.amazon.it/dp/B07CJDK8D8?psc=1,IT,https://m.media-amazon.com/images/I/61Y4L6OHm2L._AC_SY355_.jpg,Eucerin,13.11,"1,056",969,500,"19,218.54","15,491.21",164,942,AMZ,7.33,24,4.6,644,8,25,Amazon,Beauty,Large Envelope,AMZ,21.90 x 3.50 x 8.30 cm,0.44,N/A,"Mar 30, 2018",,No,97,Amazon
21.,"VITAMINDERMINA Restorative Cleansing Oil 500ml - Body Wash - For Dry, Very Dry, Sensitive, Atopic Prone Skin - Soothing and Antipruritic - For Babies, Children and Adults",B0BWVNBNYM,Wash,https://www.amazon.it/dp/B0BWVNBNYM?psc=1,IT,https://m.media-amazon.com/images/I/61Kd0rKEFRL._AC_SY355_.jpg,VITAMINDERMINA,10.89,624,624,300,"6,511.11","6,505.48",170,451,AMZ,5.74,18,4.6,32,1,10,Amazon,Baby Products,Small Parcel,AMZ,21.80 x 6.20 x 6.40 cm,0.6,N/A,"Feb 25, 2023",,No,38,Amazon
22.,"Uriage Xemose C8+ Soothing Washing Oil, 1000 ml",B00P9YV0Z6,Wash,https://www.amazon.it/dp/B00P9YV0Z6?psc=1,IT,https://m.media-amazon.com/images/I/71KTsnhUrPL._AC_SY355_.jpg,Uriage,25.9,"1,159",205,200,"18,254.48","3,300.71",47,649,FR,6.85,33,4.6,"5,693",8,124,Parasanteonline,Beauty,Small Parcel,MFN,24.21 x 7.70 x 8.10 cm,1.21,N/A,"Aug 27, 2014",,No,140,Parasanteonline
23.,SVR Topialyse Washing Oil 1 Litre,B09D8SW19S,Wash,https://www.amazon.it/dp/B09D8SW19S?psc=1,IT,https://m.media-amazon.com/images/I/61pEzoLLLyL._AC_SY355_.jpg,SVR,23.9,706,706,400,"11,295.43","11,291.67",33,"1,353",N/A,6.1,26,4.6,"1,121",8,43,FARMACIA MARCONI DEL DOTT. MARCHESE MARIO GIUSTINO,Beauty,Small Parcel,MFN,23.40 x 8.30 x 8.40 cm,1.17,N/A,"Aug 20, 2021",,No,56,FARMACIA MARCONI DEL DOTT. MARCHESE MARIO GIUSTINO
24.,Dermovitamina Sensioil 1L – Gentle Shower Oil – Sensitive Skin Washing Oil – High Tolerability – Makeup Remover and Soothing Action – Skin Softness – For The Whole Family,B0DJ9TD4YP,Check,https://www.amazon.it/dp/B0DJ9TD4YP?psc=1,IT,https://m.media-amazon.com/images/I/61woivFq25L._AC_SY355_.jpg,Dermovitamina,12.21,"1,248",742,300,"21,683.75","14,664.2",170,670,AMZ,6.54,14,4.6,639,7,21,Amazon,Beauty,Small Parcel,AMZ,26.20 x 7.80 x 8.00 cm,1.09,N/A,"Oct 4, 2024",,No,18,Amazon
26.,"BioNike Triderm A.D. Soothing Shower Oil, Micellar Body Cleanser with Panthenol, Sorbitol and Vitamin E, Reduces Dryness, Itching and Redness for Atopic Tendency Skin, 500 ml",B0DGGYPV7H,Wash,https://www.amazon.it/dp/B0DGGYPV7H?psc=1,IT,https://m.media-amazon.com/images/I/51Tq3DEsxoL._AC_SY355_.jpg,BioNike,25.9,472,472,200,"9,311.86","9,307.88",174,"1,903",AMZ,7.88,10,4.6,52,3,11,Amazon,Beauty,Small Parcel,AMZ,16.50 x 6.70 x 7.00 cm,0.62,N/A,"Sep 9, 2024",,No,19,Amazon
28.,"Mustela Stelatopia Bath Oil for Skin with Extreme Dryness or Atopic Dermatitis, Body and Hair, Babies, Children, Whole Family, Daily Cleansing, Replenishes Skin Lipids (500 ml)",B07YPQ8B63,Wash,https://www.amazon.it/dp/B07YPQ8B63?psc=1,IT,https://m.media-amazon.com/images/I/61A32zg3oXL._AC_SY355_.jpg,Mustela,23.8,327,327,200,"5,992.84","5,990.95",176,573,N/A,6.63,32,4.6,751,12,17,,Baby Products,Extra Large Envelope,FBA,22.90 x 5.50 x 7.70 cm,0.57,N/A,"Oct 11, 2019",,No,78,
32.,"URIAGE XÉMOSE C8+ Body Wash for Dry Skin, Atopic Tendency I Soothes for Long-Lasting Comfort, Nourishing Gel Oil Texture with Light Foam I Face and Body I Unscented and Soap Free",B06XXWTV3H,Wash,https://www.amazon.it/dp/B06XXWTV3H?psc=1,IT,https://m.media-amazon.com/images/I/71H2h7cq2pL._AC_SY355_.jpg,Uriage,20.9,"1,159",287,200,"18,254.48","5,119.17",178,713,PL,7.68,34,4.6,"5,693",8,72,Recosmo,Beauty,Small Parcel,FBA,20.50 x 6.30 x 6.40 cm,0.62,N/A,"May 11, 2017",,No,107,Recosmo
33.,"Calmilene Dry Oil Spray 200 ml – Spray with Body and Face Oil – For Sensitive Skin and Dermatitis – 5 Functional Oils – Rich in Omega 3, Omega 6, Ceramide and Vitamin E – Dermovitamina",B07HBGV2MF,Oil,https://www.amazon.it/dp/B07HBGV2MF?psc=1,IT,https://m.media-amazon.com/images/I/51jRO6rmTWL._AC_SY355_.jpg,Dermovitamina,15.42,293,293,100,"3,774.58","3,772.25",184,"2,465",AMZ,5.22,5,4.4,352,8,2,Amazon,Beauty,Large Envelope,AMZ,17.27 x 3.30 x 4.57 cm,0.16,N/A,"Sep 12, 2018",,No,91,Amazon
36.,BioNike Triderm Oiled Bath 500 ml,B00D3HVVLY,Check,https://www.amazon.it/dp/B00D3HVVLY?psc=1,IT,https://m.media-amazon.com/images/I/61GKixeZpYL._AC_SY445_.jpg,BioNike,11.77,352,352,100,"6,830.79","6,828.79",33,"2,331",AMZ,7.85,16,4.5,787,9,3,,Beauty,Small Parcel,AMZ,19.40 x 6.30 x 6.40 cm,0.49,N/A,"Feb 5, 2014",,No,146,
37.,"Aveeno Skin Relief Body Oil Spray, Body Oil Moisturizing Dry and Sensitive Skin, Body Oil Dermatologically Tested with Natural Origin Ingredients and Oats and Jojoba Oils, 200ml",B0DR8VV2H1,Oil,https://www.amazon.it/dp/B0DR8VV2H1?psc=1,IT,https://m.media-amazon.com/images/I/619P04wokmL._AC_SY355_.jpg,Aveeno,10.5,196,121,N/A,"3,360.98","1,789.92",177,"2,192",AMZ,4.38,12,4.3,154,8,N/A,,Beauty,Extra Large Envelope,AMZ,18.70 x 4.40 x 4.50 cm,0.22,N/A,"Jan 16, 2025",,No,15,
38.,Dermovitamina Sensioil 400 ml – Gentle Shower Oil – Sensitive Skin Washing Oil – High Tolerability – Makeup Remover and Soothing Action – Skin Softness – For The Whole Family,B0DVCH8DZF,Check,https://www.amazon.it/dp/B0DVCH8DZF?psc=1,IT,https://m.media-amazon.com/images/I/61bpHvQun2L._AC_SY355_.jpg,Dermovitamina,12.21,"1,248",402,200,"21,683.75","5,970.66",174,670,AMZ,6.41,8,4.6,639,8,21,Amazon,Beauty,Extra Large Envelope,AMZ,20.00 x 5.80 x 5.90 cm,0.45,N/A,"Jan 29, 2025",,No,15,Amazon
40.,"Euphidra - AmidoMio Body Oil, Moisturizing and Gentle Action, Ideal for Babies and Adults, Light to Quick Absorption, Deep Hydrates, 200 ml Bottle",B01NBI2CSM,Check,https://www.amazon.it/dp/B01NBI2CSM?psc=1,IT,https://m.media-amazon.com/images/I/610om1S4VpL._AC_SY355_.jpg,Euphidra,10.9,402,402,200,"3,023.44","3,019.26",146,"2,474",AMZ,4.19,20,4.8,476,7,5,Amazon,Beauty,Extra Large Envelope,AMZ,14.40 x 4.80 x 7.90 cm,0.21,N/A,"Dec 7, 2016",,No,112,Amazon
41.,ISDIN Ureadin Calm OleoGel (400 ml) | Nourishing Shower Oil Protector Without Soap | For Dry Skin,B01B4QSKQ4,Check,https://www.amazon.it/dp/B01B4QSKQ4?psc=1,IT,https://m.media-amazon.com/images/I/71vXI6qW7GL._AC_SY445_.jpg,ISDIN,18.8,177,177,100,"3,183.87","3,182.28",97,"2,966",AMZ,7.62,9,4.6,664,6,4,Amazon,Beauty,Extra Large Envelope,AMZ,21.60 x 4.90 x 6.60 cm,0.44,N/A,"Feb 16, 2016",,No,122,Amazon
43.,"BioNike Triderm - Olio Doccia Eudermico, Detergente Corpo e Viso per Pelle Secca, Delicato ed Emolliente con Pro-Vitamina B5, Indicato per Pelli Sensibili e Intolleranti, pH Fisiologico",B0D6BJFK4L,Check,https://www.amazon.it/dp/B0D6BJFK4L?psc=1,IT,https://m.media-amazon.com/images/I/41Ju7Pyy2uL._AC_SX342_.jpg,BioNike,22.9,195,179,100,"3,340.43","3,106.15",185,"4,003",AMZ,7.5,14,4.6,38,5,1,Amazon,Beauty,Small Parcel,AMZ,21.20 x 7.70 x 7.80 cm,0.88,N/A,"Jun 6, 2024",,No,22,Amazon
44.,"Rilastil Elasticity Oil, Soothing Body Treatment, Protective and Restitutive, for Inelastic Skin and Cutaneous Scars, 80 ml",B015RK3Y7S,Check,https://www.amazon.it/dp/B015RK3Y7S?psc=1,IT,https://m.media-amazon.com/images/I/61PWq6Yg0dL._AC_SX342_.jpg,Rilastil,12.11,"1,193","1,092",400,"21,355.09","20,007.39",123,"1,024",AMZ,7.49,13,4.6,"1,156",4,19,Amazon,Beauty,Extra Large Envelope,AMZ,19.60 x 4.40 x 5.00 cm,0.16,N/A,"Sep 24, 2015",,No,127,Amazon
49.,"Bioderm Dermolatte Lipo-Restitutive Cleansing Milk with Niacinamide and Hyaluronic Acid – Hydrates, Cleanses, Nourishes – Moisturizing and Gentle Body Cream for Elderly and Infants – 500 ml, Packaging",B06WRR5BYY,Wash,https://www.amazon.it/dp/B06WRR5BYY?psc=1,IT,https://m.media-amazon.com/images/I/61b++O+TFkL._AC_SY355_.jpg,BIODERM BIODERMOCOSMETICI,7.2,385,310,100,"4,880.58","3,998.61",200,"2,314",AMZ,6.93,1,4.5,685,9,0,Amazon,Beauty,Small Parcel,AMZ,19.00 x 6.70 x 7.90 cm,0.54,N/A,"Feb 13, 2017",,No,110,Amazon
51.,"La Roche-Posay Lipikar AP+ Cleansing Shower Oil, for Sensitive Skin, Anti-Redness, Ultra-Hydration, Formula with Aqua Posae Filiformis, Shea Butter, Niacinamide, 400 ml",B07Q6FG1T6,Wash,https://www.amazon.it/dp/B07Q6FG1T6?psc=1,IT,https://m.media-amazon.com/images/I/71ly0UcyTUL._AC_SX342_.jpg,La Roche-Posay,16.44,456,456,200,"7,744.59","7,743.64",168,"1,876",AMZ,6.64,1,4.6,"2,641",2,45,Amazon,Beauty,Extra Large Envelope,AMZ,19.90 x 5.50 x 5.50 cm,0.47,N/A,"Jan 9, 2019",,No,87,Amazon
52.,"La Roche-Posay Lipikar Olio Detergente AP+ Refill Pack, Ricarica Olio Doccia, Per Pelli Sensibili, Anti-Arrossamento, Ultra-Idratante, Con Aqua Posae Filiformis, Burro di Karité, Niacinamide, 400 ml",B08M5T2KCW,Wash,https://www.amazon.it/dp/B08M5T2KCW?psc=1,IT,https://m.media-amazon.com/images/I/61f0QV5wDdL._AC_SX342_.jpg,La Roche-Posay,13.92,455,455,200,"8,133.93","8,129.65",198,"2,059",AMZ,6.26,1,4.6,861,10,42,Amazon,Beauty,Extra Large Envelope,AMZ,17.80 x 5.40 x 12.30 cm,0.44,N/A,"Dec 31, 2008",,No,208,Amazon
53.,"Rilastil Xerolact Protocol Atopic Dermatitis, Xerolact Soothing PB Balm, 400 ml + Xerolact Moisturizing Cleansing Oil, 100 ml",B0DT7FP4P3,Wash,https://www.amazon.it/dp/B0DT7FP4P3?psc=1,IT,"https://m.media-amazon.com/images/I/61E-lT3yBjL._AC_SY445_PIbundle-2,TopRight,0,0_SH20_.jpg",Rilastil,23.17,47,47,N/A,"1,273.66","1,273.22",125,"38,743",IT,8.63,4,4.5,78,2,2,Fratelli Azzaro,Beauty,Extra Large Envelope,MFN,20.40 x 5.50 x 9.30 cm,0.59,N/A,"Jan 16, 2025",,No,15,Fratelli Azzaro
55.,"BioNike Triderm A.D. Cleansing Cream for Body and Hair with Glycerin and Sweet Almond Oil, Reduces Dryness, Irritation and Itching, for Atopic Tendency Skin, 400 ml",B07MYPGDBG,Wash,https://www.amazon.it/dp/B07MYPGDBG?psc=1,IT,https://m.media-amazon.com/images/I/61zcMdGMLWL._AC_SY445_.jpg,BioNike,14.25,104,104,50,"1,941.42","1,941.28",164,"28,082",AMZ,7.32,4,4.7,401,6,1,Amazon,Beauty,Extra Large Envelope,AMZ,21.20 x 6.00 x 6.00 cm,0.62,N/A,"Jan 19, 2019",,No,87,Amazon
56.,"Mixa Replenishing Body Lotion for Sensitive and Atopic Tendency Skin, Soothed and Itchless Skin for 48H, with 10% Panthenol and Glycerine, Fragrance Free, Panthenol Comfort, 250 ml",B0D45MKPVN,Check,https://www.amazon.it/dp/B0D45MKPVN?psc=1,IT,https://m.media-amazon.com/images/I/41JX2lyVAqL._AC_SY355_.jpg,Mixa,4.09,"2,108",286,200,"14,684.45","1,346.8",180,974,AMZ,4.74,7,4.3,806,8,N/A,Amazon,Beauty,Large Envelope,AMZ,20.20 x 2.90 x 7.20 cm,0.28,N/A,"May 15, 2024",,No,23,Amazon
60.,"URIAGE XÉMOSE C8+ Anti-Itch Body Cream for Dry Skin with Atopic Tendency | Soothes from the first application, 48 hour anti-recurrence action. Nourishing Face and Body Balm I Fragrance Free",B07JDLL4LP,Cream,https://www.amazon.it/dp/B07JDLL4LP?psc=1,IT,https://m.media-amazon.com/images/I/61A6-pcTF0L._AC_SY355_.jpg,Uriage,26.2,755,755,400,"17,871.16","17,868.9",189,"1,381",PL,9.36,27,4.5,"1,496",7,57,Recosmo,Beauty,Small Parcel,MFN,20.50 x 6.60 x 6.70 cm,0.53,N/A,"Sep 29, 2018",,No,91,Recosmo
64.,"Dermovitamina Calmilene Clin Atop - Body and Face Emulsion - For Atopic Dermatitis and Xerosis, Dry Skin, Itching, Redness - 99% Natural Origin Ingredients - 400 ml",B0855L4RDH,Cream,https://www.amazon.it/dp/B0855L4RDH?psc=1,IT,https://m.media-amazon.com/images/I/51DGuatbN0L._AC_SY355_.jpg,Dermovitamina,13.09,314,314,100,"4,633.94","4,632.85",164,"3,629",AMZ,6.49,7,4.4,575,5,12,Amazon,Beauty,Extra Large Envelope,AMZ,22.20 x 5.50 x 9.30 cm,0.43,N/A,"Feb 26, 2020",,No,74,Amazon
65.,"CeraVe Foaming Cleansing Oil for Dry and Very Dry Skin, Moisturizing and Soothing Action, Removes Sebum and Impurities, with 3 Essential Ceramides, Triglycerides and Vegan Squalan, 473 ml",B0967LDZ7R,Check,https://www.amazon.it/dp/B0967LDZ7R?psc=1,IT,https://m.media-amazon.com/images/I/71NqTsyvr8L._AC_SX342_.jpg,CeraVe,16.99,"1,025","1,025",500,"17,650.75","17,648.02",187,"1,063",AMZ,6.72,1,4.6,"6,215",6,91,Amazon,Beauty,Extra Large Envelope,AMZ,18.80 x 4.80 x 8.40 cm,0.54,N/A,"Nov 17, 2021",,No,53,Amazon
66.,"La Roche-Posay Lipikar Syndet AP+ Refill, Ricarica Gel Doccia Corpo, Adatto a Pelle Atopica, Ultra-Delicato, Effetto Lenitivo, Formula con Aqua Posae Filiformis, Burro di Karité, Niacinamide, 400 ml",B08M5DXF9Z,Wash,https://www.amazon.it/dp/B08M5DXF9Z?psc=1,IT,https://m.media-amazon.com/images/I/61J0Rc0yBCL._AC_SX342_.jpg,La Roche-Posay,12.25,73,73,N/A,"1,206.81","1,206.31",198,"10,393",N/A,6.79,1,4.7,331,7,11,,Beauty,Small Parcel,MFN,16.30 x 6.30 x 13.60 cm,0.45,N/A,"Feb 19, 2021",,No,62,
67.,"Eucerin pH5 Shower Cleansing Oil 200 ml, Body Cleansing Oil with Natural Oils for a Gentle Daily Cleansing, Shower Oil Dry and Sensitive Skin for the Whole Family",B07CVV9HPQ,Check,https://www.amazon.it/dp/B07CVV9HPQ?psc=1,IT,https://m.media-amazon.com/images/I/61h-aUt+sgL._AC_SY355_.jpg,Eucerin,6.8,293,293,100,"2,388.14","2,387.9",162,"3,551",AMZ,4.01,12,4.6,285,8,7,Amazon,Beauty,Large Envelope,AMZ,16.50 x 2.90 x 6.80 cm,0.23,N/A,"Dec 31, 2008",,No,208,Amazon
70.,"Mustela Cleansing Bath Oil with Organic Avocado Perseose, Body and Hair, Babies and the Whole Family – Does Not Burn to Eyes, Specific for Dry Skin, 98% Ingredients of Natural Origin (500 ml)",B07TCJ785D,Check,https://www.amazon.it/dp/B07TCJ785D?psc=1,IT,https://m.media-amazon.com/images/I/61Cv0adTM7L._AC_SY355_.jpg,Mustela,18.9,632,632,500,"7,745.92","7,742.55",191,99,AMZ,5.39,35,4.7,"1,720",6,31,Amazon,Baby Products,Extra Large Envelope,AMZ,22.70 x 5.60 x 8.30 cm,0.56,N/A,"Aug 29, 2019",,No,80,Amazon
73.,"Barrier Paste Change Cream Diaper with Zinc Oxide – Protective Soothing Paste for the Elderly, Elderly, Disabled and Babies – High Protection Products For Skin Care, White, 150 ml",B08DGB3LHP,Check,https://www.amazon.it/dp/B08DGB3LHP?psc=1,IT,https://m.media-amazon.com/images/I/61mf1Shp9WL._AC_SY355_.jpg,BIODERM BIODERMOCOSMETICI,6.75,"2,646",656,300,"28,872.59","5,525.37",179,40,AMZ,4.25,3,4.7,"1,427",9,47,Amazon,Baby Products,Extra Large Envelope,AMZ,14.70 x 4.70 x 7.20 cm,0.17,N/A,"Jul 21, 2020",Sponsored Brand Video,No,69,Amazon
1.,L'OCCITANE - Almond Shower Oil (Amande Sublime) - Softens and Firms - Made in France,B0GMPB6B4V,Check,https://www.amazon.it/dp/B0GMPB6B4V?psc=1,IT,https://m.media-amazon.com/images/I/61jYX7AxO8L._AC_SX342_.jpg,L'Occitane,32.38,102,38,N/A,"2,055.46","1,424.02",84,"12,724",AMZ,11.4,1,4.9,31,6,22,Amazon,Beauty,Extra Large Envelope,AMZ,19.90 x 5.90 x 8.60 cm,0.55,N/A,"Feb 23, 2026",Sponsored Brand,No,2,Amazon
10.,BIODERMA Atoderm Shower Oil - Soothing and Anti-Irritation Cleanser - Instant Comfort and Hydration for 24 Hours - Sensitive Skin from Very Dry to Irritated - Pump Bottle 1 Litre,B00ZY65OSI,Wash,https://www.amazon.it/dp/B00ZY65OSI?psc=1,IT,https://m.media-amazon.com/images/I/615ZenpkpGL._AC_SY355_.jpg,Bioderma,21.6,"1,508","1,508",700,"29,739.72","29,735.44",178,543,IT,6.1,43,4.6,"30,194",8,259,Farmacia Gaudiana,Beauty,Small Parcel,MFN,21.50 x 7.80 x 10.50 cm,1.17,N/A,"Aug 27, 2015",,No,128,Farmacia Gaudiana
11.,"Biopoint - Softening Bath Oil, Gentle Shower Cleanser with Nourishing Action, Honeyy Texture and Oriental Fragrance, Gives Soft, Elastic, Hydrated Skin, 400 ml",B07PBJWXLH,Check,https://www.amazon.it/dp/B07PBJWXLH?psc=1,IT,https://m.media-amazon.com/images/I/511U6psjboL._AC_SY355_.jpg,BIOPOINT,4.83,610,610,200,"3,590.84","3,584.59",159,"1,675",AMZ,5.4,12,4.4,358,4,10,Amazon,Beauty,Extra Large Envelope,AMZ,19.90 x 5.90 x 8.20 cm,0.48,#3,"Mar 2, 2019",,No,85,Amazon
21.,"Neutro Roberts Shower Oil with Coconut Oil, Great for Delicate Skin, Softening and Protective Formula for Soft and Healthy Skin, Cleanses and Moisturizes, Non-Ointment, 250 ml Bottle",B076M7LGZV,Check,https://www.amazon.it/dp/B076M7LGZV?psc=1,IT,https://m.media-amazon.com/images/I/51ybDl0y2-L._AC_SX342_.jpg,Neutro Roberts,3.49,943,429,200,"2,607.37","1,245.91",182,946,AMZ,3.65,2,4.4,373,7,N/A,Amazon,,Large Envelope,AMZ,17.60 x 3.10 x 7.40 cm,0.28,#2,"Oct 20, 2017",,No,102,Amazon
24.,"Eucerin pH5 Shower Cleansing Oil, 1 L, Body Cleansing Oil with Natural Oils for Gentle Daily Cleansing, Dry and Sensitive Skin Oil for the Whole Family",B0CHJZSFJY,Check,https://www.amazon.it/dp/B0CHJZSFJY?psc=1,IT,https://m.media-amazon.com/images/I/61xjiqfugNL._AC_SX342_.jpg,Eucerin,22.34,611,611,300,"12,984.07","12,980.41",151,"1,009",AMZ,8.11,18,4.8,256,7,18,Amazon,Beauty,Small Parcel,AMZ,25.40 x 6.10 x 17.10 cm,1.06,N/A,"Sep 7, 2023",,No,31,Amazon
34.,"Eucerin pH5 Gentle Shower Gel & Oil 1L, Body Cleansing Oil with Natural Oils for a Gentle and Nourishing Daily Cleansing, Shower Gel Oil Without Soap for Dry and Sensitive Skin",B0F2N4325F,Check,https://www.amazon.it/dp/B0F2N4325F?psc=1,IT,https://m.media-amazon.com/images/I/71FlQ12YteL._AC_SX342_.jpg,Eucerin,12.41,164,164,100,"2,644.13","2,643.55",176,"4,812",AMZ,7.38,10,4.7,26,7,8,Amazon,Beauty,Small Parcel,AMZ,24.30 x 5.90 x 10.30 cm,1.14,N/A,"Mar 27, 2025",,No,13,Amazon
37.,"Collistar Firming Shower Oil, Gentle Body Wash with Firming and Moisturizing Action for Silky Skin, Great on Sensitive and Dry Skin, 400 ml",B009RQVXCM,Check,https://www.amazon.it/dp/B009RQVXCM?psc=1,IT,https://m.media-amazon.com/images/I/61i934qEygL._AC_SX342_.jpg,Collistar,17.46,193,193,100,"4,249.18","4,247.18",139,"3,895",N/A,8.36,7,4.4,828,2,3,FMbeauty,Beauty,Extra Large Envelope,FBA,21.40 x 4.30 x 8.80 cm,0.48,N/A,"Jul 6, 2015",,No,129,FMbeauty
50.,"Uriage 25% Glycerin Cleansing Oil - 2 in 1: Gently Cleanses and Moisturises - Foaming Shower Oil for the Whole Family - Face & Body - Soap-Free, Physiological PH, Sensitive Skin",B0752S69DK,Wash,https://www.amazon.it/dp/B0752S69DK?psc=1,IT,https://m.media-amazon.com/images/I/61nFGE3NSSL._AC_SY355_.jpg,Uriage,19.9,"1,159",320,100,"18,254.48","5,617.64",177,649,N/A,8.31,25,4.6,"5,693",7,124,Effeverde,Beauty,Small Parcel,MFN,23.60 x 7.70 x 8.30 cm,1.16,N/A,"Aug 26, 2017",,No,104,Effeverde
51.,"Bottega Verde - Argan of Morocco, Shower Bath with Argan Oil, 400 ml, Softening Action, for Normal or Dry Skin",B08KSFXJ1Q,Check,https://www.amazon.it/dp/B08KSFXJ1Q?psc=1,IT,https://m.media-amazon.com/images/I/61WdUx4AAlL._AC_SY355_.jpg,Bottega Verde,3.4,"1,296","1,182",700,"5,057.86","3,928.38",110,373,AMZ,5.25,1,4.4,195,10,28,Amazon,Beauty,Small Parcel,AMZ,20.10 x 6.20 x 7.10 cm,0.45,N/A,"Oct 1, 2020",,No,66,Amazon
52.,L'OCCITANE - Olio da Doccia alla Mandorla - Made in France,B016XP62RK,Check,https://www.amazon.it/dp/B016XP62RK?psc=1,IT,https://m.media-amazon.com/images/I/611s3vietIL._AC_SX342_.jpg,L'Occitane,15.49,269,204,100,"4,344.75","3,591.98",58,"2,090",AMZ,7.48,1,4.5,"5,370",6,109,Amazon,Beauty,Extra Large Envelope,AMZ,16.10 x 4.50 x 6.80 cm,0.28,N/A,"Jun 10, 2014",,No,142,Amazon
54.,"Corine de Farme, Nourishing Cleansing Oil 500ml for Children, Calendula Extract, Hypoallergenic, Gentle Cleansing for Very Dry Skin, Suitable for Hair, 97% Natural Ingredients",B0DYV9FK1Y,Other,https://www.amazon.it/dp/B0DYV9FK1Y?psc=1,IT,https://m.media-amazon.com/images/I/616yxt1ryJL._AC_SY355_.jpg,Corine de Farme,6.64,181,181,100,"1,460.67","1,459.68",175,"1,260",AMZ,5.23,1,4.6,243,2,11,Amazon,Baby Products,Small Parcel,AMZ,21.10 x 6.10 x 18.40 cm,0.56,N/A,"Apr 20, 2025",,No,12,Amazon
57.,Omniskin 500 Oil - Body Cleanser,B08HRKGCSZ,Check,https://www.amazon.it/dp/B08HRKGCSZ?psc=1,IT,https://m.media-amazon.com/images/I/71yuSyelw4S._AC_SY355_.jpg,Omniskin,13.1,70,70,N/A,"1,102.97","1,102.16",32,"10,496",AMZ,5.16,8,4.5,169,4,0,Amazon,Beauty,Extra Large Envelope,AMZ,20.80 x 5.80 x 7.40 cm,0.48,N/A,"Oct 14, 2016",,No,114,Amazon
58.,SVR - SVR Topialyse Moisturizing Washing Gel Anti Dryness 1000 ml - 981248267,B09FYL3CMY,Wash,https://www.amazon.it/dp/B09FYL3CMY?psc=1,IT,https://m.media-amazon.com/images/I/615lNAMj0XL._AC_SY355_.jpg,SVR,19.9,818,759,500,"10,550.83","9,443.8",77,415,IT,6.79,32,4.6,"2,100",2,36,Scientia Naturae,Baby Products,Small Parcel,MFN,23.30 x 8.30 x 8.50 cm,1.09,N/A,"May 7, 2021",,No,59,Scientia Naturae
64.,"La Roche-Posay Lipikar Soothing Protective Shower Gel for Sensitive and Dry Skin, Gently Cleansed and Hydrated Skin, Enriched with Niacinamide and Shea Butter, 1L",B0DJPBRNDF,Wash,https://www.amazon.it/dp/B0DJPBRNDF?psc=1,IT,https://m.media-amazon.com/images/I/41u4Z19QpfL._AC_SX342_.jpg,La Roche-Posay,16.09,"1,201","1,201",600,"20,935.89","20,929.83",162,619,AMZ,7.52,1,4.7,511,1,54,Amazon,Beauty,Small Parcel,AMZ,22.40 x 8.90 x 9.00 cm,1.09,N/A,"Oct 8, 2024",,No,18,Amazon
67.,"Aveeno Daily Moisturising Body Cleanser, Moisturizing Body Wash with Gentle Fragrance, Shower Gel for Normal to Dry Skin, Prebiotic Colloidal Oat Shower Bath, 500 ml",B075JNGSQW,Wash,https://www.amazon.it/dp/B075JNGSQW?psc=1,IT,https://m.media-amazon.com/images/I/61YtrGHYAKL._AC_SY355_.jpg,Aveeno,5.01,"2,031","1,839","1,000","20,580.55","16,549.03",165,179,AMZ,5.51,28,4.6,"1,449",7,31,Amazon,Beauty,Small Parcel,AMZ,19.80 x 7.50 x 12.70 cm,0.57,N/A,"Sep 29, 2017",,No,103,Amazon
69.,"Eucerin Urea Repair Gentle Shower Gel 5% 400 ml, Moisturizing and Exfoliating Body Cleanser with 5% Urea for Immediate Relief, Body Wash for Dry and Very Dry Skin",B0DVZ8STKK,Wash,https://www.amazon.it/dp/B0DVZ8STKK?psc=1,IT,https://m.media-amazon.com/images/I/71-t54k1vRL._AC_SX342_.jpg,Eucerin,19.9,426,426,200,"5,300.47","5,300.25",162,"2,531",AMZ,5.8,24,4.6,220,8,15,Amazon,Beauty,Large Envelope,AMZ,21.90 x 3.80 x 8.10 cm,0.49,N/A,"Feb 4, 2025",,No,14,Amazon
9.,"I Provenzali | Sweet Almond Oil, Pure Unscented Elastic, 250 ml",B072VGM1QQ,Check,https://www.amazon.it/dp/B072VGM1QQ?psc=1,IT,https://m.media-amazon.com/images/I/61TQmNsfvRL._AC_SY355_.jpg,I Provenzali,4.04,"2,039","2,039","1,000","13,457.1","13,443.98",63,178,AMZ,4.3,6,4.7,604,3,48,Amazon,Beauty,Small Parcel,AMZ,15.20 x 7.50 x 10.70 cm,0.4,N/A,"Jun 12, 2017",,No,106,Amazon
11.,"equilibra Body Oil, Pure Almond Oil, Sweet Almond Oil, Protective, Nourishing and Elasticizing, Helps Prevent Stretch Marks in Pregnancy or During a Low Calorie Diet, 500ml",B09TVGJKCG,Check,https://www.amazon.it/dp/B09TVGJKCG?psc=1,IT,https://m.media-amazon.com/images/I/61tKhOGmeQL._AC_SY355_.jpg,Equilibra,12.99,"1,648",762,600,"14,638.27","7,878.36",172,517,AMZ,6.59,5,4.6,"8,002",6,29,Amazon,Beauty,Small Parcel,AMZ,19.70 x 7.00 x 10.80 cm,0.5,N/A,"Mar 3, 2022",,No,49,Amazon
22.,"Equilibra, Body Oil, Elasticizing Action, Helps Prevent Stretch Marks, 150 ml, Non-Greasy, Damascene Rose Extract, Low Weight Hyaluronic Acid, Rosehip Oil, Meadowfoam Oil, Vitamin E",B0D1R862FV,Check,https://www.amazon.it/dp/B0D1R862FV?psc=1,IT,https://m.media-amazon.com/images/I/71GR9LWUKPL._AC_SY355_.jpg,Equilibra,12.9,345,345,200,"3,126.14","3,122.6",181,"3,221",AMZ,4.3,5,4.5,57,3,2,Amazon,Beauty,Extra Large Envelope,AMZ,18.80 x 4.40 x 7.00 cm,0.2,N/A,"Apr 15, 2024",,No,24,Amazon
24.,"BioNike - Defence My Body, HydraOil Moisturizing Spray Oil 24h, Soothing Action, Light Texture and Non-Oil, 200 ml",B0F2Z8GXS1,Check,https://www.amazon.it/dp/B0F2Z8GXS1?psc=1,IT,https://m.media-amazon.com/images/I/51VRXhx4hnL._AC_SX342_.jpg,BioNike,6.75,256,256,100,"3,944.95","3,944.02",114,"1,475",AMZ,6.2,11,4.2,26,6,0,,Beauty,Extra Large Envelope,AMZ,21.40 x 4.40 x 4.60 cm,0.19,N/A,"Feb 15, 2025",,No,14,
25.,"Rilastil Elasticity Oil, Soothing Body Treatment, Protective and Restitutive, for Inelastic Skin and Cutaneous Scars, 80 ml",B00IXWOQA2,Check,https://www.amazon.it/dp/B00IXWOQA2?psc=1,IT,https://m.media-amazon.com/images/I/614swwoFLkL._AC_SX342_.jpg,Rilastil,14.5,"1,193",100,50,"21,355.09","1,338.66",123,"1,024",AMZ,5.78,39,4.6,"1,156",6,16,Amazon,Beauty,Extra Large Envelope,AMZ,19.80 x 4.10 x 11.00 cm,0.11,N/A,"Mar 28, 2014",,No,145,Amazon
26.,"Forsan Sweet Almond Oil, Stretch Body Oil, Plant Origin Oil and Fragrance Free, Nourishes and Moisturizes Skin, Ideal for Preventing Stretch Marks, Suitable for Dry Skin, 250ml",B018SC2RVG,Check,https://www.amazon.it/dp/B018SC2RVG?psc=1,IT,https://m.media-amazon.com/images/I/51FvDXTc3XL._AC_SX342_.jpg,Matt,4.42,971,879,500,"5,840.07","5,338.93",176,639,AMZ,4.01,1,4.6,"3,527",5,13,Amazon,Beauty,Extra Large Envelope,AMZ,14.50 x 5.60 x 5.70 cm,0.26,N/A,"Jun 10, 2016",,No,118,Amazon
32.,"Rilastil Stretch Mark Oil, Soothing and Protective with Sweet Almond Oils, Balsamine Rose, All Skin Types, Pack of 100 ml",B09LD6YBMJ,Cream,https://www.amazon.it/dp/B09LD6YBMJ?psc=1,IT,https://m.media-amazon.com/images/I/61pFtT-s21L._AC_SY445_.jpg,Rilastil,10.43,"1,877","1,877",800,"28,616.79","28,608.92",121,422,AMZ,6.33,18,4.6,980,6,35,Amazon,Beauty,Extra Large Envelope,AMZ,17.20 x 4.20 x 4.30 cm,0.13,N/A,"Nov 23, 2021",,No,53,Amazon
35.,"AIESI® F.U. Sweet Almond Oil 100% Pure (1000 ml) Cold Pressed for Pharmaceutical, Food, Cosmetic and Dermatological Use, Made in Italy",B00OY70DFM,Check,https://www.amazon.it/dp/B00OY70DFM?psc=1,IT,https://m.media-amazon.com/images/I/71yp8VpCaPL._AC_SY355_.jpg,AIESI,12.21,"1,306","1,306",700,"19,462.92","19,449.72",134,587,AMZ,7.35,3,4.7,"2,130",7,18,Amazon,Beauty,Small Parcel,AMZ,23.40 x 7.90 x 8.00 cm,0.96,N/A,"Oct 26, 2014",,No,138,Amazon
36.,"NIVEA Coconut Oil Cream & Monoi Oil 400 ml, 48h Moisturizing Body Cream, Scented Body Cream with Monoi Oil and Coconut Fragrance, Body Cream Moisturizing Dry Velvety Skin",B0D849H168,Check,https://www.amazon.it/dp/B0D849H168?psc=1,IT,https://m.media-amazon.com/images/I/51jFrbxO3CL._AC_SY355_.jpg,NIVEA,7.99,"2,092","2,092","1,000","10,531.11","10,513.93",170,39,AMZ,3.89,4,4.5,732,8,37,Amazon,Beauty,Extra Large Envelope,AMZ,22.50 x 4.50 x 7.50 cm,0.4,N/A,"Jun 26, 2024",,No,22,Amazon
38.,"L'AMANDE - 100% Natural Sweet Almond Oil for Body and Face with Vitamin E Unscented Emollient Action Against Blemishes and Skin Redness, Ideal as Massage Oil, 250 ml",B07N85VN66,Check,https://www.amazon.it/dp/B07N85VN66?psc=1,IT,https://m.media-amazon.com/images/I/61CU0myQarL._AC_SY355_.jpg,L'Amande,13.84,743,101,50,"9,388.93","1,701.22",165,"2,404",IT,4.38,5,4.5,353,5,N/A,Lui & Lei BEAUTY®,Beauty,Extra Large Envelope,FBA,19.00 x 6.00 x 6.30 cm,0.28,N/A,"Nov 22, 2016",,No,113,Lui & Lei BEAUTY®
39.,"Naissance Natural Sweet Almond Oil (No. 215) – 1 Litre – Vegan, GMO Free – Ideal for Aromatherapy, Massage – Moisturizing for Body, Face, Lips, Hair, Skin, Beard and Cuticle",B007MCXGO6,Other,https://www.amazon.it/dp/B007MCXGO6?psc=1,IT,https://m.media-amazon.com/images/I/71PcxQ1+gZL._AC_SY355_.jpg,Naissance,14.41,"1,754","1,331",700,"31,463.66","19,837.02",173,440,GB,5.26,2,4.5,"51,051",7,161,naissance ®,Beauty,Standard Parcel,FBA,22.20 x 12.60 x 16.70 cm,0.97,N/A,"Aug 7, 2013",,No,152,naissance ®
43.,"Phytorelax Laboratories Coconut Vegan & Organic – Multi-Purpose Dry Oil – Face – Body – Hair – Nourishing & Repairing, Enveloping, Absorbs Immediately – 100 ml",B07RQ7TH1R,Other,https://www.amazon.it/dp/B07RQ7TH1R?psc=1,IT,https://m.media-amazon.com/images/I/61kseoCrpNL._AC_SY445_.jpg,Phytorelax,9.9,217,217,100,"1,701.08","1,698.81",159,"4,116",AMZ,4.16,7,4.5,446,7,7,Amazon,Beauty,Extra Large Envelope,AMZ,14.50 x 5.00 x 5.00 cm,0.2,N/A,"May 20, 2019",,No,83,Amazon
49.,"Rilastil Aqua Body Milk, Fresh, Light, Moisturizing and Soothing Emulsion with Hyaluronic Acid, Pack of 400 ml",B0034L1KP6,Check,https://www.amazon.it/dp/B0034L1KP6?psc=1,IT,https://m.media-amazon.com/images/I/61BGpaYa8fL._AC_SY445_.jpg,Rilastil,18.02,288,288,100,"5,642.12","5,641.87",110,"3,151",AMZ,7.46,12,4.6,404,3,1,,Beauty,Extra Large Envelope,AMZ,20.40 x 5.30 x 5.50 cm,0.45,N/A,"Aug 9, 2012",,No,164,
51.,"Equilibra Body Oil, Shea Oil, Face and Body Oil Extracted from Shea Butter, Moisturizing and Protective Action, Ideal for Dry Skin and Massage, with Phytosterols and Vitamin E, 120 ml",B012T1A58O,Check,https://www.amazon.it/dp/B012T1A58O?psc=1,IT,https://m.media-amazon.com/images/I/61wDZy66IzL._AC_SY355_.jpg,Equilibra,8.92,387,335,N/A,"2,511.01","1,952.63",183,"12,118",AMZ,4.3,6,4.5,939,3,0,Amazon,Health & Household,Extra Large Envelope,AMZ,15.10 x 5.80 x 6.20 cm,0.22,N/A,"Nov 16, 2015",,No,125,Amazon
52.,"Bottega Verde - Coconut Moisturizing Body Cream, 200 ml, with Coconut Milk and Virgin Coconut Oil, Soothing and Nourishing Action, for All Skin Types",B0FG8FP1PM,Check,https://www.amazon.it/dp/B0FG8FP1PM?psc=1,IT,https://m.media-amazon.com/images/I/510t-IjojYL._AC_SY355_.jpg,Bottega Verde,9.28,76,76,N/A,"1,190.69","1,190.19",149,"6,592",AMZ,5.29,1,4.9,49,3,3,Amazon,Beauty,Extra Large Envelope,AMZ,18.20 x 5.00 x 7.00 cm,0.23,N/A,"Jul 1, 2025",,No,9,Amazon
57.,"Matt Forsan Coconut Oil, Nourishing for Body and Hair, Dermoprotective and Emollient Action for Dry Skin, As After Sun or Hair Restructurer, 100% Pure of Natural Origin, 100 ml",B018SC2MU2,Other,https://www.amazon.it/dp/B018SC2MU2?psc=1,IT,https://m.media-amazon.com/images/I/51z-3eKaHnL._AC_SY355_.jpg,Matt,4.71,246,246,100,"1,411.86","1,411.73",176,"5,035",AMZ,5.04,1,4.4,361,6,12,Amazon,Beauty,Extra Large Envelope,AMZ,13.30 x 4.90 x 5.10 cm,0.2,N/A,"May 17, 2020",,No,71,Amazon
59.,"Bioderm Dermocrema Base H | Crema Super Idratante Corpo e Mani con Burro di Karité | Crema Emolliente per Pelli Secche, Delicate e a Tendenza Atopica | Senza Parabeni e Siliconi | 500 ml",B09MQJLRGS,Cream,https://www.amazon.it/dp/B09MQJLRGS?psc=1,IT,https://m.media-amazon.com/images/I/71qoUNogIyL._AC_SY355_.jpg,BIODERM BIODERMOCOSMETICI,30,582,444,200,"10,501.96","8,661.68",186,982,AMZ,7.63,1,4.4,541,8,9,Amazon,Beauty,Small Parcel,AMZ,10.00 x 8.90 x 9.70 cm,0.53,N/A,"Nov 28, 2021",,No,53,Amazon
61.,"Collistar Precious Body Oil, Firms, Nourishes, Tones and Stimulates Microcirculation, Great for Massage, Can Also Be Used on Face and Hair, 150 ml",B07Y6VHXZ7,Other,https://www.amazon.it/dp/B07Y6VHXZ7?psc=1,IT,https://m.media-amazon.com/images/I/61kQARpvSZL._AC_SX342_.jpg,Collistar,41,574,574,200,"14,072.21","14,068.99",146,"2,559",AMZ,7.89,8,4.5,502,4,0,Amazon,Beauty,Extra Large Envelope,AMZ,16.90 x 4.90 x 5.30 cm,0.19,N/A,"Sep 22, 2019",,No,79,Amazon
64.,"Organic Almond Oil, Cold Pressed, Ecological Cultivation - Suitable for Babies, Anti Stretch Marks, Makeup remover, Massage Oil, Body, Face, Hair, Pregnancy, Breast, 100% Natural, 2000 ml",B01HVN7HN6,Other,https://www.amazon.it/dp/B01HVN7HN6?psc=1,IT,https://m.media-amazon.com/images/I/71S1ho0KIAL._AC_SY355_.jpg,bleu & marine Bretania,24.86,63,42,200,"1,748.31","1,261.27",187,"2,973",FR,9.98,2,4.4,"2,803",8,4,Amazon,Beauty,Small Parcel,FBA,27.80 x 10.10 x 21.20 cm,2.11,N/A,"Jul 2, 2016",,No,117,Amazon
70.,"Gonaturals 100% Pure Sweet Almond Oil – Cold Pressed – Moisturizing Face, Body and Hair – Ideal for Stretch Marks and Sensitive Skin – Fast Absorption, Odourless, 250 ml",B09MDHLXJM,Other,https://www.amazon.it/dp/B09MDHLXJM?psc=1,IT,https://m.media-amazon.com/images/I/81wDcCk+19L._AC_SY355_.jpg,GONATURALS,13.29,318,318,200,"4,769.25","4,765.94",169,"3,649",DE,6.79,2,4.4,653,7,1,Vivere GmbH,Beauty,Small Parcel,FBA,16.30 x 6.70 x 6.80 cm,0.26,N/A,"Dec 12, 2021",,No,52,Vivere GmbH
71.,"Bio-Oil Oil Treatment for Skin with Moisturizing Healing and Anti Stretch Marks Action, Hides Scars, Stretch Marks and Skin Blemishes, 125 ml",B00I2QCU7U,Check,https://www.amazon.it/dp/B00I2QCU7U?psc=1,IT,https://m.media-amazon.com/images/I/51TLX3v5dkL._AC_SY355_.jpg,Bio-Oil,22.99,"4,320","2,125","1,000","74,479.12","33,975.59",141,61,AMZ,6.54,1,4.6,"8,536",7,60,Amazon,,Extra Large Envelope,AMZ,14.80 x 4.20 x 4.60 cm,0.14,N/A,"Jan 27, 2014",,No,147,Amazon
2.,"Dermovitamina Calmilene Extreme Eyelid Cream – Eye Contour Dry and Reactive Skin – Moisturizing Eye Contour Cream – With Vitamin E, Probiotics and Hyaluronic Acid – Fast Absorption – 15 ml",B09JZVT78L,Cream,https://www.amazon.it/dp/B09JZVT78L?psc=1,IT,https://m.media-amazon.com/images/I/51RuhZqOJiL._AC_SY355_.jpg,Dermovitamina,15.42,"1,626","1,626",900,"18,101.1","18,100.96",188,461,AMZ,4.32,7,4.5,638,5,36,Amazon,Beauty,Standard Envelope,AMZ,13.20 x 2.20 x 4.60 cm,0.03,N/A,"Oct 25, 2021",Sponsored Brand,No,54,Amazon
3.,"Dermovitamina Calmilene Psoriacare Intensive Cream – With Vitamin E and Ceramides – For Skin with Itchy, Redness and Disquamation – With Tendency to Psoriasis and Skin Hyperkeratosis – 50 ml",B08GY7S2F2,Cream,https://www.amazon.it/dp/B08GY7S2F2?psc=1,IT,https://m.media-amazon.com/images/I/61IwXou72LL._AC_SY355_.jpg,Dermovitamina,15.42,"1,013","1,013",500,"11,279.57","11,279.4",190,920,AMZ,5.01,6,4.4,"1,033",7,19,Amazon,Beauty,Large Envelope,AMZ,14.80 x 3.20 x 4.90 cm,0.07,N/A,"Oct 20, 2020",Sponsored Brand,No,66,Amazon
8.,"Eucerin Atopi Control Acute Phase Cream 100 ml, Atopic Dermatitis Cream for Intensive Treatment of Acute Phases, Eczema Treatment for Itching Relief for Dry and Irritated Skin",B07ZL23F22,Cream,https://www.amazon.it/dp/B07ZL23F22?psc=1,IT,https://m.media-amazon.com/images/I/61rE1R8F64L._AC_SX342_.jpg,Eucerin,25.2,739,739,400,"16,720.05","16,718.78",175,"1,413",AMZ,7.84,10,4.6,477,8,23,Amazon,Health & Household,Large Envelope,AMZ,13.50 x 3.70 x 6.00 cm,0.11,#2,"Oct 25, 2019",,No,78,Amazon
9.,"Rilastil Xerolact PB Face and Body Balm, Relipidant, Anti-Rritation, Suitable for Babies, Children and Adults, for Atopic Skin, Pack of 400 ml",B08R1FQWKH,Cream,https://www.amazon.it/dp/B08R1FQWKH?psc=1,IT,https://m.media-amazon.com/images/I/61FGDeWkEyL._AC_SY445_.jpg,Rilastil,15.34,842,842,500,"15,720.56","15,718.65",142,137,AMZ,7.02,35,4.7,"1,371",8,27,Amazon,Baby Products,Extra Large Envelope,AMZ,20.40 x 5.30 x 5.50 cm,0.45,N/A,"Nov 25, 2020",,No,65,Amazon
16.,"Bepanthenol Sensiderm Moisturizing Body, Face & Hands Cream - Atopic Dermatitis, Eczema & Itchy, Dry Sensitive Skin, Soothing for Adults and Children, Cortisone Free, 20g",B00IKGG438,Cream,https://www.amazon.it/dp/B00IKGG438?psc=1,IT,https://m.media-amazon.com/images/I/51woq1NbxVL._AC_SY355_.jpg,Bepanthenol,8.01,"1,676",781,500,"22,422.93","7,715.68",170,146,AMZ,4.13,12,4.4,"1,672",6,22,Amazon,Baby Products,Large Envelope,AMZ,11.60 x 3.40 x 3.50 cm,0.03,#3,"Feb 21, 2014",,No,146,Amazon
17.,"Eucerin Atopi Control Intensive Soothing Body Emulsion, 400 ml, Atopic Dermatitis Cream for the Remission Phase, Moisturizing Body Cream with Ceramides, Moisturizing Body Cream Dry and Atopic Skin",B07N841KHQ,Cream,https://www.amazon.it/dp/B07N841KHQ?psc=1,IT,https://m.media-amazon.com/images/I/61pvukx7HaL._AC_SX342_.jpg,Eucerin,16.29,358,358,200,"7,111.65","7,111.49",196,"2,042",AMZ,6.62,2,4.5,51,8,9,Amazon,Beauty,Small Parcel,AMZ,21.80 x 8.90 x 11.50 cm,1.38,N/A,"Oct 16, 2020",,No,66,Amazon
18.,"Eucerin AtopiControl Hand Intensiv-Creme, 75 ml Cream",B01N0RN5MH,Cream,https://www.amazon.it/dp/B01N0RN5MH?psc=1,IT,https://m.media-amazon.com/images/I/61T6pqLgVJL._AC_SX342_.jpg,Eucerin,14.9,581,581,300,"6,320.56","6,317.34",53,"1,081",AMZ,3.99,20,4.6,962,8,25,Amazon,Beauty,Large Envelope,AMZ,11.20 x 3.80 x 3.90 cm,0.09,N/A,"Dec 31, 2008",,No,208,Amazon
25.,"Bionike Triderm A.D. Emollient Body Cream for Atopic Skin, Moisturizing and Repairing Action, Counteracts Dryness and Irritation, Gives Softness to Skin, 400 ml",B07MYQ2JZ4,Cream,https://www.amazon.it/dp/B07MYQ2JZ4?psc=1,IT,https://m.media-amazon.com/images/I/61As0EPlGAL._AC_SY445_.jpg,BioNike,17.16,918,918,400,"19,662.98","19,657.17",160,951,AMZ,8.63,23,4.6,747,1,7,Amazon,Beauty,Small Parcel,AMZ,20.60 x 6.60 x 6.60 cm,0.48,N/A,"Jan 19, 2019",,No,87,Amazon
26.,"Dermovitamina Calmilene Clin Atop Cream Moisturising Cream for Dry Skin Reduces Itching, Burning and Redness of the Skin - Intensive Emollient Action - For Adults and Children - 50 ml",B086RLXJ2K,Cream,https://www.amazon.it/dp/B086RLXJ2K?psc=1,IT,https://m.media-amazon.com/images/I/71JmqPCx5qL._AC_SY355_.jpg,Dermovitamina,14.9,251,251,100,"2,608.47","2,608.32",183,"4,946",AMZ,4.91,10,4.4,581,5,5,Amazon,Beauty,Large Envelope,AMZ,14.60 x 2.80 x 5.00 cm,0.04,N/A,"May 15, 2020",,No,71,Amazon
27.,"La Roche-Posay, Lipikar, Baume AP+M Relipidante Anti-Irritazioni, Nutre e Lenisce, Arricchito con Niacinamide e Burro di Karitè e Glicerina, Per Pelle Secca Tendente all'Eczema Atopico",B08PHCW2DX,Cream,https://www.amazon.it/dp/B08PHCW2DX?psc=1,IT,https://m.media-amazon.com/images/I/51ePUUkT69L._AC_SX342_.jpg,La Roche-Posay,21.47,"1,304",904,300,"31,100.35","20,238.74",184,"1,151",AMZ,7.39,1,4.7,"2,517",8,51,Amazon,Beauty,Extra Large Envelope,AMZ,16.00 x 4.50 x 7.30 cm,0.19,N/A,"Dec 3, 2020",,No,64,Amazon
28.,"La Roche-Posay Lipikar Baume AP+M Light, Gentle Body Treatment, Suitable for Atopic Skin, Repairing, Ultra-Moisturizing Result, Formula with Shea Butter, Niacinamide, 400 ml",B09V542XVS,Cream,https://www.amazon.it/dp/B09V542XVS?psc=1,IT,https://m.media-amazon.com/images/I/51A3UKCGo9L._AC_SX342_.jpg,La Roche-Posay,26.9,"1,598","1,598",800,"43,184.87","43,172.5",173,"2,718",AMZ,N/A,1,4.7,"1,877",1,68,Amazon,Beauty,Extra Large Envelope,AMZ,20.10 x 5.60 x 5.70 cm,0.42,N/A,"Mar 8, 2022",,No,49,Amazon
32.,"Eucerin Atopi Control Ultra-Light Soothing Body Emulsion, 400 ml, Fast Absorption Atopic Dermatitis Cream Enriched with Moisturizing Ceramides 48h+, Body Cream Moisturizing Dry and Atopic Skin",B0DVZNZMDM,Cream,https://www.amazon.it/dp/B0DVZNZMDM?psc=1,IT,https://m.media-amazon.com/images/I/61E+Xp-FGKL._AC_SX342_.jpg,Eucerin,20.11,112,112,50,"2,199.85","2,199.58",192,"8,825",AMZ,7.09,11,4.6,114,8,7,Amazon,Beauty,Extra Large Envelope,AMZ,21.30 x 5.60 x 9.00 cm,0.42,N/A,"Feb 4, 2025",,No,14,Amazon
33.,Dermovitamina Itching Cream – Treatment Against Localized Itching – Effective in Erythema or Rashes – For Dry and Hypersensitive Skin – Fast Relief – Cortisone Free – 30 ml,B0CVQD9QGM,Cream,https://www.amazon.it/dp/B0CVQD9QGM?psc=1,IT,https://m.media-amazon.com/images/I/61oxwHNMWUL._AC_SY355_.jpg,Dermovitamina,12.9,"1,016","1,016",600,"7,017.37","7,011.69",172,639,AMZ,3.7,9,4.3,502,5,30,Amazon,Beauty,Large Envelope,AMZ,12.00 x 3.40 x 3.60 cm,0.04,N/A,"Feb 15, 2024",,No,26,Amazon
36.,"Bionike Triderm Lenil+ Topical Skin Treatment with Atopic Dermatitis and Eczema, Antiinflammatory and Antioxidant Action, Soothes and Rebalances the Skin, Reduces Redness and Itching, 50 ml",B00D3HTF12,Check,https://www.amazon.it/dp/B00D3HTF12?psc=1,IT,https://m.media-amazon.com/images/I/61FzBkF95UL._AC_SY445_.jpg,BioNike,15.6,346,346,200,"8,584.9","8,583.63",189,"5,906",AMZ,7.79,14,4.7,444,4,7,,Health & Household,Large Envelope,AMZ,13.80 x 3.60 x 5.10 cm,0.07,N/A,"Mar 6, 2014",,No,145,
37.,Isdin Nutratopic Pro Amp Face Cream 50ml,B00D3HXTBO,Cream,https://www.amazon.it/dp/B00D3HXTBO?psc=1,IT,https://m.media-amazon.com/images/I/61VHoQFKdTS._AC_SX342_.jpg,ISDIN,18.39,465,465,200,"9,308.51","9,303.76",40,"3,043",AMZ,6.7,4,4.5,"1,782",8,26,Amazon,Beauty,Large Envelope,AMZ,11.40 x 4.00 x 5.10 cm,0.06,N/A,"Aug 18, 2012",,No,164,Amazon
38.,"Bionike Triderm A.D. Emollient Body Balm for Atopic Skin, Moisturizing and Repairing Action, Counteracts Dryness and Irritation, Gives Softness to Skin, 450 ml",B07MYKMC95,Cream,https://www.amazon.it/dp/B07MYKMC95?psc=1,IT,https://m.media-amazon.com/images/I/71ZZRoL1R4L._AC_SX342_.jpg,BioNike,17.16,442,442,200,"12,029.77","12,028.11",159,"3,052",AMZ,8.69,21,4.5,632,4,2,Amazon,Beauty,Small Parcel,AMZ,10.90 x 8.40 x 10.90 cm,0.53,N/A,"Jan 19, 2019",,No,87,Amazon
40.,"Unifarco Ceramol Base Cream 311, 400 ml",B00D3HX10I,Check,https://www.amazon.it/dp/B00D3HX10I?psc=1,IT,https://m.media-amazon.com/images/I/61WC8-E8MWL._AC_SY355_.jpg,Unifarco,18.52,920,920,300,"17,264.08","17,263.09",39,"2,013",IT,8.01,25,4.7,"2,527",4,13,Scientia Naturae,Beauty,Extra Large Envelope,FBA,21.70 x 5.50 x 9.10 cm,0.41,N/A,"Sep 15, 2015",,No,127,Scientia Naturae
41.,"Aveeno Dermexa Daily Emollient Cream, Fragrance Free Moisturizing Body Cream, Atopic Dermatitis Cream with Prebiotic Oats and Ceramides, Moisturizing Body Cream Dry Sensitive and Atopic Skin, 200 ml",B005OT1P9W,Cream,https://www.amazon.it/dp/B005OT1P9W?psc=1,IT,https://m.media-amazon.com/images/I/6106TcyBMXL._AC_SY355_.jpg,Aveeno,20.4,283,256,100,"4,977.85","4,287.52",198,"3,804",AMZ,6.67,15,4.6,"2,633",7,46,,Beauty,Extra Large Envelope,AMZ,19.40 x 5.60 x 6.80 cm,0.24,N/A,"Aug 31, 2012",,No,164,
43.,"La Roche-Posay, Lipikar, Baume AP+M Relipidante Anti-Irritazioni, Nutre e Lenisce, Arricchito con Niacinamide e Burro di Karitè e Glicerina, Per Pelle Secca Tendente all'Eczema Atopico",B0849KTG44,Cream,https://www.amazon.it/dp/B0849KTG44?psc=1,IT,https://m.media-amazon.com/images/I/61h0ywKEAvL._AC_SX342_.jpg,La Roche-Posay,29.04,"1,304",408,N/A,"31,100.35","11,051.74",184,"1,151",N/A,8.52,1,4.7,"2,517",9,67,,Beauty,Extra Large Envelope,MFN,20.10 x 5.50 x 5.70 cm,0.45,N/A,"Jan 17, 2020",,No,75,
44.,"Bepanthenol Sensiderm Moisturizing Body Cream Face and Hands, Atopic Dermatitis Cream, Eczema and Itchy Skin, Dry and Sensitive Skin Soothing Cream for Adults and Children, Cortisone Free, 50 g",B015Q8SQUG,Cream,https://www.amazon.it/dp/B015Q8SQUG?psc=1,IT,https://m.media-amazon.com/images/I/51fy2DSYXTL._AC_SY355_.jpg,Bepanthenol,21.95,"1,676",895,300,"22,422.93","14,701.01",193,146,IT,6.94,10,4.4,"1,672",4,37,Amazon,Baby Products,Large Envelope,MFN,14.10 x 4.00 x 4.20 cm,0.07,N/A,"Dec 5, 2015",,No,124,Amazon
49.,"Eucerin Atopi Control Soothing Body Balm 400 ml, Daily Atopic Dermatitis Cream with Light Texture, Moisturizing Body Cream with Ceramides for Dry, Irritated and Atopic Skin",B07YTKM7PN,Cream,https://www.amazon.it/dp/B07YTKM7PN?psc=1,IT,https://m.media-amazon.com/images/I/61yi1h4KKTL._AC_SX342_.jpg,Eucerin,20.62,105,105,50,"2,477.44","2,476.99",172,"8,763",AMZ,7.94,21,4.6,707,8,31,,Beauty,Extra Large Envelope,AMZ,20.80 x 5.70 x 8.80 cm,0.43,N/A,"Oct 15, 2019",,No,78,
50.,"Bionike Triderm D.S. Normalizing Face Treatment for Skin with Seborrheic Dermatitis, Reduces Flaking and Itching, Rebalances Skin Flora and Counteracts and Relieves Redness, 50 ml",B08WK22V52,Check,https://www.amazon.it/dp/B08WK22V52?psc=1,IT,https://m.media-amazon.com/images/I/41Jo8UtXylL._AC_SX342_.jpg,BioNike,11.63,741,741,400,"13,024.92","13,023.76",179,"2,055",AMZ,7.65,13,4.6,493,6,10,Amazon,Beauty,Large Envelope,AMZ,13.60 x 3.40 x 5.10 cm,0.07,N/A,"Feb 11, 2021",,No,62,Amazon
51.,"Prep, Dermoprotective Cream, Soothing Cream for All Skin Types, Body Cream Moisturizing Dry and Irritated Skin, Body Cream for Men, Women and Children, Size 75 ml Jar",B0CNRQTRSR,Cream,https://www.amazon.it/dp/B0CNRQTRSR?psc=1,IT,https://m.media-amazon.com/images/I/71EeBog+nlL._AC_SY355_.jpg,PREP,3.99,"2,376","1,351",500,"11,832.18","4,432.63",166,454,AMZ,5.2,21,4.7,960,4,N/A,Amazon,Beauty,Small Parcel,AMZ,6.90 x 6.70 x 6.90 cm,0.24,N/A,"Nov 21, 2023",,No,29,Amazon
53.,"BIODERMA Atoderm Intensive Conditioner – Antipruritic, Repairing and Nourishing – Very Dry, Irritated or Atopic Skin – Prescribed by the Dermatologist – Pump Bottle 500 ml",B0161ZC5GY,Cream,https://www.amazon.it/dp/B0161ZC5GY?psc=1,IT,https://m.media-amazon.com/images/I/51j19A6MGZL._AC_SY355_.jpg,Bioderma,19.95,245,170,N/A,"6,075.73","4,481.49",171,"3,990",N/A,7.94,36,4.7,"11,270",8,164,,Beauty,Small Parcel,FBA,20.95 x 6.60 x 6.81 cm,0.55,N/A,"Oct 7, 2015",,No,126,
54.,"Mixa Protective Soothing Cream for Atopic Tendency Skin, Soothing and Hydrated Skin for 48H, Anti-Itching and Anti-Drying, with 13% Panthenol and Glycerin, Panthenol Comfort, 400 ml",B0D45M26KD,Cream,https://www.amazon.it/dp/B0D45M26KD?psc=1,IT,https://m.media-amazon.com/images/I/51RmumJbjUL._AC_SY355_.jpg,Mixa,8.81,"2,108","1,680",N/A,"14,684.45","12,202.55",181,927,AMZ,5.65,10,4.6,695,9,N/A,Amazon,Beauty,Small Parcel,AMZ,9.30 x 8.90 x 9.10 cm,0.46,N/A,"May 15, 2024",,No,23,Amazon
55.,"Aderma Exomega Control Cream, 400 ml",B0052ECBUG,Cream,https://www.amazon.it/dp/B0052ECBUG?psc=1,IT,https://m.media-amazon.com/images/I/71IW3lHMeQL._AC_SY355_.jpg,A-Derma,22.87,96,88,50,"1,876.95","1,671.01",36,"9,782",ES,7.95,20,4.6,"2,547",2,55,SFJ Distributions,Beauty,Extra Large Envelope,MFN,18.39 x 5.89 x 5.99 cm,0.47,N/A,"Oct 13, 2012",,No,162,SFJ Distributions
56.,"Biafin Soothing Moisturising Skin Emulsion, Sunburn, Irritation and Chafing Cream, Sensitive and Irritated Skin Cream, Sunburn Ointment Also Ideal for Tattoos and Skin Problems, 100 ml",B00D3HS7PW,Cream,https://www.amazon.it/dp/B00D3HS7PW?psc=1,IT,https://m.media-amazon.com/images/I/516VGKh5v9S._AC_SY355_.jpg,Johnson & Johnson,7.77,923,923,400,"8,746.2","8,736.82",184,"1,283",AMZ,5.09,12,4.7,842,7,19,Amazon,,Large Envelope,AMZ,17.10 x 3.90 x 4.40 cm,0.12,N/A,"Sep 12, 2014",,No,139,Amazon
59.,"URIAGE XÉMOSE Anti-Irritation Body Cream for Dry Skin, Atopic Tendency with Karite Butter I Soothes Itchy Sensations, Long-Lasting Comfort I Face and Body",B019HPS6XQ,Cream,https://www.amazon.it/dp/B019HPS6XQ?psc=1,IT,https://m.media-amazon.com/images/I/61J-9iQp2VL._AC_SY355_.jpg,Uriage,30.26,311,311,200,"7,390.61","7,389.56",154,"3,897",IT,8.61,33,4.6,"2,679",6,33,Farmacia Alta Valsesia,Beauty,Small Parcel,MFN,18.50 x 8.00 x 8.30 cm,0.49,N/A,"Jan 17, 2016",,No,123,Farmacia Alta Valsesia
61.,DEXERYL Moisturizing Dry Skin Cream 500 g,B008KL09BG,Cream,https://www.amazon.it/dp/B008KL09BG?psc=1,IT,https://m.media-amazon.com/images/I/51tMuhLqAWL._AC_SY355_.jpg,DEXERYL,17.17,387,387,200,"7,691.5","7,688.51",41,"2,643",ES,7.31,12,4.7,"1,257",8,12,SFJ Distributions,Beauty,Extra Large Envelope,FBA,23.10 x 5.50 x 5.80 cm,0.56,N/A,"Jul 14, 2012",,No,165,SFJ Distributions
62.,Uriage Xemose C8+ Anti-Irritation Waxed for Very Dry Skin Prone to Atopic Eczema with Shea Butter 25% - Very Rich Waxed that Melts to Soothe Sensations,B01AZR8T28,Check,https://www.amazon.it/dp/B01AZR8T28?psc=1,IT,https://m.media-amazon.com/images/I/61+qbF3usdL._AC_SY355_.jpg,Uriage,16,283,283,100,"4,887.56","4,887.45",151,"3,057",FR,7.09,31,4.6,864,10,8,Cosmeco,Beauty,Small Parcel,FBA,8.64 x 7.84 x 8.64 cm,0.3,N/A,"Jan 27, 2016",,No,123,Cosmeco
63.,Ceramol Cream 311 200 ml,B08GXYV3M7,Cream,https://www.amazon.it/dp/B08GXYV3M7?psc=1,IT,https://m.media-amazon.com/images/I/51Wr06QPZqL._AC_SY355_.jpg,Ceramol,14.92,292,292,100,"6,758.14","6,756.02",24,"4,916",AMZ,7.67,23,4.7,542,1,8,,,Extra Large Envelope,AMZ,18.60 x 5.30 x 6.70 cm,0.24,N/A,"Aug 28, 2020",,No,68,
64.,"Dermovitamina Itching Fluid Cream – Rapid Relief for Skin Itching – Effective on Dermatitis, Insect Bite, Rash – Fast Relief – Cortisone Free – Suitable for Children – 150 ml",B0CVQPWV13,Cream,https://www.amazon.it/dp/B0CVQPWV13?psc=1,IT,https://m.media-amazon.com/images/I/61NXTU0uLPL._AC_SY355_.jpg,Dermovitamina,11.74,814,814,300,"11,656.02","11,647.74",174,"1,737",AMZ,6.32,11,4.5,164,5,5,Amazon,Beauty,Extra Large Envelope,AMZ,15.50 x 5.90 x 6.50 cm,0.19,N/A,"Feb 15, 2024",,No,26,Amazon
65.,"Neutrogena Norwegian Formula Concentrated Unscented Hand Cream, Repairing Hand Cream with Glycerin and Vitamin E, Dry and Cracked Hand Cream for Relief and Hydration 24h, 75 ml",B00D3HWOAG,Check,https://www.amazon.it/dp/B00D3HWOAG?psc=1,IT,https://m.media-amazon.com/images/I/6163m-VAXTL._AC_SY355_.jpg,Neutrogena,2.58,"2,273","1,954","1,000","12,948.05","10,017.45",176,588,AMZ,3.76,25,4.6,"2,661",7,N/A,Amazon,Beauty,Large Envelope,AMZ,11.70 x 3.70 x 7.70 cm,0.08,N/A,"Jul 24, 2013",,No,153,Amazon
69.,"URIAGE XÉMOSE C8+ Anti-Itch Body Cream for Dry Skin with Atopic Tendency | Soothes from the first application, 48 hour anti-recurrence action. Nourishing Face and Body Balm I Fragrance Free",B07Q4KFRG8,Cream,https://www.amazon.it/dp/B07Q4KFRG8?psc=1,IT,https://m.media-amazon.com/images/I/71UQ9D00YGL._AC_SY355_.jpg,Uriage,15.36,207,207,100,"3,705.52","3,703.34",189,"5,644",BG,6.86,20,4.6,308,6,6,Zeitburg Schmuck & Uhren,Beauty,Extra Large Envelope,MFN,17.90 x 5.60 x 6.70 cm,0.22,N/A,"Apr 27, 2019",,No,84,Zeitburg Schmuck & Uhren
70.,"Coccole di Helichrysum Natural Soothing Cream Without Water for Sensitive Skin, Atopic Dermatitis Cream Children and Adults, Ultra Concentrated Without Preservatives with Fine Oils, Face, Hands and Body, 30 ml",B0DX2L7W79,Cream,https://www.amazon.it/dp/B0DX2L7W79?psc=1,IT,https://m.media-amazon.com/images/I/61bWIZ6ujqL._AC_SY355_.jpg,LA HELICHRYSUM,44.26,151,151,50,"8,435.56","8,435.41",209,"8,814",IT,13.02,1,3.6,44,6,6,Metodo Pelle Sana,Beauty,Extra Large Envelope,FBA,5.90 x 4.90 x 5.80 cm,0.13,N/A,"Feb 13, 2025",,No,14,Metodo Pelle Sana
73.,"SUOXU Crevice Cleaning Brush, 3 Pcs Bathroom Toilet Kitchen Door Crevice Tool Multifunctional Crevice Cleaner Tool",B0CY297SN4,Check,https://www.amazon.it/dp/B0CY297SN4?psc=1,IT,https://m.media-amazon.com/images/I/61iD9mj9l7L._AC_SY355_.jpg,SUOXU,6.95,"1,311",988,400,"11,093.45","8,241.52",114,334,CN,3.74,1,4.2,"4,469",6,59,SUOXIU,Home & Kitchen,Standard Envelope,FBA,22.10 x 1.00 x 7.40 cm,0.02,N/A,"Mar 19, 2024",Sponsored Brand Video,No,25,SUOXIU
3.,BioDerm Plus Thyme Dermodetergent Antibacterial Enriched with Thyme and Tea Tree Oil 1000 ml – Intimate – Gentle for the Body,B08DG7WYFS,Check,https://www.amazon.it/dp/B08DG7WYFS?psc=1,IT,https://m.media-amazon.com/images/I/61o0dIcB1kL._AC_SY355_.jpg,BIODERM BIODERMOCOSMETICI,12.53,"1,614",880,300,"21,997.64","13,007.87",125,613,AMZ,7.4,2,4.5,"1,285",8,17,Amazon,Health & Household,Small Parcel,AMZ,24.00 x 8.10 x 8.40 cm,1.07,N/A,"Jul 21, 2020",Sponsored Brand,No,69,Amazon
10.,"La Roche-Posay Lipikar Soothing Cleansing Gel for Face and Body, for Sensitive and Dry Skin, Hydrated Skin and Anti-Dryness, with Niacinamide and Shea Butter, Surgras, 400 ml",B00V4PHBO8,Wash,https://www.amazon.it/dp/B00V4PHBO8?psc=1,IT,https://m.media-amazon.com/images/I/71zx97IMt-L._AC_SX342_.jpg,La Roche-Posay,10.42,"2,239","2,239","1,000","26,504.81","26,498.62",174,167,AMZ,5.15,1,4.7,"2,267",1,39,Amazon,Beauty,Extra Large Envelope,AMZ,20.00 x 5.40 x 5.60 cm,0.45,N/A,"Apr 24, 2015",,No,132,Amazon
20.,Dermovitamina Calmilene Sensicream Cleanser 500 ml - Face Cleanser - Moisturizing Face and Body Cream - For Sensitive Skin and Dermatitis - With Vitamin E and Calmilene - Soap Free,B01N1798K5,Wash,https://www.amazon.it/dp/B01N1798K5?psc=1,IT,https://m.media-amazon.com/images/I/61sq7FStP1L._AC_SY355_.jpg,Dermovitamina,9.48,"1,002",792,400,"9,504.69","8,239.16",180,907,AMZ,5.15,10,4.6,789,8,10,Amazon,Beauty,Extra Large Envelope,AMZ,20.00 x 6.00 x 6.30 cm,0.56,N/A,"Feb 2, 2017",,No,110,Amazon
43.,"La Roche-Posay Lipikar Syndet AP+ Cleansing Cream for Atopic Tendency Skin, Hydrates and Soothes Itchy with Shea Butter, Niacinamide, and Posae Filiformis, Perfume-Free, 200 ml",B00J3Y9YZG,Wash,https://www.amazon.it/dp/B00J3Y9YZG?psc=1,IT,https://m.media-amazon.com/images/I/51rK-pceh7L._AC_SX342_.jpg,La Roche-Posay,12.4,259,259,100,"3,151.01","3,148.72",176,"3,618",AMZ,6.03,1,4.7,172,1,11,Amazon,Beauty,Extra Large Envelope,AMZ,15.60 x 4.50 x 7.70 cm,0.23,N/A,"Mar 19, 2014",,No,145,Amazon
51.,"Uriage Xemose Face and Body Cleanser for Dry Skin, Subject to Atopic Eczema, Very Gentle Foaming Cleanser, Long-Lasting Wellbeing, Helps Restore the Skin Barrier",B07DCSTPMG,Wash,https://www.amazon.it/dp/B07DCSTPMG?psc=1,IT,https://m.media-amazon.com/images/I/716kn-8M84L._AC_SY355_.jpg,Uriage,18.1,88,88,50,"1,558.13","1,557.93",161,"9,234",IT,7.54,12,4.6,107,8,6,Curadisè,Beauty,Small Parcel,FBA,20.40 x 6.60 x 6.70 cm,0.61,N/A,"Jun 4, 2018",,No,94,Curadisè
53.,Avene Cleanance Gel Limpiador 400 ml,B08JGPSWTZ,Check,https://www.amazon.it/dp/B08JGPSWTZ?psc=1,IT,https://m.media-amazon.com/images/I/61PeGEQ34tL._AC_SY355_.jpg,Avene,9.9,880,880,400,"14,802.67","14,794.09",36,844,AMZ,6.72,15,4.8,"1,874",4,92,Amazon,Beauty,Extra Large Envelope,AMZ,20.30 x 5.30 x 5.50 cm,0.45,N/A,"Oct 2, 2020",,No,66,Amazon
54.,"La Roche Posay Toleriane Cleansing and Makeup Remover Fluid for Sensitive and Reactive Skin, Deep Cleansed Skin and Soothing Skin, Reduced Irritations and Redness, with Hydrating Glycerine, 400 ml",B0052EM8L8,Wash,https://www.amazon.it/dp/B0052EM8L8?psc=1,IT,https://m.media-amazon.com/images/I/51ryP2yFnOL._AC_SX342_.jpg,La Roche-Posay,19.78,"1,503","1,503",600,"30,536.74","30,536.62",196,569,AMZ,7.14,1,4.4,"2,924",6,88,Amazon,Beauty,Extra Large Envelope,AMZ,20.30 x 5.50 x 5.60 cm,0.45,N/A,"Aug 12, 2012",,No,164,Amazon
57.,"Sebamed Face and Body Liquid Cleanser for Sensitive and Intolerant Skin, pH 5.5, 1000 ml",B0872FXVTB,Wash,https://www.amazon.it/dp/B0872FXVTB?psc=1,IT,https://m.media-amazon.com/images/I/61-82aGH87L._AC_SY355_.jpg,Sebamed,24.5,748,596,300,"11,694.8","10,638.07",88,"1,287",AMZ,7.51,10,4.7,565,5,8,Amazon,Beauty,Small Parcel,AMZ,23.20 x 7.00 x 12.20 cm,1.18,N/A,"Apr 13, 2020",,No,72,Amazon
58.,"CeraVe Blemish Control Cleanser for Oily Acne-Prone Skin, Purifying Action, Reduced Imperfections, Salicylic Acid and Purifying Clay, 8 oz",B0B7RQ46LD,Check,https://www.amazon.it/dp/B0B7RQ46LD?psc=1,IT,https://m.media-amazon.com/images/I/61aPdjPpDSL._AC_SY355_.jpg,CeraVe,13.19,"17,960","17,960","6,000","201,546.5","201,478.52",138,126,AMZ,6.91,1,4.6,"31,246",8,89,Amazon,Beauty,Large Envelope,AMZ,17.10 x 3.50 x 7.00 cm,0.28,N/A,"Jul 27, 2022",,No,45,Amazon
61.,"Facial Cleansing Foam 473 ml with Ceramides, Niacinamide and Hyaluronic Acid – Hypoallergenic and Fragrance Free for Clean and Hydrated Skin",B07C5XD33D,Check,https://www.amazon.it/dp/B07C5XD33D?psc=1,IT,https://m.media-amazon.com/images/I/61zf6W+qqkL._AC_SY355_.jpg,CeraVe,10.75,"4,055","4,055","2,000","54,903.6","54,862.89",140,45,AMZ,6.18,15,4.7,"53,980",9,705,Amazon,Beauty,Extra Large Envelope,AMZ,18.70 x 4.70 x 8.70 cm,0.54,N/A,"Apr 13, 2018",,No,96,Amazon
64.,"CeraVe Moisturising Cleanser for Normal to Dry Skin, Healthy Skin Barrier, Essential Ceramides, Niacinamide and Hyaluronic Acid, Refill Pack, 473 ml",B0DVLS23YF,Check,https://www.amazon.it/dp/B0DVLS23YF?psc=1,IT,https://m.media-amazon.com/images/I/516fYiEJMdL._AC_SX342_.jpg,CeraVe,11.48,"1,831","1,831",900,"22,735.81","22,727.45",148,234,AMZ,7.05,7,4.5,633,7,58,Amazon,Beauty,Small Parcel,AMZ,18.40 x 6.50 x 13.70 cm,0.5,N/A,"Mar 18, 2025",,No,13,Amazon
68.,BIODERMA Atoderm Soap Free Shower Gel – Gentle Cleanser for Normal to Dry Skin – Prescribed by Dermatologists – Pump Bottle 1 Litre,B0089WNKVC,Wash,https://www.amazon.it/dp/B0089WNKVC?psc=1,IT,https://m.media-amazon.com/images/I/61ODZOqDVWL._AC_SY355_.jpg,Bioderma,18.55,182,162,100,"3,176.55","2,878.8",131,"3,579",IT,7.78,41,4.6,"10,475",8,141,ArrowBrands,Beauty,Small Parcel,FBA,21.70 x 7.40 x 10.30 cm,1.09,N/A,"Aug 14, 2012",,No,164,ArrowBrands
69.,"Amidomio Euphidra Bathroom Gentle Cleansing Cream, 400 ml",B01NAGK5QV,Check,https://www.amazon.it/dp/B01NAGK5QV?psc=1,IT,https://m.media-amazon.com/images/I/616+er5C26L._AC_SY355_.jpg,Euphidra,9.2,744,744,400,"3,907.87","3,903.66",57,"1,640",AMZ,5.39,18,4.8,"1,092",7,4,Amazon,Beauty,Small Parcel,AMZ,17.20 x 6.40 x 9.30 cm,0.47,N/A,"Dec 7, 2016",,No,112,Amazon
71.,"CeraVe Cleansing Foam, Face & Body Foam, Normal to Oily Skin, Impurity Free Skin, Strengthened Skin Barrier with Essential Ceramides, Hyaluronic Acid and Niacinamide, 545ml",B0CRSJ46YD,Wash,https://www.amazon.it/dp/B0CRSJ46YD?psc=1,IT,https://m.media-amazon.com/images/I/71xO5T86AKL._AC_SX342_.jpg,CeraVe,16.62,770,770,400,"13,980.3","13,978.87",172,518,AMZ,6.66,1,4.7,"2,496",6,63,Amazon,Beauty,Extra Large Envelope,AMZ,21.20 x 4.60 x 9.20 cm,0.65,N/A,"Jan 8, 2024",,No,27,Amazon
73.,"Sxhyf Cleaning Brushes - Household Cleaning Brush, Multifunctional Gap Cleaning Brush, Cleaning Tools for Home, Kitchen, Bathroom, Window (Black)",B0CN3185T8,Check,https://www.amazon.it/dp/B0CN3185T8?psc=1,IT,https://m.media-amazon.com/images/I/51k4UHjonkL._AC_SY355_.jpg,SXhyf,9.82,"1,856","1,291","1,000","20,751.73","14,450.42",145,98,CN,4.34,1,4.4,"21,152",8,400,SXhyf-IT,Home & Kitchen,Standard Envelope,FBA,25.10 x 1.40 x 10.49 cm,0.12,N/A,"Dec 21, 2023",Sponsored Brand Video,No,28,SXhyf-IT
32.,Dermovitamina Sensioil 200 ml – Gentle Shower Oil – Sensitive Skin Washing Oil – High Tolerability – Makeup Remover and Soothing Action – Skin Softness – For The Whole Family,B0DJH3JW92,Wash,https://www.amazon.it/dp/B0DJH3JW92?psc=1,IT,https://m.media-amazon.com/images/I/61TZlTI7dTL._AC_SY355_.jpg,Dermovitamina,10.9,"1,248",104,50,"21,683.75","1,039.32",174,670,AMZ,4.38,5,4.6,639,8,21,Amazon,Beauty,Extra Large Envelope,AMZ,16.70 x 4.20 x 4.20 cm,0.23,N/A,"Oct 4, 2024",,No,18,Amazon
35.,"Aveeno Dermexa Daily Emollient Shower Bath, Soothing Body Wash Without Soap and Fragrance, Shower Gel with Oats and Ceramides, Shower Gel for Very Dry, Sensitive and Irritated Skin, 300 ml",B08D6T94FS,Wash,https://www.amazon.it/dp/B08D6T94FS?psc=1,IT,https://m.media-amazon.com/images/I/6184jX5ffML._AC_SY355_.jpg,Aveeno,13.61,115,102,50,"1,881.8","1,528.87",188,"6,396",IT,7.68,9,4.6,271,8,N/A,FARMACIA ONLINE SHOP,Beauty,Extra Large Envelope,FBA,18.80 x 5.20 x 8.50 cm,0.37,N/A,"Jul 16, 2020",,No,69,FARMACIA ONLINE SHOP
37.,"Aveeno Skin Relief Bath Shower, Soothing Body Wash Without Soap and Fragrance, Triple Oat Complex Shower Foam, Daily Shower for Very Dry and Sensitive Skin, 500ml",B07Y4DH4M6,Wash,https://www.amazon.it/dp/B07Y4DH4M6?psc=1,IT,https://m.media-amazon.com/images/I/61I+fCbCp0L._AC_SY355_.jpg,Aveeno,10.32,"1,538",179,100,"18,940.14","2,907.64",162,697,AMZ,7.71,15,4.6,461,7,N/A,Amazon,Beauty,Small Parcel,AMZ,17.80 x 6.10 x 8.80 cm,0.71,N/A,"Sep 20, 2019",,No,79,Amazon
50.,"La Roche-Posay Dual Action Foaming Cleansing Gel, Suitable for Sensitive Skin, Eliminates Impurities and Sebum, Soft and Hydrated Skin, Formula with Delicate Surfactants and Glycerin, Toleriane, 400",B01LTGM28G,Wash,https://www.amazon.it/dp/B01LTGM28G?psc=1,IT,https://m.media-amazon.com/images/I/51loYjQCrIL._AC_SX342_.jpg,La Roche-Posay,14.09,140,140,N/A,"2,340.65","2,340.21",198,"7,410",N/A,6.28,1,4.6,"4,531",10,86,,Beauty,Extra Large Envelope,FBA,19.90 x 5.90 x 14.50 cm,0.53,N/A,"Sep 19, 2016",,No,115,
53.,"Eucerin pH5 Fluid Cleanser Refill 400 ml, Gentle and Moisturizing Face and Body Cleanser Refill for Frequent Washes, Soap Free Body Wash for the Whole Family for Dry and Sensitive Skin",B0C42JYL9V,Check,https://www.amazon.it/dp/B0C42JYL9V?psc=1,IT,https://m.media-amazon.com/images/I/71s8NvT7DsL._AC_SY355_.jpg,Eucerin,13.9,138,138,50,"1,175.63","1,174.97",184,"3,481",AMZ,5.56,5,4.5,82,7,10,Amazon,Beauty,Small Parcel,AMZ,20.60 x 6.20 x 11.80 cm,0.44,N/A,"May 4, 2023",,No,35,Amazon
64.,"Biopoint - Soothing Bath Cream, Gentle Shower Cleanser with Nourishing Action, with Silk Protein and Peony Extract, Gives a Soft and Scented Skin, 400 ml",B01N9RAW2B,Check,https://www.amazon.it/dp/B01N9RAW2B?psc=1,IT,https://m.media-amazon.com/images/I/71bgZy4ZB4L._AC_SY355_.jpg,BIOPOINT,7.5,507,459,200,"3,081.27","2,699.62",153,"2,543",AMZ,N/A,10,4.3,471,3,8,Amazon,Beauty,Small Parcel,AMZ,19.90 x 6.40 x 9.60 cm,0.47,N/A,"Jan 13, 2017",,No,111,Amazon
66.,Bionike Triderm - Doccia Schiuma,B00D3HZV4C,Check,https://www.amazon.it/dp/B00D3HZV4C?psc=1,IT,https://m.media-amazon.com/images/I/61loKg0-ecL._AC_SY445_.jpg,BioNike,5.21,145,145,50,"1,432.13","1,430.55",32,"5,919",AMZ,4.38,2,4.6,152,5,2,Amazon,,Extra Large Envelope,AMZ,15.40 x 4.50 x 4.60 cm,0.24,N/A,"Sep 12, 2014",,No,139,Amazon
68.,"Bionike Triderm - Sapone Liquido di Marsiglia per Pelli Sensibili e Intolleranti, Detergente per Lavaggi Frequenti ad Azione Protettiva e Idratante, Dona Morbidezza alla Pelle",B00D3HTOEK,Check,https://www.amazon.it/dp/B00D3HTOEK?psc=1,IT,https://m.media-amazon.com/images/I/61o-gLkqxXL._AC_SX342_.jpg,BioNike,6.95,"1,066","1,066",500,"16,147.86","16,144.68",175,652,AMZ,7.32,15,4.6,"1,718",5,15,,Beauty,Small Parcel,AMZ,21.20 x 6.30 x 6.40 cm,0.57,N/A,"Feb 5, 2014",,No,146,
73.,"SXhyf Hard Bristle Corner Cleaning Brush - Grout Cleaning Brush, Hard Bristle Cleaning Brush, Corner Cleaning Brush (2, Black)",B0F12NRW5G,Check,https://www.amazon.it/dp/B0F12NRW5G?psc=1,IT,https://m.media-amazon.com/images/I/61GNcOJytiL._AC_SY355_.jpg,SXhyf,8.19,90,90,N/A,"1,076.85","1,075.84",126,"8,294",CN,4.2,1,4.4,41,6,9,SXhyf-IT,Home & Kitchen,Standard Envelope,FBA,23.40 x 1.40 x 6.40 cm,0.04,N/A,"Mar 11, 2025",Sponsored Brand Video,No,13,SXhyf-IT
39.,"Uriage 25% Glycerin Cleansing Oil - 2 in 1: Gently Cleanses and Moisturises - Foaming Shower Oil for the Whole Family - Face & Body - Soap-Free, Physiological PH, Sensitive Skin",B06Y3NWF7D,Wash,https://www.amazon.it/dp/B06Y3NWF7D?psc=1,IT,https://m.media-amazon.com/images/I/61zJxHQ8tjL._AC_SY355_.jpg,Uriage,15.66,"1,159",128,50,"18,254.48","1,948.21",177,649,IT,7.63,22,4.6,"5,693",7,124,Scientia Naturae,Beauty,Small Parcel,MFN,22.20 x 8.30 x 10.50 cm,0.6,N/A,"Jul 17, 2017",,No,105,Scientia Naturae
52.,"Moisturizing Foaming Cleansing Oil 236 ml for Face and Body - Cleanses and Moisturizes without Drying the Skin, Suitable for All Skin Types",B09CCJD53W,Check,https://www.amazon.it/dp/B09CCJD53W?psc=1,IT,https://m.media-amazon.com/images/I/5161IiNwbgL._AC_SX342_.jpg,CeraVe,7.92,684,684,300,"7,874.09","7,869.93",139,"1,059",AMZ,4.13,14,4.7,"4,038",9,76,Amazon,Beauty,Large Envelope,AMZ,17.10 x 3.40 x 6.90 cm,0.28,N/A,"Sep 6, 2021",,No,55,Amazon
54.,Ist.ganassini Vitamindermina Cleansing Oil 750 ml,B0CBMKJN9R,Check,https://www.amazon.it/dp/B0CBMKJN9R?psc=1,IT,https://m.media-amazon.com/images/I/51fQUlUqKOL._AC_SY355_.jpg,Vidermina,20,86,86,50,"1,491.62","1,491.3",49,"12,357",IT,7.6,12,4.8,95,1,0,GIODICARTONLINE,Beauty,Small Parcel,MFN,24.10 x 6.80 x 6.90 cm,0.89,N/A,"Jul 11, 2023",,No,33,GIODICARTONLINE
55.,"Bioderm Plus Antibacterial Dermodetergent Enriched with Thyme and Tea Tree Oil 500 ml – Intimate Cleanser – Gentle for the Body for Adults, the Elderly, Incontinent and Disabled",B08DGB3LGZ,Check,https://www.amazon.it/dp/B08DGB3LGZ?psc=1,IT,https://m.media-amazon.com/images/I/61scSgKGv9L._AC_SY355_.jpg,BIODERM BIODERMOCOSMETICI,8.98,"1,614",636,300,"21,997.64","8,004.44",177,613,AMZ,6.73,1,4.5,"1,285",8,13,Amazon,Health & Household,Small Parcel,AMZ,18.70 x 6.70 x 6.90 cm,0.52,N/A,"May 12, 2017",,No,107,Amazon
57.,"Beauty of Joseon Ginseng Cleansing Oil (210ml, 7.1fl.oz.)",B0B45M89LX,Check,https://www.amazon.it/dp/B0B45M89LX?psc=1,IT,https://m.media-amazon.com/images/I/61ZWA0m2RVL._AC_SY355_.jpg,Beauty of Joseon,20.86,95,95,N/A,"1,760.46","1,759.52",57,"3,868",N/A,7.3,8,4.5,"3,247",6,56,,Beauty,Extra Large Envelope,FBA,18.90 x 5.20 x 5.30 cm,0.26,N/A,"Sep 20, 2023",,No,31,
59.,Ceramol Facial Body Cleansing Oil 400 ml,B0BHJLWCWD,Check,https://www.amazon.it/dp/B0BHJLWCWD?psc=1,IT,https://m.media-amazon.com/images/I/41maHOoNOuL._AC_SY355_.jpg,One Farmacia,20.77,285,285,100,"5,851.09","5,849.36",40,"3,204",IT,7.02,8,4.8,74,1,5,Di Prima Farmacia,Beauty,Extra Large Envelope,MFN,18.80 x 4.50 x 8.30 cm,0.44,N/A,"Apr 23, 2024",,No,24,Di Prima Farmacia
67.,"Atoderm Washing Oil | Immediate Hydration and Comfort | Intensively Nourishes | Cleans, Relipid and Soothes Irritations | Excellent Tolerance | Made in France | Pack of 2 x 1 Litre",B0CXTMQ54T,Check,https://www.amazon.it/dp/B0CXTMQ54T?psc=1,IT,"https://m.media-amazon.com/images/I/71NCI03jdgL._AC_SY355_PIbundle-2,TopRight,0,0_SH20_.jpg",PARAVOSTRA,39.86,85,85,N/A,"2,726.84","2,725.9",180,"9,130",IT,9.84,3,4.6,139,2,9,Farmacia Gaudiana,Beauty,Small Parcel,FBA,22.00 x 7.90 x 21.30 cm,2.35,N/A,"Mar 20, 2024",,No,25,Farmacia Gaudiana
70.,"La Roche-Posay Lipikar Cleansing Oil, for Sensitive Skin, Anti-Redness, Ultra-Hydration, Formula with Aqua Posae Filiformis, Shea Butter, Niacinamide, AP+, 750 ml",B07NPVNYZM,Wash,https://www.amazon.it/dp/B07NPVNYZM?psc=1,IT,https://m.media-amazon.com/images/I/71OFKMJU5CL._AC_SX342_.jpg,La Roche-Posay,27.58,47,47,N/A,"1,287.11","1,286.5",162,"15,192",N/A,9.09,1,4.7,981,1,18,,Beauty,Small Parcel,MFN,21.90 x 7.70 x 7.70 cm,0.87,N/A,"Jan 27, 2019",,No,87,
73.,"Minismus Shower Squeegee - Window and Door Glass Cleaner - Silicone Shower Squeegee - Shower Glass, Bathroom and Mirrors Cleaner - Without Drilling, Holder Included (Black, 21 cm)",B09QH14TB3,Check,https://www.amazon.it/dp/B09QH14TB3?psc=1,IT,https://m.media-amazon.com/images/I/51fDMtHhuYL._AC_SY355_.jpg,Minismus,14.01,"1,681",590,300,"29,841.94","10,016.61",179,177,NL,5.56,5,4.5,"4,000",7,136,Kranis B.V.,Home & Kitchen,Large Envelope,FBA,22.21 x 3.20 x 20.66 cm,0.21,N/A,"Jan 14, 2022",Sponsored Brand Video,No,51,Kranis B.V.
31.,"La Roche-Posay Lipikar Foaming Cleansing Bread, for Dry Skin, Soothing and Moisturizing, Cleansed and Soft Skin Without Dryness, with Niacinamide and Shea Butter, Surgras, 150 g",B000V3O8NQ,Wash,https://www.amazon.it/dp/B000V3O8NQ?psc=1,IT,https://m.media-amazon.com/images/I/51p6JwVCxvL._AC_SX342_.jpg,La Roche-Posay,6.1,189,189,100,"1,256.93","1,256.55",177,"4,102",AMZ,3.84,1,4.6,"1,962",1,45,Amazon,Beauty,Large Envelope,AMZ,10.10 x 3.90 x 6.90 cm,0.13,N/A,"May 3, 2012",,No,167,Amazon
53.,"Sebamed Liquid, without soap, cleanses without irritating, suitable for sensitive skin, respects the physiological acidity of the skin, leaves the skin soft and elastic, suitable for face and body,",B0872GJJ7D,Check,https://www.amazon.it/dp/B0872GJJ7D?psc=1,IT,https://m.media-amazon.com/images/I/61DcFYs8TPL._AC_SY355_.jpg,Sebamed,5.66,748,153,50,"11,694.8","1,054.52",197,"1,287",AMZ,4.05,1,4.7,565,7,8,Amazon,Beauty,Extra Large Envelope,AMZ,14.00 x 4.40 x 8.70 cm,0.25,N/A,"Apr 13, 2020",,No,72,Amazon
54.,Cetaphil Daily Facial Cleanser 473 ml,B0CDXXGBK4,Check,https://www.amazon.it/dp/B0CDXXGBK4?psc=1,IT,https://m.media-amazon.com/images/I/71veFvGuC-L._AC_SY445_.jpg,Cetaphil,10.47,645,645,200,"8,201.28","8,200.97",37,"1,986",AMZ,7.13,9,4.6,378,6,8,Amazon,Beauty,Extra Large Envelope,AMZ,19.00 x 5.40 x 9.80 cm,0.54,N/A,"Dec 15, 2023",,No,28,Amazon
56.,Cetaphil Daily Facial Cleanser 236 ml,B0CDXZ9W53,Check,https://www.amazon.it/dp/B0CDXZ9W53?psc=1,IT,https://m.media-amazon.com/images/I/61UrLhBOrhL._AC_SX342_.jpg,Cetaphil,5.31,"1,840","1,840",700,"11,920.39","11,920.22",37,692,AMZ,4.11,12,4.4,680,6,35,Amazon,Beauty,Extra Large Envelope,AMZ,18.70 x 5.30 x 8.90 cm,0.29,N/A,"Dec 15, 2023",,No,28,Amazon
59.,ISDIN Ureadin Hydrating Shower Gel (400 ml) | Daily Use Gel with 5% Urea | Cleanses and Moisturizes the Skin | Recommended for Dry Skin,B00JJQPWMC,Check,https://www.amazon.it/dp/B00JJQPWMC?psc=1,IT,https://m.media-amazon.com/images/I/51DKImlSf-L._AC_SX342_.jpg,ISDIN,11.52,129,129,50,"1,855.4","1,853.99",135,"7,664",AMZ,6.34,4,4.4,351,7,7,Amazon,Beauty,Extra Large Envelope,AMZ,21.80 x 5.10 x 6.70 cm,0.49,N/A,"Apr 8, 2014",,No,144,Amazon
60.,"Bionike Triderm Marseille Liquid Soap for Sensitive and Intolerant Skin, Gentle Cleanser with Protective and Moisturizing Action, Gives Softness",B00D3HVW2W,Check,https://www.amazon.it/dp/B00D3HVW2W?psc=1,IT,https://m.media-amazon.com/images/I/61AqW7vYHIL._AC_SY355_.jpg,BioNike,4.52,668,544,200,"7,000.66","3,942.28",144,"2,171",AMZ,4.38,8,4.5,"1,118",7,5,,Beauty,Extra Large Envelope,AMZ,17.00 x 5.20 x 5.30 cm,0.3,N/A,"Apr 23, 2014",,No,144,
62.,"BioNike Triderm - Gel Doccia Delicato Corpo e Capelli, per la Detersione Quotidiana di Cute e Cuoio Capelluto, pH Fisiologico, Indicato per Pelli Sensibili, Adatto a Tutta la Famiglia",B0D6BH6LQM,Other,https://www.amazon.it/dp/B0D6BH6LQM?psc=1,IT,https://m.media-amazon.com/images/I/51IGi7gvSOL._AC_SX342_.jpg,BioNike,17.9,211,175,100,"2,900.43","2,481.08",183,"4,369",AMZ,7.33,9,4.5,35,5,2,Amazon,Beauty,Small Parcel,AMZ,21.30 x 7.70 x 7.80 cm,0.84,N/A,"Jun 6, 2024",,No,22,Amazon
64.,La Roche Posay Toleriane Cleansing Care 400ml,B01N7T7JKJ,Check,https://www.amazon.it/dp/B01N7T7JKJ?psc=1,IT,https://m.media-amazon.com/images/I/610TMlEvi4L._AC_SX342_.jpg,La Roche-Posay,18.99,314,314,200,"6,240.46","6,237.51",45,"1,208",AMZ,8.01,1,4.6,"36,879",1,372,Amazon,Beauty,Extra Large Envelope,AMZ,20.05 x 5.89 x 5.89 cm,0.45,N/A,"Jan 24, 2017",,No,111,Amazon
73.,"Moller's | Omega 3 Cod Liver Oil | Omega-3 Dietary Supplements with EPA, DHA, Vitamins A, D and E | Superior Taste Award | 166 Years Existing Brand | Lemon | 500ml",B0CBT3S3CS,Check,https://www.amazon.it/dp/B0CBT3S3CS?psc=1,IT,https://m.media-amazon.com/images/I/71N6LSx33DL._AC_SY355_.jpg,MÖLLER'S,24.82,"1,185",636,200,"31,743.03","17,358.3",163,"1,290",SE,10.03,1,4.7,"3,410",9,N/A,Orkla,Health & Household,Small Parcel,FBA,25.10 x 6.60 x 19.40 cm,0.87,N/A,"Jul 13, 2023",Sponsored Brand Video,No,33,Orkla
1.,L'amande - L'Amande Marseille Scented Sweet Almond Oil for Soft Skin 250 ml - 902197882,B07R91ZV2R,Check,https://www.amazon.it/dp/B07R91ZV2R?psc=1,IT,https://m.media-amazon.com/images/I/61JljpG5cML._AC_SY355_.jpg,L'Amande,13.89,743,322,100,"9,388.93","3,388.96",87,"2,371",IT,6.61,2,4.6,415,5,N/A,Lui & Lei BEAUTY®,Beauty,Extra Large Envelope,FBA,16.80 x 6.00 x 6.30 cm,0.27,N/A,"Apr 30, 2019",Sponsored Brand,No,84,Lui & Lei BEAUTY®
3.,"L'AMANDE - 100% Natural Rosehip Oil with Vitamin E, Body Oil and Hair Delicate Fresh and Blooming, Toning and Anti-Aging Action, Ideal for Massage Mature or Young Skin, 250 ml",B07T2WLCGX,Other,https://www.amazon.it/dp/B07T2WLCGX?psc=1,IT,https://m.media-amazon.com/images/I/61g0dFs9uML._AC_SY355_.jpg,L'Amande,9.14,743,273,100,"9,388.93","3,662.78",175,"2,371",AMZ,N/A,7,4.7,237,7,N/A,,Beauty,Extra Large Envelope,AMZ,16.60 x 5.90 x 6.10 cm,0.27,N/A,"Jun 15, 2019",Sponsored Brand,No,82,
17.,"Bio-Oil Gel Treatment with Moisturizing Action, Intense and Duration, Suitable for Dry Skin, Hides Scars, Stretch Marks and Blemishes, 200 ml",B07KNCW934,Check,https://www.amazon.it/dp/B07KNCW934?psc=1,IT,https://m.media-amazon.com/images/I/81c6ZS3ElyL._AC_SY355_.jpg,Bio-Oil,20.99,"1,047","1,047",400,"14,791.19","14,786.33",141,"1,241",AMZ,7.5,1,4.5,"1,712",3,21,Amazon,Beauty,Small Parcel,AMZ,8.20 x 6.10 x 6.10 cm,0.21,N/A,"Nov 16, 2018",,No,89,Amazon
36.,"Equilibra Pure Almond Oil, Sweet Almond Oil, Protective, Nourishing and Elasticizing, Helps Prevent Stretch Marks in Pregnancy or During a Low Calorie Diet, 250ml",B0FHW77PXF,Check,https://www.amazon.it/dp/B0FHW77PXF?psc=1,IT,https://m.media-amazon.com/images/I/51AbNE3XCGL._AC_SY355_.jpg,Equilibra,6.9,"1,648",632,200,"14,638.27","3,363.09",162,426,AMZ,3.59,1,4.6,"8,002",4,20,Amazon,Beauty,Extra Large Envelope,AMZ,13.00 x 5.50 x 5.50 cm,0.26,N/A,"Jul 17, 2025",,No,9,Amazon
37.,"Goovi Elastic is Fantastic Body Oil with a Mix of 6 Precious Oils, Nourishes and Makes the Skin Elastic, Prevents Stretch Marks, 140 ml",B08QMFHBFV,Check,https://www.amazon.it/dp/B08QMFHBFV?psc=1,IT,https://m.media-amazon.com/images/I/51WuvN7ZpoL._AC_SY355_.jpg,GOOVI,16.9,169,169,100,"2,112.07","2,110.22",135,"5,470",AMZ,5.82,12,4.4,118,5,0,Amazon,Beauty,Large Envelope,AMZ,17.40 x 4.00 x 4.10 cm,0.16,N/A,"Nov 21, 2020",,No,65,Amazon
39.,Nuxe Huile Prodigieuse Multifunction Dry Oil - 100 ml,B01ATJESD6,Check,https://www.amazon.it/dp/B01ATJESD6?psc=1,IT,https://m.media-amazon.com/images/I/717rtVq0aeL._AC_SY355_.jpg,Nuxe,31.9,"1,689","1,294",600,"41,972.61","31,254.73",53,506,IT,7.61,39,4.7,"13,332",8,27,CorpoeCapelli,Beauty,Large Envelope,MFN,15.80 x 3.90 x 8.80 cm,0.26,N/A,"Apr 5, 2014",,No,144,CorpoeCapelli
56.,Palmer's Cocoa Butter Moisturizing Body Oil Formula,B000056W74,Check,https://www.amazon.it/dp/B000056W74?psc=1,IT,https://m.media-amazon.com/images/I/81bde6fUI3L._AC_SY355_.jpg,Palmer's,11.47,88,80,N/A,"1,321.74","1,091.14",51,"12,491",N/A,6.04,13,4.6,"26,319",7,267,TATA1111,Beauty,Large Envelope,FBA,19.60 x 3.70 x 6.10 cm,0.27,N/A,"Feb 11, 2016",,No,122,TATA1111
60.,"Helan, W Oud Hair Oil, Face and Body, Scented and Brightening, for Silky and Soft Skin and Head of Hair, Fast Absorption - Moisturizing Dry Body Oil with Linen, Sweet Almonds and Vitamin E, 50 ml",B08LWNH3B6,Other,https://www.amazon.it/dp/B08LWNH3B6?psc=1,IT,https://m.media-amazon.com/images/I/81tuL9Kcb-L._AC_SY355_.jpg,Helan,10.39,96,70,N/A,"1,511.69","1,062.17",195,"11,449",AMZ,6.74,8,4.3,267,5,N/A,,Beauty,Large Envelope,AMZ,13.60 x 2.90 x 5.20 cm,0.19,N/A,"Oct 20, 2020",,No,66,
61.,"Marco Viti - Vitamin E Oil Spray, 125 ml, Regenerating and Antioxidant Action, Protection for Dry and Sensitive Skin, Oil for Massage and Stretch Marks, Moisturizing and Nourishing, Easy Application",B0F18V6R4G,Check,https://www.amazon.it/dp/B0F18V6R4G?psc=1,IT,https://m.media-amazon.com/images/I/61zx5raRLDL._AC_SY355_.jpg,Marco Viti,10.57,84,84,50,"1,084.56","1,083.6",198,"10,894",AMZ,6.11,9,4.1,11,7,0,Amazon,Health & Household,Extra Large Envelope,AMZ,19.20 x 4.70 x 4.80 cm,0.14,N/A,"Mar 12, 2025",,No,13,Amazon
62.,"Bioderm Vitamin E Complex Oil Spray - Nourishing and Soothing Oil with Vitamin E | Antioxidant Moisturizer for Dry, Sensitive or Irritated Skin | Face and Body Use (125ml)",B0749NKH29,Check,https://www.amazon.it/dp/B0749NKH29?psc=1,IT,https://m.media-amazon.com/images/I/611uDSi37vL._AC_SY355_.jpg,BIODERM BIODERMOCOSMETICI,14.58,78,78,N/A,"1,194.72","1,194.32",171,"9,934",AMZ,6.58,1,4.5,7,7,2,Amazon,Beauty,Extra Large Envelope,AMZ,17.10 x 4.30 x 4.40 cm,0.16,N/A,"Nov 17, 2018",,No,89,Amazon
63.,"Kanzy Pure Cold Pressed Jojoba Oil 120 ml - Unrefined Jojoba Oil for Face, Body, Hair, Scalp and Beard",B07BYPW7LZ,Other,https://www.amazon.it/dp/B07BYPW7LZ?psc=1,IT,https://m.media-amazon.com/images/I/71KUbTeCjJL._AC_SX355_.jpg,KANZY,11.99,"7,417",754,400,"70,139.35","8,192.85",102,28,GB,5.13,1,4.4,"40,709",9,660,KANZY,Beauty,Extra Large Envelope,FBA,13.90 x 5.05 x 5.10 cm,0.23,N/A,"Apr 7, 2018",,No,96,KANZY
65.,"LILLYDOO ALMOND OIL - Fragrance Free - 100% Natural Origin - Vegan - in a High Quality Glass Bottle (100ml) Dermatologically Tested and Rated ""Excellent"" by Medical Specialists",B0DRW6RH9H,Check,https://www.amazon.it/dp/B0DRW6RH9H?psc=1,IT,https://m.media-amazon.com/images/I/71RbLHm-EsL._AC_SY355_.jpg,LILLYDOO,8.2,318,318,200,"3,178.23","3,178.08",176,"2,189",AMZ,4.38,1,4.8,175,6,8,Amazon,Beauty,Extra Large Envelope,AMZ,14.60 x 4.90 x 5.10 cm,0.25,N/A,"Dec 30, 2024",,No,16,Amazon
69.,"Bio-Oil Natural Skin Care Oil for Stretch Marks, Scars, Dry Skin & Skin Spots 200ml, Pack of 1",B093HQF5GR,Check,https://www.amazon.it/dp/B093HQF5GR?psc=1,IT,https://m.media-amazon.com/images/I/61Sbd+dYucL._AC_SY355_.jpg,Bio-Oil,34.99,321,321,100,"7,460.96","7,458.68",94,"3,143",AMZ,7.65,1,4.5,"1,325",10,5,Amazon,Beauty,Extra Large Envelope,AMZ,17.50 x 4.90 x 5.00 cm,0.23,N/A,"Apr 19, 2021",,No,60,Amazon
15.,P.O.L. CALM liporestitutivo emollient fluid 200 ml,B08TH3XBV8,Check,https://www.amazon.it/dp/B08TH3XBV8?psc=1,IT,https://m.media-amazon.com/images/I/61NNkJzkB3L._AC_SX355_.jpg,DIFA COOPER,18.9,455,455,200,"6,418.81","6,417.43",50,"2,037",AMZ,4.17,15,4.6,185,1,3,Amazon,Beauty,Extra Large Envelope,AMZ,18.30 x 5.70 x 5.80 cm,0.24,N/A,"Jan 16, 2021",,No,63,Amazon
16.,"AIESI Hydrophilic Base Cream (1 kg), Restructuring Moisturizing Cream for Face and Body Ideal for Dry Skin, Pharmaceutical, Cosmetic and Dermatological Use, Made in Italy",B07NGWHVC1,Cream,https://www.amazon.it/dp/B07NGWHVC1?psc=1,IT,https://m.media-amazon.com/images/I/71qFla6j2wL._AC_SY355_.jpg,AIESI,13.85,321,321,100,"5,430.7","5,427.36",170,"3,011",AMZ,9.03,3,4.5,780,7,7,Amazon,Beauty,Small Parcel,AMZ,15.30 x 9.70 x 10.00 cm,1.06,N/A,"Feb 6, 2019",,No,86,Amazon
28.,Marco Viti - Marco Viti Hyaluronic Plus Regenerating and Emollient Cream 25 g - 949970661,B0DXQYMWP1,Check,https://www.amazon.it/dp/B0DXQYMWP1?psc=1,IT,https://m.media-amazon.com/images/I/617+uPOkzaL._AC_SY355_.jpg,Marco Viti,10,"5,139","3,842","2,000","44,205.33","30,361.71",89,333,N/A,3.45,8,4.6,100,7,N/A,Amazon,Beauty,Standard Envelope,FBA,15.80 x 2.10 x 4.40 cm,0.03,N/A,"Feb 19, 2025",,No,14,Amazon
33.,Ducray Ictyane Emollient Nourishing Face & Body Cream 2 x 200ml,B07Y8W1QQT,Check,https://www.amazon.it/dp/B07Y8W1QQT?psc=1,IT,"https://m.media-amazon.com/images/I/51FBYVkWEqL._AC_SY355_PIbundle-2,TopRight,0,0_SH20_.jpg",Ducray,19.37,130,130,50,"3,114.91","3,113.45",63,"8,055",FR,7.76,3,4.9,53,2,4,Para Prestige,Beauty,Extra Large Envelope,FBA,20.10 x 5.30 x 15.30 cm,0.44,N/A,"Sep 3, 2019",,No,79,Para Prestige
34.,Dexeryl Emollient Cream 250g,B00E5A3H88,Cream,https://www.amazon.it/dp/B00E5A3H88?psc=1,IT,https://m.media-amazon.com/images/I/51DJte9WwBL._AC_SY355_.jpg,DEXERYL,13.93,146,146,50,"1,983.99","1,983.41",28,"6,481",IT,5.31,10,4.7,588,2,22,Di Prima Farmacia,Beauty,Extra Large Envelope,FBA,20.50 x 5.40 x 6.80 cm,0.29,N/A,"Jun 28, 2016",,No,118,Di Prima Farmacia
35.,"Rilastil Face and Body Cream, Scar Treatment, Soothing and Moisturizer for Sensitive Skin, 200 ml",B08ZKBWQ5F,Check,https://www.amazon.it/dp/B08ZKBWQ5F?psc=1,IT,https://m.media-amazon.com/images/I/61YqqMaWkWL._AC_SX342_.jpg,Rilastil,16.54,"1,034","1,034",500,"23,770.2","23,765.91",97,710,AMZ,7.44,29,4.6,"1,096",4,21,Amazon,Beauty,Extra Large Envelope,AMZ,18.50 x 4.90 x 17.80 cm,0.24,N/A,"Mar 20, 2021",,No,61,Amazon
37.,"NIVEA Soft Multi-Purpose Cream, 1 x 300 ml, Moisturising and Refreshing Cream, Face, Body, and Hand Cream, Quick Absorption, Enriched with Vitamin E and Jojoba Oil",B0BDSPDNDT,Check,https://www.amazon.it/dp/B0BDSPDNDT?psc=1,IT,https://m.media-amazon.com/images/I/71t3QRrFJmL._AC_SY355_.jpg,NIVEA,6.29,"1,127","1,127",600,"4,692.12","4,690.37",163,794,AMZ,4.91,17,4.7,619,6,26,Amazon,Beauty,Extra Large Envelope,AMZ,9.80 x 5.90 x 9.50 cm,0.33,N/A,"Sep 9, 2022",,No,43,Amazon
40.,"CeraVe Crema Idratante Viso e Corpo, Per Pelli da Secche a Molto Secche, Azione Protettiva e Ripristino della Barriera Cutanea, Con 3 Ceramidi e Acido Ialuronico + Routine Correlate a Questo Prodotto",B0CBKWWHY9,Check,https://www.amazon.it/dp/B0CBKWWHY9?psc=1,IT,https://m.media-amazon.com/images/I/61JLqdUCEyL._AC_SX342_.jpg,CeraVe,24.32,"1,417",709,100,"30,679.28","17,226.88",199,636,AMZ,8.6,1,4.6,"4,760",1,N/A,Amazon,Beauty,Small Parcel,AMZ,10.40 x 9.20 x 9.50 cm,0.6,N/A,"Aug 21, 2023",,No,32,Amazon
41.,"Ematonil Plus Emulsion Gel with Arnica, Escin, Bromelain and Menthol, Cream for Hematoma, Small Trauma and Bruises with Soothing Action, Relief for Adults and Children, 50 ml",B08PQNRDF5,Check,https://www.amazon.it/dp/B08PQNRDF5?psc=1,IT,https://m.media-amazon.com/images/I/71D73TP2j+L._AC_SY355_.jpg,Bayer,6.55,"1,931","1,931","1,000","15,175.82","15,156.99",174,609,AMZ,3.99,11,4.6,"2,184",2,25,Amazon,Health & Household,Large Envelope,AMZ,14.80 x 3.70 x 3.80 cm,0.07,N/A,"Oct 14, 2016",,No,114,Amazon
42.,"100 g Eczema Cream, Soothing and Softening Crem, Body Cream with Prolonged Action, Suitable for All Skin Types, Nourishes and Protects.",B0F2MRQ284,Cream,https://www.amazon.it/dp/B0F2MRQ284?psc=1,IT,https://m.media-amazon.com/images/I/71ije0+JWZL._AC_SY355_.jpg,TULAMORIY,13.99,103,103,50,"1,442.87","1,441.74",135,"5,962",CN,6.04,1,4.4,48,9,N/A,XuXiaChengSha,Beauty,Large Envelope,FBA,14.90 x 3.70 x 6.10 cm,0.11,N/A,"Mar 27, 2025",,No,13,XuXiaChengSha
52.,Dexeryl Cream 500g,B0098G931Y,Cream,https://www.amazon.it/dp/B0098G931Y?psc=1,IT,https://m.media-amazon.com/images/I/61L+5+7R4ML._AC_SY355_.jpg,Hengulus,21.55,138,138,50,"2,613.27","2,612.26",18,"5,687",BG,7.15,7,4.7,"1,360",1,22,AR First Aid,Beauty,Extra Large Envelope,MFN,23.00 x 5.60 x 5.80 cm,0.56,N/A,"Dec 31, 2012",,No,160,AR First Aid
55.,"AIESI® Hydrophilic Base Cream with Vitamin E (1 kg), Restructuring Moisturizing Cream for Face and Body Ideal for Dry Skin, Pharmaceutical, Cosmetic and Dermatological Use, Made in Italy",B0BR5NJPDQ,Cream,https://www.amazon.it/dp/B0BR5NJPDQ?psc=1,IT,https://m.media-amazon.com/images/I/71P36eaeLYL._AC_SY355_.jpg,AIESI,15.49,101,101,50,"1,907.55","1,906.4",186,"9,734",IT,7.95,2,4.5,183,7,10,Medical Division,Beauty,Small Parcel,FBA,15.40 x 9.90 x 10.00 cm,1.06,N/A,"Dec 27, 2022",,No,40,Medical Division
56.,"AIESI Hydrophilic Base Cream (500 g), Restructuring Moisturizing Cream for Face and Body Ideal for Dry Skin, Pharmaceutical, Cosmetic and Dermatological Use, Made in Italy",B0DFTKRXLB,Cream,https://www.amazon.it/dp/B0DFTKRXLB?psc=1,IT,https://m.media-amazon.com/images/I/71uRJjYHdQL._AC_SY355_.jpg,AIESI,10.57,94,94,50,"1,209.13","1,208.09",171,"7,839",IT,6.89,2,4.3,44,7,3,Medical Division,Beauty,Small Parcel,FBA,10.00 x 9.20 x 9.70 cm,0.55,N/A,"Aug 31, 2024",,No,20,Medical Division
57.,ISDIN Nutratopic Pro-Amp Emollient Body Cream for Specific Areas (200ml) | Treatment and Protection for Atopic Skin,B00A7WFZ88,Cream,https://www.amazon.it/dp/B00A7WFZ88?psc=1,IT,https://m.media-amazon.com/images/I/6139CE7fOpL._AC_SY445_.jpg,ISDIN,19.66,52,52,N/A,"1,234.91","1,234.32",115,"31,757",AMZ,7.39,10,4.6,833,6,1,Amazon,Beauty,Extra Large Envelope,AMZ,18.90 x 5.40 x 7.20 cm,0.22,N/A,"Jul 28, 2014",,No,141,Amazon
59.,Difa Coper POL Prot Cream 250ml,B00D3HTP1C,Cream,https://www.amazon.it/dp/B00D3HTP1C?psc=1,IT,https://m.media-amazon.com/images/I/71Szx1Qps8L._AC_SY355_.jpg,DIFA COOPER,18.77,53,53,N/A,"1,013.39","1,013.05",31,"14,949",AMZ,7.02,15,4.7,361,6,4,Amazon,Beauty,Extra Large Envelope,AMZ,20.90 x 5.20 x 6.70 cm,0.28,N/A,"Sep 12, 2014",,No,139,Amazon
61.,"Rilastil Stretch Mark Cream, Stretch Mark Treatment, Soothing, Moisturizing and Elasticizing, 75 ml",B09TB2HKN3,Check,https://www.amazon.it/dp/B09TB2HKN3?psc=1,IT,https://m.media-amazon.com/images/I/61A7-lLHIVL._AC_SY445_.jpg,Rilastil,20.48,"1,985",827,500,"43,732.55","23,903.52",99,119,AMZ,7.84,37,4.6,"1,754",6,17,Amazon,Beauty,Extra Large Envelope,AMZ,19.10 x 5.10 x 6.70 cm,0.24,N/A,"Feb 22, 2022",,No,50,Amazon
64.,Pierre Fabre Ducray Prf4285 Ictyane Emollient Nourishing Cream – 200 ml,B07Z8J76J1,Check,https://www.amazon.it/dp/B07Z8J76J1?psc=1,IT,https://m.media-amazon.com/images/I/41FPCqURW6S._AC_SY355_.jpg,Ducray,14.09,74,74,N/A,"1,336.4","1,335.65",71,"9,887",FR,4.54,22,4.5,276,1,4,Para Prestige,Beauty,Small Parcel,FBA,16.50 x 6.40 x 10.10 cm,0.22,N/A,"Oct 4, 2019",,No,78,Para Prestige
65.,"MOST - 2s Cream with Salicylic Acid and Sulphur, Face and Body Cream Controls Redness and Itching, Attenuates Stress Breakouts, Indicated for Sebaceous Skin, Rosacea, Seborrheic Dermatitis and",B00D3HQUH4,Cream,https://www.amazon.it/dp/B00D3HQUH4?psc=1,IT,https://m.media-amazon.com/images/I/41r2L0-dIYL._AC_SY355_.jpg,MOST,16.39,"1,304","1,304",600,"26,075.09","26,074.94",192,849,IT,7.17,12,4.3,"1,648",4,14,MOST Skincare,Beauty,Extra Large Envelope,FBA,12.40 x 4.50 x 4.70 cm,0.06,N/A,"Feb 9, 2016",,No,122,MOST Skincare
67.,"ISDIN Ureadin Ultra30 (50ml) | Soothing Cream with 30% Urea | Maximum Hydration for Thickened Skin on Feet, Hands, Elbows and Knees",B00BR0KHDW,Check,https://www.amazon.it/dp/B00BR0KHDW?psc=1,IT,https://m.media-amazon.com/images/I/71fDjM+DopL._AC_SY445_.jpg,ISDIN,15.08,149,149,100,"2,460.39","2,458.77",131,"6,298",AMZ,6.16,10,4.6,"1,427",6,28,Amazon,Beauty,Large Envelope,AMZ,13.50 x 3.70 x 4.80 cm,0.08,N/A,"Dec 10, 2011",,No,172,Amazon
70.,"Rilastil Defense Sterile, Protective, Soothing, Soothing and Rehydrating Cream for Sensitive and Reactive Skin, Preservative and Fragrance Free, 50 ml Pack",B07BFG1DYV,Cream,https://www.amazon.it/dp/B07BFG1DYV?psc=1,IT,https://m.media-amazon.com/images/I/61SzGlGCuSL._AC_SY445_.jpg,Rilastil,16.05,396,396,200,"8,705.65","8,703.74",155,"3,430",AMZ,7.54,11,4.6,249,6,10,Amazon,Beauty,Large Envelope,AMZ,16.20 x 3.90 x 4.10 cm,0.01,N/A,"Sep 22, 2016",,No,115,Amazon
73.,"sxhyf Hard Bristle Slit Cleaning Brush - Multifunctional Gap Cleaning Brush, Bathroom Cleaning Brush, Household Slit Cleaning Tools (3, Black)",B0CRZ3T7VM,Check,https://www.amazon.it/dp/B0CRZ3T7VM?psc=1,IT,https://m.media-amazon.com/images/I/511cODaOPdL._AC_SY355_.jpg,SXhyf,9.83,293,293,200,"2,894.49","2,891.42",142,"3,143",CN,4.37,1,4.4,"3,258",6,81,SXhyf-IT,Home & Kitchen,Standard Envelope,FBA,24.10 x 2.20 x 6.50 cm,0.11,N/A,"Mar 20, 2024",Sponsored Brand Video,No,25,SXhyf-IT
59.,EUCERIN Atopicontrol Bath & Shower Oil - 400ml,B07KJW6DC5,Wash,https://www.amazon.it/dp/B07KJW6DC5?psc=1,IT,https://m.media-amazon.com/images/I/51-DFRJJoOL._AC_SY355_.jpg,Eucerin,15.65,6,6,N/A,121.01,121.01,46,"67,669",IT,7.44,6,4.4,91,5,0,eFarma - I tuoi Farmacisti online,Beauty,Large Envelope,MFN,21.80 x 3.80 x 8.40 cm,0.45,N/A,"Mar 22, 2018",,No,100,eFarma - I tuoi Farmacisti online
61.,Baby Cleansing Oil for Atopic Tendency Skin,B0DK7KYSMM,Wash,https://www.amazon.it/dp/B0DK7KYSMM?psc=1,IT,https://m.media-amazon.com/images/I/515EEjHjHAL._AC_SY355_.jpg,Linea Mamma Baby,14.75,5,5,N/A,90.72,90.7,43,"18,139",AMZ,6.93,2,4.6,3,3,0,Amazon,Baby Products,Extra Large Envelope,AMZ,15.40 x 5.60 x 5.70 cm,0.27,N/A,"Oct 17, 2024",,No,21,Amazon
53.,"SVR Topialyse Aceite Micelar Washer, 1 Litre",B077C7G2XV,Wash,https://www.amazon.it/dp/B077C7G2XV?psc=1,IT,https://m.media-amazon.com/images/I/7188LEP7rGL._AC_SY355_.jpg,SVR,16.37,30,30,N/A,624.54,624.55,44,"4,412",FR,7.97,7,4.6,"1,059",4,3,Cosmeco,Beauty,Small Parcel,FBA,23.40 x 8.10 x 8.40 cm,1.17,N/A,"Nov 12, 2017",,No,104,Cosmeco
29.,"KELEMATA PL3 Physiological Cleansing Oil 500 ml, Treatment for Atopic and Very Dry Skin, with Vegetable Ceramides and Water-Soluble Oils, Face and Body, Soap and SLES, Lasting Hydration",B09414VNF1,Wash,https://www.amazon.it/dp/B09414VNF1?psc=1,IT,https://m.media-amazon.com/images/I/61G5wpjZOkL._AC_SY355_.jpg,Kelemata,6.82,40,40,N/A,361.96,361.93,185,"40,834",IT,5.33,9,3.8,10,1,0,Tuttofarma: salute e bellezza a portata di click,Beauty,Extra Large Envelope,MFN,20.00 x 5.00 x 9.00 cm,0.5,N/A,"May 3, 2021",,No,62,Tuttofarma: salute e bellezza a portata di click
17.,"Rilastil Xerolact Olio Detergente Viso e Corpo per Neonati, Bambini e Adulti, Idratante, Relipidante, per Pelli Secche, Irritate e con Tendenza Atopica",B0DVM1G1B3,Wash,https://www.amazon.it/dp/B0DVM1G1B3?psc=1,IT,https://m.media-amazon.com/images/I/61qoRmZRZTL._AC_SY445_.jpg,Rilastil,15.49,"2,560","2,341","2,000","45,358.49","41,294.91",151,130,AMZ,9.1,22,4.6,"3,262",3,38,Amazon,Beauty,Small Parcel,AMZ,24.80 x 8.70 x 9.50 cm,1.17,N/A,"Jan 31, 2025",,No,18,Amazon
57.,"VITAMINDERMINA Restorative Cleansing Oil 250ml - Body Cleansing - For Dry, Very Dry, Sensitive, Atopic Prone Skin - Soothing and Antipruritic - For Babies, Children and Adults",B0BWVL993X,Wash,https://www.amazon.it/dp/B0BWVL993X?psc=1,IT,https://m.media-amazon.com/images/I/51A-YXeAc3L._AC_SY355_.jpg,VITAMINDERMINA,6.06,29,29,N/A,213.35,213.36,175,"4,949",AMZ,4.23,6,4,9,7,1,Amazon,Baby Products,Extra Large Envelope,AMZ,21.20 x 4.80 x 7.60 cm,0.31,N/A,"Feb 25, 2023",,No,41,Amazon
65.,"Dermana DermanOil 200ml - Ultra Gentle Cleansing Oil for Sensitive and Dry Atopic Skin, with Omega-3 and Omega-6, Vitamin A and E, Suitable for Everyone, Also Ideal for Newborns",B0F3XJ5GBH,Wash,https://www.amazon.it/dp/B0F3XJ5GBH?psc=1,IT,https://m.media-amazon.com/images/I/51BVjTag0bL._AC_SY355_.jpg,myity,14.67,42,42,N/A,752.34,752.33,177,"23,007",IT,8.06,1,4.6,15,7,0,2DAY PHARMA,Beauty,Extra Large Envelope,FBA,20.00 x 5.00 x 6.80 cm,0.23,N/A,"Apr 7, 2025",,No,15,2DAY PHARMA
51.,"Almond Oil Skin (Body and Face) and Hair, Anti Stretch Marks Pregnancy, Atopic Skin and Children, Professional Massage Oil, Moisturizing and Rich Vitamin E. 100% Natural and Pure – 250 ml",B0CSYNGW6H,Oil,https://www.amazon.it/dp/B0CSYNGW6H?psc=1,IT,https://m.media-amazon.com/images/I/61BSt1nBJ8L._AC_SY355_.jpg,Oïléna,19.89,2,2,N/A,38.38,38.36,187,"127,730",AMZ,8.02,2,4.6,11,9,0,,Beauty,Extra Large Envelope,AMZ,15.00 x 5.60 x 5.80 cm,0.26,N/A,"Jan 22, 2024",,No,30,
63.,Facial and Body Cleansing Oil for Atopic Dermatitis - Prevents and Neutralises Psoriasis Itching Dryness and Skin Inflammation - Nickel Tested - 100ml,B08MV6SKFY,Wash,https://www.amazon.it/dp/B08MV6SKFY?psc=1,IT,https://m.media-amazon.com/images/I/81aqYs+35HL._AC_SY355_.jpg,SANAMEDICA GROUP Srl,15.45,15,15,N/A,254.62,254.63,150,"46,590",IT,7.71,2,3.9,50,6,1,Sanamedica Group Srl,Beauty,Extra Large Envelope,FBA,13.50 x 4.90 x 5.00 cm,0.13,N/A,"Nov 5, 2020",,No,68,Sanamedica Group Srl
55.,"SVR - Topialyse Huile Washing - Anti-Itching and Relipidating Cleansing Oil - For Very Dry & Atopic Skin - Omega 3-6-9, Niacinamide, Prebiotics - 400 ml",B09M5WPSNQ,Wash,https://www.amazon.it/dp/B09M5WPSNQ?psc=1,IT,https://m.media-amazon.com/images/I/61qAecYDuvL._AC_SY355_.jpg,SVR,9.38,137,137,50,"2,158.09","2,158.1",152,"3,072",PL,6.74,23,4.6,692,6,9,Recosmo,Beauty,Extra Large Envelope,MFN,18.10 x 5.70 x 5.80 cm,0.47,N/A,"Nov 17, 2021",,No,56,Recosmo
35.,"Almond Oil Skin (Body and Face) and Hair, Anti Stretch Marks Pregnancy, Atopic Skin and Children, Professional Massage Oil, Moisturizing and Rich Vitamin E. 100% Natural and Pure – 1000 ml",B07VR7Z936,Oil,https://www.amazon.it/dp/B07VR7Z936?psc=1,IT,https://m.media-amazon.com/images/I/51xfOLoDqpL._AC_SY355_.jpg,Oïléna,16.46,18,18,N/A,369.87,369.86,188,"61,705",AMZ,8.19,3,4.4,460,8,N/A,Amazon,Beauty,Small Parcel,AMZ,23.90 x 8.60 x 8.80 cm,0.98,N/A,"Jul 28, 2019",,No,84,Amazon
56.,"Almond Oil Skin (Body and Face) and Hair, Anti Stretch Marks Pregnancy, Atopic Skin and Children, Professional Massage Oil, Moisturizing and Rich Vitamin E. 100% Natural and Pure – 5000 ml",B09MFKXBFX,Oil,https://www.amazon.it/dp/B09MFKXBFX?psc=1,IT,https://m.media-amazon.com/images/I/71aXMI-wGtL._AC_SY355_.jpg,Oïléna,52.42,7,7,N/A,382.18,382.18,188,"88,814",AMZ,15.7,2,4.4,23,9,0,Amazon,Beauty,Standard Parcel,AMZ,33.00 x 18.50 x 24.60 cm,4.84,N/A,"Nov 23, 2021",,No,56,Amazon
38.,"Eucerin Atopi Control Skincare Kit with Body Cleansing Oil Soothing Cleansing Oil 400 ml and Atopic Dermatitis Cream Soothing Body Balm 400 ml, With Ceramides and Oils, Dry, Sensitive and Atopic Skin",B0GLQS6DNR,Wash,https://www.amazon.it/dp/B0GLQS6DNR?psc=1,IT,https://m.media-amazon.com/images/I/61dYb613MaL._AC_SX342_.jpg,Eucerin,35.58,0,0,N/A,0,0,199,"50,013",AMZ,N/A,1,5,1,10,0,Amazon,Beauty,N/A,AMZ,N/A,N/A,N/A,"Oct 15, 2019",,No,81,Amazon
1.,Neutrogena Norwegian Formula CICA Intense Repair Body Lotion for Dry Skin (Pack of 2 x 750ml) Repairing Body Moisturizer with Centella Asiatica,B0D1GK2ZKB,Cream,https://www.amazon.es/dp/B0D1GK2ZKB?psc=1,ES,https://m.media-amazon.com/images/I/61Nxo8mqIBL._AC_SY355_.jpg,Neutrogena,15.29,"4,269","3,884","2,000","64,721.28","56,324.05",143,109,AMZ,5.26,12,4.7,743,7,N/A,Amazon,Beauty,Small Parcel,AMZ,24.10 x 5.90 x 17.30 cm,1.66,N/A,"Apr 30, 2024",Sponsored Brand,No,24,Amazon
2.,"Neutrogena Norwegian Formula Deep Hydration Instant Absorption Body Lotion (2 X 750ml), Body Moisturizer for Dry Skin, Moisturizer with Pro-Ceramide & Glycerin",B0D1GKTKK3,Check,https://www.amazon.es/dp/B0D1GKTKK3?psc=1,ES,https://m.media-amazon.com/images/I/61n7NsYfAQL._AC_SY355_.jpg,Neutrogena,15.9,"2,734","1,453",800,"40,233.13","21,234.55",159,200,AMZ,7.65,24,4.6,470,7,N/A,Amazon,Beauty,Small Parcel,AMZ,23.70 x 6.10 x 17.70 cm,1.67,N/A,"Apr 30, 2024",Sponsored Brand,No,24,Amazon
3.,"Neutrogena Norwegian Formula Visibly Firming Body Lotion (2x750ml), Body Firming Cream for All Skin Types, Moisturizer with Glycerin and Procollagen Minerals",B0D1GL8D5D,Check,https://www.amazon.es/dp/B0D1GL8D5D?psc=1,ES,https://m.media-amazon.com/images/I/61rqmwaUCEL._AC_SY355_.jpg,Neutrogena,15.9,"1,269","1,269",500,"20,172.92","20,160.09",157,779,AMZ,6.66,21,4.7,482,7,30,Amazon,Beauty,Small Parcel,AMZ,24.30 x 10.30 x 13.50 cm,1.67,N/A,"Apr 30, 2024",Sponsored Brand,No,24,Amazon
10.,"Bepanthol Moisturizing Cream, Protects and Regenerates Dry and Irritated Skin, Even After Aesthetic Treatments and Sun Exposure, 100g",B006IS4FD6,Other,https://www.amazon.es/dp/B006IS4FD6?psc=1,ES,https://m.media-amazon.com/images/I/712DJNdT6PL._AC_SY355_.jpg,BEPANTHOL,17.19,368,276,100,"5,601.25","4,746.62",133,"3,093",AMZ,6.43,14,4.6,692,8,9,Amazon,Beauty,Extra Large Envelope,AMZ,19.10 x 4.20 x 5.60 cm,0.12,N/A,"Sep 28, 2015",,No,127,Amazon
11.,"CeraVe Intensive Moisturizing Lotion, For Very Dry and Irritated Skin, Restores the Protective Barrier, Enriched with Essential Ceramides and Shea Butter",B0F19H9JTR,Check,https://www.amazon.es/dp/B0F19H9JTR?psc=1,ES,https://m.media-amazon.com/images/I/71rphelU1FL._SX342_.jpg,CeraVe,19.9,"1,689","1,689",800,"30,087.72","30,086.62",153,546,AMZ,6.59,12,4.7,528,13,34,Amazon,Beauty,Extra Large Envelope,AMZ,18.60 x 4.90 x 8.50 cm,0.53,N/A,"Mar 12, 2025",,No,13,Amazon
13.,"Bepanthol Moisturizing Protective Ointment, Protects and Regenerates Dry, Irritated or Sensitized Skin by External Factors, 30 g",B00E0LU2ZS,Cream,https://www.amazon.es/dp/B00E0LU2ZS?psc=1,ES,https://m.media-amazon.com/images/I/71ovA7gsvyL._AC_SY355_.jpg,Bepanthol,8.99,0,883,500,0,"6,662.64",128,518,AMZ,4.61,17,4.6,"1,215",7,29,Amazon,Beauty,Large Envelope,AMZ,28.90 x 3.00 x 14.50 cm,0.04,N/A,"Jul 28, 2014",,No,141,Amazon
14.,"Bepanthol Moisturizing Protective Ointment, Protects and Regenerates Dry, Irritated or Sensitized Skin by External Factors, 100 g",B00E0JG2FY,Cream,https://www.amazon.es/dp/B00E0JG2FY?psc=1,ES,https://m.media-amazon.com/images/I/71YWNssUnzL._AC_SY355_.jpg,BEPANTHOL,14.5,0,944,500,0,"12,779.36",129,613,AMZ,7.02,4,4.7,"1,116",7,29,Amazon,Beauty,Extra Large Envelope,AMZ,19.20 x 4.30 x 5.50 cm,0.12,N/A,"Jul 28, 2014",,No,141,Amazon
18.,"Bepanthol Derma Repair Day Moisturizing Face Cream, Very Dry and Sensitive Skin, 50 Milliliters",B097H85186,Cream,https://www.amazon.es/dp/B097H85186?psc=1,ES,https://m.media-amazon.com/images/I/71sbJifqclL._AC_SY355_.jpg,BEPANTHOL,20.39,536,492,200,"11,207.86","10,016.14",95,"1,304",AMZ,6.91,9,4.6,349,7,N/A,Amazon,Beauty,Extra Large Envelope,AMZ,13.10 x 4.30 x 4.50 cm,0.09,N/A,"Jun 16, 2021",,No,58,Amazon
22.,Eczema & Itch Cream - Rapid Eczema & Dermatitis Relief - Soothes Skin Irritation & Redness - With Oat Extract 18g,B0G6SN8KRN,Cream,https://www.amazon.es/dp/B0G6SN8KRN?psc=1,ES,https://m.media-amazon.com/images/I/61hhoWgPrGL._AC_SY355_.jpg,BioRelie,9.99,134,134,50,"1,548.53","1,547.2",113,"8,210",CN,2.71,1,4.6,25,7,2,MASHANGYOU,Beauty,Standard Envelope,FBA,14.70 x 2.40 x 5.00 cm,0.04,N/A,"Jan 25, 2026",,No,3,MASHANGYOU
27.,"Lactovit - Crème Lactourea Moisturizing Mousse 24h for Body and Face, Very Dry and Extra Dry Skin, Immediate Absorption – 400 ml",B0B253987G,Cream,https://www.amazon.es/dp/B0B253987G?psc=1,ES,https://m.media-amazon.com/images/I/719R773-IFL._AC_SY355_.jpg,Lactovit,4.36,610,610,300,"2,891.73","2,885.48",128,"1,355",AMZ,4.3,1,4.6,"1,107",7,64,Amazon,Beauty,Small Parcel,AMZ,9.20 x 8.80 x 9.00 cm,0.45,N/A,"May 24, 2022",,No,47,Amazon
28.,"Cream for Psoriasis, Antipruritic Cream 20g, Relief of Itch and Peeling, Body Care for Very Dry and Sensitive Skin",B0GM6WS4T9,Cream,https://www.amazon.es/dp/B0GM6WS4T9?psc=1,ES,https://m.media-amazon.com/images/I/71JBxBy7J3L._AC_SY355_.jpg,AIDURA,9.99,179,171,100,"1,787.37","1,709.99",114,"3,700",CN,2.95,1,5,28,8,23,AIDURA,Beauty,Standard Envelope,FBA,13.80 x 2.40 x 4.20 cm,0.03,N/A,"Feb 7, 2026",,No,2,AIDURA
29.,"Neutrogena Norwegian Formula Deep Hydration Hypoallergenic Body Lotion (2 X 750ml), Body Moisturizer for Dry & Sensitive Skin, Moisturizer with Pro Ceramide & Glycerin",B00CD1ZEOQ,Check,https://www.amazon.es/dp/B00CD1ZEOQ?psc=1,ES,https://m.media-amazon.com/images/I/61ii0YIVAnL._AC_SY355_.jpg,Neutrogena,13.5,"2,734","1,147",400,"40,233.13","15,801.83",167,164,AMZ,6.3,8,4.7,200,7,N/A,Amazon,Beauty,Small Parcel,AMZ,23.90 x 7.00 x 17.30 cm,1.66,N/A,"Apr 30, 2024",,No,24,Amazon
30.,"CeraVe SA Anti-Rough Smoothing Cream For Dry, Rough and Imperfected Skin, For Face and Body, Exfoliates and Hydrates, With Ceramides, Salicylic Acid and Hyaluronic Acid, 340 ml",B07W8H8MBX,Check,https://www.amazon.es/dp/B07W8H8MBX?psc=1,ES,https://m.media-amazon.com/images/I/61vwcsxZG4L._AC_SY355_.jpg,CeraVe,15.29,"1,958","1,619","1,000","28,473.17","24,743.84",176,189,AMZ,6.03,22,4.5,"24,262",2,39,Amazon,Beauty,Small Parcel,AMZ,9.45 x 7.20 x 9.20 cm,0.39,N/A,"Aug 9, 2019",,No,80,Amazon
32.,"CeraVe Moisturizing Lotion, Dry to Very Dry Skin, Hydrates and Restores the Protective Barrier, Enriched with Essential Ceramides and Hyaluronic Acid, Lightweight Formula, Suitable for Face and Body",B07CG2TD9F,Check,https://www.amazon.es/dp/B07CG2TD9F?psc=1,ES,https://m.media-amazon.com/images/I/61YQYvukieL._AC_SY355_.jpg,CeraVe,9.3,"1,712",140,200,"25,622","1,354.15",198,69,AMZ,3.74,11,4.6,"64,661",8,558,Amazon,Beauty,Large Envelope,AMZ,15.80 x 3.80 x 7.00 cm,0.28,N/A,"Nov 5, 2025",,No,5,Amazon
34.,"Weleda - Almond Soothing Facial Cream, Moisturizes, Protects, Regenerates and Soothes Skin, Relieves Irritation, with Sweet Almond Oil and Plum Bone, Natural, Unscented - 30ml",B003LDJK5O,Cream,https://www.amazon.es/dp/B003LDJK5O?psc=1,ES,https://m.media-amazon.com/images/I/51iP3t-4gcL._AC_SY355_.jpg,Weleda,14.4,326,249,100,"4,756.82","3,674.44",175,"3,004",AMZ,N/A,8,4.2,"3,796",10,26,Amazon,Beauty,Large Envelope,AMZ,12.70 x 2.69 x 3.91 cm,0.04,N/A,"Dec 7, 2006",,No,232,Amazon
36.,CeraVe Body Moisturizer & Travel Moisturizer Set for Dry & Body Skin with Hyaluronic Acid 340g + Travel Facial Moisturizer for Normal & Dry Skin 20ml,B096Y1992S,Cream,https://www.amazon.es/dp/B096Y1992S?psc=1,ES,https://m.media-amazon.com/images/I/51TTj+Vi41L._SX342_.jpg,CeraVe,16.14,175,175,N/A,"2,760.47","2,759.6",149,"5,689",AMZ,6.44,1,4.6,"2,381",7,18,Amazon,Beauty,Small Parcel,AMZ,11.00 x 7.40 x 9.40 cm,0.42,N/A,"Aug 12, 2021",,No,56,Amazon
37.,"Instituto Español Atopic Skin Body Lotion, 750 Milliliters (Packaging May Differ)",B08W8H13RH,Check,https://www.amazon.es/dp/B08W8H13RH?psc=1,ES,https://m.media-amazon.com/images/I/61zq9OeCbcL._AC_SY355_.jpg,Instituto Español,7.78,"1,493","1,493",900,"11,679.03","11,676.19",81,342,AMZ,4.59,5,4.6,"1,669",1,26,Amazon,Beauty,Small Parcel,AMZ,27.79 x 8.61 x 10.01 cm,0.85,N/A,"Feb 9, 2021",,No,62,Amazon
38.,"La Roche Posay LIPIKAR Baume Light AP+M, 400 m",B0FSRVPY96,Cream,https://www.amazon.es/dp/B0FSRVPY96?psc=1,ES,https://m.media-amazon.com/images/I/61buVLxiskL._SX342_.jpg,La Roche-Posay,30,176,176,100,"5,173.43","5,172.78",46,"3,439",AMZ,8.49,2,4,19,6,7,Amazon,Beauty,Extra Large Envelope,AMZ,20.30 x 5.70 x 5.70 cm,0.44,N/A,"Oct 17, 2025",,No,6,Amazon
39.,"CeraVe SA Anti-Rough Smoothing Cream For Dry, Rough and Imperfected Skin, For Face and Body, Exfoliates and Hydrates, With Ceramides, Salicylic Acid and Hyaluronic Acid, 177 ml",B07WL7WV52,Check,https://www.amazon.es/dp/B07WL7WV52?psc=1,ES,https://m.media-amazon.com/images/I/71asmW4QToL._AC_SY355_.jpg,CeraVe,10.8,15,349,200,165.21,"3,826.27",176,"1,274",AMZ,4.84,7,4.5,"24,262",2,N/A,Amazon,Beauty,Extra Large Envelope,AMZ,16.40 x 4.60 x 5.10 cm,0.2,N/A,"Aug 9, 2019",,No,80,Amazon
44.,"Bepanthol Derma SensiCalm to Relieve Itching and Redness of Skin Irritations in Just 30 Minutes, Cortisone Free, 20g",B00WEOGK5Y,Check,https://www.amazon.es/dp/B00WEOGK5Y?psc=1,ES,https://m.media-amazon.com/images/I/61K7avo9EjL._AC_SY355_.jpg,BEPANTHOL,6.81,"3,222","1,464",900,"33,943.21","10,005.76",116,87,AMZ,4.34,12,4.4,"4,442",7,79,Amazon,Beauty,Large Envelope,AMZ,12.00 x 3.40 x 3.60 cm,0.03,N/A,"Sep 28, 2015",,No,127,Amazon
47.,"Antifungal Cream 30 g, To Relieve Itchy Jock Skin, Eczema, Effective Treatment of Athlete's Feet, Soothes Itching, Cream to Relieve Skin Itch in Adults",B0FRSZ94RH,Cream,https://www.amazon.es/dp/B0FRSZ94RH?psc=1,ES,https://m.media-amazon.com/images/I/71h2z6fN5NL._AC_SY355_.jpg,HNYGS-EU,11.99,"1,132","1,132",800,"13,574.33","13,562.86",151,397,CN,5,1,4.4,34,8,9,aifusen,Beauty,Standard Envelope,FBA,11.00 x 2.40 x 4.00 cm,0.04,N/A,"Sep 19, 2025",,No,7,aifusen
49.,"CENTELLIAN 24 Madeca Time Reverse Cream (50ml) - Nourishing and Fast Absorption, Hydrates, Firms and Reduces Wrinkles, Low Irritation, Korean Skin Care",B0DFY92NDB,Other,https://www.amazon.es/dp/B0DFY92NDB?psc=1,ES,https://m.media-amazon.com/images/I/51Pietq1jbL._AC_SX355_.jpg,CENTELLIAN 24,16.3,"1,861","1,861","1,000","34,431.38","34,422.63",151,169,DE,6.29,11,4.6,"3,008",8,587,F Trade GmbH,Beauty,Large Envelope,FBA,15.09 x 3.51 x 5.69 cm,0.07,N/A,"Jan 4, 2026",,No,3,F Trade GmbH
50.,"Rilastil - Xerolact PB Moisturizing Balm Anti-Irritation with Prebiotics, for Dry Fragile or Atopic Skin, Relieves Itching, Intensely Nourishes and Repairs the Skin Barrier - 400 ml",B08R1FQWKH,Cream,https://www.amazon.es/dp/B08R1FQWKH?psc=1,ES,https://m.media-amazon.com/images/I/517XkiRGwjL._AC_SY355_.jpg,Rilastil,17.49,392,370,100,"7,664.21","6,461.21",181,"1,666",AMZ,3.85,28,4.6,"1,362",7,19,Amazon,Beauty,Extra Large Envelope,AMZ,20.40 x 5.30 x 5.50 cm,0.45,N/A,"Dec 10, 2020",,No,64,Amazon
53.,"CETAPHIL Moisturizing Body and Facial Cream for Dry and Sensitive Skin, Hydrates up to 48 Hours, 85G",B08DS9P37M,Cream,https://www.amazon.es/dp/B08DS9P37M?psc=1,ES,https://m.media-amazon.com/images/I/71C33gNvqxL._AC_SY355_.jpg,Cetaphil,7.93,"1,280",346,200,"16,410.72","2,960.26",100,"1,021",AMZ,3.63,7,4.6,"3,406",8,76,Amazon,Beauty,Large Envelope,AMZ,14.80 x 3.90 x 5.30 cm,0.11,N/A,"Jul 28, 2020",,No,69,Amazon
54.,"TALQUISTINA - Moisturizing Cream 400 ml, for Itchy Skin, Daily Use, Long-Lasting Hydration, Protects and Soothes Dryness, Suitable for Sensitive Skin.",B0BJFP4VYY,Cream,https://www.amazon.es/dp/B0BJFP4VYY?psc=1,ES,https://m.media-amazon.com/images/I/61auJKXDwQL._AC_SY355_.jpg,TALQUISTINA,23.08,"1,059","1,059",800,"23,007.72","23,001.18",150,515,N/A,7.26,23,4.6,776,8,27,,Beauty,Extra Large Envelope,MFN,19.70 x 5.40 x 5.60 cm,0.44,N/A,"Oct 17, 2022",,No,42,
55.,CeraVe Intensive Moisturizing Creme For Dry Dry Skin 340ml,B0FHQ1Z14S,Cream,https://www.amazon.es/dp/B0FHQ1Z14S?psc=1,ES,https://m.media-amazon.com/images/I/516g-JSN04L._SY445_.jpg,CeraVe,20.4,533,533,200,"10,715.27","10,712.12",58,"2,135",AMZ,6.89,3,4.6,117,3,38,Amazon,Beauty,Small Parcel,AMZ,9.30 x 7.40 x 9.20 cm,0.39,N/A,"Dec 23, 2025",,No,4,Amazon
56.,BEPANTHOL Dry Skin Moisturizing Cream - Derma Repair Lotion - Immediate and Lasting Hydration for Very Dry and Sensitive Skin - Daily Use - 400ml - Without Perfume or Dyes,B097HBHKR9,Cream,https://www.amazon.es/dp/B097HBHKR9?psc=1,ES,"https://m.media-amazon.com/images/I/61ERqQaqZGL._AC_SY355_PIbundle-400,TopRight,0,0_SH20_.jpg",BEPANTHOL,16.2,563,448,300,"9,100.49","7,259.41",171,"1,190",AMZ,7.27,6,4.6,708,7,13,Amazon,Beauty,Small Parcel,AMZ,19.40 x 6.10 x 6.20 cm,0.47,N/A,"Jun 16, 2021",,No,58,Amazon
58.,"Weleda - Skin Food Original, Repair Cream, Nourishes and Hydrates, with Sunflower and Almond Oil, Calendula, Wild Thought and Chamomile, for Very Dry and Cracked Skin -75ml",B00A3M1TIW,Cream,https://www.amazon.es/dp/B00A3M1TIW?psc=1,ES,https://m.media-amazon.com/images/I/51KFDzNEIyL._AC_SY355_.jpg,Weleda,9.6,"1,666","1,612","1,000","19,743.79","15,685.64",172,168,AMZ,3.77,9,4.6,"4,359",13,31,Amazon,Beauty,Large Envelope,AMZ,14.10 x 3.91 x 5.31 cm,0.06,N/A,"Feb 13, 2013",,No,158,Amazon
59.,"Bepanthol Derma SensiCalm to Relieve Itching and Redness of Skin Irritations in Just 30 Minutes, Cortisone Free, 50g",B07VKDRPW7,Check,https://www.amazon.es/dp/B07VKDRPW7?psc=1,ES,https://m.media-amazon.com/images/I/61eN7dZrU+L._AC_SY355_.jpg,BEPANTHOL,12.4,"3,222","1,607",700,"33,943.21","20,094.31",116,107,AMZ,4.86,17,4.4,"4,442",7,79,Amazon,Beauty,Large Envelope,AMZ,14.10 x 4.00 x 4.20 cm,0.07,N/A,"Jul 22, 2019",,No,81,Amazon
60.,"Uriage Xemose C8+ Anti-Itch Relipidizing Balm 500ml - Nourishes, Repairs, Soothes - Very Dry Skin, Trend Atopic Eczema - 8Ceramides Biomimetics, 10% Shea Butter - Face, Body, Unscented",B07JDLL4LP,Cream,https://www.amazon.es/dp/B07JDLL4LP?psc=1,ES,https://m.media-amazon.com/images/I/61A6-pcTF0L._AC_SY355_.jpg,Uriage,18.9,352,352,200,"6,469.81","6,467.86",184,"2,519",CH,7.03,28,4.5,"1,475",7,44,DERMA EU,Beauty,Small Parcel,FBA,20.50 x 6.60 x 6.70 cm,0.53,N/A,"Sep 29, 2018",,No,91,DERMA EU
61.,"Neutrogena Norwegian Formula Deep Hydration Body Lotion for Dry Skin (400ml), Body Moisturizer with Pro-Ceramide & Glycerin Technology",B00BN7XH2C,Check,https://www.amazon.es/dp/B00BN7XH2C?psc=1,ES,https://m.media-amazon.com/images/I/51LPN63FdTL._AC_SY355_.jpg,Neutrogena,6.99,318,293,100,"2,532.78","2,024.46",134,"2,466",AMZ,3.56,10,4.6,"2,831",7,15,Amazon,Beauty,Large Envelope,AMZ,22.20 x 4.00 x 7.20 cm,0.45,N/A,"May 20, 2014",,No,143,Amazon
62.,"NIVEA Repair & Care Body Milk, Body Moisturizer for Dry & Extra Dry Skin, Moisturizer with 72h Hydration and Intensive Care, 1 x 400ml",B0D82BKYF1,Cream,https://www.amazon.es/dp/B0D82BKYF1?psc=1,ES,https://m.media-amazon.com/images/I/513JvuibhSL._AC_SY355_.jpg,NIVEA,5.88,465,465,200,"2,712.39","2,712.04",134,"2,698",AMZ,3.7,6,4.7,240,9,21,Amazon,Beauty,Extra Large Envelope,AMZ,22.20 x 4.40 x 6.60 cm,0.4,N/A,"Jun 25, 2024",,No,22,Amazon
65.,"A-Derma - Exomega Control, 400 ml",B0052ECBUG,Check,https://www.amazon.es/dp/B0052ECBUG?psc=1,ES,https://m.media-amazon.com/images/I/71IW3lHMeQL._SX342_.jpg,A-Derma,20.85,549,549,300,"10,896.06","10,893.19",33,"2,025",ES,7.09,30,4.7,"2,466",2,40,Parafarmaciamarket,Beauty,Extra Large Envelope,MFN,18.39 x 5.89 x 5.99 cm,0.47,N/A,"Oct 13, 2012",,No,162,Parafarmaciamarket
68.,Erborian BB Cream Clair,B0BV35SSR3,Other,https://www.amazon.es/dp/B0BV35SSR3?psc=1,ES,https://m.media-amazon.com/images/I/51fmUgCVyjL._SY445_.jpg,Erborian,37.99,"3,622",104,50,"73,011.07","3,931.29",23,158,AMZ,9.47,1,4.3,"4,575",6,816,Amazon,Beauty,Large Envelope,AMZ,16.60 x 2.90 x 3.20 cm,0.04,N/A,"Apr 21, 2023",Sponsored Brand Video,No,36,Amazon
7.,"Naissance Cold Pressed Sweet Almond Oil (No 215) 1L - Moisturizing and Emollient Care Face, Hair, Nails, Body, Skin - For Body Massage, Soaps, Stretch Marks",B007MCXGO6,Check,https://www.amazon.es/dp/B007MCXGO6?psc=1,ES,https://m.media-amazon.com/images/I/71PcxQ1+gZL._AC_SY355_.jpg,Naissance,14.99,"1,313","1,133",600,"18,605.4","16,879.18",156,402,GB,7.1,1,4.6,"39,690",7,119,naissance ®,Beauty,Standard Parcel,FBA,22.20 x 12.60 x 16.70 cm,0.97,N/A,"Aug 5, 2013",,No,152,naissance ®
8.,"Rilastil - Xerolact Protective Cleansing Oil for Very Dry or Atopic Skin, Anti-Itch Moisturizing Shower Gel with Rice and Almond Oil, Suitable for Babies, Children and Adults - 1000 ml",B0DVM1G1B3,Wash,https://www.amazon.es/dp/B0DVM1G1B3?psc=1,ES,https://m.media-amazon.com/images/I/61qoRmZRZTL._AC_SY355_.jpg,Rilastil,12.72,969,774,400,"13,387.81","9,732.87",184,722,AMZ,N/A,13,4.6,421,7,40,Amazon,Beauty,Small Parcel,AMZ,32.10 x 9.60 x 12.80 cm,1.2,N/A,"Apr 9, 2025",,No,12,Amazon
14.,DRASANVI SWEET ALMOND OIL - Especially nourishing and moisturizing - Helps reduce wrinkles and stretch marks - Suitable for all skin types - VEGAN - 250 ml,B00XZ3NATM,Check,https://www.amazon.es/dp/B00XZ3NATM?psc=1,ES,https://m.media-amazon.com/images/I/71PHfDoxdBL._AC_SY355_.jpg,Drasanvi,4.3,"1,020",657,300,"6,905.78","2,824.94",155,454,AMZ,3.34,2,4.5,267,7,13,Amazon,Beauty,Large Envelope,AMZ,16.50 x 3.50 x 7.00 cm,0.26,N/A,"May 20, 2015",,No,131,Amazon
15.,"Natural Honey, Oil & Go Rinse Free Shower Oil with Natural Argan, 24H Deep Hydration, Fast Absorption, Non-Greasy Finish, Firming, Nourishing and Revitalizing, 250ml",B0DV9M1W71,Check,https://www.amazon.es/dp/B0DV9M1W71?psc=1,ES,https://m.media-amazon.com/images/I/61VBUo6M7VL._AC_SY355_.jpg,Natural Honey,3.49,70,446,300,244.73,"1,532.38",165,885,AMZ,4.51,4,4.8,30,6,N/A,Amazon,Beauty,Small Parcel,AMZ,18.60 x 6.70 x 14.80 cm,0.25,N/A,"Jan 28, 2025",,No,15,Amazon
16.,DRASANVI SWEET ALMOND OIL - Especially nourishing and moisturizing - Helps reduce wrinkles and stretch marks - Suitable for all skin types - VEGAN - 1l,B00XO2DUGC,Other,https://www.amazon.es/dp/B00XO2DUGC?psc=1,ES,https://m.media-amazon.com/images/I/711Av+zNoXL._AC_SY355_.jpg,Drasanvi,13.09,"1,020",125,50,"6,905.78","1,908.33",151,454,AMZ,5.2,2,4.5,267,6,13,Amazon,Beauty,Small Parcel,AMZ,22.80 x 10.00 x 10.00 cm,0.96,N/A,"May 15, 2015",,No,131,Amazon
21.,"PLANTAWA Almond Oil 500ml | 100% Pure and Natural | Daily Body Moisturizer | Ideal for Massage, Babies and Stretch Marks | Unscented | Fast Absorption",B0BF5F8JKJ,Check,https://www.amazon.es/dp/B0BF5F8JKJ?psc=1,ES,https://m.media-amazon.com/images/I/612+HLH12iL._AC_SY355_.jpg,PLANTAWA,9.99,330,330,200,"3,297.95","3,294.53",150,"2,645",AMZ,4.75,1,4.7,"1,239",7,24,Amazon,Beauty,Small Parcel,AMZ,18.00 x 7.00 x 18.00 cm,0.49,N/A,"Sep 13, 2022",,No,43,Amazon
22.,"Black Tulip - Body Oil Coconut Pure White, Nourishing Body Oil with Sweet and Tropical Fragrance, Hydration and Softness for Skin, 200ml",B0F3PGFHXT,Check,https://www.amazon.es/dp/B0F3PGFHXT?psc=1,ES,https://m.media-amazon.com/images/I/41X4usM3D0L._AC_SY355_.jpg,TULIPAN NEGRO,2.79,418,418,200,"1,166.48","1,162.16",136,"2,263",AMZ,4.29,2,4.3,52,3,7,Amazon,Beauty,Large Envelope,AMZ,16.00 x 3.70 x 6.50 cm,0.2,N/A,"Apr 4, 2025",,No,12,Amazon
23.,Organic Jojoba Oil (Simmondsia chinensis) - 100 mL - Cosmos Certified Virgin Vegetable Oil - Aroma Labs,B086R18SV7,Check,https://www.amazon.es/dp/B086R18SV7?psc=1,ES,https://m.media-amazon.com/images/I/61JgQ7fCTLL._AC_SY355_.jpg,Aroma Labs,7.89,753,431,300,"6,841.35","3,395.59",103,640,AMZ,4.62,1,4.5,"2,134",7,29,Amazon,Beauty,Large Envelope,AMZ,12.30 x 3.50 x 3.70 cm,0.08,N/A,"May 19, 2020",,No,71,Amazon
27.,"GoNaturals Sweet Almond Oil, 250ml - 100% Pure, Natural and Cold Pressed - Moisturizing Body Oil for Skin, Hair, Nails and Anti-Stretch Marks Pregnancy",B09MDHLXJM,Check,https://www.amazon.es/dp/B09MDHLXJM?psc=1,ES,https://m.media-amazon.com/images/I/81P4rcqWUYL._AC_SY355_.jpg,GONATURALS,11.99,87,95,300,"1,042.73","1,142.18",151,"1,361",DE,5.26,1,4.4,657,9,1,Vivere GmbH,Beauty,Small Parcel,FBA,16.30 x 6.70 x 6.80 cm,0.26,N/A,"Dec 12, 2021",,No,52,Vivere GmbH
34.,QKnatur - Moisturizing Body Oil All in One Oil - 200ml - Improves the appearance of Scars | Prevention of Spots and Stretch Marks | Formulated with 10 oils of plant origin,B0D7QCDFZC,Check,https://www.amazon.es/dp/B0D7QCDFZC?psc=1,ES,https://m.media-amazon.com/images/I/71uEE5AwxaL._AC_SY355_.jpg,QKnatur,16.95,61,61,N/A,"1,029.37","1,029.25",171,"11,680",ES,7.38,1,4.6,30,8,0,QKnatur,Beauty,Extra Large Envelope,FBA,17.20 x 5.20 x 5.30 cm,0.22,N/A,"Jun 21, 2024",,No,22,QKnatur
39.,"Body Oil with Natural Aroma of Sweet Almonds – Professional Format 5 Litres – 100% Body Moisturizer, Massage and Hair – Soft Skin, Deep Nutrition and Natural Aroma",B0FY6QV348,Other,https://www.amazon.es/dp/B0FY6QV348?psc=1,ES,https://m.media-amazon.com/images/I/61aFtPXkL9L._AC_SY355_.jpg,Proquimar,35.95,53,53,N/A,"1,890.06","1,889.94",163,"8,702",ES,N/A,1,2.9,4,7,0,Proquimar Químicos,Beauty,N/A,MFN,N/A,N/A,N/A,"Oct 29, 2025",,No,6,Proquimar Químicos
41.,Instituto Español Oleogel Atopic Skins - 300 ml,B087KC4NLB,Check,https://www.amazon.es/dp/B087KC4NLB?psc=1,ES,https://m.media-amazon.com/images/I/61yEIZ7CBhS._AC_SY355_.jpg,Instituto Español,4.75,809,809,500,"3,843.11","3,842.98",47,642,AMZ,3.61,8,4.3,900,1,6,Amazon,Beauty,Extra Large Envelope,AMZ,21.50 x 4.20 x 8.50 cm,0.35,N/A,"Apr 21, 2020",,No,72,Amazon
43.,"PLANTAWA Almond Oil 1L | 100% Pure and Natural | Body Moisturizer | Suitable for Massage, Babies and Stretch Marks | Unscented | Light Texture and Fast Absorption",B0B52KRWJX,Check,https://www.amazon.es/dp/B0B52KRWJX?psc=1,ES,https://m.media-amazon.com/images/I/61lescbUjUL._AC_SY355_.jpg,PLANTAWA,16.95,87,87,50,"1,472.44","1,472.34",162,"5,460",ES,6.75,1,4.7,950,8,14,Plantawa-SLU,Beauty,Small Parcel,MFN,24.20 x 8.40 x 9.40 cm,0.96,N/A,"Jun 24, 2022",,No,46,Plantawa-SLU
49.,"PLANTAWA Almond Oil 5L | 100% Pure and Natural | Large Format Body Moisturizer | Massages, Babies and Stretch Marks | Unscented | Ideal for Frequent Use",B0B1N9ZWQ4,Check,https://www.amazon.es/dp/B0B1N9ZWQ4?psc=1,ES,https://m.media-amazon.com/images/I/61Ku5AlRyhL._AC_SY355_.jpg,PLANTAWA,39.89,226,226,100,"9,032.13","9,029.73",152,"2,881",AMZ,11.94,1,4,95,7,4,Amazon,Beauty,Standard Parcel,AMZ,28.50 x 15.50 x 21.70 cm,4.66,N/A,"May 18, 2022",,No,47,Amazon
51.,QKnatur - Organic Rosehip Oil - 250ml - for Scars and Stretch Marks - For Face and Body - Anti-Wrinkle and Anti-Age- BIO and Vegan - Cold Pressed,B0BMVP15ZY,Other,https://www.amazon.es/dp/B0BMVP15ZY?psc=1,ES,https://m.media-amazon.com/images/I/71xjeF9xF6L._AC_SY355_.jpg,QKnatur,24.95,109,109,50,"2,719.42","2,719.28",145,"6,275",ES,7.59,1,4.6,386,6,6,QKnatur,Beauty,Extra Large Envelope,FBA,16.80 x 5.80 x 6.00 cm,0.26,N/A,"Dec 4, 2022",,No,40,QKnatur
52.,"PLANTAWA Almond Oil 1L with Dispenser | 100% Pure and Natural | Daily Moisturizer for Sensitive Skin | Massages, Babies and Stretch Marks | Unscented | Comfortable Use",B0B52K2Z3H,Check,https://www.amazon.es/dp/B0B52K2Z3H?psc=1,ES,https://m.media-amazon.com/images/I/519ucGfEheL._AC_SY355_.jpg,PLANTAWA,16.95,104,104,50,"1,757.33","1,757.18",167,"5,530",ES,6.75,1,4.3,"1,058",7,10,Plantawa-SLU,Beauty,Small Parcel,MFN,29.50 x 8.30 x 9.80 cm,0.97,N/A,"Jun 24, 2022",,No,46,Plantawa-SLU
57.,"PLANTAWA Almond Oil 2L | 100% Natural and Pure | Daily Hydration for Sensitive Skin | Massage, Babies & Stretch Marks | Unscented | High Performance",B0B832GW8B,Check,https://www.amazon.es/dp/B0B832GW8B?psc=1,ES,https://m.media-amazon.com/images/I/61nuSTNlUsL._AC_SY355_.jpg,PLANTAWA,22.95,127,112,50,"2,704.16","2,581.64",148,"3,238",AMZ,8.42,1,4.5,533,7,14,Amazon,Beauty,Standard Parcel,AMZ,27.80 x 12.70 x 16.80 cm,1.94,N/A,"Jul 29, 2022",,No,45,Amazon
9.,Topicrem Moisturizing Shower Oil 1 L,B0CBCLCTCT,Check,https://www.amazon.es/dp/B0CBCLCTCT?psc=1,ES,https://m.media-amazon.com/images/I/61daTKrs1TL._AC_SY355_.jpg,Topicrem,12.95,123,123,50,"1,632.69","1,632.02",36,"5,383",AMZ,7.14,16,4.5,388,5,42,Amazon,Beauty,Small Parcel,AMZ,27.00 x 8.60 x 8.70 cm,1.1,N/A,"Aug 15, 2023",,No,32,Amazon
10.,"Avena Kinesia - Oleo Soap-Free Shower Gel for Extra Dry and Atopic Skin, 750 ml",B09RR229FY,Wash,https://www.amazon.es/dp/B09RR229FY?psc=1,ES,https://m.media-amazon.com/images/I/61u-ERakcyL._AC_SY355_.jpg,Avena Kinesia,2.9,"1,518","1,329",700,"6,045.7","3,854.23",79,380,AMZ,3.53,1,4.5,617,3,N/A,Amazon,Beauty,Extra Large Envelope,AMZ,25.70 x 5.00 x 8.90 cm,0.84,N/A,"Feb 3, 2022",,No,50,Amazon
11.,"Bio-Oil | Skin Care Oil with Stretch Marks, Scars & Spots | Body & Facial Treatment | 200ml",B01HGLUJGA,Check,https://www.amazon.es/dp/B01HGLUJGA?psc=1,ES,https://m.media-amazon.com/images/I/71ow-vJwMtL._SY445_.jpg,Bio-Oil,16.05,"1,970","1,970","1,000","36,857.65","36,837.84",91,77,AMZ,6.26,1,4.7,"7,437",4,40,Amazon,Beauty,Extra Large Envelope,AMZ,17.20 x 4.90 x 5.20 cm,0.22,N/A,"Mar 18, 2016",,No,121,Amazon
12.,"LILLYDOO Almond Oil, Unscented, 99% Cold Pressed Almond Oil with Vitamin E, Vegan, in a High Glass Jar (100ml), Dermatologically Tested",B0DRW6RH9H,Check,https://www.amazon.es/dp/B0DRW6RH9H?psc=1,ES,https://m.media-amazon.com/images/I/71RbLHm-EsL._AC_SY355_.jpg,LILLYDOO,10,265,265,100,"2,652.48","2,652.36",135,"3,851",AMZ,4.03,1,4.6,175,6,8,Amazon,Beauty,Extra Large Envelope,AMZ,14.60 x 4.90 x 5.10 cm,0.25,N/A,"Dec 30, 2024",,No,16,Amazon
14.,Atopic Skin Moisturizing Cream - Bepanthol SensiControl Daily Emollient Cream with Pro-Vitamin B5 - Promotes Deep and Lasting Hydration for Healthy and Protected Skin - 400ml,B087XGVFL1,Cream,https://www.amazon.es/dp/B087XGVFL1?psc=1,ES,https://m.media-amazon.com/images/I/61J5r5t+SfL._AC_SY355_.jpg,BEPANTOL DERMA,19.5,"1,575","1,575",900,"32,457.11","32,455.67",174,274,AMZ,6.88,15,4.6,"1,435",7,15,Amazon,Beauty,Small Parcel,AMZ,10.00 x 6.50 x 9.90 cm,0.45,N/A,"Apr 20, 2020",,No,72,Amazon
18.,"La Roche Posay Shower Oil, Relipidizing, Anti-Irritation, Moisturizes and Soothes, Enriched with Shea Butter, For Dry and Atopic Skin, Lipikar AP+, 750 ml",B07NPVNYZM,Check,https://www.amazon.es/dp/B07NPVNYZM?psc=1,ES,https://m.media-amazon.com/images/I/71vtEc4zcEL._SX342_.jpg,La Roche-Posay,18.95,72,72,50,"1,369.46","1,369.28",154,"9,499",PT,6.79,1,4.7,970,10,16,Beauty Lovy,Beauty,Small Parcel,MFN,21.90 x 7.70 x 7.70 cm,0.87,N/A,"Feb 13, 2019",,No,86,Beauty Lovy
20.,"Ozonated oil 100 ml (Organic Extra Virgin Olive). Moisturizing and regenerating the skin effective in pathologies such as: irritations, ulcers, varicose veins, stretch marks, burns, etc.",B0789JCK2Q,Oil,https://www.amazon.es/dp/B0789JCK2Q?psc=1,ES,https://m.media-amazon.com/images/I/717YSirVXbL._AC_SY355_.jpg,OZONO D´OR,19.9,128,128,50,"2,559.1","2,557.69",186,"4,867",ES,6.84,1,4.6,203,6,8,OZONO EUROPA 2050 SL,Beauty,Extra Large Envelope,FBA,16.90 x 4.70 x 4.70 cm,0.26,N/A,"Dec 15, 2017",,No,100,OZONO EUROPA 2050 SL
21.,"Eucerin pH5 Shower Oleogel 400ml Body Cleansing Oil with Natural Oils for Gentle and Nourishing Daily Cleansing Shower Oil for the Whole Family, Dry and Sensitive Skin",B000V3MI60,Check,https://www.amazon.es/dp/B000V3MI60?psc=1,ES,https://m.media-amazon.com/images/I/61TRy3ypc7L._AC_SY355_.jpg,Eucerin,10.19,550,550,400,"5,675.25","5,671.04",167,889,AMZ,4.53,27,4.5,204,7,5,Amazon,Beauty,Large Envelope,AMZ,22.71 x 3.81 x 10.59 cm,0.46,N/A,"Aug 7, 2012",,No,164,Amazon
32.,"DEXERYL Sanfte Cleansing Oil Bei Trockener Haut, 500 ml Oil",B0BLC6972T,Wash,https://www.amazon.es/dp/B0BLC6972T?psc=1,ES,https://m.media-amazon.com/images/I/51LlRcuTwCL._AC_SY355_.jpg,DEXERYL,15.19,93,93,50,"1,240.38","1,239.56",59,"5,425",ES,7.26,26,4.5,378,6,11,Esando,Beauty,Small Parcel,MFN,20.70 x 6.40 x 6.50 cm,0.59,N/A,"Nov 3, 2022",,No,41,Esando
37.,"Avena Kinesia – Oil Shower Gel without Soap for Extra Dry and Atopic Skin, Formula with 100% Natural Oat Oil – Pack of 4 x 750 ml",B0BGQD297P,Wash,https://www.amazon.es/dp/B0BGQD297P?psc=1,ES,https://m.media-amazon.com/images/I/81skyJS+5cL._AC_SY355_.jpg,Avena Kinesia,11.6,"1,518",189,100,"6,045.7","2,191.21",129,380,AMZ,5.5,1,4.5,110,8,N/A,Amazon,Beauty,Small Parcel,AMZ,27.20 x 10.20 x 22.30 cm,3.47,N/A,"Sep 28, 2022",,No,43,Amazon
38.,ActivOzone Oil 20 ml,B08827TTCZ,Check,https://www.amazon.es/dp/B08827TTCZ?psc=1,ES,https://m.media-amazon.com/images/I/51YfLIqzZML._AC_SY355_.jpg,Activozone,10.2,129,129,50,"1,312.93","1,311.5",20,"3,885",AMZ,4.53,7,4.3,99,3,0,Amazon,Beauty,Large Envelope,AMZ,7.90 x 3.30 x 3.40 cm,0.03,N/A,"May 6, 2020",,No,71,Amazon
46.,"Rilastil - Duplo Xerolact Protective Cleansing Oil, Gently Cleans and Protects the Skin Barrier, with Rice and Almond Oil, for Dry and Atopic Skin - 2 x 1000ml",B0FY6RNPL4,Wash,https://www.amazon.es/dp/B0FY6RNPL4?psc=1,ES,https://m.media-amazon.com/images/I/61PzXSTFTYL._AC_SY355_.jpg,Rilastil,24.95,969,103,N/A,"13,387.81","2,357.64",159,722,AMZ,10.34,6,4.2,5,7,N/A,Amazon,Beauty,Small Parcel,AMZ,24.00 x 8.60 x 16.70 cm,2.32,N/A,"Oct 29, 2025",,No,6,Amazon
48.,"PRANARÔM Organic Calendula Vegetable Oil – Marigold Flower Macerate – Soothing for Sensitive, Irritated or Reactive Skin – 50 ml",B000VYP9ZG,Check,https://www.amazon.es/dp/B000VYP9ZG?psc=1,ES,https://m.media-amazon.com/images/I/71Jl6pEgLkS._AC_SY355_.jpg,PRANAROM,8.49,"1,345",170,100,"14,889.11","1,584.82",128,291,AMZ,3.91,8,4.4,735,6,N/A,Amazon,Beauty,Extra Large Envelope,AMZ,11.50 x 4.40 x 4.60 cm,0.04,N/A,"Aug 14, 2012",,No,164,Amazon
52.,"Aroma Labs - Aceite Vegetal de Jojoba - Certificado Orgánico Ecocert - 100% Puro, Natural, Virgen y Sin Refinar - De Primer Prensado en Frío - Eco-Embalaje en Francia - 250ml",B086R186CH,Check,https://www.amazon.es/dp/B086R186CH?psc=1,ES,https://m.media-amazon.com/images/I/51S7vhHF1lL._AC_SY355_.jpg,Aroma Labs,15.31,753,175,100,"6,841.35","2,678.7",174,797,AMZ,6.15,1,4.5,"2,134",7,29,Amazon,Beauty,Extra Large Envelope,AMZ,17.10 x 4.50 x 4.50 cm,0.24,N/A,"May 19, 2020",,No,71,Amazon
53.,"Essican Purelife, Pure Liquid Coconut Oil 100ml, Coconut Oil for Fractionated Skin MCT, Hair and Lips, Carrier Oils for Essential Oils Massages, Promotes Growth",B074PRRRL4,Check,https://www.amazon.es/dp/B074PRRRL4?psc=1,ES,https://m.media-amazon.com/images/I/61jKrsMmnDL._AC_SY355_.jpg,Essican Purelife,8.99,174,174,100,"1,565.76","1,563.91",160,"3,910",GB,3.72,1,4.5,"1,028",7,32,Pure-Life UK,Beauty,Large Envelope,FBA,13.50 x 3.60 x 4.00 cm,0.11,N/A,"Dec 31, 2017",,No,100,Pure-Life UK
56.,"Almond Oil, Organic, Cold-Pressed, Pure, Natural. Professional Massage Oil, Hair and Eyelashes, Body Moisturizer Hands, Nails, Anti-Aging, Stripes, Pregnancy, 1000 ml",B076XXX7MP,Other,https://www.amazon.es/dp/B076XXX7MP?psc=1,ES,https://m.media-amazon.com/images/I/718BDV709YL._AC_SY355_.jpg,B.O.T cosmetic & wellness,19.53,155,155,50,"3,024.61","3,024.45",166,"5,160",FR,6.88,2,4.5,903,6,14,Amazon,Beauty,Small Parcel,FBA,28.00 x 9.70 x 13.20 cm,0.43,N/A,"Aug 14, 2017",,No,104,Amazon
58.,"Natural Honey, Oil & Go Coconut Addiction, Rinse Free Shower Oil with Coconut Oil, 24H Hydration with Tropical Scent, Fast Absorption, Non-Greasy Finish, Nourishing and Revitalizing, 250ml",B0DV9KY41C,Check,https://www.amazon.es/dp/B0DV9KY41C?psc=1,ES,https://m.media-amazon.com/images/I/61vXOtrWOrL._AC_SY355_.jpg,Natural Honey,3.85,822,355,200,"3,293.91","1,355.7",188,"1,691",AMZ,3.54,4,4.5,60,6,N/A,Amazon,Beauty,Extra Large Envelope,AMZ,16.40 x 4.50 x 4.70 cm,0.24,N/A,"Jan 28, 2025",,No,15,Amazon
60.,"OZONO D'OR – Healing Ointment 100% Natural ECO. with Ozone | Atopic Skin Cream | Healing Cream Wounds Skin, Surururgerics, Psoriasis, Burns, Dermatitis Atopica | Anti-Face Cream",B01N5AN7FM,Cream,https://www.amazon.es/dp/B01N5AN7FM?psc=1,ES,https://m.media-amazon.com/images/I/31maSwO1uCL._AC_SX355_.jpg,OZONO D´OR,14.67,134,109,50,"2,901.25","1,675.85",177,"5,001",ES,6.05,1,4.2,427,1,22,OZONO EUROPA 2050 SL,Beauty,Extra Large Envelope,FBA,6.50 x 5.00 x 5.00 cm,0.1,N/A,"Dec 2, 2016",,No,112,OZONO EUROPA 2050 SL
61.,L'OCCITANE Aceite Corporal Suave De Almendras para La Piel Cuerpo Hidratante - Normal a Seca 100 Ml,B091MWJPBC,Check,https://www.amazon.es/dp/B091MWJPBC?psc=1,ES,https://m.media-amazon.com/images/I/614z5L9cYcL._SX342_.jpg,L'Occitane,39,67,67,N/A,"2,604.59","2,604.45",99,"9,224",AMZ,10.69,1,4.7,"2,196",5,42,Amazon,Beauty,Extra Large Envelope,AMZ,16.30 x 4.40 x 6.40 cm,0.53,N/A,"Apr 21, 2021",,No,60,Amazon
63.,Pure Jojoba Oil Facial Oil Makeup Remover Oil Body Oil Massage Oil Stretch Oil Hair Oil Beard Oil Nail Oil - 1000ml 1L,B0CVS2DMY4,Wash,https://www.amazon.es/dp/B0CVS2DMY4?psc=1,ES,https://m.media-amazon.com/images/I/7119+c3kehL._AC_SY355_.jpg,B.O.T cosmetic & wellness,38.88,55,55,N/A,"2,122.84","2,122.73",118,"13,738",FR,10.03,2,4.7,70,8,9,Ologir,Beauty,Small Parcel,FBA,23.30 x 8.40 x 19.10 cm,0.93,N/A,"Feb 16, 2024",,No,26,Ologir
8.,"Eucerin pH5 Comfort Shower Oil (1000ml) Body & Facial Cleansing Oil with Natural Oils, Extra Gentle Soap Free Formula, Shower Oil for Dry and Sensitive Skin",B0F1W6393T,Check,https://www.amazon.es/dp/B0F1W6393T?psc=1,ES,https://m.media-amazon.com/images/I/61viH6FfEkL._AC_SY355_.jpg,Eucerin,17.15,215,215,100,"3,640.43","3,639.07",156,"3,174",AMZ,6.78,30,4.6,57,6,6,Amazon,Beauty,Small Parcel,AMZ,24.20 x 6.50 x 10.70 cm,1.14,N/A,"Jan 24, 2025",,No,15,Amazon
16.,"URIAGE XEMOSE Shower gel for dry skin, with atopic tendency I Soothe for lasting comfort. Gel in foamy, soft and nourishing oil I Face and body I Unscented without soap I physiological pH.",B00P9YV0Z6,Wash,https://www.amazon.es/dp/B00P9YV0Z6?psc=1,ES,https://m.media-amazon.com/images/I/61paQ6Hr3TL._AC_SY355_.jpg,Uriage,12.89,337,107,100,"3,883.52","1,284.58",188,"4,236",PT,6.14,21,4.7,"2,002",4,24,Love my Pharma,Beauty,Small Parcel,MFN,24.21 x 7.70 x 8.10 cm,1.21,N/A,"Aug 27, 2014",,No,140,Love my Pharma
17.,"NIVEA Nourishing Shower Oil (1 x 200 ml), Shower Gel Nourishing Care Vitamin E and Natural Oils, Body Wash Gel, Nourished Skin Feeling and Radiant Health, All Skin Types",B00PBJB766,Check,https://www.amazon.es/dp/B00PBJB766?psc=1,ES,https://m.media-amazon.com/images/I/715nOyTanhL._AC_SY355_.jpg,NIVEA,6.99,266,266,100,"1,862.54","1,859.78",169,"1,940",AMZ,3.56,3,4.4,896,9,29,Amazon,Beauty,Large Envelope,AMZ,14.30 x 3.10 x 7.00 cm,0.21,N/A,"Nov 13, 2014",,No,137,Amazon
27.,"Uriage Xemose C8+ Shower Gel For Dry Skin, With Atopic Tendency - Soothe For Lasting Comfort - Soft and Nourishing Foaming Oil Gel - Face and Body - Without Perfume and Soap - Physiological pH",B06XXWTV3H,Wash,https://www.amazon.es/dp/B06XXWTV3H?psc=1,ES,https://m.media-amazon.com/images/I/71H2h7cq2pL._AC_SY355_.jpg,Uriage,10.7,337,148,N/A,"3,883.52","1,987.75",192,"4,236",N/A,5.56,27,4.7,"2,002",8,24,,Beauty,Small Parcel,FBA,20.50 x 6.30 x 6.40 cm,0.62,N/A,"May 11, 2017",,No,107,
28.,"ISDIN Calm Protector Nourishing Shower Oil, White, 400 ml (Pack of 1)",B01B4QSKQ4,Check,https://www.amazon.es/dp/B01B4QSKQ4?psc=1,ES,https://m.media-amazon.com/images/I/61GMIhTgzwL._SX342_.jpg,ISDIN,16.79,128,128,100,"2,126.02","2,125.9",69,"9,045",AMZ,7.46,16,4.7,655,7,3,Amazon,Beauty,Extra Large Envelope,AMZ,21.60 x 4.90 x 6.60 cm,0.44,N/A,"Jan 27, 2016",,No,123,Amazon
31.,"Vaseline Cocoa Radiant Oil Body Oil, 200 ml",B0015SXSKK,Check,https://www.amazon.es/dp/B0015SXSKK?psc=1,ES,https://m.media-amazon.com/images/I/61MoqtNwpwL._AC_SY355_.jpg,Vaseline,7.99,576,576,300,"4,531.83","4,527.69",43,"1,422",AMZ,N/A,13,4.5,"7,024",2,91,Amazon,Beauty,Large Envelope,AMZ,16.40 x 2.80 x 6.60 cm,0.7,N/A,"Aug 7, 2012",,No,164,Amazon
37.,"La Roche Posay Shower Gel, Soothes and Protects, Enriched with Shea Butter, For Dry Skin with Atopic Eczema, Lipikar AP+M, 750 ml",B00V4PB09K,Wash,https://www.amazon.es/dp/B00V4PB09K?psc=1,ES,https://m.media-amazon.com/images/I/61WxWK0CmML._SX342_.jpg,La Roche-Posay,13.5,382,382,200,"5,560.32","5,560.11",129,"1,757",AMZ,5.98,5,4.7,"1,372",8,11,Amazon,Beauty,Small Parcel,AMZ,21.80 x 7.60 x 7.70 cm,0.83,N/A,"Apr 24, 2015",,No,132,Amazon
38.,"Eucerin UreaRepair 5% Urea Gentle Bath Gel (400ml), Face and Body Cleanser Moisturizing and Exfoliating for Immediate Relief, Cleansing Foam for Dry and Very Dry Skin",B0DVZ8STKK,Wash,https://www.amazon.es/dp/B0DVZ8STKK?psc=1,ES,https://m.media-amazon.com/images/I/51tSSQmnuXL._SY445_.jpg,Eucerin,13.4,96,96,50,"1,463.86","1,463.34",166,"2,431",AMZ,5.61,24,4.7,218,7,15,Amazon,Beauty,Large Envelope,AMZ,21.90 x 3.80 x 8.10 cm,0.49,N/A,"Feb 6, 2025",,No,14,Amazon
43.,"La Roche-Posay | Lipikar Routine | AP+ Lavante Oil & AP+M Balm | Repairs, Soothes and Hydrates | Suitable for Dry, Very Dry and Atopic Skin | From Birth | 400ml x 2",B0FFTH6ZJX,Cream,https://www.amazon.es/dp/B0FFTH6ZJX?psc=1,ES,"https://m.media-amazon.com/images/I/71WAENV-ksL._AC_SY355_PIbundle-2,TopRight,0,0_SH20_.jpg",La Roche-Posay,53.95,24,24,N/A,"1,317.85","1,317.72",164,"37,681",ES,11.94,1,4.1,10,8,0,Distribuidor de Parafarmacia,Beauty,Extra Large Envelope,FBA,20.50 x 6.00 x 13.00 cm,0.8,N/A,"Jun 27, 2025",,No,10,Distribuidor de Parafarmacia
47.,"BIODERMA Atoderm Shower Oil – Soothing and Anti-Rhythant Cleanser – Immediate Comfort and Hydration for 24 Hours – Sensitive, Very Dry or Irritated Skin – Container with 1 Litre Dispenser",B00ZY65OSI,Wash,https://www.amazon.es/dp/B00ZY65OSI?psc=1,ES,https://m.media-amazon.com/images/I/615ZenpkpGL._AC_SY355_.jpg,Bioderma,18.12,132,132,50,"1,921","1,920.48",187,"6,399",AMZ,7.15,32,4.7,"30,183",8,269,Amazon,Beauty,Small Parcel,AMZ,21.50 x 7.80 x 10.50 cm,1.17,N/A,"Aug 27, 2015",,No,128,Amazon
48.,SEBAMED Soap-free emulsion with olive oil,B0BD8JLWVY,Check,https://www.amazon.es/dp/B0BD8JLWVY?psc=1,ES,https://m.media-amazon.com/images/I/71-Uf1072pL._SX342_.jpg,Sebamed,25.6,746,87,50,"11,511.34","2,184.91",41,"2,441",AMZ,8.23,12,4.6,528,6,7,Amazon,Beauty,Small Parcel,AMZ,23.40 x 6.40 x 23.00 cm,1.79,N/A,"Sep 6, 2022",,No,43,Amazon
55.,Dove Advanced Care Relaxing Shower Gel Jasmine and Coconut Milk 400ml,B0D44YZG6B,Check,https://www.amazon.es/dp/B0D44YZG6B?psc=1,ES,https://m.media-amazon.com/images/I/41FaNWf476L._AC_SY355_.jpg,Dove,3.95,498,498,200,"1,967.16","1,967.03",69,"1,934",AMZ,3.32,1,4.6,77,5,7,Amazon,Beauty,Large Envelope,AMZ,20.70 x 3.60 x 8.00 cm,0.45,N/A,"May 14, 2024",,No,23,Amazon
60.,"Atoderm Cleansing Oil | Immediate Hydration and Comfort | Intensely Nourishes | Cleans, Lipidizes and Soothes Irritations | Very Good Tolerance | Set of 2x1L",B0CXTMQ54T,Wash,https://www.amazon.es/dp/B0CXTMQ54T?psc=1,ES,https://m.media-amazon.com/images/I/71NCI03jdgL._AC_SY355_.jpg,PARAVOSTRA,39.41,125,125,50,"4,995.65","4,994.76",157,"3,806",FR,11.41,1,4.8,136,2,10,WEB-MARKET,Beauty,Small Parcel,FBA,22.00 x 7.90 x 21.30 cm,2.35,N/A,"Mar 12, 2024",,No,25,WEB-MARKET
63.,Yves Rocher Monoi Dry Oil Multi-Purpose Moisturizing – Hydration and Exotic Fragrance for Skin and Hair – Spray Format – Made in France – 125 ml,B0CRS1CKW4,Other,https://www.amazon.es/dp/B0CRS1CKW4?psc=1,ES,https://m.media-amazon.com/images/I/41j7iDNeR2L._AC_SY355_.jpg,Yves Rocher,12.99,112,112,50,"1,454.58","1,453.3",144,"7,537",ES,6.54,1,4.4,237,6,15,YVES ROCHER,Beauty,Large Envelope,FBA,15.00 x 3.30 x 5.10 cm,0.14,N/A,"Jan 8, 2024",,No,27,YVES ROCHER
89.,"Dove Advanced Care Gel De Ducha Hidratación Profunda Hidratantes Naturales, 3 x 400 ml",B0D7CRM1YY,Check,https://www.amazon.es/dp/B0D7CRM1YY?psc=1,ES,https://m.media-amazon.com/images/I/71jQmMp6TXL._AC_SY355_.jpg,Dove,11.85,423,423,200,"5,007.05","5,006.93",86,"3,447",AMZ,5.99,1,4.6,264,6,14,Amazon,Beauty,Small Parcel,AMZ,25.80 x 4.10 x 20.80 cm,1.37,N/A,"Jun 18, 2024",,No,22,Amazon
91.,"MUSSVITAL Dermactive Body Wash for Atopic Skin, White, No Specific Fragrance, 750 ml",B078X2DFYT,Wash,https://www.amazon.es/dp/B078X2DFYT?psc=1,ES,https://m.media-amazon.com/images/I/51QivsFqBIL._AC_SY355_.jpg,MUSSVITAL,11.99,196,196,100,"2,354.68","2,352.55",84,"4,807",AMZ,5.03,6,4.4,246,5,1,Amazon,Beauty,Extra Large Envelope,AMZ,26.80 x 5.20 x 9.80 cm,0.78,N/A,"Jan 26, 2018",,No,99,Amazon
95.,SWEET ALMOND OIL Moisturizing Shower gel 650 ml,B096YLNTHC,Check,https://www.amazon.es/dp/B096YLNTHC?psc=1,ES,https://m.media-amazon.com/images/I/61XIF3YeUnL._AC_SY355_.jpg,Natural Honey,1.89,647,647,300,"1,254.51","1,253.15",47,969,AMZ,3.53,1,4.6,134,14,16,Amazon,Beauty,Extra Large Envelope,AMZ,30.80 x 6.00 x 11.20 cm,0.77,N/A,"Jun 9, 2021",,No,58,Amazon
115.,"Repavar Atopic Piel – Ultra-Soft and Anti-Irritant Body Wash – Relieves Itching and Strengthens the Aggravated Skin Barrier – For Atopic, Dry and Very Dry Skin – 750 ml",B009SM834Q,Wash,https://www.amazon.es/dp/B009SM834Q?psc=1,ES,https://m.media-amazon.com/images/I/51cqC5H9FsL._AC_SY355_.jpg,Atopic-Piel,16.11,100,100,50,"1,704.84","1,704.25",168,"8,843",AMZ,6.38,11,4.2,144,2,0,Amazon,Beauty,Extra Large Envelope,AMZ,26.60 x 6.00 x 8.40 cm,0.86,N/A,"Oct 18, 2012",,No,162,Amazon
134.,"Shower Gel, Bath Soap & Shampoo (Body, Face & Hair) Combats Body Odor - Purifies, Detoxifies & Deep Cleanses Skin - 500ml",B072MX7RL3,Other,https://www.amazon.es/dp/B072MX7RL3?psc=1,ES,https://m.media-amazon.com/images/I/71gWtAjAG2L._AC_SY355_.jpg,bleu & marine Bretania,17.09,121,84,N/A,"1,901.74","1,367.28",121,"4,244",AMZ,6.41,2,4.3,"2,081",7,5,Amazon,Beauty,Extra Large Envelope,AMZ,21.40 x 5.80 x 5.80 cm,0.53,N/A,"Aug 17, 2016",,No,116,Amazon
1.,"Heel - Dermaveel Cream for Atopic Dermatitis, with Ectoin, Hazel Bark Extract and Lamellar Cream, Relieves Itching, Reduces Inflammation and Hydrates - 30ml",B01FFST6UG,Cream,https://www.amazon.es/dp/B01FFST6UG?psc=1,ES,https://m.media-amazon.com/images/I/41htbWnwFTL._AC_SY355_.jpg,Dermaveel,7.99,664,664,400,"5,224.26","5,219.37",156,"1,117",AMZ,3.64,15,4.5,369,11,6,Amazon,Beauty,Large Envelope,AMZ,13.40 x 2.90 x 3.80 cm,0.03,N/A,"May 10, 2016",Sponsored Brand,No,119,Amazon
2.,Dermaveel® Pro – Probiotics and Prebiotics with Biotin | Bifidobacterium & Lactobacillus | Support Gut Microbiota and Skin Health | Common Use in Atopic Dermatitis | 30 Capsules,B0792JS6D8,Check,https://www.amazon.es/dp/B0792JS6D8?psc=1,ES,https://m.media-amazon.com/images/I/510RoRE4MyL._AC_SY355_.jpg,HEEL,19.2,189,189,100,"3,761.44","3,761.17",177,"3,532",AMZ,6.11,6,4.1,180,8,0,Amazon,Health & Household,Extra Large Envelope,AMZ,8.40 x 6.00 x 7.70 cm,0.06,N/A,"Jan 16, 2018",Sponsored Brand,No,99,Amazon
3.,"Heel - Dermaveel PureHydro, Emollient Cream with D-Panthenol and Defensil-Plus, Moisturizes, Protects, Softens, Regenerates and Reduces Dryness on Dry, Sensitive and Atopic Skin, Suitable for Babies -",B094G6DY6F,Cream,https://www.amazon.es/dp/B094G6DY6F?psc=1,ES,https://m.media-amazon.com/images/I/41ATK4OYb+L._AC_SY355_.jpg,HEEL,12.95,86,86,50,"1,110.9","1,109.88",200,"4,421",AMZ,6.78,3,4.8,38,7,0,Amazon,Baby Products,Extra Large Envelope,AMZ,18.20 x 4.90 x 7.50 cm,0.22,N/A,"May 8, 2021",Sponsored Brand,No,59,Amazon
15.,"ISDIN Nutratopic Pro-AMP Lotion, Emollient Body Lotion, Helps Relieve Itchy Atopic Skin, 400 ml",B07Q6GKZ4R,Check,https://www.amazon.es/dp/B07Q6GKZ4R?psc=1,ES,https://m.media-amazon.com/images/I/61AZDXro30L._SX342_.jpg,ISDIN,22.59,491,491,200,"11,944.78","11,939.88",95,"2,351",AMZ,7.34,24,4.6,394,8,3,Amazon,Beauty,Small Parcel,AMZ,19.40 x 6.40 x 6.40 cm,0.43,N/A,"Mar 20, 2019",,No,85,Amazon
16.,"Mussvital Dermactive Skin Lotion for Atopic Skin 750 ml, Emollient Lotion, Hypoallergenic",B086Q4CNVX,Check,https://www.amazon.es/dp/B086Q4CNVX?psc=1,ES,https://m.media-amazon.com/images/I/51zkwPR8QZL._AC_SY355_.jpg,MUSSVITAL,13.69,152,152,50,"1,890.47","1,889.41",89,"4,839",AMZ,6.99,10,4.4,197,5,5,Amazon,Beauty,Small Parcel,AMZ,24.20 x 8.20 x 9.40 cm,0.82,N/A,"Apr 12, 2018",,No,96,Amazon
17.,Avena Kinesia - Atopic Body Lotion 400ml,B01ITP39RS,Check,https://www.amazon.es/dp/B01ITP39RS?psc=1,ES,https://m.media-amazon.com/images/I/51XubyHskDL._AC_SY355_.jpg,Avena Kinesia,4.5,314,314,100,"1,413.28","1,413.15",40,"3,366",AMZ,3.36,3,4.4,266,2,3,Amazon,Beauty,Large Envelope,AMZ,23.01 x 3.99 x 8.99 cm,0.4,N/A,"Jul 21, 2016",,No,117,Amazon
19.,"ISDIN Nutratopic Pro-Amp Emollient Cream, Fresh, Black, 200 ml (Pack of 1)",B00A7WFZ88,Cream,https://www.amazon.es/dp/B00A7WFZ88?psc=1,ES,https://m.media-amazon.com/images/I/61KcD4FZq1L._SX342_.jpg,ISDIN,21.01,82,82,50,"1,723.32","1,723.2",74,"5,491",AMZ,7,19,4.6,834,1,1,Amazon,Beauty,Extra Large Envelope,AMZ,18.90 x 5.40 x 7.20 cm,0.22,N/A,"Sep 28, 2015",,No,127,Amazon
20.,"Xemose Universal Emollient Cream, 400 ml",B002WZD4DG,Cream,https://www.amazon.es/dp/B002WZD4DG?psc=1,ES,https://m.media-amazon.com/images/I/51-gvWKc2gL._AC_SX355_.jpg,Uriage,15.41,105,105,50,"1,625.28","1,624.1",40,"7,883",PT,7.25,9,4.6,198,1,4,Love my Pharma,Beauty,Small Parcel,MFN,18.50 x 7.70 x 8.30 cm,0.49,N/A,"Aug 12, 2012",,No,164,Love my Pharma
24.,"Aveeno Dermexa Daily Emollient Cream (200ml), Daily Use Emollient Cream, Face Moisturizer for Atopic Skin, Body Lotion for Eczema Prone Skin",B005OT1P9W,Cream,https://www.amazon.es/dp/B005OT1P9W?psc=1,ES,https://m.media-amazon.com/images/I/71Rvma9i6OL._AC_SY355_.jpg,Aveeno,19.9,70,70,N/A,"1,372.84","1,372.11",140,"8,016",AMZ,6.84,5,4.5,"1,536",7,15,Amazon,Beauty,Extra Large Envelope,AMZ,19.40 x 5.60 x 6.80 cm,0.24,N/A,"Aug 31, 2012",,No,164,Amazon
26.,ISDIN Psorisdin Emollient,B0CHK3H7V1,Check,https://www.amazon.es/dp/B0CHK3H7V1?psc=1,ES,https://m.media-amazon.com/images/I/61MPkriw93L._SX342_.jpg,ISDIN,23.55,316,288,100,"7,561.39","6,774.54",25,"2,409",AMZ,7.48,15,4.3,565,8,10,Amazon,Beauty,Small Parcel,AMZ,19.50 x 6.40 x 6.40 cm,0.47,N/A,"Sep 7, 2023",,No,31,Amazon
28.,Instituto Español - Ultratopic Lotion - 300 ML,B0D8TKHL7S,Check,https://www.amazon.es/dp/B0D8TKHL7S?psc=1,ES,https://m.media-amazon.com/images/I/71+aJiWpLJL._AC_SY355_.jpg,Instituto Español,4.7,235,235,100,"1,103.42","1,100.96",46,"3,500",AMZ,3.61,2,4.4,79,7,7,Amazon,Beauty,Extra Large Envelope,AMZ,19.30 x 4.20 x 8.40 cm,0.37,N/A,"Jul 4, 2024",,No,21,Amazon
31.,"Dexeryl Cream, 500 g",B0098G931Y,Cream,https://www.amazon.es/dp/B0098G931Y?psc=1,ES,https://m.media-amazon.com/images/I/61L+5+7R4ML._AC_SY355_.jpg,Hengulus,15.99,723,723,N/A,"11,126.66","11,120.46",20,"3,118",N/A,6.25,6,4.6,"1,364",1,24,,Beauty,Extra Large Envelope,MFN,23.00 x 5.60 x 5.80 cm,0.56,N/A,"Dec 31, 2012",,No,160,
34.,"DEXERYL Cream - 3 Pack - Body Lotion, Dry Skin & Neurodermitis Treatment, Repair & Care Cream, 500ml, Moisturizer, Moisturizing Body Milk",B084ZKNCX1,Cream,https://www.amazon.es/dp/B084ZKNCX1?psc=1,ES,"https://m.media-amazon.com/images/I/61uLEen+5CS._AC_SY355_PIbundle-3,TopRight,0,0_SH20_.jpg",DEXERYL,36.32,78,78,50,"2,984.47","2,984.31",137,"3,858",ES,9.97,3,4.6,127,7,2,Bigfarma,Beauty,Small Parcel,MFN,27.80 x 9.40 x 21.80 cm,1.71,N/A,"Sep 30, 2020",,No,67,Bigfarma
45.,BEPANTHOL Panthenol Tattoo Cream - Hydrates - Repairs Skin Post Tattoo and Preserves Tattoo Beauty - 30g - Preservative Free & Unscented,B01773JH10,Check,https://www.amazon.es/dp/B01773JH10?psc=1,ES,https://m.media-amazon.com/images/I/71DFAImo1sL._AC_SY355_.jpg,BEPANTHOL,8.29,"3,772","1,935","1,000","39,373.02","16,396.1",136,77,AMZ,3.66,17,4.7,"6,121",7,76,Amazon,Beauty,Large Envelope,AMZ,13.50 x 3.70 x 3.70 cm,0.04,N/A,"Dec 16, 2020",,No,64,Amazon
51.,Instituto Español Hypoallergenic Body Milk for Atopic Skin - 300 ml,B00BN7XQGO,Cream,https://www.amazon.es/dp/B00BN7XQGO?psc=1,ES,https://m.media-amazon.com/images/I/511quFRQcAS._AC_SY355_.jpg,Instituto Español,4.5,413,413,200,"1,857.24","1,857.13",67,"2,910",AMZ,3.36,10,4.6,"1,628",1,4,Amazon,Beauty,Extra Large Envelope,AMZ,19.40 x 4.10 x 8.30 cm,0.36,N/A,"Sep 28, 2015",,No,127,Amazon
53.,"Instituto Español Comprehensive Care Cream for Atopic Skin, 400 Milliliters",B00XAIPT0U,Cream,https://www.amazon.es/dp/B00XAIPT0U?psc=1,ES,https://m.media-amazon.com/images/I/41RqrMdRgEL._AC_SY355_.jpg,Instituto Español,5.25,0,541,200,0,"2,839.68",75,"1,108",AMZ,4.37,14,3.7,6,1,3,Amazon,Beauty,Small Parcel,AMZ,10.20 x 8.70 x 9.80 cm,0.53,N/A,"Sep 28, 2015",,No,127,Amazon
55.,Radiation Therapy Damaged Skin Cream | Relieves and Protects Against Radiodermitis | Intensive and Restorative Hydration | Paraben Free | 150ml,B07RQ18P53,Check,https://www.amazon.es/dp/B07RQ18P53?psc=1,ES,https://m.media-amazon.com/images/I/717osiQyOvL._AC_SY355_.jpg,PHARMAMEL,39.95,38,38,N/A,"1,524.73","1,524.61",143,"23,002",ES,9.84,1,3.8,12,6,0,MEL 13 YCV,Beauty,Extra Large Envelope,FBA,16.60 x 5.60 x 6.20 cm,0.18,N/A,"May 9, 2019",,No,83,MEL 13 YCV
59.,O Boticário Lily Moisturizing Body Cream | Scented Body Lotion | Lily Flower Long Fragrance and 48 Hours of Hydration | 250g,B010FKK9P0,Check,https://www.amazon.es/dp/B010FKK9P0?psc=1,ES,https://m.media-amazon.com/images/I/51JtZoU95lL._AC_SY355_.jpg,O BOTICARIO,23.99,272,184,50,"7,228.09","4,406.44",124,"3,969",PT,7.4,4,4.6,"2,270",6,N/A,O_Boticário,Beauty,Small Parcel,FBA,10.80 x 7.70 x 10.59 cm,0.54,N/A,"Jan 11, 2016",,No,123,O_Boticário
2.,Acneic dermobalancing cleanser mousse: deeply cleans acne-prone skin respecting the skin microbiota. Suitable for sensitive skin. 150 ml.,B0DX47DN57,Wash,https://www.amazon.es/dp/B0DX47DN57?psc=1,ES,https://m.media-amazon.com/images/I/41PZqACvr6L._AC_SY355_.jpg,VINCOBIOSIS,18.88,150,54,N/A,"3,461.67","1,018.35",137,"5,174",ES,6.59,13,4.8,31,6,0,J_COMMMERCE,Beauty,Small Envelope,MFN,1.00 x 1.00 x 1.00 cm,0,N/A,"Feb 13, 2025",Sponsored Brand,No,14,J_COMMMERCE
3.,"Acneic Dermobalancing Facial Cremigel: Helps reduce pimples, redness and other imperfections restoring balance to acne skin. Suitable for sensitive skin. 50 ml",B0DX4DSBMP,Check,https://www.amazon.es/dp/B0DX4DSBMP?psc=1,ES,https://m.media-amazon.com/images/I/31E+VURLtUL._AC_SY355_.jpg,VINCOBIOSIS,25.19,150,72,50,"3,461.67","1,822.25",159,"5,174",ES,8.28,13,4.8,31,8,0,J_COMMMERCE,Beauty,Small Parcel,MFN,11.00 x 8.00 x 8.00 cm,0,N/A,"Feb 13, 2025",Sponsored Brand,No,14,J_COMMMERCE
6.,"CeraVe Limpiador en Aceite Espumoso Hidratante, Para Pieles Normales a Muy Secas con Tendencia Atópica, Para Rostro y Cuerpo, Limpia e Hidrata, Enriquecido con Ácido Hialurónico, 473ml",B0967LDZ7R,Wash,https://www.amazon.es/dp/B0967LDZ7R?psc=1,ES,https://m.media-amazon.com/images/I/71ARYOCHBCL._SX342_.jpg,CeraVe,15.2,"2,827","1,199",400,"32,599.51","18,141.32",184,153,AMZ,6.15,14,4.6,"10,161",7,150,Amazon,Beauty,Extra Large Envelope,AMZ,18.80 x 4.80 x 8.40 cm,0.54,N/A,"Nov 5, 2025",,No,5,Amazon
14.,"La Roche Posay Gel- Crema de Ducha, Limpiador, Relipidizante, Anti-Irritación, Nutre y Calma, Enriquecido con Niacinamida, Para Pieles Secas y Atópicas, Lipikar Syndet AP+, 400 ml",B01LTGM28G,Wash,https://www.amazon.es/dp/B01LTGM28G?psc=1,ES,https://m.media-amazon.com/images/I/61cz6zoDRtL._SX342_.jpg,La Roche-Posay,12.99,281,211,N/A,"3,468.45","2,792.27",179,"3,680",AMZ,5.8,16,4.6,"4,837",6,75,Amazon,Beauty,Extra Large Envelope,AMZ,19.90 x 5.90 x 14.50 cm,0.53,N/A,"Sep 16, 2016",,No,115,Amazon
17.,"CeraVe Foaming Cleansing Gel, For Normal to Oily Skin, Removes Excess Oil and Dirt, Enriched with Essential Ceramides, Niacinamide and Hyaluronic Acid, Suitable for Face and Body, 473 ml",B07C5XD33D,Check,https://www.amazon.es/dp/B07C5XD33D?psc=1,ES,https://m.media-amazon.com/images/I/61zf6W+qqkL._SX342_.jpg,CeraVe,11.76,"1,887","1,887","2,000","22,195.52","22,195.42",186,30,AMZ,4.99,16,4.7,"53,966",9,578,Amazon,Beauty,Extra Large Envelope,AMZ,18.70 x 4.70 x 8.70 cm,0.54,N/A,"Dec 21, 2023",,No,28,Amazon
21.,"CeraVe Limpiador en Aceite Espumoso Hidratante, Para Pieles Normales a Muy Secas con Tendencia Atópica, Para Rostro y Cuerpo, Limpia e Hidrata, Enriquecido con Ácido Hialurónico, 473ml",B09CCJD53W,Wash,https://www.amazon.es/dp/B09CCJD53W?psc=1,ES,https://m.media-amazon.com/images/I/51xAIwj5PTL._SX342_.jpg,CeraVe,13.92,"2,827","1,628",N/A,"32,599.51","14,443.1",184,219,AMZ,5.69,7,4.6,"10,161",1,195,Amazon,Beauty,Large Envelope,AMZ,17.10 x 3.40 x 6.90 cm,0.28,N/A,"Sep 6, 2021",,No,55,Amazon
26.,Isdin Nutratopic Pro-AMP Emollient Bath Gel (Atopic Skin) - 750 ml (690013153),B00BN7XF2E,Wash,https://www.amazon.es/dp/B00BN7XF2E?psc=1,ES,https://m.media-amazon.com/images/I/61lmIepxRiL._SX342_.jpg,ISDIN,19.99,139,139,100,"2,777.25","2,775.75",78,"4,534",AMZ,6.95,21,4.4,"1,004",7,13,Amazon,Beauty,Small Parcel,AMZ,21.30 x 7.70 x 7.80 cm,0.8,N/A,"Jul 28, 2014",,No,141,Amazon
27.,"Avena Kinesia - Alcohol-free Emollient Bath Gel for Sensitive and Atopic Skin, Hypoallergenic Formula with 100% Natural Oatmeal - Pack of 4 x 750ml",B0BGQKLGVX,Wash,https://www.amazon.es/dp/B0BGQKLGVX?psc=1,ES,https://m.media-amazon.com/images/I/81h3rvCPtkL._AC_SY355_.jpg,Avena Kinesia,11.95,144,144,50,"1,724.69","1,723.11",147,"5,182",AMZ,7.29,1,4.7,160,8,1,Amazon,Beauty,Small Parcel,AMZ,28.70 x 10.20 x 22.20 cm,3.41,N/A,"Sep 28, 2022",,No,43,Amazon
29.,"Neutrogena Hydro Boost Water Gel Cleanser (1 x 200ml) Facial Cleansing Gel for Removing Makeup and Dirt, Moisturizing Soap with Hyaluronic Acid",B01MDOJGDK,Check,https://www.amazon.es/dp/B01MDOJGDK?psc=1,ES,https://m.media-amazon.com/images/I/61ZSJZQbP9L._AC_SY355_.jpg,Neutrogena,7.3,"9,005","9,005","3,000","65,319.78","65,318.03",143,51,AMZ,3.81,8,4.6,"14,920",8,70,Amazon,Beauty,Extra Large Envelope,AMZ,15.20 x 4.40 x 4.50 cm,0.22,N/A,"Nov 9, 2016",,No,113,Amazon
33.,"CeraVe Gel Limpiador Espumoso, Para Piel Normal a Grasa, Elimina el Exceso de Grasa y Suciedad, Enriquecido Con Ceramidas Esenciales, Niacinamida y Ácido Hialurónico, Apto para Rostro y Cuerpo, 473ml",B07C5SKVL7,Check,https://www.amazon.es/dp/B07C5SKVL7?psc=1,ES,https://m.media-amazon.com/images/I/614qiRQqc3L._SX342_.jpg,CeraVe,9.25,"3,636",677,200,"42,658.93","6,700.52",199,53,AMZ,3.74,15,4.7,"43,174",10,342,Amazon,Beauty,Large Envelope,AMZ,17.20 x 3.45 x 7.00 cm,0.28,N/A,"Dec 21, 2023",,No,28,Amazon
45.,"La Roche Posay, Lipikar Physiological Shower Gel Relipidizing, With Niacinamide and Shea Butter, Soap and Paraben Free, for Sensitive and Dry Skin, 1L",B0DJPBRNDF,Wash,https://www.amazon.es/dp/B0DJPBRNDF?psc=1,ES,https://m.media-amazon.com/images/I/51hTwyHSmAL._AC_SY355_.jpg,La Roche-Posay,14.49,"1,582","1,290",700,"21,995.12","18,575.61",150,332,N/A,7.37,23,4.6,"2,765",1,5,,Beauty,Small Parcel,MFN,22.40 x 8.90 x 9.00 cm,1.09,N/A,"Sep 22, 2024",,No,19,
46.,Ziaja Niacinamide Vitamin C.B3 Cleansing Gel 190ml,B0C89TBL99,Check,https://www.amazon.es/dp/B0C89TBL99?psc=1,ES,https://m.media-amazon.com/images/I/61asocFk+TL._AC_SY355_.jpg,Ziaja,3.96,"1,878","1,878","1,000","7,435.29","7,435.17",50,218,AMZ,4.54,5,4.6,"1,201",4,33,Amazon,Beauty,Extra Large Envelope,AMZ,17.00 x 4.40 x 4.50 cm,0.22,N/A,"Jun 20, 2023",,No,34,Amazon
48.,"Eucerin pH5 Body Wash (1000ml), Gentle Face and Body Cleanser for Daily Use and Frequent Washes, Soap-Free Foam for the Whole Family, for Dry and Sensitive Skin",B004MIV6JA,Check,https://www.amazon.es/dp/B004MIV6JA?psc=1,ES,https://m.media-amazon.com/images/I/618XRTV8IUL._SX342_.jpg,Eucerin,17.99,433,433,200,"7,230.52","7,229.18",160,"3,728",AMZ,6.76,21,4.7,162,7,7,Amazon,Beauty,Small Parcel,AMZ,26.80 x 6.30 x 10.90 cm,1.16,N/A,"Sep 6, 2012",,No,163,Amazon
51.,"CETAPHIL PRO REDNESS Control Facial Cleansing Foam, for Skin with Rosacea and Redness Tendency, 236ML",B082Y8TYSP,Wash,https://www.amazon.es/dp/B082Y8TYSP?psc=1,ES,https://m.media-amazon.com/images/I/6133NaX-UmL._AC_SY355_.jpg,Cetaphil,14.45,971,792,400,"14,398.77","11,096.84",101,653,AMZ,5.77,9,4.5,189,10,N/A,Amazon,Beauty,Large Envelope,AMZ,19.10 x 3.60 x 7.00 cm,0.29,N/A,"Dec 20, 2019",,No,76,Amazon
52.,"La Roche Posay, Toleriane Dermo Facial Cleanser, Daily Cleansing Without Irritation, For Face and Eye Contour, With Glycerin, Hypoallergenic, For Very Sensitive Skin, 400 ml",B0052EM8L8,Wash,https://www.amazon.es/dp/B0052EM8L8?psc=1,ES,https://m.media-amazon.com/images/I/51sJ+JP0hTL._AC_SY355_.jpg,La Roche-Posay,17.92,795,723,400,"13,712.25","12,342.63",173,999,AMZ,6.54,12,4.3,"5,525",1,124,Amazon,Beauty,Extra Large Envelope,AMZ,20.30 x 5.50 x 5.60 cm,0.45,N/A,"Sep 28, 2015",,No,127,Amazon
53.,"Garnier Pure Active Pack of 2 Purifying Cleansing Gel with Hyaluronic Acid, Ceramide and Clay, Removes Impurities, Grease and Makeup, 2 x 250 ml",B0CLD6JFMV,Check,https://www.amazon.es/dp/B0CLD6JFMV?psc=1,ES,"https://m.media-amazon.com/images/I/711ey34d9LL._AC_SY355_PIbundle-2,TopRight,0,0_SH20_.jpg",Garnier,10.64,0,430,300,0,"4,591.37",144,"1,084",AMZ,6.54,2,4.4,468,8,N/A,Amazon,Beauty,Small Parcel,AMZ,19.40 x 7.60 x 9.00 cm,0.63,N/A,"Oct 19, 2023",,No,30,Amazon
54.,"Sensilis - Purify Essential Cleanser Cleansing Gel, Oily Combination Skin Hyaluronic Acid Zinc, Mattifying - 400 ml",B09FFFMZQ1,Check,https://www.amazon.es/dp/B09FFFMZQ1?psc=1,ES,https://m.media-amazon.com/images/I/61N5cy8zCHL._AC_SY355_.jpg,Sensilis,10.99,334,141,100,"4,746.62","1,548.4",115,"1,702",AMZ,5.87,13,4.4,609,5,156,Amazon,Beauty,Extra Large Envelope,AMZ,21.00 x 5.60 x 5.70 cm,0.46,N/A,"Sep 3, 2021",,No,55,Amazon
55.,"Sanex Natural Prebiotic Atopiderm Nutri Repair, Shower or Bath Gel, Atopic Leather, Pack of 6 x 470 ml",B0CCPJH974,Wash,https://www.amazon.es/dp/B0CCPJH974?psc=1,ES,"https://m.media-amazon.com/images/I/71Sf586zhmL._AC_SY355_PIbundle-6,TopRight,0,0_SH20_.jpg",Sanex,17.88,160,146,100,"3,327.41","2,612.33",102,"3,619",AMZ,9.17,1,4.5,285,11,N/A,Amazon,Beauty,Small Parcel,AMZ,28.40 x 10.80 x 21.30 cm,3.41,N/A,"Jul 24, 2023",,No,33,Amazon
56.,"NIVEA Derma Skin Clear - Facial Cleansing Gel - With Salicylic Acid, Niacinamide and Sea Salt - Deep Cleansing - Reduces Pores - Removes Blackheads - Imperfection Prone Skin - 150ml",B0BJ76DFPB,Check,https://www.amazon.es/dp/B0BJ76DFPB?psc=1,ES,https://m.media-amazon.com/images/I/61yedIsX9LL._AC_SY355_.jpg,NIVEA,4.96,"1,407","1,407",800,"7,003.06","7,002.3",181,272,AMZ,3.4,8,4.5,"1,565",9,29,Amazon,Beauty,Large Envelope,AMZ,18.00 x 3.00 x 6.00 cm,0.18,N/A,"Oct 14, 2022",,No,42,Amazon
57.,"Sensilis - Gentle Cleansing Mousse, Espuma Limpiadora Facial sin Jabón, Hidrata, Calma y Protege de la Polución, con Ácido Hialurónico y Prebióticos, para Pieles Sensibles",B09FFFV1XX,Wash,https://www.amazon.es/dp/B09FFFV1XX?psc=1,ES,https://m.media-amazon.com/images/I/51NCQX2vanL._SX342_.jpg,Sensilis,10.75,"1,061",568,400,"16,368.96","6,235.5",171,611,AMZ,4.84,11,4.4,738,6,21,Amazon,Beauty,Extra Large Envelope,AMZ,19.70 x 4.30 x 4.60 cm,0.27,N/A,"Sep 3, 2021",,No,55,Amazon
58.,"CeraVe - 16 oz moisturizing facial cleanser for daily cleansing, dry to normal skin",B01MSSDEPK,Check,https://www.amazon.es/dp/B01MSSDEPK?psc=1,ES,https://m.media-amazon.com/images/I/51DbQev1thL._AC_SY355_.jpg,CeraVe,18.5,"1,438","1,438",800,"26,643.69","26,643.55",83,533,ES,6.63,6,4.6,"103,800",8,438,Botikpharm,Beauty,Extra Large Envelope,MFN,18.90 x 4.90 x 8.79 cm,0.54,N/A,"Jan 26, 2017",,No,111,Botikpharm
61.,"INIBSA Dermatological Body Wash, For Skin And Hair Care, Dermatological Savings Pack, 2 L (Pack of 2 x 1 L)",B01HZN1O2M,Other,https://www.amazon.es/dp/B01HZN1O2M?psc=1,ES,"https://m.media-amazon.com/images/I/51Vc9xBhAGL._AC_SY355_PIbundle-2,TopRight,0,0_SH20_.jpg",Inibsa,6.99,"2,842","1,435","1,000","22,427.8","9,810.72",107,175,AMZ,6.06,13,4.5,"3,358",5,N/A,Amazon,Beauty,Small Parcel,AMZ,25.90 x 7.40 x 14.50 cm,2.21,N/A,"May 9, 2016",,No,119,Amazon
63.,"Eucerin DermoPure Clinical Purifying Cleansing Gel (400 ml), Cleansing Gel with Salicylic Acid for Acne-Prone and Sensitive Skin, Facial and Body Cleansing Gel for Oily Skin",B075KJKFNP,Check,https://www.amazon.es/dp/B075KJKFNP?psc=1,ES,https://m.media-amazon.com/images/I/61E7Ft7VKZL._AC_SY355_.jpg,Eucerin,15.79,255,255,200,"3,722.04","3,721.3",173,"1,443",AMZ,6.04,45,4.6,"3,077",10,46,Amazon,Beauty,Extra Large Envelope,AMZ,21.40 x 5.30 x 5.30 cm,0.45,N/A,"Sep 12, 2017",,No,103,Amazon
47.,"URIAGE XEMOSE Anti-Itch Body Cream for Dry Skin with Atopic Eczema Prone I Soothe from the First Application, 48 Hour Anti-Reappearance Action Nourishing Lotion for Face and Body",B07Q4KFRG8,Cream,https://www.amazon.es/dp/B07Q4KFRG8?psc=1,ES,https://m.media-amazon.com/images/I/61UOtITwKLL._AC_SY355_.jpg,Uriage,16.91,66,66,N/A,"1,157.81","1,157.2",178,"11,336",CH,6.39,10,4.6,307,8,8,DERMA EU,Beauty,Extra Large Envelope,FBA,17.90 x 5.60 x 6.70 cm,0.22,N/A,"May 11, 2019",,No,83,DERMA EU
49.,"Mitosyl, Dermoprotective Body Lotion, Deep Hydration, Sensitive and Atopic Skin, Vegan Formula with Shea Butter, 400 ml",B0CK8KD6YQ,Check,https://www.amazon.es/dp/B0CK8KD6YQ?psc=1,ES,https://m.media-amazon.com/images/I/51I1t+mjSWL._AC_SY355_.jpg,Mitosyl,13.05,175,175,100,"2,274.68","2,274.28",119,"3,556",AMZ,5.7,15,4.7,154,7,8,Amazon,Beauty,Small Parcel,AMZ,17.50 x 8.00 x 8.00 cm,0.4,N/A,"Oct 2, 2023",,No,30,Amazon
50.,"GREEN CORNERSS CARE - Oat Moisturizing Cream | 280ml | Suitable for Skin with Atopic Dermatitis | With Prebiotics | 99% Natural | Perfect for the Whole Family, Suitable for Children Under 3 Years",B0DRKGHCM3,Cream,https://www.amazon.es/dp/B0DRKGHCM3?psc=1,ES,https://m.media-amazon.com/images/I/31rizWCPpPL._AC_SY355_.jpg,Green Cornerss Care,19.89,500,500,N/A,"9,941.56","9,936.42",195,"2,898",N/A,6.83,2,4.7,110,9,7,,Beauty,Extra Large Envelope,MFN,19.80 x 5.10 x 5.30 cm,0.31,N/A,"Dec 26, 2024",,No,16,
59.,"DEXERYL Creams, 2 x 500 g cream",B084ZKD8TD,Cream,https://www.amazon.es/dp/B084ZKD8TD?psc=1,ES,"https://m.media-amazon.com/images/I/61ufSGAExHL._AC_SY355_PIbundle-2,TopRight,0,0_SH20_.jpg",DEXERYL,26.9,45,45,N/A,"1,117.42","1,117.03",31,"23,229",N/A,8.25,9,4.7,671,8,3,,Beauty,Small Parcel,MFN,23.90 x 6.20 x 12.80 cm,1.13,N/A,"Sep 30, 2020",,No,67,
2.,"Sanex Neutral Moisturizing Shower Gel (4x600ml), with Essential Ingredients, 0% Sulphates*, 0% Soap and 0% Dyes, for All Skin Types, Lasting Hydration, Triple Action Technology",B0DCNYL5HK,Check,https://www.amazon.es/dp/B0DCNYL5HK?psc=1,ES,"https://m.media-amazon.com/images/I/71JLkr9KQ6L._AC_SY355_PIbundle-4,TopRight,0,0_SH20_.jpg",Sanex,12.36,"1,101",935,500,"18,815.09","11,788.98",176,510,AMZ,7.35,1,4.6,171,10,29,Amazon,Beauty,Small Parcel,AMZ,26.00 x 10.40 x 20.40 cm,2.92,N/A,"Aug 9, 2024",Sponsored Brand,No,20,Amazon
17.,"ISDIN Germisdin Aloe Vera Body Hygiene and Hands, Body Wash Formulated with Antiseptic Agents, Recommended for Dry Skin",B09BBH8B78,Wash,https://www.amazon.es/dp/B09BBH8B78?psc=1,ES,"https://m.media-amazon.com/images/I/61ZacSsVcaL._SX342_PIbundle-2,TopRight,0,0_AA342SH20_.jpg",ISDIN,26.38,955,781,400,"22,408.83","20,597.8",119,518,AMZ,9.58,2,4.6,"2,178",9,26,Amazon,Beauty,Small Parcel,AMZ,26.70 x 9.30 x 19.20 cm,2.39,N/A,"Jul 24, 2021",,No,57,Amazon
32.,SEBAMED Soap-free emulsion with olive oil,B00ENDH64I,Check,https://www.amazon.es/dp/B00ENDH64I?psc=1,ES,https://m.media-amazon.com/images/I/51evjNDy6UL._SX342_.jpg,Sebamed,15.56,746,659,200,"11,511.34","9,321.27",41,"2,441",AMZ,6.39,19,4.6,528,5,6,Amazon,Beauty,Small Parcel,AMZ,22.50 x 5.90 x 11.60 cm,1.11,N/A,"Feb 13, 2015",,No,134,Amazon
33.,"ISDIN Germisdin Original Body Hygiene and Hands, Body Wash Formulated with Antiseptic Agents",B09BBHBDWW,Check,https://www.amazon.es/dp/B09BBHBDWW?psc=1,ES,"https://m.media-amazon.com/images/I/61DjVCY4DxL._SX342_PIbundle-2,TopRight,0,0_AA342SH20_.jpg",ISDIN,25.1,"1,659","1,208",700,"35,622.03","30,319.54",92,375,AMZ,9.38,1,4.6,"6,137",6,60,Amazon,Beauty,Small Parcel,AMZ,26.50 x 9.60 x 19.20 cm,2.38,N/A,"Jul 24, 2021",,No,57,Amazon
38.,"ISDIN Body Wash for Sensitive Skin, Oatmeal, Fragrance Free, Unscented, Black, 750 ml (Pack of 1)",B00BN7XG1Y,Check,https://www.amazon.es/dp/B00BN7XG1Y?psc=1,ES,https://m.media-amazon.com/images/I/61o9jeM16nL._SX342_.jpg,ISDIN,15.19,234,234,100,"3,758.92","3,758.73",97,"4,440",AMZ,6.36,11,4.5,276,7,N/A,Amazon,Beauty,Small Parcel,AMZ,24.30 x 8.20 x 10.90 cm,0.87,N/A,"Jul 28, 2014",,No,141,Amazon
39.,"Lactovit - Lactourea XXL Firming Bath Gel for Dry Skin, Anti-sagging Formula with Collagen and Visible Improvement of Firmness - 750ml",B0FJ8PV3PG,Check,https://www.amazon.es/dp/B0FJ8PV3PG?psc=1,ES,https://m.media-amazon.com/images/I/61Ik06M5WIL._AC_SY355_.jpg,Lactovit,3.51,566,566,200,"1,970.65","1,967.69",134,"1,952",AMZ,3.53,1,4.3,55,6,15,Amazon,Beauty,Extra Large Envelope,AMZ,32.50 x 5.50 x 9.20 cm,0.88,N/A,"Jul 21, 2025",,No,9,Amazon
45.,Sebamed Soap-Free Emulsion,B07DMSPFF5,Wash,https://www.amazon.es/dp/B07DMSPFF5?psc=1,ES,https://m.media-amazon.com/images/I/61OLF+j6BbL._SY445_.jpg,Sebamed,16.28,708,486,300,"10,602.5","6,495.45",26,932,AMZ,6.85,3,4.6,667,5,5,Amazon,Beauty,Small Parcel,AMZ,22.30 x 6.10 x 11.70 cm,1.14,N/A,"Jul 28, 2014",,No,141,Amazon
46.,Instituto Español Soft Gel 1250 ml,B0B3Y2GP7X,Check,https://www.amazon.es/dp/B0B3Y2GP7X?psc=1,ES,https://m.media-amazon.com/images/I/51IluapXEcL._AC_SY355_.jpg,Instituto Español,2.95,594,594,300,"1,753.33","1,753.21",34,"1,102",AMZ,5.5,1,4.5,442,1,21,Amazon,Beauty,Small Parcel,AMZ,30.00 x 7.20 x 10.30 cm,1.38,N/A,"Jun 13, 2022",,No,46,Amazon
47.,"La Roche Posay Lipikar Physiological Shower Gel with Niacinamide and Shea Butter, Soap and Paraben Free, for Sensitive and Dry Skin, 400 ml",B00V4PHBO8,Wash,https://www.amazon.es/dp/B00V4PHBO8?psc=1,ES,https://m.media-amazon.com/images/I/41l47rxxzOL._AC_SY355_.jpg,La Roche-Posay,11,"1,582",292,50,"21,995.12","3,409.2",139,442,AMZ,4.88,9,4.6,"2,765",1,87,Amazon,Beauty,Extra Large Envelope,AMZ,20.00 x 5.40 x 5.60 cm,0.45,N/A,"Apr 24, 2015",,No,132,Amazon
48.,ISDIN Psorisdin Bath Gel 500ml,B005EHV85A,Wash,https://www.amazon.es/dp/B005EHV85A?psc=1,ES,https://m.media-amazon.com/images/I/61WHZ2j44IL._SX342_.jpg,ISDIN,11.94,386,386,100,"4,609.42","4,605.42",30,"3,660",AMZ,5.74,13,4.4,998,7,4,Amazon,Beauty,Small Parcel,AMZ,26.70 x 6.80 x 7.80 cm,0.59,N/A,"Aug 18, 2012",,No,164,Amazon
52.,"Lactacyd Derma Body Wash, Soap Free, Sensitive Skin, Preserves the Natural Defenses of the Skin, 1000 ml",B00GY2BBL0,Check,https://www.amazon.es/dp/B00GY2BBL0?psc=1,ES,https://m.media-amazon.com/images/I/61bQhPXO2HL._SY445_.jpg,Lactacyd,8.93,127,127,N/A,"1,133.31","1,132.7",104,"11,908",AMZ,4.92,14,4.1,258,3,1,Amazon,Beauty,Small Parcel,AMZ,24.30 x 8.10 x 8.20 cm,1.05,N/A,"Sep 28, 2015",,No,127,Amazon
53.,"ISDIN Germisdin Aloe Vera Body Hygiene and Hands, Body Wash Formulated with Antiseptic Agents, Recommended for Dry Skin",B07DVVD19V,Wash,https://www.amazon.es/dp/B07DVVD19V?psc=1,ES,https://m.media-amazon.com/images/I/618zigxmpiL._SX342_.jpg,ISDIN,10.19,955,173,100,"22,408.83","1,801.82",119,466,AMZ,6.68,14,4.6,"2,178",8,29,Amazon,Beauty,Small Parcel,AMZ,21.70 x 7.80 x 10.00 cm,0.58,N/A,"Jun 12, 2018",,No,94,Amazon
54.,"ISDIN GermAloe Vera Body Hygiene, Fresh, Black, 1 Unit, 1000 ml",B00J5FY4PS,Check,https://www.amazon.es/dp/B00J5FY4PS?psc=1,ES,https://m.media-amazon.com/images/I/41Dt7YyA6qL._SX342_.jpg,ISDIN,12.9,296,296,100,"3,839.17","3,836.61",63,"5,661",AMZ,7.14,19,4.6,996,8,7,Amazon,Beauty,Small Parcel,AMZ,26.00 x 8.90 x 12.30 cm,1.13,N/A,"Sep 28, 2015",,No,127,Amazon
55.,"Old Spice Wolfthorn Shower Gel and Shampoo for Men 2 x 1000 ml, 3 in 1 Multi-Purpose Gel for Face, Body and Hair, Lasting Freshness, Exceptional Fragrance, Deep Cleansing",B08F7TFXT5,Check,https://www.amazon.es/dp/B08F7TFXT5?psc=1,ES,https://m.media-amazon.com/images/I/81Gsx5PDv5L._AC_SY355_.jpg,Old Spice,10.99,196,196,100,"2,835.26","2,834.68",170,253,AMZ,7.15,1,4.6,197,11,9,Amazon,Beauty,Small Parcel,AMZ,22.90 x 7.30 x 22.80 cm,2.29,N/A,"May 28, 2024",,No,23,Amazon
58.,"Inibsa Geles Dermatological Gel 1000 ml, Shower Gel for Skin and Hair Care, Dermatological Saver, Pack of 4 (4 x 1000 ml)",B07QC683HZ,Other,https://www.amazon.es/dp/B07QC683HZ?psc=1,ES,"https://m.media-amazon.com/images/I/71ySK0Ge13L._AC_SY355_PIbundle-4,TopRight,0,0_SH20_.jpg",Inibsa,13.75,"2,842",541,400,"22,427.8","7,081.38",121,175,AMZ,9.01,1,4.5,"3,358",5,N/A,Amazon,Beauty,Standard Parcel,AMZ,26.50 x 14.90 x 15.20 cm,4.45,N/A,"Mar 25, 2019",,No,85,Amazon
61.,Instituto Español Creamy Bath Gel with Shea Butter 1250 Ml,B08B981F4X,Check,https://www.amazon.es/dp/B08B981F4X?psc=1,ES,https://m.media-amazon.com/images/I/51S-1pFcoNL._AC_SY355_.jpg,Instituto Español,2.48,"1,048","1,048",500,"2,599.02","2,598.88",58,385,AMZ,4.51,1,4.7,707,1,19,Amazon,Beauty,Small Parcel,AMZ,29.70 x 7.00 x 11.40 cm,1.4,N/A,"Jun 16, 2020",,No,70,Amazon
62.,"GREEN CORNERSS CARE - Purple Rice Body Wash | 400ml | 96% Natural | Suitable for Skin with Atopic Dermatitis | With Postbiotics | Perfect for the Whole Family, Suitable for Children Under 3 Years",B0DNRCN9C7,Wash,https://www.amazon.es/dp/B0DNRCN9C7?psc=1,ES,https://m.media-amazon.com/images/I/51U3DkEsemL._AC_SY355_.jpg,Green Cornerss Care,16,131,131,50,"2,103.3","2,103.17",195,"5,118",ES,N/A,1,4.7,34,8,1,Green Cornerss,Beauty,N/A,MFN,N/A,N/A,N/A,"Nov 21, 2024",,No,17,Green Cornerss
63.,"Natural Honey, Shower Gel with Natural Coconut Extract Moisturizing and Softening, with Hydradermal Complex for Soft, Fresh and Protected Skin, Tropical Scent, Sensations Line, 650 ml",B0C637Z4Z7,Check,https://www.amazon.es/dp/B0C637Z4Z7?psc=1,ES,https://m.media-amazon.com/images/I/61Scka83BvL._AC_SY355_.jpg,Natural Honey,1.95,582,582,300,"1,128.69","1,127.24",183,"1,229",AMZ,3.53,1,4.6,88,11,17,Amazon,Beauty,Extra Large Envelope,AMZ,27.50 x 4.70 x 8.70 cm,0.85,N/A,"May 24, 2023",,No,35,Amazon
89.,Corine de Farme - Kids 2 in 1 Shower Gel for Children - Bath Product for Skin and Hair - Extra Soft - Strawberry Perfume - Natural Cosmetic - Made in France - Sensitive Skin - 300 ml,B08XJPRMV5,Other,https://www.amazon.es/dp/B08XJPRMV5?psc=1,ES,https://m.media-amazon.com/images/I/51bUNPDtJcL._AC_SY355_.jpg,Corine de Farme,2.15,562,562,300,"1,207.4","1,207.27",182,"1,280",AMZ,3.3,1,4.5,492,5,12,Amazon,Beauty,Large Envelope,AMZ,16.90 x 3.90 x 7.30 cm,0.34,N/A,"Mar 6, 2022",,No,49,Amazon
95.,"Tahe Nature Sulfate-free Body Wash with Natural Polyphenols and Coconut and Flax Oils, 750 ml",B0C8JG4DKP,Check,https://www.amazon.es/dp/B0C8JG4DKP?psc=1,ES,https://m.media-amazon.com/images/I/61u4CiE1pxL._AC_SX355_.jpg,Tahe,11.3,126,126,50,"1,391.96","1,391.22",93,"7,258",AMZ,6.64,3,4.6,25,3,0,Amazon,Beauty,Small Parcel,AMZ,24.80 x 9.30 x 9.80 cm,0.82,N/A,"Jun 19, 2023",,No,34,Amazon
104.,Urterkram Bath Gel Lemongrass 500 ml,B09RKLZ16Y,Check,https://www.amazon.es/dp/B09RKLZ16Y?psc=1,ES,https://m.media-amazon.com/images/I/61JSQdKBJ2L._AC_SY355_.jpg,Urtekram,15.89,117,117,50,"1,850.48","1,850.14",36,"4,768",AMZ,6.33,6,4,87,6,4,Amazon,Beauty,Small Parcel,AMZ,18.90 x 6.20 x 6.40 cm,0.56,N/A,"Sep 29, 2022",,No,43,Amazon
105.,"Sanex Expert Care Shower Gel Protector, Pack of 4 x 600 ml, Formula with Natural Prebiotic, Strengthens the Protective Skin Barrier, 12H Hydration, 0% Sulfates, for All Skin Types",B0C2473T7S,Check,https://www.amazon.es/dp/B0C2473T7S?psc=1,ES,"https://m.media-amazon.com/images/I/71jZvSL17NL._AC_SY355_PIbundle-4,TopRight,0,0_SH20_.jpg",Sanex,12.6,429,429,200,"5,399.38","5,399.23",179,"2,496",AMZ,7.39,1,4.7,322,12,10,Amazon,Beauty,Small Parcel,AMZ,25.80 x 11.70 x 19.90 cm,3.25,N/A,"Apr 11, 2023",,No,36,Amazon
111.,Dicora Vitamin C Bath Gel Citrus & Peach - 750 ml,B07GFQD1ZP,Check,https://www.amazon.es/dp/B07GFQD1ZP?psc=1,ES,https://m.media-amazon.com/images/I/61bhHdXtnxL._AC_SY355_.jpg,Dicora UrbanFit,1.98,0,906,400,0,"1,793.24",49,702,AMZ,3.53,1,4.4,"1,204",4,38,Amazon,Beauty,Extra Large Envelope,AMZ,26.00 x 4.90 x 8.30 cm,0.84,N/A,"Aug 28, 2018",,No,92,Amazon
112.,"Natural Honey, Shower Gel with Nourishing and Firming Argan Extract, with Hydradermal Complex for Silky and Hydrated Skin, Natural Origin Ingredients, Sensations Line, 1350 ml",B0CNTLKR1R,Check,https://www.amazon.es/dp/B0CNTLKR1R?psc=1,ES,https://m.media-amazon.com/images/I/61c2Vs2TRML._AC_SY355_.jpg,Natural Honey,3.54,354,354,100,"1,234.33","1,232.92",175,"3,085",AMZ,4.57,1,4.6,97,8,3,Amazon,Beauty,Small Parcel,AMZ,32.00 x 7.80 x 10.70 cm,1.49,N/A,"Nov 22, 2023",,No,29,Amazon
118.,Lactovit Shower Gel,B0BYDZ4H9V,Wash,https://www.amazon.es/dp/B0BYDZ4H9V?psc=1,ES,https://m.media-amazon.com/images/I/71ZkJ9+sRYL._SX342_.jpg,Lactovit,15.36,"1,378",388,300,"9,330.1","5,949.01",19,469,AMZ,7.83,1,4.5,"1,438",6,10,Amazon,Beauty,Standard Parcel,AMZ,27.00 x 17.30 x 19.60 cm,3.83,N/A,"Mar 14, 2023",,No,37,Amazon
120.,Dicora Urban Fit Bath Gel Vitamin A Milk & Melon 750 ml,B07GFRLQBT,Check,https://www.amazon.es/dp/B07GFRLQBT?psc=1,ES,https://m.media-amazon.com/images/I/51oXZhxTw2L._AC_SY355_.jpg,Dicora UrbanFit,1.98,0,773,400,0,"1,525.57",55,829,AMZ,3.53,1,4.5,"1,189",2,15,Amazon,Beauty,Extra Large Envelope,AMZ,26.60 x 5.20 x 9.20 cm,0.83,N/A,"Aug 28, 2018",,No,92,Amazon
130.,"Yoffee Anti-Bacterial Wash – Sanitizing Shower Gel – Antibacterial Soap with Tea Tree Oil and Coconut – Prevents, Removes and Prevents Bacteria-Relieves Itches, Irritations and Inflammations",B01N7ISSWU,Wash,https://www.amazon.es/dp/B01N7ISSWU?psc=1,ES,https://m.media-amazon.com/images/I/61k9nAMR4fL._AC_SY355_.jpg,YOFFEE,19.9,341,320,200,"7,412.85","6,361.73",190,"2,037",ES,6.84,1,4.4,790,7,2,Beauty Solutions Ltd,Beauty,Extra Large Envelope,FBA,20.10 x 5.40 x 5.40 cm,0.36,N/A,"Dec 16, 2016",,No,112,Beauty Solutions Ltd
131.,"Lactovit - Moisturizing and Nourishing Shower Gel for Dry Skin with ProLactic10, Soft Creamy Texture and Daily Use for the Whole Family - 550ml",B0BYDWFYHV,Check,https://www.amazon.es/dp/B0BYDWFYHV?psc=1,ES,https://m.media-amazon.com/images/I/619Hwh0RfCL._AC_SY355_.jpg,Lactovit,2.16,"1,104","1,104",600,"2,383.81","2,383.68",143,732,AMZ,4.51,1,4.5,323,7,12,Amazon,Beauty,Extra Large Envelope,AMZ,26.10 x 5.10 x 8.50 cm,0.62,N/A,"Mar 14, 2023",,No,37,Amazon
133.,"Urtekram Shower Gel Unscented - Fragrance Free - Find Balance Natural, Ecological and Vegan, 500 ml",B09RKM2SZK,Check,https://www.amazon.es/dp/B09RKM2SZK?psc=1,ES,https://m.media-amazon.com/images/I/61N-zXSFyzL._AC_SY355_.jpg,Urtekram,15.89,545,414,200,"7,753.01","6,334.67",99,"2,189",AMZ,6.33,12,4,350,6,11,Amazon,Beauty,Small Parcel,AMZ,22.60 x 8.50 x 18.70 cm,0.57,N/A,"Apr 19, 2022",,No,48,Amazon
135.,"Sanex Expert Care Kids Shower Gel, Pack of 6 x 475 ml, Gel for Children, Hypoallergenic, 12H Hydration, Dermatologically Tested, Pediatrician Approved",B0C8Z8K343,Wash,https://www.amazon.es/dp/B0C8Z8K343?psc=1,ES,"https://m.media-amazon.com/images/I/71XXaqzF4XL._AC_SY355_PIbundle-6,TopRight,0,0_SH20_.jpg",Sanex,17.88,91,91,50,"1,625.86","1,624.84",150,"5,668",AMZ,8.18,1,4.8,90,7,1,Amazon,Beauty,Small Parcel,AMZ,28.80 x 10.50 x 22.00 cm,3.35,N/A,"Jun 22, 2023",,No,34,Amazon
136.,"Instituto Español Coconut Bath Gel - 1250 Ml, Fruity",B07VMFSCTN,Check,https://www.amazon.es/dp/B07VMFSCTN?psc=1,ES,https://m.media-amazon.com/images/I/51pzow3XXPL._SX342_.jpg,Instituto Español,2.48,0,881,400,0,"2,185.15",52,913,AMZ,4.51,3,4.6,"1,222",1,10,Amazon,Beauty,Small Parcel,AMZ,29.90 x 7.10 x 10.50 cm,1.4,N/A,"Jul 24, 2019",,No,81,Amazon
20.,"Elizabeth Arden - Cleansing Oil with Ceramides, Omega 3, 6, 9 and Vitamin E, Makeup Remover, Cleanses and Regenerates, Removes Impurities, Nourishes and Softens Skin - 195 ml",B017IZGN50,Check,https://www.amazon.es/dp/B017IZGN50?psc=1,ES,https://m.media-amazon.com/images/I/61zME7fnrkL._SX342_.jpg,Elizabeth Arden,24.05,147,147,50,"3,967.68","3,967.08",174,"5,845",AMZ,8.44,1,4.4,781,2,4,Amazon,Beauty,Extra Large Envelope,AMZ,19.90 x 5.30 x 5.30 cm,0.3,N/A,"Feb 9, 2016",,No,122,Amazon
25.,L'OCCITANE - Aceite de ducha Almendra - Fabricado en Francia,B016XP62RK,Check,https://www.amazon.es/dp/B016XP62RK?psc=1,ES,https://m.media-amazon.com/images/I/611s3vietIL._SX342_.jpg,L'Occitane,20,346,187,50,"7,248.05","3,732.25",60,"3,859",AMZ,6.85,1,4.6,"5,368",6,73,Amazon,Beauty,Extra Large Envelope,AMZ,16.10 x 4.50 x 6.80 cm,0.28,N/A,"Oct 21, 2015",,No,126,Amazon
30.,"O Boticário Nativa SPA Madagascar Vanilla Body Oil, Moisturizing Bath Oil, Massage and Shower for Women, Soft and Smooth Skin Feel, 200 ml (200 ml)",B0C9Y93YQZ,Check,https://www.amazon.es/dp/B0C9Y93YQZ?psc=1,ES,https://m.media-amazon.com/images/I/61bNtKcRYHL._AC_SY355_.jpg,O BOTICARIO,18.99,176,119,50,"3,346.37","2,262.76",147,"4,585",PT,6.7,1,4.5,276,8,13,O_Boticário,Beauty,Small Parcel,FBA,14.40 x 6.10 x 7.90 cm,0.2,N/A,"Jul 2, 2023",,No,33,O_Boticário
41.,"Biotherm, Biosource Makeup Remover, Removes Impurities, Tones Skin, Cleanses and Removers, Enriched with Life Plankton, Total Renew Oil, For Dry Skin, 200 ml",B01AWRNM8M,Check,https://www.amazon.es/dp/B01AWRNM8M?psc=1,ES,https://m.media-amazon.com/images/I/6190d9IuAjL._SX342_.jpg,Biotherm,15.93,137,137,50,"2,176.14","2,175.96",157,"4,974",AMZ,6.98,1,4.7,115,4,1,Amazon,Beauty,Large Envelope,AMZ,18.20 x 3.90 x 4.60 cm,0.24,N/A,"Mar 22, 2016",,No,121,Amazon
55.,"Lemongrass Facial Cleansing Oil, Vegetable Glycerin, Garnier Bio Lemongrass Belebendes Waschgel, Naturkosmetik, 150 ml",B082VN4YMF,Check,https://www.amazon.es/dp/B082VN4YMF?psc=1,ES,https://m.media-amazon.com/images/I/71EiwHtSJpL._AC_SY355_.jpg,Garnier,8.78,129,129,50,"1,148.55","1,147.81",118,"6,064",AMZ,3.7,1,4.3,536,8,10,Amazon,Beauty,Large Envelope,AMZ,17.90 x 3.60 x 3.90 cm,0.19,N/A,"Jan 14, 2020",,No,75,Amazon
56.,"CeraVe Gel Limpiador Hidratante, Para Piel Normal a Seca, Limpia e Hidrata, Equilibrio de la Piel, Enriquecido Con Ceramidas Esenciales y Ácido Hialurónico, Apto para Rostro y Cuerpo, 473ml",B0DVLS23YF,Check,https://www.amazon.es/dp/B0DVLS23YF?psc=1,ES,https://m.media-amazon.com/images/I/516fYiEJMdL._SX342_.jpg,CeraVe,9.49,"1,841","1,347",900,"19,621.13","13,189.4",189,270,AMZ,6.41,8,4.6,"37,943",7,333,Amazon,Beauty,Small Parcel,AMZ,18.40 x 6.50 x 13.70 cm,0.5,N/A,"Mar 5, 2025",,No,13,Amazon
57.,"CeraVe Gel Limpiador Espumoso, Para Piel Normal a Grasa, Elimina el Exceso de Grasa y Suciedad, Enriquecido Con Ceramidas Esenciales, Niacinamida y Ácido Hialurónico, Apto para Rostro y Cuerpo, 473ml",B0DVLG7GD1,Check,https://www.amazon.es/dp/B0DVLG7GD1?psc=1,ES,https://m.media-amazon.com/images/I/716kjU8yknL._SX342_.jpg,CeraVe,10.16,"3,636","2,575","1,000","42,658.93","27,352.99",199,53,AMZ,5.47,9,4.7,"43,174",7,460,Amazon,Beauty,Small Parcel,AMZ,18.30 x 6.50 x 13.30 cm,0.47,N/A,"Mar 5, 2025",,No,13,Amazon
17.,"La Roche-Posay | Lipikar Baume AP+M Relipidating Balm | Triple Repair | Anti-itch, Anti-Recurrence, Immediately Relieves | Face and Body | Dry, Very Dry and Atopic Skin | Pack of 2x400ml",B0FJXXFCPP,Cream,https://www.amazon.es/dp/B0FJXXFCPP?psc=1,ES,"https://m.media-amazon.com/images/I/61wHN3+-0ML._AC_SY355_PIbundle-2,TopRight,0,0_SH20_.jpg",La Roche-Posay,49.95,30,30,N/A,"1,494.92","1,494.79",186,"13,450",ES,11.44,1,3.8,11,9,2,FarmaciaChamberi,Beauty,Small Parcel,MFN,10.00 x 30.00 x 10.00 cm,0.4,N/A,"Jul 25, 2025",,No,9,FarmaciaChamberi
29.,ULTRATOPIC GEL,B0D8TKZWJF,Check,https://www.amazon.es/dp/B0D8TKZWJF?psc=1,ES,https://m.media-amazon.com/images/I/61mrne1fFjL._AC_SY355_.jpg,Instituto Español,5.95,249,249,N/A,"1,340.36","1,337.83",14,"8,056",AMZ,3.71,3,4.4,46,8,2,Amazon,Beauty,Extra Large Envelope,AMZ,22.80 x 5.30 x 9.60 cm,0.58,N/A,"Jul 4, 2024",,No,21,Amazon
43.,Bioderma Atoderm Shower Gel Ecorefill 1 L,B0C8WYDL36,Wash,https://www.amazon.es/dp/B0C8WYDL36?psc=1,ES,https://m.media-amazon.com/images/I/71tji3Bk8VL._AC_SY355_.jpg,Bioderma,12.27,85,85,50,"1,121.95","1,121.68",41,"13,400",ES,6.05,14,4.8,158,8,6,Dermofarma,Beauty,Small Parcel,FBA,22.30 x 7.00 x 14.50 cm,1.04,N/A,"Jun 21, 2023",,No,34,Dermofarma
48.,"Repavar, Atopic Skin Saver Pack, Bath Gel 750 ml and Body Lotion 500 ml, Soothe Itch and Protect the Skin Barrier, Active Ingredients, for Atopic Skin",B07N86CCQZ,Wash,https://www.amazon.es/dp/B07N86CCQZ?psc=1,ES,https://m.media-amazon.com/images/I/71t69Sco7BL._AC_SY355_.jpg,Atopic-Piel,29.84,66,66,N/A,"1,981.27","1,980.86",150,"9,180",AMZ,8.75,4,4.4,112,2,0,Amazon,Beauty,Small Parcel,AMZ,27.00 x 6.80 x 16.30 cm,1.44,N/A,"Jan 30, 2019",,No,87,Amazon
17.,"Eucerin Atopicontrol Body Lotion 12% Omega, White, Fresh, 400 ml",B00FXQ6G5Y,Check,https://www.amazon.es/dp/B00FXQ6G5Y?psc=1,ES,https://m.media-amazon.com/images/I/61wFZbxfIHL._AC_SY355_.jpg,Eucerin,19.01,85,85,50,"1,705.02","1,704.84",64,"3,583",AMZ,6.45,28,4.3,278,7,0,Amazon,Beauty,Large Envelope,AMZ,21.80 x 3.90 x 8.30 cm,0.45,N/A,"Oct 25, 2013",,No,150,Amazon
31.,Keter Rosewood Outdoor Storage Chest,B0D45M26KD,Cream,https://www.amazon.es/dp/B0D45M26KD?psc=1,ES,https://m.media-amazon.com/images/I/71FZi9YVL+L._SX342_.jpg,Mixa,7.99,579,497,N/A,"4,446.4","3,549.55",36,"6,604",AMZ,3.95,4,4.6,660,8,75,Amazon,Beauty,Small Parcel,AMZ,9.30 x 8.90 x 9.10 cm,0.46,N/A,"May 14, 2024",,No,23,Amazon
34.,"DEXERYL Pflegecreme bei trockener Haut oder Neurodermitis, 250g Cream",B002M095AC,Cream,https://www.amazon.es/dp/B002M095AC?psc=1,ES,https://m.media-amazon.com/images/I/51DJte9WwBL._AC_SY355_.jpg,DEXERYL,11.64,151,151,100,"1,922.65","1,922.03",69,"7,471",PT,5.99,5,4.6,"1,265",8,14,Be and Care,Beauty,Extra Large Envelope,MFN,25.60 x 5.79 x 9.19 cm,0.3,N/A,"Aug 7, 2012",,No,164,Be and Care
42.,"Repavar Atopic Skin - Extreme Body Cream to Relieve Intense Dryness - For Atopic, Dry and Very Dry Skin - Ideal for Treating Breakouts - 150 ml",B00J5FZLAK,Cream,https://www.amazon.es/dp/B00J5FZLAK?psc=1,ES,https://m.media-amazon.com/images/I/71b9lBppJlL._AC_SY355_.jpg,REPAVAR,21.55,69,69,N/A,"1,482.26","1,481.44",143,"13,988",ES,7.08,9,4.5,208,11,N/A,Parafarmacia Paraval,Beauty,Extra Large Envelope,MFN,20.20 x 4.60 x 5.60 cm,0.18,N/A,"Nov 21, 2014",,No,137,Parafarmacia Paraval
43.,"Mixa Urea Cica Repair+ Body Cream for Very Dry Skin with 10% [Urea + Panthenol] Smooths, Reduces Roughness and Soothes, Suitable for Sensitive Skin 400ml",B0D45KJ86P,Check,https://www.amazon.es/dp/B0D45KJ86P?psc=1,ES,https://m.media-amazon.com/images/I/81tI-8GgKAL._AC_SY355_.jpg,Mixa,7.59,21,"1,120",500,239.44,"9,636.08",153,420,AMZ,4.55,7,4.5,"1,266",8,202,Amazon,Beauty,Small Parcel,AMZ,10.40 x 9.20 x 9.60 cm,0.47,N/A,"May 14, 2024",,No,23,Amazon
53.,Mixa Niacidamide Bright Body Cream for Dull Skin with 9% [Shea Butter + Niacinamide + Vitamin Cg] Lightens Dark Spots Suitable for Sensitive Skin 400ml,B0DQLMXW1C,Cream,https://www.amazon.es/dp/B0DQLMXW1C?psc=1,ES,https://m.media-amazon.com/images/I/7188AClTWsL._AC_SY355_.jpg,Mixa,6.48,947,947,600,"6,160.77","6,159.5",151,454,AMZ,5.46,1,4.6,"1,587",7,98,Amazon,Beauty,Small Parcel,AMZ,9.00 x 8.90 x 9.00 cm,0.46,N/A,"Feb 10, 2025",,No,14,Amazon
55.,Leti At-4 Body Milk 500Ml,B083KT27X3,Cream,https://www.amazon.es/dp/B083KT27X3?psc=1,ES,https://m.media-amazon.com/images/I/41Lube0mZhL._AC_SY355_.jpg,Leti,23.5,180,145,N/A,"4,348.15","3,624.81",25,"5,600",N/A,7.38,13,4.6,453,5,1,,Beauty,Extra Large Envelope,MFN,21.00 x 5.00 x 7.40 cm,0.56,N/A,"Dec 9, 2015",,No,124,
56.,"CeraVe, Loción Hidratante de Rostro SPF 50, Para Piel Normal a Seca, Hidratación y Alta Protección Contra los Rayos UVB/UVA, Enriquecida con Ceramidas, 52ml",B09XN22JBT,Other,https://www.amazon.es/dp/B09XN22JBT?psc=1,ES,https://m.media-amazon.com/images/I/61hcdkLPvYL._SX342_.jpg,CeraVe,14,"6,096","5,584","4,000","83,816.96","76,302.15",156,21,AMZ,5.7,20,4.6,"8,436",8,N/A,Amazon,Beauty,Large Envelope,AMZ,14.20 x 3.70 x 4.80 cm,0.07,N/A,"Jun 9, 2022",,No,46,Amazon
55.,"GoNaturals® Fractionated Coconut Oil – 100% Pure, Lightweight, Odorless, Non-Oily – Hydrates Skin, Hair, Nails – Natural Makeup Remover – (Set of 3 x 250ml) – Fast Absorption, Carrier Oil for Massage",B0FVMMYLFQ,Wash,https://www.amazon.es/dp/B0FVMMYLFQ?psc=1,ES,"https://m.media-amazon.com/images/I/71QHzMN4YtL._AC_SY355_PIbundle-3,TopRight,0,0_SH20_.jpg",GONATURALS,28.49,551,39,N/A,"8,327.63","1,163.26",199,"1,512",DE,8.44,1,4.5,"1,414",7,59,Vivere GmbH,Beauty,Small Parcel,FBA,19.40 x 6.60 x 18.60 cm,0.81,N/A,"Jan 7, 2026",,No,6,Vivere GmbH
61.,Svr Svr Topialyse Huile Micellaire 1L 1000ml,B077C7G2XV,Wash,https://www.amazon.es/dp/B077C7G2XV?psc=1,ES,https://m.media-amazon.com/images/I/7188LEP7rGL._AC_SY355_.jpg,SVR,15.45,27,27,N/A,661.1,661.08,44,"18,572",FR,7.3,8,4.6,"1,040",4,3,Cosmeco,Beauty,Small Parcel,FBA,23.40 x 8.10 x 8.40 cm,1.17,N/A,"Nov 12, 2017",,No,104,Cosmeco
41.,"ZIAJA MED Smoothing Bath and Shower Oil, Dermatological Formula for Atopic Skin, 270 ml",B0DGFHSB6G,Wash,https://www.amazon.es/dp/B0DGFHSB6G?psc=1,ES,https://m.media-amazon.com/images/I/51DqoZEEXPL._AC_SY355_.jpg,Ziaja,6.6,2,2,N/A,15.94,15.92,87,"75,215",AMZ,3.92,1,5,2,3,0,Amazon,Beauty,Extra Large Envelope,AMZ,18.50 x 5.40 x 5.50 cm,0.29,N/A,"Sep 6, 2024",,No,22,Amazon
52.,"Almond Oil Skin (Body and Facial) and Hair, Anti Stretch Pregnancy, Atopic Skin and Drink, Professional Massage Oil. Moisturizing and Rich in Vitamin E. 100% Natural and Pure - 250 ml",B0CSYNGW6H,Oil,https://www.amazon.es/dp/B0CSYNGW6H?psc=1,ES,https://m.media-amazon.com/images/I/61BSt1nBJ8L._AC_SY355_.jpg,Oïléna,13.34,1,1,N/A,17.26,17.26,183,"119,023",ES,6.4,1,4.6,12,9,0,OmBiance,Beauty,Extra Large Envelope,FBA,15.00 x 5.60 x 5.80 cm,0.26,N/A,"Jan 22, 2024",,No,30,OmBiance
54.,"BABÉ LABORATORIES - Oil Balm 500ml | Moisturizing and Nourishing Body Cream for Dry and Atopic Skin | With Prebiotics, Probiotics and Omega | Itch Relief and Repair | Body Cream",B09Q8RXY94,Oil,https://www.amazon.es/dp/B09Q8RXY94?psc=1,ES,https://m.media-amazon.com/images/I/41WhhL9TCiL._AC_SY355_.jpg,LABORATORIOS BABE,16.53,73,73,N/A,"1,492.44","1,492.44",177,"13,147",AMZ,7.9,13,4.3,72,3,2,,Beauty,Extra Large Envelope,AMZ,21.90 x 5.30 x 6.10 cm,0.54,N/A,"Jan 12, 2022",,No,54,
49.,BABÉ LABORATORIES - Pediatric Oil Soap 200ml | Baby Gel Atopic and Very Dry Skin | Pediatric Soap for Special Care | Soothes Skin and Relieves Dryness,B0041MIP1E,Wash,https://www.amazon.es/dp/B0041MIP1E?psc=1,ES,https://m.media-amazon.com/images/I/515dVrmryYL._AC_SY355_.jpg,LABORATORIOS BABE,8.02,37,37,50,359.09,359.09,150,"11,488",AMZ,5.05,12,4.3,217,4,2,Amazon,Beauty,Extra Large Envelope,AMZ,13.41 x 5.00 x 5.21 cm,0.21,N/A,"Mar 1, 2013",,No,160,Amazon
51.,"Almond Oil, Body, Facia, Hair, Anti Stretch Pregnancy, Atopic Skin and Baby, Professional Massage Oil, Moisturizing and Rich in Vitamin E, 100% Natural, Pure, 1000 ml 1 L",B07VR7Z936,Oil,https://www.amazon.es/dp/B07VR7Z936?psc=1,ES,https://m.media-amazon.com/images/I/51xfOLoDqpL._AC_SY355_.jpg,Oïléna,16.5,11,5,N/A,210.54,93.6,170,"54,336",AMZ,7.18,4,4.5,471,8,N/A,,Beauty,Small Parcel,AMZ,23.90 x 8.60 x 8.80 cm,0.98,N/A,"Jul 28, 2019",,No,84,
66.,Eucerin - Atopicontrol 20% Omega Cleansing Oil 400ml,B00FXRFGFO,Wash,https://www.amazon.es/dp/B00FXRFGFO?psc=1,ES,https://m.media-amazon.com/images/I/513Jwx46tzL._AC_SY355_.jpg,Eucerin,18.78,2,2,N/A,43.47,43.48,52,"89,404",N/A,6.42,4,4.5,162,9,0,,Beauty,Large Envelope,MFN,21.70 x 3.60 x 7.90 cm,0.44,N/A,"Jan 1, 2009",,No,210,
65.,"Almond Oil Skin (Body and Facial) and Hair, Anti Stretch Pregnancy, Atopic Skin and Drink, Professional Massage Oil. Moisturizing and Rich in Vitamin E. 100% Natural and Pure - 5000 ml 5 L",B09MFKXBFX,Oil,https://www.amazon.es/dp/B09MFKXBFX?psc=1,ES,https://m.media-amazon.com/images/I/71aXMI-wGtL._AC_SY355_.jpg,Oïléna,48.88,5,1,N/A,178.91,58.74,188,"89,646",AMZ,14.58,3,4.3,26,9,0,,Beauty,Standard Parcel,AMZ,33.00 x 18.50 x 24.60 cm,4.84,N/A,"Nov 23, 2021",,No,56,
17.,"Atopic Skin Oil Gel, 300 ml (Pack of 2)",B0F13FCTWQ,Oil,https://www.amazon.es/dp/B0F13FCTWQ?psc=1,ES,"https://m.media-amazon.com/images/I/71iDtSK7TkL._AC_SX355_PIbundle-2,TopRight,0,0_SH20_.jpg",Instituto Español,9.5,"1,205",0,N/A,"5,714.63",0,39,651,AMZ,N/A,1,4.2,937,8,12,Amazon,Beauty,Extra Large Envelope,AMZ,21.50 x 4.20 x 8.50 cm,0.7,N/A,"Mar 11, 2025",,No,16,Amazon
29.,"La Roche Posay, Lipikar Washing Oil AP+ Anti-Irritation Body Cleanser, Nourishes and Hydrates, With Niacinamide, Suitable for Sensitive Areas for Atopic Skin Trend, 1L",B0DJPB34JN,Wash,https://www.amazon.es/dp/B0DJPB34JN?psc=1,ES,https://m.media-amazon.com/images/I/61LyEYDoUDL._AC_SY355_.jpg,La Roche-Posay,19,858,258,200,"13,611.67","4,506.29",167,865,AMZ,7.12,1,4.6,"3,352",2,75,Amazon,Beauty,Small Parcel,AMZ,22.40 x 8.60 x 8.60 cm,1.15,N/A,"Jan 2, 2026",,No,6,Amazon
