marketplace,asin,title,date,rating,review
DE,B00GD752XO,Nichts passiert,Reviewed in Germany on 16 May 2026,1,Die Ameisen haben nur gelacht  sonst nichts passiert
DE,B00GD752XO,Gelumpe gekauft,Reviewed in Germany on 24 February 2026,1,das Zeug taugt doch garnichts
DE,B00GD752XO,Schrott,Reviewed in Germany on 25 May 2025,1,Das einzigste was verschwand war meine Laune Ich meine auch gesehen zu haben wie die Ameisen mich ausgelacht haben 😔
DE,B00GD752XO,Keine Kaufempfehlung,Reviewed in Germany on 24 June 2023,1,Es war keine Wirkung bei den Ameisen zu erkennen und der Pumpmechanismus war drei Sprühstößen defekt! Finger weg von diesem Produkt!!
DE,B00GD752XO,Fehlkauff,Reviewed in Germany on 1 May 2022,1,"Leider fehlkauff, es stinkt, deswegen kommt Benutzung für uns nicht in Frage und sprühenwird nach zwei drücken nicht mehr möglich- billig system!?.  Wirksamkeit,  naja, nicht wirklich!"
DE,B00GD752XO,wirkt leider nur extrem kurz,Reviewed in Germany on 5 July 2021,1,"Das Mittel funktioniert wenn man es auf die aktive Straße sprüht. sobald es getrocknet ist, laufen die Ameisen wieder fleißig drüber. Die beschriebene 4 wöchige Langzeitwirkung gibt es nicht.Ich werde etwas anderes ausprobieren, dieses Mittel war ein Fehlkauf."
DE,B00GD752XO,Taugt nix.,Reviewed in Germany on 5 May 2022,1,Ich wollte damit Ameisen loswerden. Denke die haben sich darüber köstlich Amüsiert. Hat überhaupt nichts gebracht.
DE,B00GD752XO,Lo sconsiglio 100%,Reviewed in Italy on 19 March 2025,1,"Darei anche 0 stelle ma non si può. Non vale la pena, lo sconsiglierei 100%. Non ho avuto mai formiche in due giorni li trovo dappertutto ho pensato di prendere questo prodotto che non costa nemmeno poco. E rivelato una nullità. Alle formiche non li fa niente e ha un brutto odore insopportabile. Soldi buttati"
DE,B00GD752XO,Nada efectivo,Reviewed in Spain on 12 August 2021,1,"No hace nada, huele muy fuerte y al aplicarlo te pones perdida. No lo volveré a comprar."
DE,B00GD752XO,Does not work,Reviewed in the United States on 22 June 2026,1,"I had the ant problem about 98% under control and the fact that this product is natural/ non toxic & says it’s also a repellent up to 4 weeks is why I bought it.But in one day I found that it just does not work.I followed the instructions exactly, sprayed wherever the ants were seen and coming from.I’ve been making sure not to leave any traces of food out + wiping down surfaces and the ants keep coming back."
DE,B00GD752XO,Horrible outdoor smell,Reviewed in the United Kingdom on 6 February 2026,1,Didn't work and left me with a horrible  smell until it had worn off
DE,B00GD752XO,残留忌避効果なし,Reviewed in Japan on 16 May 2021,1,地域猫の餌場に大量の蟻が発生した為、ペットに無害ということで、購入。永続的残留忌避効果を期待したが、広範囲に散布するも全く効果はなく、すぐに餌の上には大量の蟻が来た。（一般的な小さい蟻）餌に集った蟻には直接散布出来ないので、直接散布した場合の効果は判らないが、購入の目的からしたら期待はずれ。
DE,B00GD752XO,"El espray dejó de funcionar, Excesivamente caro para el resultado.",Reviewed in Spain on 16 August 2021,1,"El espray dejó de funcionar, y su eficacia para eliminar las hormigas es exactamente igual que otro de marca blanca que cuesta entre 2 ó 3 €. Excesivamente caro para el resultado."
DE,B00GD752XO,Does Not Kill Spiders…. They Seem To Like It,Reviewed in the United States on 16 June 2026,1,False Advertising!  False Advertising. I sprayed directly on 2 different medium size spiders in the corner of windows and kept spraying for 45-60 seconds. They never died. I had to squash them. DOES NOT KILL ON CONTACT. Can not find an option for return. Bought only 18 days ago. Waste of money I don’t have to waste.
DE,B00GD752XO,Waste Of Money,Reviewed in the United States on 16 June 2026,1,Don't buy this. It's useless. Needed something to kill ants outside by my patio but also to be safe for my dog and cat. It doesn't work at all. If I could give zero stars I would.
DE,B00GD752XO,Just didn't work,Reviewed in the United States on 6 April 2026,1,"I was so surprised that this just didn't work. When I sprayed it on ants on my floor  upstairs, around the cat food bowls, those ants did die, but others came back. I sprayed the whole floor and surrounding baseboards and on their trails many days, and each time the ants returned. I read that others found this effective, but my ants must be resistant. I was very disappointed because this is safe for my cats. Not sure what to use next."
DE,B00GD752XO,Is it Safe for cats to walk on an area that's sprayed and air dried?,Reviewed in the United Kingdom on 24 August 2025,1,"Unsure how to rate this product as yet. The Instructions aren't particularly clear on how safe it is to use around my cat. When it's sprayed do you simply leave to air dry? It is safe for my cat to walk on a sprayed/dried area? I'm having huge problem with ants, I'm spraying but once it's dried I'm cleaning and removing any residue as I'm not sure if my cat can walk on it."
DE,B00GD752XO,Ants must be killed one at a time.,Reviewed in the United States on 20 May 2026,1,It must be sprayed on every ant does not kill the nest. Use talcum powder they drag it to the nest and kill it.  I don’t think it’s good for you or the environment.
DE,B00GD752XO,Does not work,Reviewed in the United States on 21 May 2026,1,Does not work. We have an ant problem. I’ve sprayed this no less than 10 times over the past two weeks and there are still ants everywhere.
DE,B00GD752XO,Dont waste your money,Reviewed in the United States on 8 March 2026,1,Dont waste your money. I purchased 2 bottles and the only time it works is when i spray it directly on the ants. I can spray it  and an hour later ants are crawling over the exact area
DE,B00GD752XO,Le formiche tornano,Reviewed in Italy on 16 November 2025,1,Repellente di brevissima durata: le formiche dopo poche ore tornano
DE,B00GD752XO,No lo compren,Reviewed in the United States on 16 April 2026,1,Olvidenlo las hormigas se lo bebían como agua y seguían vivas 🤪 no compren este producto
DE,B00GD752XO,Very disappointed,Reviewed in the United States on 28 March 2026,1,Very disappointed. I bought it after looking at the reviews and have been using past 2 weeks regularly but didn’t work at all.
DE,B00GD752XO,Smells so bad and strong,Reviewed in the United States on 25 January 2022,1,"I have asthma and am very sensitive to smells. When I say sensitive, I can smell the spray that exterminators claim you can't smell and they are always so shocked when I say I can smell it. This stuff stunk so bad. I did not smell any citrus. This stuff literally made me cough and gave me a headache. I have a parrot and put her outside while I cleaned up everywhere I sprayed the bug spray. No idea if this stuff works since I immediately had to clean it all up and it still smells so bad in my house. I suppose I'll be hiding my bird in the office so she hopefully doesn't get bothered from the bug spray. If you have asthma, are sensitive to smells or have pets, do NOT use this spray inside the house. So disappointed. I guess I'll be calling the pro's since theirs doesn't smell as strong or badly as the sprays out their claiming not to smell such as this one."
DE,B00GD752XO,Avrei dato zero se potessi,Reviewed in Italy on 22 March 2025,1,"Prima: lo spruzzo arriva distaccato nella confezione e bisogno strappare una carta sigillante dall' apertura della bottiglia.  Ovviamente non viene via facilmente, ci volevano le pinze....  Poi, quando hai finalmente pulito l'apertura, scopri che lo spruzzo è leggermente troppo piccolo per avvitarsi bene.  Per fortuna, dopo diversi esperimenti, ho trovato uno delle dimensioni perfetti. L'incompetenza mi lascia senza parole...."
DE,B00GD752XO,Not effective,Reviewed in the United Kingdom on 25 June 2025,1,"We are inundated with ants and I don’t really rate this stuff, so I’ve gone back to using powder"
DE,B00GD752XO,Non funziona,Reviewed in Italy on 28 April 2025,1,Poco efficace non mi ha soddisfatto ! Forte odore dentro casa ma le formiche sono lì in salotto 1 a 0 per loro. Peccato avevo letto buone recensioni ma nel mio caso non ha fatto effetto !
DE,B00GD752XO,Uccide ma non allontana,Reviewed in Italy on 16 May 2025,1,"Uccide le formiche che vengono spruzzate, non allontana un bel niente,dopo qualche ora le formiche riprendono il loro tragitto passando dove ho spruzzato il prodotto per circa 4 giorni consecutivi 2 volte al giorno"
DE,B00GD752XO,SPRAY TOP DOES NOT SPRAY,Reviewed in the United States on 10 January 2026,1,I HAVE BOUGHT THIS PRODUCT SEVERAL TIMES.IF THE SPRAY WORKS IT IS EFFECTIVE.  HOWEVER THE SPRAY TOP HAS NOT WORKEDON THE LAST TWO BOTTLES I HAVE BOUGHT.
DE,B00GD752XO,Product doesn’t work,Reviewed in the United Kingdom on 8 June 2025,1,Product didn’t kill any ants
DE,B00GD752XO,Good product but bad spray bottle.,Reviewed in the United States on 21 September 2025,1,The product works great but you will need to put in a different spray bottle . The lever does not release you will have to pull it back out between sprays. I went to a auto parts store and purchase spray bottle to put it in .
DE,B00GD752XO,Total rip off.  Don't buy this garbage!,Reviewed in the United States on 5 April 2022,1,"This stuff doesn't work.  I followed the instructions to the letter.  I was severely disappointed.  The only thing that is actually true about this product is that it didn't effect my cat.  The reasons I bought it were twofold.  I did not want any poison around my cat and, I did not want it to harm the environment.  I don't know what effect it has on the environment, but I can tell you, ants don't respond to this stuff at all.  They're thriving.  I think I have more ants now than I did before I used this crap.  You've been warned.  Do not waste your hard earned money on this garbage."
DE,B00GD752XO,Doesn’t work at all— try vinegar,Reviewed in the United States on 30 April 2025,1,"When I sprayed my sugar ants with this they slowed down in the oil but didn’t die. Didn’t seem to repel ants in the future either. I had much better luck using vinegar to get rid of and repel ants— and that’s a cleaning agent, while this is oily. Didn’t smell bad though so there’s that"
DE,B00GD752XO,Formiche : sempre sempre!!!,Reviewed in Italy on 6 May 2024,1,Immaginavo che questo prodotto(abbastanza caro!!) mi avrebbe finalmente liberato dalle formiche!! Le uccide ma dopo ne vengono altre.....tante altre  insomma devi stare là sempre a spruzzare!!! Dopo un giorno il prodotto è  terminato e il problema è rimasto!! In conclusione non si risolve il problema e io sono tornata al buon borotalco !!! Lo sconsiglio
DE,B00GD752XO,It doesn't work.,Reviewed in the United Kingdom on 13 January 2025,1,It doesn't work. They kill the ants but they continue coming
DE,B00GD752XO,bad smell,Reviewed in the United Kingdom on 5 December 2024,1,i can not recommend it as its smells horrible and for me didn’t worked
DE,B00GD752XO,Save your money,Reviewed in the United States on 31 January 2026,1,Barely slows ants who march across the bathroom counter sprayed the day before.
DE,B00GD752XO,product - I hate that I missed the return window by one day,Reviewed in the United States on 14 April 2018,1,"In reference to the EcoRaider Ant Killer & Crawling Insect.product -I hate that I missed the return window by one day...just busy. However, I bought this to protect my dog, as he goes in/out of the doggie door in the backyard, and didn't want to risk any harm to him. The huge ant bed is at the edge of the concrete slab near the back door. Ants ran around in/out of this spray as if it were water.....EPIC FAIL! I had to go ahead and use regular ant killer and take care to watch my pup so that he didn't go near the ant bed. Thankfully, he seemed to stay clear of the area on his own. I DO NOT recommend this product. I am guessing that anything that actually kills pests is not going to be eco-friendly. Just take care to keep your pets away and buy what works."
DE,B00GD752XO,Prodotto non efficace,Reviewed in Italy on 2 May 2025,1,Non fa nulla contro le formiche!!Ho spruzzato dappertutto dopo circa 1 ora tutto come prima
DE,B00GD752XO,A me fa venire la nausea e le formiche tornano,Reviewed in Italy on 16 February 2025,1,"L' ho comprato sperando che fosse un prodotto sostenibile, le formiche tornano subito e a me l'odore del prodotto dà la nausea."
DE,B00GD752XO,AWFUL PRODUCT! TOXIC SMELL,Reviewed in the United States on 30 March 2018,1,"This product is AWFUL! The smell is so horrible, we are unable to even sit in the rooms that we spayed this. Anyone that is saying it doesn’t smell is either lying or has no sense of smell. I purchased this thinking it would smell like citrus. It smells like a combination of gasoline and turpentine. I can’t believe I wasted money on this garbage. As I’m typing this several ants are walking through the spots that I sprayed. It does absolutely nothing to keep ants away. It only kills them on contact, but Windex does the same thing. Wish I didn’t have to suffer with this awful odor. I feel so ripped off and feel like I’m damaging my lungs from this. I also wish I could give it zero stars. Do not waste your money on this garbage."
DE,B00GD752XO,Toxic Product not Safe for use as Labeled,Reviewed in the United States on 26 August 2020,1,"Use only with extreme caution. Despite putting the image of a fruit plant on the front of their product and touting it as ""natural"", this product is extremely dangerous for use on plants or near people. After going to the trouble of reading their label and directions for use as well as searching their website, neither of which mentioned these dangers, I used this product confidentally on a large number of plants I have been working on for months. Now all of my work has gone to waste and everything is either dead or toxic, because of their lies by omission and deceptive marketing. This dangerous product should be pulled from the market."
DE,B00GD752XO,No customer service!,Reviewed in the United States on 27 September 2025,1,Ordered this product and only used it twice before the sprayer quit working. Emailed the company and could not even get the courtesy of a reply. Obviously no service after the sale.
DE,B00GD752XO,Broke spray nozzle,Reviewed in the United States on 17 July 2023,1,Couldn't even use the product since the spray nozzle that came with only aloud a little trickle to run down my fingers as it could not pull anything from the bottle. The only time I felt it actually suck up liquid was when the cap was in the off position. So now I need to go and purchase another spray bottle just to use this product. For that reason alone is why I am giving it a one Star rating
DE,B00GD752XO,"Doesn't work on ants, smells terrible.",Reviewed in the United States on 3 February 2021,1,"I wanted a safe, botanically-based insect spray to get rid of some large black ants that keep appearing in my master bathroom. I have cats so I can't use anything poisonous. I tried using this for a few weeks but it barely made any difference and now I can't return it as I missed the return window. I also had high hopes it wouldn't smell too bad but it has a strong bug spray smell, not at all like ""citrus""; in fact, I find it as nauseating as regular bug spray. V disappointed in this product & wish I could return it."
DE,B00GD752XO,"Greasy, and doesn't keep the bugs gone",Reviewed in the United States on 9 September 2021,1,"This product smells really strong which is a turn off when I'm using it around pet food bowls, they don't like the smell and they don't want to eat. Plus it's greasy and even spraying and wiping away it leaves an oily film. But the reason I really don't like this stuff is it doesn't keep the ants away. It will kill them on contact but a lot of things will kill them on contact. If you want to keep them gone for more than a few hours, use something else. I threw this out."
DE,B00GD752XO,The product arrived in a box with another product I ...,Reviewed in the United States on 29 September 2017,1,"The product arrived in a box with another product I purchased from Amazon. The spray bottle was in a zip-locked bag that was NOT fully zipped. A cap was on the bottle, but the cap was LOOSENED. Liquid insecticide was EVERYWHERE. It filled half the zip-lock bag, and the rest of it was all over the other product I purchased from Amazon. When I opened the box, not knowing what awaited me on the inside, some of the insecticide splashed onto me. After washing off incessantly, my body still smells of the insecticide. DO.NOT.PURCHASE.THIS.PRODUCT.FROM.AMAZON. You will be sorry."
DE,B00GD752XO,これでなくてもいい。,Reviewed in Japan on 18 October 2022,1,これはこれとして良いのかもしれないけど、安全を謳っているけれど　結局食器や食品などにかかると安全ではない。キッチンで使いたくて買ったけど、安全性に疑問があるのでやめました。アリに効果あったかといえば、普通です。アリメツの方が効果が絶大でアリにお金を使ってしまった事に後悔です。もっと小さいサイズで試したかったです。
DE,B00GD752XO,Killed my plants,Reviewed in the United States on 21 August 2020,1,"I got this for gnats on my indoor plants (never buying Miracle Gro again either...).  The scent is strong but not unpleasant.  I used 2xs and was really happy that the gnats were gone.  A couple days later I saw my plants were dying.  A sage, lavender, basil, jade (I've had for a decade), aloe, Swedish ivy, sweet potato vine, jasmine, gardenia, pencil cactus, carnivorous plant, and bay tree are all either dead or in the process of dying.  So yeah, as I spent the last day trying to rescue cuttings, I can't recommend this product."
DE,B00GD752XO,Horrible Smell,Reviewed in the United States on 8 June 2021,1,"This smells SO BAD!!! I don't know how it can be non-toxic with this smell. I can't speak to efficacy because I'm currently just trying not to vomit. I got a tiny bit on my hand and I can't get the smell off after washing my hands at least 15 times with 4 different soaps, 90% Rubbing alcohol, and hydrogen peroxide wipes. I'm also super dizzy and have all the windows open in my house. If you are sensitive to smells, do not get this! Or at least only use it outside!!!"
DE,B00GD752XO,They're Back!!,Reviewed in the United States on 9 September 2018,1,"Yeah ok the spray kills the little buggers if you get on them directly but they keep coming back or hide till the smell wears off, then they come back. They only die if spray on them directly. I have ants, not in abundance but a problem. I sprayed this stuff everywhere,  they stay away a few hour then come back! This stuff smells horrible,  but since it's not toxic is why I wanted to use it. I keep a really clean house so not sure why this stuff isn't keeping them away. Disappointed."
DE,B00GD752XO,Dose not work,Reviewed in the United States on 11 January 2026,1,This does not work
DE,B00GD752XO,Doesn’t immediately kill ants nor prevents more from coming,Reviewed in the United States on 7 August 2022,1,"I have an ant infestation and have used this spray due to having pets and children.  It claims to immediately kill ants and disrupt their trail.  It does not.  I have sprayed them directly and where they are coming from but a few minutes later, they returned with enforcements.The smell is horrible as well.  Like a greasy weird smell.  Save your money and get something better."
DE,B00GD752XO,What a waste of money,Reviewed in the United States on 10 September 2024,1,This stuff simply doesn't work. I sprayed it directly on ants and nothing happened.  They went on their merry way. I purposely waited and watched as long as I could to see if there was perhaps a delayed reaction. Nothing.  Back to good old Raid!
DE,B00GD752XO,I dislike this spray,Reviewed in the United States on 3 November 2023,1,I sprayed this in my bed room on the side of my bed an I can’t breathe I sprayed it at 4:20pm it is now. 11:37pm me an my baby plus my dog are not sleep in the room now. because of how strong of a smell this has I also have asthma it’s hurting my throat.
DE,B00GD752XO,Does not kill on contact,Reviewed in the United States on 12 June 2022,1,"I had purchased this to help with the ants in my kitchen/ dining room. Im somewhat “afraid” of ants, and i don’t like to kill them with myself. So i wanted to buy a safe spray (that wont effect my dogs) that will kill them for me. I wanted to spray them & see them die. But unfortunately no matter how much I sprayed it didnt affect the ants!!"
DE,B00GD752XO,Do not use around pets. Not safe,Reviewed in the United States on 14 March 2018,1,"I just had an expensive vet bill as this spray was toxic around one of my cats. It also didn't kill the ants as promised. This one cat infected is the kitchen  cat, and while he wasn't sprayed with the product, he was in the room when it was sprayed, and he got extremely ill.  Do not use this product around your animals.  My vet pulled up the material data safety sheet online, as the ingredients were not on the label that we could find."
DE,B00GD752XO,The absolute truth about products that you sell.,Reviewed in the United States on 2 June 2025,1,This product does not work at all. It was a waste of my money. I don’t like the fact that I have to give you any stars at all.
DE,B00GD752XO,How Do You Use It,Reviewed in the United States on 29 May 2022,1,I live in an apartment with two dogs and we have ants. I bought this product because it said it was kids and pet safe. I thought I would try it. I have bought two bottles now and they both have had pump action tops that don't work. You get two or three squirts and then the trigger does not work anymore. Is there some trick to using it?
DE,B00GD752XO,I don't recommend,Reviewed in the United States on 4 October 2025,1,"Not a good product.Kills ants sure, but they come back.Gotta find smth else to keep them away"
DE,B00GD752XO,(C)Ant Express How Disappointed I Am,Reviewed in the United States on 31 May 2022,1,"Had very high expectations for this product, based on the positive reviews, however, it has proven to be nearly worthless.It kills maybe 1/3 of the ants I spray and none of the ants that walk through the still-wet areas after I spray.I'm incredibly disappointed in the product and the waste of money, will never purchase again, and would never recommend to anyone else."
DE,B00GD752XO,No Customer Support,Reviewed in the United States on 14 June 2022,1,"The product itself works.  However after two uses the spray trigger stopped working.  I feel horrible writing a negative review as I know sometimes products fail.  However, I reached out to the seller asking if they can simply send me a new trigger trigger and I never heard back from them.  If customer support is weak that does not work for me."
DE,B00GD752XO,Terrible product,Reviewed in the United States on 31 July 2025,1,This did not work like the ants did not die on contact and it didn’t keep them away like seriously is this just water???
DE,B00GD752XO,Does not really work,Reviewed in the United States on 18 September 2021,1,"Does not really work.  The first day I applied by spray as described in the instructions. No effect on ant colonies whatsoever. A week later I poured the liquid on colonies, which seemed to reduce the colony size a bit. I bought a second bottle and have reapplied three times now by pouring it on the colonies. Partly effective although some have come back. I suggest that you use something else."
DE,B00GD752XO,"Kills ants immediately, but ants are back the next day in north coastal San Diego",Reviewed in the United States on 1 October 2018,1,"All professional exterminators have “child and pet safe” treatments they can apply to your home.  If you hire one, ask first “how long do we have to leave the house?” instead of “is it safe for pets...”And that is why we bought this product, plus not wanting to turn some creepy guy loose in our house.We really wanted this to work.  We will not purchase again because ammonia-based window cleaners work the same, but cost far less."
DE,B00GD752XO,Didn't work for me,Reviewed in the United States on 14 May 2023,1,"I got this product to use inside and outside because I had a young puppy that was putting everything in its mouth. Honestly, it didn't seem to do anything but stun the ants for a short period of time. But I ended up eventually having to get some other ant killer to get rid of them"
DE,B00GD752XO,Great if you want to make your ants smell citrusy.,Reviewed in the United States on 6 May 2015,1,I sprayed my entire kitchen with this and it did not deter a single bug. I saw just as much activity post spray as before. It says on the bottle that it is an immediate killer. I sprayed about 50 sprays directly on an ant and it didn't harm it one bit. It kept on happily traversing the floor and I watched it for a while to see if there was a delayed reaction. Nope. I love the fact that it's non-toxic but it's also non-effective.
DE,B00GD752XO,The bottle does not pump!,Reviewed in the United States on 24 February 2022,1,Had a problem with ghost ants. Went searching for solution and found this product. Very hopeful but..... one squeeze produced one spray and have not been able to get the pump to work again. On top of that after I brought another pump bottle and sprayed the ants they took to swimming in the spray puddle like they had a new pool. DOES NOT WORK
DE,B00GD752XO,Did not work,Reviewed in the United States on 5 October 2025,1,"Did not kill any of them ants, only made them go to a different area."
DE,B00GD752XO,Bought for flying ants - Don't do what we did!!!,Reviewed in the United States on 14 March 2022,1,"Have not tried this on plain-ole-ants.  But did try on flying ants, and it did absolutely nothing.  I believe they actually like it for cooling off.  I will update the review, once late spring hits on the effect on regular ants.It might as well be water, the ants just march on through it, this stuff is worthless."
DE,B00GD752XO,Ants are hard to kill,Reviewed in the United States on 5 September 2025,1,It killed ants in my pantry but they were back in droves in a few minutes
DE,B00GD752XO,doesn't work,Reviewed in the United States on 28 February 2024,1,"i sprayed this on ants outdoors.  When I sprayed it directly on them, it killed them.They came back the next day.The ant piles were not phased by this at all.  I tried this on many different places with the same results."
DE,B00GD752XO,Non serve a niente,Reviewed in Italy on 5 May 2024,1,Le formiche vengono a schiere a farsi un bagno e vanno via serene
DE,B00GD752XO,Did not work,Reviewed in the United States on 2 May 2025,1,This stuff did not work for me at all.  I had to purchase some raid ant spray to solve my ant problem
DE,B00GD752XO,Terrible Odor....,Reviewed in the United States on 22 July 2017,1,"I do not like writing negative reviews but....this one is a warning.  I am unable to use this Ant Killer because of the horrible smell.  When I read that it was a citrus smell I thought it would work for me--not so, does not smell one bit like citrus!  Really can't stand the odor and it hangs on for quite a while.  I will use this outside but no more in the house!"
DE,B00GD752XO,Does not work to get rid of ants.,Reviewed in the United States on 13 July 2023,1,Does not work to get rid of ants. I have used half the bottle and still have ants on my porch.  I have not seen a decrease in ants at all.  Very disappointed in the product. Wasted my money. Will not be purchasing again.
DE,B00GD752XO,Does not work,Reviewed in the United States on 1 June 2025,1,I use a whole bottle on several ant lines that lead to their holes and yea they ain’t dying.
DE,B00GD752XO,No Help,Reviewed in the United States on 8 August 2025,1,Did not help at all had to have regular pest control service come out.
DE,B00GD752XO,Not effective,Reviewed in the United States on 29 September 2025,1,Not very effective. Outside ants came back shortly after spraying.
DE,B00GD752XO,Very strong and lingering smell,Reviewed in the United States on 12 June 2022,1,"The smell of this product is very strong and lingering for hours . Only sprayed it twice and had to leave the room because of the smell . Has a very strong chemical smell . If you have kids or people with asthma in the house like I do , I wouldn't recommend using it."
DE,B00GD752XO,Did not work.,Reviewed in the United States on 3 August 2024,1,I live in the high dessert. We have slot of red ants. Hard to get rid without using poison. I really was hopeful in this product but it didn't faze them.  Alot of money for nothing.
DE,B00GD752XO,Save your money,Reviewed in the United States on 30 May 2025,1,Did not kill ants on contact or at all. Smell is strong and terrible. Absolute waste of money.
DE,B00GD752XO,Didn’t work for the job purchased.,Reviewed in the United States on 10 May 2025,1,I bought this to keep ants out of an outdoor pet food bowl and it didn’t do the job.
DE,B00GD752XO,EcoVenger Ant Killer Bad product,Reviewed in the United States on 20 September 2025,1,did not work. Kills Fast in Minutes NOT!!!! (false information)
DE,B00GD752XO,"Kills on contact, but not a repellent, pet safe",Reviewed in the United States on 12 July 2024,1,"These incessant ants kept crowding my cat’s feeding station, kitchen, and bathroom. It’s been a month and they’ve somehow multiplied. Kills on contact 90% of the time, but somehow attracted more? Would not recommend as a repellent."
DE,B00GD752XO,Nor killing the ants,Reviewed in the United States on 2 July 2023,1,I was very hopeful that this product will work. I do not like to use products with lots of funny chemicals. I used this multiple times in the same area but the ants are still there. I guess maybe they did set-up permanent residency.
DE,B00GD752XO,Don't waste your money,Reviewed in the United States on 24 July 2024,1,I bought this product because it says pet safe. That's the only thing that's good about this product.  It does not kill ants like it says and they give you a month to return. 😡
DE,B00GD752XO,Broke after 2 sprays,Reviewed in the United States on 6 April 2022,1,"I had bought one for my father and one for myself, the sprayer broke after 2 sprays and my father got his the same day broke after one. I would like to rate this product but I don't know if it works unless I take the sprayer off and pour it on the ants."
DE,B00GD752XO,The product is mildly effective at killing ants,Reviewed in the United States on 22 June 2025,1,"Yeah, they're dying, but it  didn’t seem to repel ants in the future"
DE,B00GD752XO,Ant killer or just an ant deodorant spray?!!,Reviewed in the United States on 4 May 2025,1,"Stayed ants directly multiple times, other than getting them wet has no effect! Product does not work"
DE,B00GD752XO,Inotilizzabile,Reviewed in Italy on 3 May 2024,1,Purtroppo il prodotto è arrivato con l’erogatore rotto
DE,B00GD752XO,Waste of money,Reviewed in the United States on 5 March 2018,1,"First of all, this smells like poison. The scent is Citronella NOT citrus, big difference. Second, and most importantly, this doesn’t work at all!!Bought this to spray in my kitchen and wanted a non toxic solution for ants. The smell was so awful I had to open all the windows, and ants just crawled right threw it. Didn’t seem to bother them at all. Total waste of money."
DE,B00GD752XO,Not recommended,Reviewed in the United States on 22 April 2018,1,"Let's start off the smell is overwhelming. Citris x 10,000. Made me sick. Does not kill black ants. Spiders died and then they just moved to a different place in my house. Ants were perfectly fine. I sprayed this stuff right on them. Did they die??? Nope, infact seemed like they multiplied. This stuff was ridiculously expensive to do NOTHING. And it the smell.....not worth it. Dont waste your money."
DE,B00GD752XO,No funciona para erradicar las hormigas 👎🏻,Reviewed in the United States on 18 September 2024,1,Lo estoy usando desde que lo recibí y tengo muchas hormigas dentro de mi casa. Paso los días limpiando.  Ya tengo el spry regular y ese está trabajando mejor.
DE,B00GD752XO,Doesn’t work well,Reviewed in the United States on 24 October 2022,1,"I wanted a less toxic way to get rid of my numerous ants that continually crawl into my kitchen.Even sprayed directly on the ants, they slowed down but only for a short time and soon more ants were just walking through like it was water."
DE,B00GD752XO,Unbearable smell.,Reviewed in the United States on 28 August 2021,1,Used the Ant killer this morning in our kitchen. This product has a horrible smell that has lingered all day.  This is supposed to be a pet safe item.  I don't think it is even safe for humans. Can't attest if it will take care of our ant problem. Will not use again.
DE,B00GD752XO,Not for ants,Reviewed in the United States on 9 August 2024,1,It's a nice lemon air freshener but it doesn't kill ants. Sprayed directly a group of ants and maybe one or two died and probably because they downed in it
DE,B00GD752XO,Didn't kill bugs,Reviewed in the United States on 27 May 2024,1,"Product claims it kills for a month. It killed the bugs immediately, but definitely didn't work for a month.  More ants came right back to same location within a few days."
DE,B00GD752XO,I don't like anything,Reviewed in the United States on 4 February 2025,1,Infestation not contrlloed little black ants crawling on my dog still
DE,B00GD752XO,Don’t waste your money!,Reviewed in the United States on 2 April 2022,1,The only way this eliminates ants is when you first spray them and they are stuck in the oily toxin.  Leaves carpet with greasy stain and flooring oily and slippery.  Just use window cleaner as this also stops them so you can wipe them up.
DE,B00GD752XO,Sehr gut,Reviewed in Germany on 14 March 2026,5,Hält was es verspricht
DE,B00GD752XO,Mittel gegen Ameisen,Reviewed in Germany on 29 June 2021,5,Ich habe mir dieses Mittel gekauft weil wir Ameisen in der Wohnung hattenTop- schnelle Lieferzeit- leichte HandhabungWirksamkeit- einmal sprühen und Ameisen sind direkt tot- schnelle WirksamkeitGeruch- etwas streng aber lüften hilftFazitKlare Kaufempfehlung
DE,B00GD752XO,Seitdem keine Ameisen mehr,Reviewed in Germany on 7 April 2022,4,Das wichtigste ist das es hilft.Super
DE,B00GD752XO,Wirkungsvoll,Reviewed in Germany on 25 June 2022,5,"Hervorragende Wirkung, die Ameisen waren im Dachfensterrahmen, es bestand keine Möglichkeit Köderdosen aufzustellen. An zwei Tagen das Produkt auf den Rahmen gesprüht - alle Ameisen sind verschwunden! Top!"
DE,B00GD752XO,Zum Ameisen bekämpfen ungeeignet,Reviewed in Germany on 11 June 2026,2,"Schnelle Lieferung,bei Ameisen kein Erfolg"
DE,B00GD752XO,Hilft sofort ABER,Reviewed in Germany on 10 April 2022,2,"Wennan die Ameisen damit anspruht sind sie wirklich sofort tot, allerdings laufen die anderen Ameisen einfach über das Mittel und kommen auch immer wieder.In der Beschreibung steht was anderes leider ist dieses Produkt richtig schlecht"
DE,B00GD752XO,使う時はビニール手袋,Reviewed in Japan on 24 November 2021,3,噴射ポンプの性能が悪く、液だれします。手につくと匂いも強いので、ビニール手袋は必須です。持続性は数日かなー。
DE,B00GD752XO,Buon prodotto ma difficile da usare,Reviewed in Italy on 3 July 2022,3,Senza dubbio fa il suo dovere nell'eliminare le formiche (e gli scarafaggi secondo le specifiche) ed ha un odore gradevole ma il beccuccio fa ruotare e la maniglia da schiacciare sono poco pratici.Consiglio di non schiacciare fino in fondo ma di fare piccole e rapide pressioni.
DE,B00GD752XO,P-U!  Not as advertised!,Reviewed in the United States on 23 June 2026,3,"This needs to to reapplied at LEAST weekly so it's not particularly effective BUT the main reason for only 3 stars is the SMELL!  The ""pleasant"" ""citrus"" aroma that was advertised has nothing to do with either quoted word! The odor of this is a strong, heavy metalic stench that hangs in the air for hours...even with wide open windows and doors!  Since it's kid/pet friendly I bought it and I'll use this bottle ( when we can leave the house!!!) until it's gone but never again! I repeat...P-U!"
DE,B00GD752XO,Bueno,Reviewed in Spain on 15 July 2021,3,"El producto funciona bien, solo que en mi caso he tenido que poner mucho pulverizante.El olor es muy bueno"
DE,B00GD752XO,Sprayer does NOT work,Reviewed in the United States on 2 July 2026,3,"3 Stars for this one. I bought it because of the great reviews. The sprayer is awful... I've tried the ""spray"" or ""stream"" mode and it just dibbles out. Very frustrating. Kinda hard to see if the product works, if you can't use it."
DE,B00GD752XO,Not that great,Reviewed in the United States on 4 June 2026,3,"It doesn’t kill on impact and it leaves a greasy residue, but it does kill if sprayed enough."
DE,B00GD752XO,Pubblicità ingannevole,Reviewed in Italy on 12 February 2026,3,Consegnato senza lo spruzzino come descritto sulla foto..
DE,B00GD752XO,WASTE OF MONEY,Reviewed in the United States on 16 August 2024,3,"I HAVE A STRAY CAT THAT I'VE ""ADOPTED"" AND USUALLY FEED DAILY. OUTSIDE, I HAVE A GARDEN HOSE BOX THAT I USE FOR ALL DELIVERY SERVICES TO PUT SMALL PACKAGED INTO.  I USUALLY PUT THE SMALL DISH OF CAT FOOD ON TOP OF THIS GARDEN BOX TO KEEP THE CAT FOOD OFF THE GROUND. WHILE I DON'T STAND OUTSIDE WHILE THE CAT EATS, I GO INSIDE FOR A FEW MINUTES THEN CHECK BACK TO SEE IF HE'S FINISHED AND THEN I'LL PICK UP THE REMAINING FOOD. INEVITABLY, A STREAM OF ANTS WILL SHOW UP AND GET INTO THE FOOD. A HA! I THOUGHT, I JUST BOUGHT THIS PET SAFE ANT AND ROACH SPRAY I CAN TRY TO KEEP THE ANTS AWAY.  I SPRAYED ALONG THE BASE OF THE CONTAINER, ALL AROUND SIDES AND ON THE GROUND  AROUND THE CONTAINER AND WOILA!  A STREAM OF ANTS STILL APPEARED.  THIS PRODUCT HAS AN NON CHEMICAL PLEASANT SMELL AND DOESN'T DETER THE CAT FROM EATING AFTER SPRAYING THIS PRODUCT, BUT IT DEFINATELY DOESN'T KEEP THE ANTS AWAY."
DE,B00GD752XO,So so,Reviewed in the United States on 4 February 2026,3,So so
DE,B00GD752XO,Error on the side of caution.,Reviewed in the United States on 11 June 2025,3,"I don’t see many ants anymore, but it says there is a chance of leaf burn. The leaf burn is significant. With some drops getting on a tomato burning that as well."
DE,B00GD752XO,NOT SAFE FOR PLANTS,Reviewed in the United States on 1 December 2024,3,"While this is effective at killing ants, and advertised as pet safe- it is NOT plant safe. I had an ant problem from a new plant I brought home, that quickly spread. I lightly sprayed this product around the plants that were effected by the ants and it has caused damage to my perfectly healthy plants."
DE,B00GD752XO,marginally good,Reviewed in the United States on 27 May 2025,3,"kills on contact, but residual effect only seems to work indoors.  outdoors, ants seem to ignore it and overrun any sprayed area."
DE,B00GD752XO,Hasn't Worked Successfully So Far,Reviewed in the United States on 9 December 2022,3,"As they say, the jury is still out on this one. I recently got those tiny Pismire ants in my kitchen and if I put a spoon down they're on it in a flash! I looked up the ants and they say unless you can locate the nest the only thing you can do is use bleach, vinegar, or this spray to block their scent so they can't fo!low each other. Well, I'm in a wheelchair and can't go on an ant nest hunt, so I'm trying this citrus spray. Unfortunately I haven't seen any positive results. They're still appearing, but in different places.What I do like about this is that it's safe to spray on your cabinet tops, etc., no poisons. I'll keep trying..."
DE,B00GD752XO,Fatal flaw with sprayer,Reviewed in the United States on 29 April 2022,3,"I want to start by saying that the product itself works amazingly well but if I had not had another spray bottle lying around this would have gotten 1 star. I followed the instructions and on the first squeeze the sprayer jammed rendering it useless. Luckily I had a cheap dollar store spray bottle that wasn't being used so I poured the solution into it and went on about my day. The scent can be a little strong, I went in expecting citrus and it's more citronella, not too over powering but you may want to have some windows opened. I sprayed it once in the kitchen for ants and I have not seen a single ant since."
DE,B00GD752XO,A few things,Reviewed in the United States on 14 March 2022,3,"Ok for starters, ants took over my shower and I couldn't figure it out. I bought this because it was suppose to be safe and smell nice etc. It smells just like raid like weak raid....my spouse would not stop complaining about the smell. After about 10 sprays the pump stopped working so I had to take the spray pump from another random bottle...seriously 10 (can chunk ca chunks) and it broke lol. As for bug control ....I haven't seen any ants yet but also I figured out where they were getting in an caulked it (That is the real solution) I will spray this in other places and update my review if it kills other bugs :)"
DE,B00GD752XO,avoid if you're fragrance sensitive,Reviewed in the United States on 9 September 2022,3,"This product might work very well - not sure, I only tried it briefly and it did quickly kill ants on contact. Unfortunately, I was using it in my kitchen and the ""citrus scent"" is so heavily masked by a pungent cedar scent that it smelled more like a cologne. I am still trying to get the smell out of my nasal passages and will have to wash down all the surfaces where I sprayed it, in hopes of getting rid of the smell. You might like the smell; I find it intolerable. I'm sure the product works very well. The ""Citrus Scent,"" however, is very misleading."
DE,B00GD752XO,Most importantly it is safe to use in the kitchen.,Reviewed in the United States on 21 September 2022,3,"Like the fact it is safe to use in the kitchen, however, does not get rid of ants permanently.  Have found that after using it for 2 weeks, they still came back after 4 days.  Am now spraying every other night just to keep them in control.  Also, the first can I used had a defective sprayer.  It leaks and gets all over my hand and stops up after a couple of sprays.  Have a new can and hope that it functions better, if it doesn't I will be finding a new product."
DE,B00GD752XO,Not for Serious Ant Problem,Reviewed in the United States on 9 July 2022,3,"I think this product is more for if you spot a few ants here and there. Like I saw an ant crawling on my wall and I sprayed it, and it stopped the ant in its tracks. It died right there on the wall, poor thing. But I have ants that keep making mounds of sand on my paver patio, and I sprayed those holes with it. But I still have the ants. I think I might have to use a serious ant killer on my patio, which I have been reluctant to do because of my dog."
DE,B00GD752XO,トリガー部分が破損,Reviewed in Japan on 7 July 2022,3,とにかくトリガー部分がポトリと落ちるような状態で届いたので別の容器に移し替えて使いました梱包が悪すぎてびっくり。香りはシトラス系でしたが薬剤をスプレーしたところはテラテラした感じで隠れた場所に使うのが理想だと思う。薬としては強そうな感じがします。使い始めました。直接アリに散布すればすぐに結果が出ましたが待ち伏せのように散布しておいてもアリは元気でした。どれだけの分量を散布すれば待ち伏せが機能するか不明です。
DE,B00GD752XO,臭いがキツイ。,Reviewed in Japan on 19 August 2022,3,思ったより、スプレーの吹付け量が多かったです。室内でしようしましたが、臭いが結構キツくて。蟻もだろうけど、私も逃げました。数日は臭いが取れませんでした。でも効果はあったみたいです。今の所は部屋に多量に登場していた蟻は、使用してから5〜6日経ちましたが今の所まだ1匹しか見ていません。臭いに関しては人それぞれで、木っぽい(樹液)、ゴム臭い、ワックス臭い、など人に寄って違いますが、臭いに敏感な人は室内では使用しないほうが良いかもです。
DE,B00GD752XO,spray bottle broke,Reviewed in the United States on 27 May 2024,3,"I think this is helping in my vegetable garden. I spray the sides and top of the wood boxes. Unfortunately, the sprayer stopped working with half the bottle used. I was able to find another bottle to transfer the liquid into."
DE,B00GD752XO,Trigger handle on spray bottle broke after using for the third time.,Reviewed in the United States on 24 May 2022,3,Unfortunately the spray trigger handle broke after using it the third time. Have to buy a replacement empty spray bottle.It does not smell like Citrus to me. It has an off scent.I bought it with the hope of using an Ant killer spray that hopefully is not harmful to my dog and us like the other pesticides that are sold.Not sure how effective the spray is since I have not used it much due to spray bottle malfunctioning.
DE,B00GD752XO,Would be better but the  spray bottle stop working,Reviewed in the United States on 30 March 2022,3,
DE,B00GD752XO,It seems to work!,Reviewed in the United States on 13 April 2022,3,"I saw a few ants crawling by my dogs food and decided to purchase after reading great reviews! The product itself seem to work, ants are killed instantly, but cannot comment if it will prevent ants from coming back since I haven’t used it for long.  The only downside so far is the faulty spray bottle since I’m unable to use it as intended so I had to purchase a spray bottle to use this product."
DE,B00GD752XO,Other reviews are accurate,Reviewed in the United States on 18 May 2022,3,We needed a non toxic product to use around our cat. Ants come for her food in the warm months. This spray does work but only if you keep reapplying it when ants reappear. The scent is unpleasant so we open windows and run big fans after spraying. The spray mechanism breaks after the first use. We washed out a empty glass cleaner bottle to continue to use the rest of the liquid. Will not repurchase.
DE,B00GD752XO,"Product was clearly shown as a spray bottle, but I got a refill bottle without spray nossle",Reviewed in the United States on 11 July 2024,3,Product seems fine but I had to put in an actual spray bottle.  Very disappointing that it came without a sprayer portion of the bottle.
DE,B00GD752XO,The smell ... ugh,Reviewed in the United States on 9 July 2021,3,"Apparently it is a matter of opinion, but I could not stand the smell of this product. I sprayed once into my sink to test it it was horrible. I scrubbed the sink but ended up having to pour Drano in to help eliminate the odor that still lingered the next day. I can't comment on its ability to kill ants because I would never be able to tolerate that smell in my home so threw it in the trash."
DE,B00GD752XO,Not sure if it works,Reviewed in the United States on 2 July 2024,3,Tried using this and it sprayed for a minute or two then the sprayer mechanism stopped working. Still had ants crawling around on my cooler so....
DE,B00GD752XO,Spray nozzle is no good!,Reviewed in the United States on 2 August 2023,3,"I have bought 2 bottles! I returned the 1st one because of the spay nozzle not working at all. Returns was easy, no problems there! I got my second bottle and the spray nozzle was  horrible again!  Leaks, non-functional at times etc!"
DE,B00GD752XO,"Works, but smells terrible",Reviewed in the United States on 26 August 2020,3,"The spray is effective no problem, it's just the smell is terrible. It smells like if you take an orange rind, leave it out in the sun until it get dry, brown, and moldy, burn it, and turn the smoke from that rind into a liquid and you got the smell. Plus the smell lingers for too long (over 6 hours). Ogherwise, the spray is fine. I recommend using this for outdoor only bug control."
DE,B00GD752XO,Good product except for bottle,Reviewed in Japan on 25 September 2020,3,"Works good on ants. Bad smell but fades quickly.Only issue is pump handle does not work well , have to turn the nozzle off and on several times to get pump sprayer to work properly."
DE,B00GD752XO,Mildly ineffective,Reviewed in the United States on 4 December 2022,3,"Not only am I still battling ants, but the the bottle itself is kinda broken. Evertime I squeeze the handle it just leaks all over my hand and floor. Sure it smells like a lemon farted, but I still have an ant problem and the constant need to wash my hands."
DE,B00GD752XO,Kills if you drench the ant,Reviewed in the United States on 14 May 2022,3,This does kill eventually. I feel better spraying something safe w my toddler but it def doesn’t kill fast. The spray only goes once and then doesn’t work again for 15 minutes. That’s annoying. I need a spray that works consistently and kills a little faster. I wouldn’t buy again. But the smell is good.
DE,B00GD752XO,So so product,Reviewed in the United States on 9 August 2021,3,"I like that it kills on contact, but it's claim that it kills the pheromone trail for 4 weeks is a bogus claim. I have wiped the kitchen walls and counters down and sprayed around the window with it but the ants still keep coming back in. Lived here over 2 years and never had this trouble with the ants before."
DE,B00GD752XO,It did not work very well!,Reviewed in the United States on 7 June 2022,3,I had hoped it would work because it was all natural and I wanted something safe around my dogs.  We had ants on the patio - my husband sprayed it and they still came back.  So unless you have to keep spraying - this did not fill my ants.
DE,B00GD752XO,Didn’t seem to do much.,Reviewed in the United States on 4 January 2023,3,Didn’t notice a significant difference. The weather changed though so hard to know. I bought because of ants in my car. The spray leaves and reside on glass that is hard to get off ( didn’t intend to get it on glass just happened)
DE,B00GD752XO,The smell won't just keep ants out......you'll want to stay out too.,Reviewed in the United States on 22 July 2017,3,"I've been looking to replace the ecosmart ant killer for a while which works great except it has a strong clove odor which is overwhelming.  Spotted the ecoraider and the selling point to me was the citrus formula, however be warned, this stuff smells really really bad. I had to check the ingredients because it smells just like raid. This has a very strong pesticide smell and not the pleasant citrus smell I was expecting. It works as advertised but the odor and price just isn't worth it enough to switch brands."
DE,B00GD752XO,Bottle broke within days,Reviewed in the United States on 27 July 2022,3,"This doesn't seem to do much. The ants returned and returned and returned, while also NOT dying instantly upon use. The bottle broke on the 2nd or 3rd day and now we just have a bunch of liquid we don't want. I would advise buying something else."
DE,B00GD752XO,Needs additional spraying,Reviewed in the United States on 29 August 2022,3,The scent of this product is very nice. I sprayed all the areas that I saw ants. It worked for a couple of days but then the ants were back. I resprayed and bought an additional product to work with the spray. Hopefully this will work.
DE,B00GD752XO,If it works,Reviewed in the United States on 28 October 2023,3,It smells awful and unless you spray directly on the sugar ants it doesn’t work. There’s no lasting result to get rid of them. Don’t buy it.
DE,B00GD752XO,The quality of the spray cap is bad,Reviewed in the United States on 17 July 2023,3,The spay cap is so difficult to press and spray to the area . I still gave 3 stars because at least the liquid inside is working fine - which can kill the ants .
DE,B00GD752XO,It doesn’t always kill the ants.,Reviewed in the United States on 12 June 2021,3,"I liked the idea that it was non-toxic to children and pets. I don’t mind the smell, however my wife and son think it smells terrible. It does seem to kill many of the ants. But it doesn’t kill them all. I have sprayed some ants, and they have laughed at me and walked away."
DE,B00GD752XO,Did not work for me,Reviewed in the United States on 15 December 2022,3,"I ordered this and I received it quickly. I tried it, but the ants would come right back.  Maybe I did not give it a  fair chance, but i need them gone. Went and bought something else."
DE,B00GD752XO,Work for fire ant? not sure,Reviewed in the United States on 3 June 2023,3,"I purchase for hibiscus flower and fire antsThe ant, still covering the flower,The mountain of fire ants still has no effectthinking about return loook for something different"
DE,B00GD752XO,Only used once,Reviewed in the United States on 30 August 2022,3,Only used once and ants stopped but I'm not 100% sure the spray was the reason why. It was easy to use but the spray is a bit messy/oily. Wiped it up off hardwood floors after 20mins.
DE,B00GD752XO,I like that this product doesn't smell and it's safe for ...,Reviewed in the United States on 25 February 2017,3,"I like that this product doesn't smell and it's safe for kids. I have tried other eco products that are safe but had a strong smell this one is the best in that category.  although, it doesn't really work as I was expected for the price I paid. It doesn't kill the ants right away by the time it works some would be working out of where it was sprayed."
DE,B00GD752XO,Pensavo funzionasse,Reviewed in Italy on 10 May 2022,3,Premetto che la leva dello spruzzatore si è rotta subito. Poi il prodotto non fa quello che dice
DE,B00GD752XO,"It works, but…",Reviewed in the United States on 10 April 2023,3,"The ants are gone, but not the smell. And the smell is totally overwhelming.Couldn’t buy it again for just that reason."
DE,B00GD752XO,Spray bottle,Reviewed in the United States on 13 October 2023,3,Spray bottle quit working. Had to transfer to a spray bottle I bought
DE,B00GD752XO,"strong smell lingers, begs hours of ventilation, or you could get a headache in a closed room",Reviewed in the United States on 12 May 2017,3,"strong smell lingers, requires hours of ventilation, otherwise you could get a headache if you sit or sleep in a closed room as i did last night.   maybe i didn't shake it enough.  have to spray every other day for trouble areas, but it works.  not sure how less toxic it really is, but hopefully it is for the price."
DE,B00GD752XO,Did not come with spray nozzle,Reviewed in the United States on 16 February 2023,3,Super fast delivery. Maybe the delivery was too fast because it did it did not come with the spray nozzle.
DE,B00GD752XO,Hard to use a spray bottle without the sprayer,Reviewed in the United States on 13 August 2022,3,Advertised as a spray bottle but did not come with the hose. It came with the spray top but no hose to engage the sprayer.
DE,B00GD752XO,Very Strong Scent,Reviewed in the United States on 27 January 2021,3,This was effective in killing the ants instantly but the scent is very overwhelming. If you use it in a small or confined space be prepared to ventilate or avoid that area for a couple of days.
DE,B00GD752XO,Sprayer quit working.,Reviewed in the United States on 25 May 2022,3,"Seems to help with the ants.  After spraying several time, I saw fewer ants, but then sprayer quit working."
DE,B00GD752XO,oily,Reviewed in the United States on 10 March 2023,3,much thicker than I like.Have to wipe it down with cloth after use.
DE,B00GD752XO,.....,Reviewed in the United States on 10 November 2021,3,No citrus scent about it. Smells like oil. Also it supposed to be kid safe.. The bottle says keep out of reach of children
DE,B00GD752XO,The product works however the smell is horrible and very strong,Reviewed in the United States on 24 April 2017,3,The product works however the smell is horrible and very strong. As an asthmatic that is not good for me. I thought like other natural products it wouldn't have that chemical smell. Couldn't even send it back as they would have charge me half the price of the product which is expensive.
DE,B00GD752XO,Non può essere spruzzato sulle piante,Reviewed in Italy on 12 October 2022,3,
DE,B00GD752XO,Not the best ant killer,Reviewed in the United States on 10 August 2022,3,Bought it because it was safe for pets. Smells ok but doesn't give lasting control over ants
DE,B00GD752XO,Strong unpleasant smell,Reviewed in the United States on 8 March 2023,3,Really strong unpleasant smell fuming longer than keeping ants from the place
DE,B00GD752XO,Doesn’t work well,Reviewed in the United States on 22 November 2022,3,"I like the fact that it’s safe, but it does not work well"
DE,B00GD752XO,The ants can be killed right away,Reviewed in the United States on 1 July 2022,3,It can’t kill the insects for a long time. I have to use it every day
DE,B00GD752XO,The sprayer broke,Reviewed in the United States on 12 May 2022,3,The sprayer broke when I was about to spray it it dint want to spray anymore ..
DE,B00GD752XO,"I sprayed around the bottom of my kitchen door, ...",Reviewed in the United States on 31 May 2016,3,"I sprayed around the bottom of my kitchen door, inside and out, and it worked for a few days.  But I have had ants on a few pieces of dog kibble that ended up outside of his bowl.  I'll spray again and see how it goes."
DE,B00GD752XO,Doesn’t kill ants on the spot,Reviewed in the United States on 11 April 2022,3,Doesn’t kill ants on the spot. Takes several minutes to kill the smallest of ants.
DE,B00GD752XO,Did not solve my ant problem,Reviewed in the United States on 4 August 2021,3,I tried the product several times and it did not solve my ant problem. And it had a strong odor.
DE,B00GD752XO,Ok product,Reviewed in the United States on 10 June 2021,3,It works okay but I just don't like the smell I certainly wouldn't call it citrus it smells like bug spray.
DE,B00GD752XO,Repelling ability is very good. I wouldn’t recommend using in the house as ...,Reviewed in the United States on 6 May 2018,3,"Repelling ability is very good. I wouldn’t recommend using in the house as it’s pretty strong smelling. The spray mechanism is terrible it leaks badly from around the trigger area. Definitely wear gloves, this is why I only gave it three stars."
DE,B00GD752XO,Sprayer head broke after only a few minutes of usage.,Reviewed in the United States on 14 June 2022,3,Sprayer head became non functional after only a few minutes of usage.
DE,B00GD752XO,Sprayer breaks easily,Reviewed in the United States on 11 June 2022,3,After using this product a few times the sprayer trigger broke.
DE,B00GD752XO,Works but…,Reviewed in the United States on 18 September 2022,3,Works but the ants keep coming back!
DE,B00GD752XO,"Not as effective as I wold have thought,",Reviewed in the United States on 26 December 2022,3,"Not effective, better products available"
DE,B00GD752XO,It has NO Citrus sent? and that's one of the reasons i bought it,Reviewed in the United States on 15 September 2022,3,It has NO Citrus Sent at all
DE,B00GD752XO,Waste of time,Reviewed in the United States on 23 April 2022,3,Ants will die If you hit them with it. Messy
DE,B00GD752XO,"Good product, works, spray nozzle broke after 4 sprays though",Reviewed in the United States on 11 April 2022,3,
DE,B00GD752XO,Strange Smell,Reviewed in the United States on 26 May 2022,3,took  couple of sprays to kill the 🐜
DE,B00GD752XO,Kills little ants pretty fast but didn't keep em away,Reviewed in the United States on 8 March 2022,3,Bottle is kinda small but it's non toxic
DE,B00GD752XO,Yes it worked but there were just too many ants ...,Reviewed in the United States on 12 April 2017,3,Yes it worked but there were just too many ants this year ....so it did work if you sprayed it directly on the ants but it did not take care of the problem...and....it smells awful!!!
DE,B00GD752XO,The scent is strong but not too bad. It must be reapplied regularly to keep ants ...,Reviewed in the United States on 10 June 2016,3,It seems to kill ants on contact but does not work to keep them out.  The scent is strong but not too bad.  It must be reapplied regularly to keep ants from returning.
DE,B00GD752XO,"Didn’t really work but bought it for ants, which still continue to come",Reviewed in the United States on 1 January 2022,3,Not a great repellent for ants
DE,B00GD752XO,Works but odor is terrible,Reviewed in the United States on 21 October 2020,3,Worked great on getting rid of ants but smell was terrible and lingered for few days
DE,B00GD752XO,I used it indoor,Reviewed in the United States on 26 July 2018,3,It does kill ants immediately but they come back in about a week. The scent gets stronger so I recommend you to air it out if you spray indoor
DE,B00GD752XO,cant control it like others. also this one smells much harsher than ...,Reviewed in the United States on 3 April 2018,3,"dsprayer is too wide, cant control it like others. also this one smells much harsher than the old Raid eco-friendly which i guess they dont make anymore."
DE,B00GD752XO,strong fumes,Reviewed in the United States on 19 November 2020,3,"sure it kills ants, but the fumes can give you a headache"
DE,B00GD752XO,Abbastanza inefficace,Reviewed in Italy on 8 September 2021,3,Abbastanza inefficace
DE,B00GD752XO,"Works, but strong scent",Reviewed in the United States on 9 August 2017,3,"Works as advertised, although has a very chemical-like smell---very strong smelling. Also, while it killed the ants that were present, it did not prevent more from returning."
DE,B00GD752XO,Beware sprayer doesnt work well!,Reviewed in the United States on 19 April 2018,3,Product seems to work but sprayer on bottle does not.  Had to purchase another container which is why I have it a low rating.
DE,B00GD752XO,"works good, but the spray bottle was non-functional and would ...",Reviewed in the United States on 13 June 2018,3,"works good, but the spray bottle was non-functional and would stick.  So transplanted the liquid to a functional spray bottle."
DE,B00GD752XO,Smells horrible,Reviewed in the United States on 4 August 2021,3,Smells horrible
DE,B00GD752XO,An eating because fraudsters at this time don't know have ...,Reviewed in the United States on 18 February 2018,3,An eating because fraudsters  at this time don't know have only used a week hence these dtads
DE,B00GD752XO,Ants keep coming back,Reviewed in the United States on 20 June 2018,3,"Kills ants on contact, but does nothing to keep them away. Also had really strange smell."
DE,B00GD752XO,Killed on contact. Questionable prevention.,Reviewed in the United States on 20 May 2018,3,Killed the ants. Didn’t smell horrible. Didn’t seem to prevent new ones though.
DE,B00GD752XO,Three Stars,Reviewed in the United States on 19 September 2016,3,Do not put on or near plants. It will kill them.
DE,B00GD752XO,Three Stars,Reviewed in the United States on 22 June 2017,3,Smells horrible and honestly does not seem to be working.
DE,B00GD752XO,Three Stars,Reviewed in the United States on 1 November 2017,3,Worked well at first and didn't work at all.
DE,B00GD752XO,Three Stars,Reviewed in the United States on 14 July 2015,3,WORKS OK
DE,B08F7JHXJX,Katzen vs. Silberfische 4:1,Reviewed in Germany on 13 December 2021,1,"Wir wohnen auf 90qm, in einer 4 Zimmerwohnung - wir - das sind 2 Erwachsene + 4 Katzen und neuerdings wird unsere Wohnkommune erweitert, durch sog. Silberfische.Ganz ehrlich - Silberfische sind ja nun nicht ganz so eklig wie Kakerlaken und auch nicht ganz so gefährlich, wie eine schwarze Witwe aber die kleinen Biester nerven halt.Man geht morgens durch den Westflügel, ins Badezimmer, macht schlaftrunken die 5 Watt Energiesparlampe an und im Schein dieses kalten Lichtes, bewegt sich plötzlich der Badezimmerboden…nicht, weil man noch Restalkohol vor vorabendlichen Altstadtbesuch im Blut hat…nein….sondern, weil die Silberfischkommune gerade ihr Coachella 2021 bei uns im Badezimmer feiert und die Badezimmerbeleuchtung eine Art Katalysator für den Fluchttrieb der Partygesellschaft ist…Gleiches gilt für die Küche - man betritt seine Küche, öffnet den Kühlschrank und sieht aus dem Augenwinkel, wie ein Rudel Silberfische die Stellung wechselt - von unter dem Kühlschrank, zieht der Treck in Richtung unter den Küchenschrank…Nun könnte man ja denken, das unsere restlichen Hausbewohner, unsere Miezen, den Silberfischen den gar aus machen…aber…nöp…Wer keine Katzen hat…Katzen jagen eigentlich alles, was sich schneller bewegt, wie ein Regenwurm aber dies trifft ganz ganz ganz sicher nicht auf unsere Katzen zu !Unsere Mietzen sind so etwas von domestiziert - da wird nichts mehr gejagt, da wird auf die Uhr geschaut und um Punkt 19.00 Uhr gemauzt, weil es dann Zeit für das Abendessen ist…und Silberfische gehören scheinbar nicht zu den Nahrungsmitteln unserer Miezen…Tatatataaaaa….wer kann helfen ? Natürlich - Herr Bezos…Fluchs den PC hochgefahren ( Ja, wir sind halt Oldstyle ), Browser gestartet und Tante Google gefragt, was es für Mittel gegen die kleinen, unliebsamen, Mehrfüssler gibt.Keine 2 Sekunden später, kommt besagter Herr Bezos ins Rennen und man landet bei diesem Produkt.Nun muss man sagen, das wir schon einmal das Thema mit den kleinen Silberlingen hatten und damals haben wir uns dazu entscheiden, so blaue Dosen zu kaufen ( Gibts auch bei Amazon ). Diese muss man erst mit brachialer Gewalt und einem Schraubenzieher öffnen, um die Dosen dann unter Sofas, Betten usw. zu kicken. Nachteil bei den Dosen - abgesehen davon, das man sich beim öffnen der Dosen, den besagten Schraubenzieher ( JaJa - Schraubendreher ) mind. 2 x  in die Hand rammt - der Inhalt ist giftig.Wir wissen das und nehmen deswegen Abstand davon, auf den Dosen rumzulutschen oder diese abzulecken…unsere Miezen dagegen…naja…die sind da halt anders gestrickt…DAS war der Grund, warum wir uns für die Klebestreifen entschieden haben - sie ( sollen ) ungiftig sein und was auch nicht zu verachten ist - der Preis und die dafür gebotene Stückzahl.Die Kleberlinge kommen als vorperforierte Bögen an und die Erste Amtshandlung besteht darin, seine Origami Fachkenntnisse abzurufen und aus den Bögen lustige kleine Häuschen zu falten. Dies ist schon einmal Beschäftigungstherapie für locker 20 Minuten. Nach dem man dann die Bögen getrennt, gefaltet und zusammengeklebt hat, muss man sich In die Psyche eines Silberfisches versetzen - man muss sozusagen den Ho Chi Minh Pfad der Silberfische ausmachen.Nach dem man diesen dann in den Grundriss seiner Wohnung eingezeichnet hat, gehts ans Platzieren der Pappfallen - Badezimmer, Wohnzimmer, Schlafzimmer…die kleinen Papphäuschen sehen von oben aus, wie kleine, weisse Zelte und manche unsere Zimmer sehen nun aus, wie kleinen Campingplätze für Familie Silberfisch…Nach den man dann alle Fallen aufgestellt hat, heisst es - abwarten !In der ersten Woche wurde die übermäßige Neugierde unsere Miezen bestraft - wirklich JEDE Mieze hat es geschafft, wenigstens eine der Klebefallen, in Ihren Pelz kleben zu haben - Hinterpfote, Vorderpfote, Kopf !!! und auch IM Stetz…Spitzenreiter unserer pelzigen Silberfische war unser sibirischer Waldkater - der sah z.T. so aus, wie ein Werbeträger für diese Klebefallen - 3 Klebefallen an einer Katze…Rekord !Wir mussten deswegen noch einmal ein schnelles Teammeeting einberufen und unser lokalisierter Ho Chi Minh Pfad stand zur Disposition aber …die uns bekannten Feinbewegungen, auf den uns bekannten Routen, liessen keine Umpositionierung der Klebefallen zu…davon abgesehen, wurden in den ersten Tagen, eine Vielzahl der Klebefallen nach dem Gusto unserer Miezen umgeordnet - manche Klebefallen wurden nur mit der Pfote angestupst, bei anderen klebten die Fallen am Pelz der Miezen und fielen dann irgendwo in der Wohnung wieder ab…Nach nun knapp 14 Tagen kann man sagen - wir haben definitiv mehr Miezen wie Silberfische mit den Fallen gefangen !Im Badezimmer wurden wir sogar von einem der Silberfische verhöhnt - meine Frau machte da morgens das Licht an und ein Silberfisch in Waschbärklasse ( O-Ton Ehefrau ) , beschleunigte auf max. Warpgeschwindigkeit, rannte direkt auf die Klebefalle zu, um dann im letzten Augenblick, dieser gekonnt auszuweichen und in einer naheliegenden Badezimmerfuge zu verschwinden…Falls nun jemand wissen möchte, wie groß unsere Badezimmerfugen sind, das da ein Waschbär durchschlüpfen kann…fragt meine Frau…Wie auch immer - aktuell erfreuen sich alles Lebewesen in unserer Wohnung, bester Gesundheit. Es kann natürlich sein, das die Silberfische sich erst einmal an die kleinen, klebrigen, Pappzelte gewöhnen müssen und wenn dies dann passiert ist, das große Kleben bei den Silberfischen losgeht…aber aktuell…sind die wohl noch in der Gewöhnunsphase…falls sich daran etwas ändert, werden wir uns hier melden.Bis dahin, werden wir Mal nach anderen Mitteln suchen…meine Frau erzählte etwas von Honig auf Papier…ich möchte mir aber ehrlich nicht ausmalen, was passiert, wenn eine unsere Miezen plötzlich aussieht, wie Winnie Pooh, der in einen Honigtopf gefallen ist…habt ihr schon einmal versucht, eine sibirische Waldkatze, gegen ihren Willen ( Und es ist immer gegen ihren Willen ! ), unter die Dusche zu stellen ?Stellt euch einen schlecht gelaunten Velociraptor vor, welchen man mit einem hungrigen weissen Hai gekreuzt hätte…Da lebe ICH lieber mit den Silberfischen…."
DE,B08F7JHXJX,Nicht empfehlenswert für die bernsteinfarbene Gartenscharbe,Reviewed in Germany on 16 December 2025,1,Habe mich aufgrund der vielen guten Bewertungen für dieses Produkt entschieden. Leider interessiert die bernsteinfarbene Gartenscharbe dieses Lockmittel nicht im geringsten. Habe im Keller pro Raum 2-3 Fallen aufgestellt. Das Insekt befindet sich in unmittelbarer Nähe aber auch nach 5 Wochen nicht mal eins ist in die Falle getappt. Zwei Spinnen hab ich jetzt wohl weniger…
DE,B08F7JHXJX,Sind das Attrapen?,Reviewed in Germany on 11 September 2024,1,"Das Produkt ist an sich gut verpackt, man bekommt es einfach getrennt und zusammengebaut. Anweisungen minimal vorhanden. Sonderbarer, nicht unangenehmer Geruch wird direkt wahrgenommen sobald die Folie geöffnet wird. Sehr wahrscheinlich handelt es sich dabei um den Lockstoff, der vermutlich einfach über die Pappe gesprüht wurde, zumindest ist keiner separat beigelegt, wodurch die Anwendung sich nur aufs abreißen und zusammenfalten beschränkt und anschließendem platzieren. Der Geruch ist nach wenigen Wochen nicht mehr wahrnehmbar, also wahrscheinlich verflogen. Blöd nur dass auch die Fallen, die ich nicht platziert habe, ebenfalls keinen Geruch mehr haben und somit eventuell unbrauchbar sind. Egal, denn für mich haben die Fallen sich sowieso als unbrauchbar erwiesen. Auf 10 Fallen ist mir eine Fliege auf die Klebestreifen gegangen, sonst nichts, obwohl ich dennoch hier und da eine Schabe entdeckt habe. Über den genauen Befall kann ich nicht berichten, da es immer nur eine ist auf paar Tage, was auch einfach an offenem Fenster bei Erdgeschoß Wohnung liegen könnte."
DE,B08F7JHXJX,Nicht effizient,Reviewed in Germany on 10 August 2025,1,"Nicht zu gebrauchen, Tiere (Schaben) sitzen vor der Falle. Wenn man sie hineindrängt kleben sie nur fest und verenden ewige Zeit Später. Auch hier sollte man Respekt vor dem Leben haben und einen schnellen und nicht qualvollen Tod als Ziel haben. Absolut nicht zu empfehlen, die Falle muss auch genau im Laufweg sein und dann darf das Tier nicht drumherum laufen, was es natürlich macht weil es eine Hürde ist. Schade für den Preis."
DE,B08F7JHXJX,keine Wirkung,Reviewed in Germany on 7 February 2026,1,"Absolut nutzlos.Ich habe langsam alle dieser Fallen durch, Klebeband ist genauso effektiv."
DE,B08F7JHXJX,Nutzlos,Reviewed in Germany on 2 September 2025,1,"Am Liebsten Null Sterne. Sie funktionieren nicht- sie locken die Schaben nicht wirklich an. Hab 10 Stück auf 2qm aufgestellt- die Schaben laufen einfach überall lang, aber nicht durch die fallen. Eine hatte sich mal darin verirrt (morgens gesehen). Als ich abends nachschaute, war sie nicht mehr da- hatte sich also befreien können. Völlig nutzlos diese Fallen."
DE,B08F7JHXJX,Es war sehr schlimm.,Reviewed in Germany on 6 November 2025,1,"Es war nicht gut, und nach zwei Tagen war kein Klebstoff mehr vorhanden, um die Kakerlaken zu fangen."
DE,B08F7JHXJX,Nach 1 Woche noch kein Erfolg zu sehen,Reviewed in Germany on 5 August 2025,1,"Die Fallen stehen seit fast 1 Woche und leider ist noch nichts passiert. Silberfische, Küchenschaben rennen in der Wohnung rum, aber die Fallen sind leer. Heute erst ist ein Silberfisch auf der Falle gewesen und ist dann gemütlich runterspaziert🫣 Ich hoffe, es tut sich noch was"
DE,B08F7JHXJX,Strong glue,Reviewed in Germany on 9 August 2023,1,"The glue is very strong. So strong that in a single trap, three little lizards got caught. I was devastated when I saw them there. After a lot of effort and with the help of olive oil I managed to get them free but I can't imagine their suffering and struggle before that.We bought the traps for some german cockroaches that we see at night in our garden fence. No cockroaches when caught, only the poor lizards, a couple of spiders, some isopods, and a fly. I guess that they do what they are supposed to, they catch creatures that walk on them, but they didn't solve our problem."
DE,B08F7JHXJX,Null Tierchen gefangen,Reviewed in Germany on 6 June 2022,1,"Das Produkt kam schnell und gut verpackt bei uns an.Leider war's das dann auch schon mit dem Positiven. Das Zusammenbauen geht mit etwas Übung auch ohne, dass die eigenen Finger festkleben. Leider muss man die Falle am Fußboden festkleben, sonst flattert sie beim kleinsten Lüftchen weg (Staubsauger). Ich gehe davon aus, dass selbst die Silberfische das Ding wegschieben. Wenn man es aber festklebt, geht es nicht mehr vom Boden ab und da man die Falle ja eher an unzugänglichen Stellen aufstellt, ist das echt sehr ungünstig. Ansonsten kleben auch alle anderen Klebeflächen sehr stark!Übrigens ist kein einziges Tierchen in die Falle getappt. Wahrscheinlich lachen die sich im Vorübergehen über die Falle schlapp."
DE,B08F7JHXJX,Kein Erfolg,Reviewed in Germany on 28 November 2025,1,Funktioniert nicht
DE,B08F7JHXJX,Nutzlos,Reviewed in Germany on 31 August 2025,1,Nach 2 Wochen keine einzige Schabe gefangen. Die laufen einfach daran vorbei. Lediglich eine kleine Spinne ist hängen geblieben in den Fallen. Habe sie an mehreren Orten aufgestellt
DE,B08F7JHXJX,Keine Falle für Scheben aber für die eigene Finger,Reviewed in Germany on 19 July 2025,1,Die Falle hat keine Anziehung für Schaben. Schon seit 2 Wochen wurden 6 Stück an verschiedenen Stellen gestellt. Die Schaben laufen einfach vorbei und keine Änderungen zum vorher. Auch die Falle selbst ist sehr klebrig - schwer zu entfernen oder tauschen.
DE,B08F7JHXJX,NICHT KAUFEN,Reviewed in Germany on 6 September 2024,1,"Ich habe viele von diesen Fallen im Haus verteilt, insgesamt nach Tagen nur 3 Kakerlaken gefangen, der Rest rennt freudig weiter umher, aber leider haben sich insgesamt 3 große Spinnen drin verfangen, was ich echt ganz furchtbar finde, die brauchen wir nämlich auch zur Schädlingsbekämpfung. Ich musste die Spinnen natürlich umbringen, da es keinen Weg gibt, sie von diesem Klebstoff zu entfernen. Ganz schrecklich. Nicht hilfreich für Kakerlakenbefall!"
DE,B08F7JHXJX,Falle für welches Getier?,Reviewed in Germany on 29 August 2025,1,...fängt keine Schaben: die laufen drumrum.Wirklich.Kommt mglweise aus den USA: vllt gehen die Schaben dort auf den Leim...
DE,B08F7JHXJX,"Sehr schlecht,  keine Wirkung",Reviewed in Germany on 20 September 2025,1,"Sehr schlecht,  keine Wirkung,  bitte nicht kaufen!!!!!"
DE,B08F7JHXJX,Leider unwirksam bei unseren Küchenschaben,Reviewed in Germany on 28 February 2023,1,"Leider hat mich das Produkt sehr enttäuscht.Ich war sehr begeistert von dem tolle Preis-Leistungsverhältnis - wäre aber natürlich nur aufgegangen wenn die Schaben auch in die Fallen gegangen wären.Es gab ein informatives PDF umsonst per Mail, was auch sehr hilfreich war, allerdings sind von den 8 beobachteten Schaben -0,0 in die Fallen gegangen. Ich habe ihnen teilweise zugeschaut, wie sie um die Falle rum liefen …Am Ende hat regelmäßiges Einsaugen der Viecher und Absaugen der Oberflächen den Erfolg gebracht. In den Fallen war keine einzige Schabe."
DE,B08F7JHXJX,Nicht empfehlen,Reviewed in Germany on 31 August 2025,1,"Dings bringt nichts, bis jetzt keine Spinne gefangen (("
DE,B08F7JHXJX,Funktioniert nicht,Reviewed in Germany on 1 July 2025,1,Die Fallen stehen und keine Kakerlake erbarmt sich reinzulaufen. Jetzt existieren die Fallen und die Kakerlaken nebeneinander.Funktioniert vielleicht nur bei deutschen Kakerlaken nicht. Das Geld ist auf jeden Fall verschwendet.
DE,B08F7JHXJX,Schädlinge,Reviewed in Germany on 7 August 2025,1,Von mir keinen Stern. Leider spazieren die Tiere an der Klebefalle vorbei.Würde ich nicht mehr kaufen
DE,B08F7JHXJX,Klebeflächen fehlen,Reviewed in Germany on 1 July 2025,1,"Set mit 30 Fallen erhalten. Bei über der Hälfte der Fallen fehlt die Klebefläche, so dass sie ohne Funktion sind.Also ganz klar Finger weg von diesem Produkt! 0 Sterne"
DE,B08F7JHXJX,Absolut unwirksam,Reviewed in Germany on 26 July 2025,1,Diese Falle hilft gar nicht! Die Kakerlaken laufen drum herum ohne jegliche Notiz davon zu nehmen. Eine völlige Fehlinvestition!
DE,B08F7JHXJX,Worst,Reviewed in Germany on 15 September 2025,1,Don’t waste your money
DE,B08F7JHXJX,Kein Insekt interessiert sich für die „Falle“,Reviewed in Germany on 5 August 2025,1,Bringen nichts.Ich habe die bereits über eine Woche verteilt. Kein einziges Insekt drin.
DE,B08F7JHXJX,Nutzlos,Reviewed in Germany on 8 December 2024,1,"Die Insekten laufen freudig an der Falle vorbei und würdigen ihr keines Blickes.Vielleicht fehlt ein starkes Lockmittel, damit die Falle einwandfrei funktioniert, aber leider haben wir keine Lust wieder Geld auszugeben, nur um zu schauen, ob es klappt und am Ende wieder enttäuscht zu werden."
DE,B08F7JHXJX,Keine einzige Schabe gefangen,Reviewed in Germany on 14 October 2024,1,"Ich weiß, dass Klebefallen dieser Bauart -- richtig an der Wand positioniert -- super gegen Silberfische wirken. Aber Schaben haben wir mit diesen Fallen innerhalb von zwei Wochen keine einzige gefangen, obwohl wir in der 90-Quadratmeter-Wohnung zehn Fallen platziert hatten. Für uns für diesen speziellen Verwendungszweck rausgeschmissenes Geld."
DE,B08F7JHXJX,Funktioniert nicht!,Reviewed in Germany on 5 September 2024,1,"Funktioniert nicht. Wenn eine Schabe reinläuft, dann aus Versehen. Die Schaben laufen schnurstracks an den Fallen vorbei und ich fange mehr selbst, als die Fallen es für mich tun. Rausgeschmissenes Geld."
DE,B08F7JHXJX,Nicht kaufen!,Reviewed in Germany on 15 June 2025,1,Bringt absolut nichts.
DE,B08F7JHXJX,Absolut nutzlos,Reviewed in Germany on 13 September 2024,1,"Nicht eine einzige Schabe wurde mit diesen Fallen gefangen, obwohl mehrere gesichtet wurden. Das Produkt wird dem Namen in gar keinem Fall gerecht. Reine Geldverschwendung. Schade"
DE,B08F7JHXJX,Funktioniert Nicht,Reviewed in Germany on 15 October 2024,1,Habe die Fallen wegen Kakerlaken gekauft. Sie laufen einfach durch die Fallen durch und bleiben nicht kleben
DE,B08F7JHXJX,Unbrauchbare Insektenfalle,Reviewed in Germany on 15 September 2024,1,"Da keinerlei Lockstoff, sondern nur Klebstoff in den winzigen Häuschen enthalten ist, war der der Erfolg gleich 0. Völlig Unbrauchbar."
DE,B08F7JHXJX,Es stinkt,Reviewed in Germany on 3 June 2024,1,"Diese Fallen stinken bestialisch. Der Gestank geht nicht mal nach stundenlangem Lüften raus. Wurde in USA hergestellt. Würde ich nie wieder kaufen. Billiger Preis, taugen nichts, stinken nur. Absolut keine Kaufempfehlung."
DE,B08F7JHXJX,Duftstoff zum Anlocken der Schaben fehlt,Reviewed in Germany on 25 September 2023,1,"Bin total enttäuscht vom Produkt. Wie im Video zu sehen ist, befindet sich auf dem Klebeabschnitt ein brauner Duftstoff zum Anlocken der Schaben. Dieser fehlt auf den 6 von mir gefalteten Pappfallen. Leider habe ich die Verpackung schon entsorgt, sonst hätte ich das Päckchen zurück geschickt.CH"
DE,B08F7JHXJX,Nicht zu gebrauchen,Reviewed in Germany on 10 August 2023,1,Im Wohnmobil bei 20m2 wurden 15st. aufgestellt. Auf den Boden in den Schränken usw.Das Ergebnis ist  nach einer Woche ernüchternd. Ein Schabe hat sich in eine Falle verirrt. Weitere 7 haben wir nach und nach per Hand erlegt.Leider kann ich das Produkt nicht empfehlen.
DE,B08F7JHXJX,Bringt überhaupt nichts,Reviewed in Germany on 16 August 2024,1,Komplett wirkungslos und alle Kakerlaken latschen brav Drumherum. Seit 8 Tagen im Gebrauch und bis dato komplett wirkungslos.
DE,B08F7JHXJX,Funktioniert leider nicht.,Reviewed in Germany on 13 August 2024,1,Das einzige was sich in die Fallen verlaufen hat war eine Spinne.Die Schaben laufen drumherum.Schade.
DE,B08F7JHXJX,nutzlos,Reviewed in Germany on 14 August 2024,1,"Die Klebestreifen haben überhaupt kein Lockmittel,nur Klebstoff. Jegliche Insekten liefen um die Klebestreifen herum, reine Geldverschwendung"
DE,B08F7JHXJX,Noch nie eine Schabe gefangen ...,Reviewed in Germany on 12 August 2024,1,"Habe ca. 20-30 Fallen aufgestellt, nach 1 Monat immer noch keine einzige Schabe gefangen. Geldverschwendung."
DE,B08F7JHXJX,Funktioniert überhaupt nicht.......,Reviewed in Germany on 13 July 2024,1,"Habe sie schon eine Weile stehen gehabt, doch funktioniert es nicht , bin mit der Fliegenkatsche effektiver"
DE,B08F7JHXJX,lieber schaut man eine andere Falle,Reviewed in Germany on 29 April 2024,1,"die scharbenfalle hat sich unergiebig erwiesen. ich würde lieber eine andere option in betracht ziehen. auch die Rechnung ist nicht zur verfügung gestellt , muss nachfordern."
DE,B08F7JHXJX,I watch a cockroach walk through the trap 3 times in front of me.,Reviewed in Germany on 22 July 2024,1,I watch a cockroach walk through the trap 3 times in front of me.
DE,B08F7JHXJX,Fängt leider keine Silberfische,Reviewed in Germany on 14 September 2024,1,Leider laufen die Tierchen daran vorbei.Rausgeschmissenes 💰 Geld.Keine Empfehlung
DE,B08F7JHXJX,The biggest hoax ever,Reviewed in Germany on 12 November 2022,1,Wir haben offensichtlich Schaben im Haus. 8 „Fallen“ haben wir über 5 Wochen aufgestellt. Resultat: 0 Schaben in den Fallen. 7 haben wir zufällig selbst in deren Nähe gefangen. Handelt es sich eher um ein Panini-Album zum Selberkleben?Ich habe noch nie Geld so sinnlos ausgegeben.
DE,B08F7JHXJX,Nicht wie erwartet,Reviewed in Germany on 2 September 2023,1,Keine einzige ist in der Falle gelandet. Ich hatte in jeder Ecke welche aufgestellt und so die Laufwege unter Kontrolle und trotzdem waren sie überall nur nicht in den Fallen. Schade
DE,B08F7JHXJX,Funktioniert gar nicht,Reviewed in Germany on 5 August 2024,1,Ich habe schon lange benutzt. Funktioniert gar nichts .kann Mann zurück schicken?
DE,B08F7JHXJX,Unbrauchbar,Reviewed in Germany on 21 September 2023,1,"Ich kann die positiven Rezensionen in keinster Weise nachvollziehen, sie haben mich auch zum Kauf bewogen, kurz und bündig: 6 Fallen aufgestellt, ca. 10 Tage, 3 Fruchtfliegen gefangen."
DE,B08F7JHXJX,Nicht brauchbar,Reviewed in Germany on 18 September 2024,1,"Ist leider nicht effektiv, keine einzige schabe wurde gefangen"
DE,B08F7JHXJX,Diese Fallen sind für Schaben und für alle anderen Insekten nicht geeignet.,Reviewed in Germany on 2 September 2024,1,Die Schaben haben sich über diese Fallen nur todgelacht!!!
DE,B08F7JHXJX,Komplett untauglich.,Reviewed in Germany on 6 January 2024,1,Klebt super gut am Boden fest…interessiert die Schaben nicht die Bohne.Ist in kürzester Zeit im Müll gelandet.
DE,B08F7JHXJX,Funktioniert nicht,Reviewed in Germany on 16 August 2024,1,Seit 3 Wochen in Verwendung und kein Erfolg !!
DE,B08F7JHXJX,Schaben,Reviewed in Germany on 17 September 2024,1,"Die Fallen Tauben nix, bin enttäuscht"
DE,B08F7JHXJX,Unbrauchbar,Reviewed in Germany on 29 April 2024,1,"Die Fallen ziehen kein Ungeziefer an, gehen lieber in die teueren vom Schädlingsbekämpfer"
DE,B08F7JHXJX,Not sure they catch anything,Reviewed in Germany on 18 August 2024,1,"So far, they haven’t worked yet 😢"
DE,B08F7JHXJX,10 Tage getestet 6 Fallen 0 Schaben,Reviewed in Germany on 15 September 2023,1,Deutsche Schabe (Blattella germanica)für 10 Tage6 Fallen aufgestellt0 Schaben gefangentotaler flop
DE,B08F7JHXJX,Falle blieb leer! Keine Silberfische gefangen!,Reviewed in Germany on 8 September 2024,1,Kein Erfolg bei Silberfischen!
DE,B08F7JHXJX,Wirkungslos,Reviewed in Germany on 19 September 2023,1,Bei und laufen die Schaben lustig um die Fallen herum und interessieren sich überhaupt nicht dafür.
DE,B08F7JHXJX,Sehr sehr kleine Fallen,Reviewed in Germany on 11 August 2024,1,Preis zu Größe nicht passend
DE,B08F7JHXJX,Nicht zu empfehlen,Reviewed in Germany on 18 August 2022,1,"Keinerlei Bedienungsanweisungen dabei, keine Ahnung wie man das verwenden soll.Beschichtete Pappe mit Folien, welche man abziehen soll und wie das zusammengelegt wird, ohne Erklärung"
DE,B08F7JHXJX,Nicht zu empfehlen,Reviewed in Germany on 6 September 2024,1,.
DE,B08F7JHXJX,Nützt garnichts,Reviewed in Germany on 17 August 2023,1,"Bin enttäuscht. Funktioniert garnicht. Schaben laufen quasi ""freudestrahlend"" daran vorbei. :("
DE,B08F7JHXJX,Keinerlei Nutzen,Reviewed in Germany on 21 October 2023,1,"Leider kein einziger Fang, hält zudem nicht, fällt auseinander."
DE,B08F7JHXJX,Kakerlaken,Reviewed in Germany on 28 August 2023,1,Leider taugt das Produkt nichts!Kakerlaken spazieren daran vorbei!Leider…
DE,B08F7JHXJX,"Haben mein Kaninchen gefangen, sonst nix",Reviewed in Germany on 29 November 2022,1,"Haben leider keine Schädlinge gefangen, dafür klebten sie gut am Kaninchen als es mal ausgebüxt ist.Unhappy"
DE,B08F7JHXJX,Taugt nichts für den Zweck,Reviewed in Germany on 4 December 2023,1,Keine einzige Schabe wurde gefangen nutzlos
DE,B08F7JHXJX,gefällt mir nichts,Reviewed in Germany on 6 January 2024,1,sehr schlecht 🙅‍♂️
DE,B08F7JHXJX,Kompletter Flop,Reviewed in Germany on 31 August 2023,1,Die Kleberfallen bringen absolut nichts.
DE,B08F7JHXJX,"Keine Wirkung, schade und das Geld!",Reviewed in Germany on 11 October 2022,1,"Ich habe die Blätter ausgelegt, da bleibt rein gar nichts daran kleben!"
DE,B08F7JHXJX,It's not for what I need me,Reviewed in Germany on 4 August 2023,1,Because it's not strong
DE,B08F7JHXJX,Didn't catch a single cockroach,Reviewed in Germany on 22 October 2021,1,We had alot of small roaches this year. These traps didn't catch a single one...they did catch few spiders though.
DE,B08F7JHXJX,Hat nur Staub gecatched,Reviewed in Germany on 29 November 2022,1,Catchmaster hat rein gar nichts eingefangen. Keine Kaufempfehlung.
DE,B08F7JHXJX,Not with it,Reviewed in Germany on 20 September 2022,1,Does not really work. I didn’t catch anything
DE,B08F7JHXJX,Hat leider nicht funktioniert.,Reviewed in Germany on 22 March 2022,1,Trotz vielen Fallen sind keine Tiere durch die Duftstoffe angelockt worden.
DE,B08F7JHXJX,Useless,Reviewed in Germany on 25 August 2022,1,Didn’t work at all! Wouldn‘t recommend it.
DE,B08F7JHXJX,Die Lieferung hat ein wenig länger gedauert.,Reviewed in Germany on 27 August 2021,1,Hat nicht das versprochen was in der Beschreibung steht . Würde ich nicht weiter empfehlen.
DE,B08F7JHXJX,Das war nix...,Reviewed in Germany on 14 February 2022,1,Bringt leider gar nichts. Außer Staub fängt es nichts.
DE,B08F7JHXJX,"Its ineffective, useless",Reviewed in Germany on 24 September 2022,1,"Its ineffective, useless"
DE,B08F7JHXJX,Kein Effekt,Reviewed in Germany on 19 August 2021,1,Die Kakerlaken 🪳 fallen nicht rein! Also total eine  Geldverschwendung.
DE,B08F7JHXJX,Keine Wirkung,Reviewed in Germany on 27 November 2021,1,Hat nichts gebracht
DE,B08F7JHXJX,hilft absolut nicht,Reviewed in Germany on 9 September 2021,1,nicht zu empfehlen…..absolut null Wirkung
DE,B08F7JHXJX,Wohl nur für USA getier,Reviewed in Germany on 9 September 2020,1,"nicht ein getier in den fallen, Geld rausgeschmissen,Danke"
DE,B08F7JHXJX,Nicht zu gebrauchen,Reviewed in Germany on 14 November 2021,1,"Ich habe das Produkt gekauft, da ich hoffte es bringt etwas. Leider hat es nix gebracht, von daher rausgeworfenes Geld."
DE,B08F7JHXJX,Its not worth buying,Reviewed in the United Kingdom on 2 May 2024,1,It didnt do what the advert said it would do.
DE,B08F7JHXJX,No effect,Reviewed in the Netherlands on 12 December 2022,1,Catch master didn’t catch anything. Has been 9 days now. Very disappointed
DE,B08F7JHXJX,Mai più!!!,Reviewed in Italy on 4 July 2026,1,"Sono morti tutti gli altri animali che, come ad esempio le lucertole; mi dispiace, ma è davvero un peccato!!!"
DE,B08F7JHXJX,Très peu de résultats !,Reviewed in Belgium on 22 February 2024,1,"Très faible prises, deux à trois incectes par pièges après une srmaine !"
DE,B08F7JHXJX,Difficultés d’utilisation.,Reviewed in France on 29 April 2026,1,"Il est sûrement utile, mais la difficulté vient du montage."
DE,B08F7JHXJX,Inutili,Reviewed in Italy on 24 June 2026,1,Difficili da montare e quando ci riesci ti accorgi che sono poco pratici e peggio ancora non fanno quello che promettono. Sconsiglio l'acquisto
DE,B08F7JHXJX,Per nulla utile,Reviewed in Italy on 22 June 2026,1,Prodotto purtroppo inutile. Ho assistito al passaggio all’interno della casetta di una blatta (è entrata da un lato ed è uscita dall’altro). Peccato.
DE,B08F7JHXJX,No sirven,Reviewed in Spain on 27 June 2026,1,"Muy malas. Por webcam vi como las cucarachas pasan por encima, se atascan un poco y siguen su camino tan tranquilas. No sirven para nada."
DE,B08F7JHXJX,No funciona.,Reviewed in Spain on 24 June 2026,1,"No sirve, las cucarachas pasan por al lado como si nada. Se ríen del producto vamos. A ver qué respuesta me dan."
DE,B08F7JHXJX,Peores que cualquier otra marca.,Reviewed in Spain on 9 October 2025,1,"Peores que cualquier otra marca de trampas similares:- Huelen. No mucho, y no es desagradable, pero huelen.- Son más pequeñas que la mayoría. De ancho iguales, pero de largo, bastante menos.- Por apurar el papel al máximo, viene con pegamento hasta por los lados, con lo que se pega a todas partes: la bolsa donde vienen, el suelo, las manos... Y como toques el pegamento (que es inevitable a menos que uses guantes), luego no hay forma de quitarlo de las manos.He comprado trampas iguales de 3 o 4 marcas distintas y ninguna me ha dado estos problemas... salvo el del olor."
DE,B08F7JHXJX,Timo total,Reviewed in Spain on 3 July 2026,1,"Me parece un timo total, son muy pequeñas y  no hace ningún efecto"
DE,B08F7JHXJX,NO SÉ SI FUNCIONARÁN,Reviewed in Spain on 9 July 2025,1,"No me gustan nada. No sé si las cucarachas se pegarán, pero tú te pones las manos llenas de pegamento que es bastante difícil de quitar. Las trampas vienen pegadas de 3 en 3 y hay que separarlas y doblarlas, el problema es que los filos de las trampas chorrean pegamento, si usas guantes no hay manera de despegar los y si las tocas sin guantes, te pones de pegamento hasta arriba ... En fin, espero que al menos cumplan su función, si es así actualizaré mi comentario. Ya llevan dos días puestas y no ha caído ninguna. Otra cosa es que es difícil que las cucas pasen por estas trampas tan pequeñas si además no llevan ningún compuesto que las atraigan a la trampa."
DE,B08F7JHXJX,No sirve,Reviewed in Spain on 6 June 2026,1,No sirve para nada. Es como jugar  a las cositas con las cucarachas. Cero
DE,B08F7JHXJX,No valen,Reviewed in Spain on 12 June 2026,1,"No vale para nada,las cucarachas literalmente al lago y no caen"
DE,B08F7JHXJX,No sirven para acabar con las cucharachas,Reviewed in Spain on 5 June 2026,1,No sirven para nada
DE,B08F7JHXJX,Sconsigliatissimo,Reviewed in Italy on 24 October 2025,1,"Inutili, non servono a nulla, è come comprare cartoncino ma ad un prezzo elevatissimo poiché non catturano nessun tipo di scarafaggio/insetto.Li sconsiglio anche perché successivamente ho fatto la prova a mettere un gel per blatte (che funziona in modo efficace) sopra le trappole ma neanche si avvicinano, invece il gel messo singolarmente negli angoli funziona in modo assoluto (trovo decine di scarafaggi stecchiti)."
DE,B08F7JHXJX,NO FUNCIONA,Reviewed in Spain on 30 July 2025,1,"Es inútil no le pongo 0 estrellas porque no deja, el pegante que tiene no funciona es muy débil lo que hace que se despegue de la superficie y ni hablar del que se encuentra dentro de la trampa que es igual o peor ya que permite que la cucaracha escape después de ""quedar atrapada"" (lo he visto).Es dinero perdido ya que no cumplen su función."
DE,B08F7JHXJX,No sirven,Reviewed in Spain on 11 September 2025,1,"No atrae a las cucarachas. Tenía localizada una cucaracha en una habitación. Puse 3 trampas y las dejé durante 3 días. Al tercer día, miré debajo de la cama, la vi y la tuve que coger con un vaso. No merece la pena gastar el dinero en estas trampas."
DE,B08F7JHXJX,Pésima experiencia,Reviewed in Spain on 19 May 2025,1,La verdad compre el producto por las reseñas que pone que son súper creíbles. En mi caso pesi llevan puestas más de 3 dias donde tengo el problema con estos animales y no tengo ni tan solo 1. Y cada que vengo tarde de noche que enciendo la luz las veo pasear por los costados y no entran en la trampa.
DE,B08F7JHXJX,0 servicio,Reviewed in Spain on 15 December 2025,1,No sirve para nada. Caen más arañas que otra cosa.
DE,B08F7JHXJX,Non ha funzionato con noi,Reviewed in Italy on 27 November 2025,1,Non hanno funzionato
DE,B08F7JHXJX,No sirven,Reviewed in Spain on 26 November 2025,1,"Las cucarachas entran y salen con facilidad, no se pegan."
DE,B08F7JHXJX,No funciona,Reviewed in Spain on 23 November 2025,1,Nada efectivo
DE,B08F7JHXJX,Useless,Reviewed in Spain on 23 October 2025,1,This is useless. It doesn’t work
DE,B08F7JHXJX,Not worth it,Reviewed in Spain on 6 October 2025,1,A complete waste of money.
DE,B08F7JHXJX,No funciona,Reviewed in Spain on 12 September 2025,1,En dos años no ha caído ningún bicho en la trampa.
DE,B08F7JHXJX,Top Produkt mit Wirkung,Reviewed in Germany on 13 June 2026,5,Einfach und schnell aufzustellen und erfüllt seinen Zweck hervorragend
DE,B08F7JHXJX,Effektiv und simpel,Reviewed in Germany on 1 June 2026,5,"Die Fallen sind sehr effektiv, nicht nur gegen Schaben sondern auch Ameisen und anderes Ungeziefer. Sie sind leicht aufzubauen und man kann sie diskret überall platzieren.Aber Vorsicht: wer Haustiere hat oder kleine Kinder sollte die Fallen eher erhöht aufstellen. Es könnte sich nämlich sonst im Fell des Tieres oder ähnlichem verkleben."
DE,B08F7JHXJX,Überraschend gut,Reviewed in Germany on 25 July 2024,4,"Die Fallen funktionieren überraschend gut.Sind etwas fitzelig im Aufbau, da fehlt eine klare Anweisung. Wenn man den Bogen mal raus hat geht es flink.Die Platzierung ist natürlich eine elemtare Entscheidung, da muss man mitdenken.Der Klebestreifen, damit die Falle stehen bleibt funktioniert leider überhaupt nicht. Man kann ihn nicht wirklich festdrücken, da man sonst an der anderen Seite kleben bleibt. Hält ca 2 Stunden dann ist er wieder lose.Die ersten zwei Tiere musste ich aktiv in die Falle jagen, da sie immer außenrum sind. Dann war ein paar Tage überhaupt nichts los und jetzt findet sich immer wieder ein Mistviech mehr in den Dingern.Heute Nacht hat es sogar eine Maus gefangen, die meine Katze angeschleppt hat. Die hat so fest geklebt, dass ich sie nicht losmachen konnte. Eine Schabenfalle die auch Mäuse fängt, nicht schlecht!"
DE,B08F7JHXJX,Gutes Preis-Leistungsverhältnis,Reviewed in Germany on 22 June 2026,5,Fallen sind wie beschrieben und auch viele für den Preis. Lassen sich einfach aufbauen
DE,B08F7JHXJX,50/50,Reviewed in Germany on 29 December 2025,3,Nicht wirksam. Wirkt zu 50 %.
DE,B08F7JHXJX,Funktioniert,Reviewed in Germany on 15 May 2026,5,Produkt funktioniert wunderbar. Bereits dreimal gekauft. Super effektiv und absolut zu empfehlen.
DE,B08F7JHXJX,Effektive und umweltfreundliche Lösung gegen Silberfischchen!,Reviewed in Germany on 22 March 2024,5,"Ich habe die Catchmaster Schabenfallen jetzt bereits zum zweiten Mal gekauft, um den Silberfischchenbefall in unserem Zuhause einzudämmen. Da wir eine Katze haben, die gelegentlich die Viecher frisst, war für uns von Anfang an klar, dass keine giftigen Substanzen in Frage kommen, egal wie niedrig dosiert und vermeintlich ungefährlich sie sein mögen.Und ich muss sagen, auch wenn die Fallen eigentlich nur dazu dienen sollen, den Befall aufzudecken, haben sie ihn bei uns drastisch reduziert. Auf den Klebestreifen klebt wirklich alles, von den kleinsten bis zu den größten Insekten. Einige der Fallen, die nicht direkt auf dem Boden stehen, habe ich sogar noch mit einem Stück Katzentrockenfutter ""aufgerüstet"". Ob es mehr Ungeziefer anzieht oder nicht, kann ich nicht mit Sicherheit sagen, denn in den ""leeren"" Fallen kleben genauso viele Insekten fest.Die Fallen sind kinderleicht aufzubauen - wirklich, sogar ein Kleinkind war beim Falten und Zusammenbauen beteiligt. Der äußere Klebestreifen klebt fast schon zu gut und ist manchmal etwas schwer zu lösen.Das Preis-Leistungs-Verhältnis ist absolut unschlagbar, vor allem im Vergleich zu anderen Herstellern. Und für eine kleinere Wohnung braucht man schon eine beträchtliche Anzahl von Fallen. Andere Tricks mit Honig und Co. haben bei uns nicht so gut funktioniert wie diese Klebestreifen und haben außerdem viel mehr Sauerei verursacht. Eine ökologische Lösung also!Der einzige Nachteil ist, dass auch Ungeziefer Leben sind, das es zu respektieren gilt. Mir tut es ehrlich gesagt Leid, den Tieren beim langsamen Tod zuzusehen, daher ""erlöse"" ich sie manchmal in der Falle. Aber insgesamt bin ich sehr zufrieden mit diesen Fallen und kann sie nur empfehlen!"
DE,B08F7JHXJX,Benutzerfreundlich,Reviewed in Germany on 30 June 2026,5,"Gestern aufgestellt, jetzt warten wir auf die Ergebnisse. Sehr einfach anzuwenden. Wir haben keinen Befall, aber in den letzten Tagen haben wir zwei oder drei Kakerlaken bemerkt. Wir haben uns für dieses Produkt entschieden, weil es einfach und umweltfreundlich schien."
DE,B08F7JHXJX,Its very good,Reviewed in Germany on 4 July 2026,4,Its good
DE,B08F7JHXJX,Zu empfehlen,Reviewed in Germany on 2 July 2026,5,"Tadellos, perfekt."
DE,B08F7JHXJX,Top Preis,Reviewed in Germany on 24 May 2026,5,Gutes Produkt
DE,B08F7JHXJX,Schaben 30,Reviewed in Germany on 8 May 2026,5,Preis-/Leistungsverhältnis o.k.
DE,B08F7JHXJX,Catchmaster,Reviewed in Germany on 29 December 2025,5,"Hallo ich bin sehr zufrieden mit den Fallen, da wir Echsen und Geckos in verschieden Größen haben brauchen wir auch verschiedene Größen an Futtertiere seit wir vor ca 1,5 Jahren Catchmaster ausprobiert haben laufen die Grillen die durch die Terras verschwinden werden auch gefangen.Ich kann Catchmaster empfehlen."
DE,B08F7JHXJX,Ein funktionierendes Produkt,Reviewed in Germany on 17 March 2026,5,Tut was es verspricht!
DE,B08F7JHXJX,Erstaunlich,Reviewed in Germany on 11 February 2026,5,"Unglaubliche, lang haltende Klebekraft,  auch fur fette Spinnen gibt es kein Entkommen. Anders als andere Schabenfallen, lassen sich diese auch unkompliziert zusammenbauen."
DE,B08F7JHXJX,"Was leer, funktioniert also? Oder?",Reviewed in Germany on 11 February 2026,5,Gekauft für einen Test vor Wohnheimsbezug bei entsprechenden Vorbewertungen. Die Fall war nach zwei Wochen leer. Schaben gab es also (hoffentlich) nicht.
DE,B08F7JHXJX,Es hat  Geklappt,Reviewed in Germany on 24 December 2025,5,"Es war ein Geschenk,er ist sehr glücklich .Er sagt endlich ist er  die  Tiere losgeworden.Er hat sich sehr gefreut. Sagte Er habe vieles ausprobiert nichts hat geholfen. Er sagt Dank."
DE,B08F7JHXJX,Kampf den Schaben - funktiniert,Reviewed in Germany on 15 December 2025,5,"Tut was sie sollen - am ersten Tag waren gleich vier drin, dann ab und an mal eine und am Ende keine mehr, funktioniert aber nur zusammen mit echten Giftködern um wirklich alle Viecher auszurotten."
DE,B08F7JHXJX,Top,Reviewed in Germany on 28 February 2026,5,Top alles wie beschrieben 👍🏼
DE,B08F7JHXJX,Gut,Reviewed in Germany on 3 March 2026,5,Wirkt sehr gut
DE,B08F7JHXJX,Gute Idee zur Bekämpfung,Reviewed in Germany on 23 October 2025,5,"Wir haben ungefähr 8 Fallen im Kellerraum aufgestellt und sehr viele gefangen. Es kommen immer wieder neue in die Falle.Wenn ein paar drin sind, sollte man die Fallen sofort wegschmeißen und austauschen.Ansonsten bin ich der Meinungen, helfen die fallen sehr gut.Ich denke nicht, dass so alle Schaben verschwinden, aber zumindest wird es reduziert"
DE,B08F7JHXJX,Hilft,Reviewed in Germany on 13 February 2026,5,Titel.... Gut. Macht was es soll...nach 2 Tagen war das Heimchen gefangen
DE,B08F7JHXJX,Efektive Methode gegen Kakerlaken ohne Gift,Reviewed in Germany on 4 December 2024,5,"Da ich Haustiere habe, wollte ich eine ungiftige Methode, um die Kakerlakenplage zu bekämpfen. Mein Ziel war, sicherzustellen, dass keine vergifteten Insekten von meinen Tieren gefressen werden. Diese Klebefallen waren dafür ideal. Die Fallen kommen ohne Lockstoff, daher habe ich sie in der Küche  verteilt und jeweils Zucker in die Mitte als Lockmittel gelegt. Die Viecher lieben Zucker. Durch die Verteilung konnte ich erkennen, wo das Nest sein muss, da sich an einer Stelle deutlich mehr Viecher verklebt haben als an anderen. Danach habe ich die Fallen in diesem Bereich konzentriert und siehe da, die Kakerlaken bleiben in den Fallen kleben und verenden dort.Insgesamt eine einfache und effektive Lösung, die ganz ohne Chemikalien auskommt. Für Haushalte mit Haustieren absolut empfehlenswert!"
DE,B08F7JHXJX,Super schnelle Lieferung,Reviewed in Germany on 9 February 2026,5,Die sind super kaum aufgestellt und sie geben drauf wie verrückt
DE,B08F7JHXJX,Funktioniert,Reviewed in Germany on 2 February 2026,5,Funktionier
DE,B08F7JHXJX,tut was es soll,Reviewed in Germany on 13 January 2026,5,funktioniert
DE,B08F7JHXJX,"Alles Bestens,sehr zu empfehlen",Reviewed in Germany on 5 November 2025,5,"Verarbeitung wirkt hochwertig und langlebig• Einfache Handhabung, verständliche Bedienung• Erfüllt zuverlässig die beschriebenen Funktionen• Preis-Leistungs-Verhältnis insgesamt stimmig"
DE,B08F7JHXJX,Bringt mehr als Erwartet,Reviewed in Germany on 7 June 2025,5,"Absolut zu empfehlen!Wie haben im Mehrfamilienhaus leider einen Schabenbefall. Ich habe schon Fallen aus der Drogerie benutzt, welche leider nichts gebracht haben…Diesmal habe ich mich für diese Fallen entschieden und bin sehr zufrieden. Scheinbar lockt das die Schaben an und habe schon einige damit fangen können 😁Klare Kaufempfehlung! Ich werde wieder bestellen!"
DE,B08F7JHXJX,Topp,Reviewed in Germany on 10 October 2022,5,"Ich bestelle die Teile immer wieder, weil ich damit Winkelspinnen und Kellerasseln in meinem Schlafzimmer fange!!! Es hat sogar einmal eine riesige Winkelspinne drinnen geklebt (ich stelle immer zwei zusammenhängende auf und die hat die 2 komplett ausgefüllt und Beine haben noch rausgeguckt - ein Albtraum für Spinnenphobiker!!! Gott sei Dank wurde die von der Falle gefangen!!! Ich hab auch so schon geschrie , wie am Spieß, als ich nichts ahnend nachts gegen 12 die Falle zufällig kontrollieren wollte, nicht auszudenken, was passiert wäre, wenn die an meiner Wand gesessen hätte, im Schlafzimmer!!!😳😱🤢Gestern hat auch wieder eine 3cm große drinnen geklebt. Ich bin wirklich dankbar für diese Klebefallen. Kellerasseln kleben dort auch ständig drinnen..und bevor ich diese Fallen aufgestellt hatte, wusste ich gar nicht, wie viele Spinnen durch mein Schlafzimmer laufen😳😳Ich kann die Teile wirklich bei Kellerasseln und Spinnen und ab und zu auch mal ein Silberfischchen empfehlen."
DE,B08F7JHXJX,Hilft sehr gut gegen Krabbeltiere und Insekten,Reviewed in Germany on 1 July 2025,5,"Wir benutzen die Fallen wegen unseres Papierfischchen-Befalls, es finden sich regelmäßig mal mehr, mal weniger von ihnen darin (in allen Größen), gelegentlich auch mal eine Spinne oder Fruchtfliege. Auch, wenn man die Fischchen wohl nie mehr richtig loswird, dank der Fallen kann man sie zumindest gut in Schach halten."
DE,B08F7JHXJX,Leider nur in Handarbeit,Reviewed in Germany on 2 January 2025,5,"Diesen Sommer hatte ich in der Küche ein Insektenproblem. Auf einmal waren zwei Schwärme Fliegen da. Die kleinen, die man nicht so einfach loswird. In meiner Not habe ich zu Catchmaster gegriffen. In di Fallen sind meine Fliegen leider nicht geflogen, aber diese Fallen haben eine sehr gute Klebeseite. So habe ich die Fliegen in Handarbeit mit der Klebeseite gefangen. Leider hat die Tapete etwas gelitten, aber mit einer Packung Catchmasterfallen bin ich die Insekten losgeworden. Eine klare Kaufempfehlung."
DE,B08F7JHXJX,"Läuft - nicht mehr, krabbelt - nicht mehr ;-)  MACHT WAS ES SOLL !!!",Reviewed in Germany on 10 September 2024,5,"Die Hölle !!! Klebt nen bisschen beim Zusammenbauen, aber hält, was es soll - Mistviehcher !!! Der Nachbar scheint Kakerlaken mitgebracht zu haben aus dem Urlaub, die sich nun hier breitmachen wollen.... was ich zu verhindern angehe. Es kleben seit gestern schon 4 kleine, 1 mittlere und eine große (1 cm) sicher und fest auf dem abscheulich klebrigen Zeugs. Tun was sie sollen, perfekt. Nur der ""Köder"" fehlt irgendwie, was man aber mit nem Stück Zucker o.ä.  schnell pimpen kann. Perfekt ! Es macht was es soll"
DE,B08F7JHXJX,"Sehr gute Fallen, kann ich nur empfehlen",Reviewed in Germany on 4 April 2025,5,"Die Fallen lassen sich schnell und einfach aufbauen. die Klebefläche ist sehr gut. Ich habe noch ein bisschen Erdnussbutter in die Falle getan und habe drei Fallen für vier Wochen in den Keller gestellt. Unser Keller ist mit Teppich ausgelegt und mit Holz vertäfelt und ich war erstaunt wie viele Silberfische, Feuerwanzen und Spinnen ich in den Fallen gefunden habe. In jeder Falle waren mindestens 10 kleine Tierchen!!! Tolles Produkt!!!"
DE,B08F7JHXJX,Wirkung,Reviewed in Germany on 12 December 2025,5,Wirken super
DE,B08F7JHXJX,Einfache Handhabung und guter Erfolg,Reviewed in Germany on 1 October 2024,5,"Im Mehrfamilienhaus meiner Wohnung wimmelt es von allerlei Küchenschaben. Und da die Mehrheit des Hauses keinen Schädlingsbekämpfer möchte, musste ich mir selbst helfen.Die Fallen sind natürlich nicht zur Ausrottung der Schaben gedacht, haben aber dafür gesorgt, dass ich die Viecher nicht mehr lebend zu Gesicht bekomme. Denn entweder landen sie in der Falle, oder sie kommen garnicht mehr, bis sehr selten aus ihren Löchern. Bin sehr zufrieden."
DE,B08F7JHXJX,Unglaublich effizient!!!,Reviewed in Germany on 16 July 2024,5,Das Produkt ist unglaublich effektiv!Wir haben eine Invasion von aus den Tropen eingeschleppten Insekten die sich rasend schnell vermehren (Bild). Nebelautomaten und Insektenspray helfen nur beschränkt. Aber diese Fallen sind absolut zuverlässig.  In einer Packung sind 24 Stück die wir über die ganze Wohnung verteilt haben. Wir werden auf jeden Fall mehrmals nachordern müssen um sicherzustellen daß wir das Problem in den Griff bekommen.  Großartiges Produkt!!!
DE,B08F7JHXJX,Fängt alles,Reviewed in Germany on 10 October 2025,5,Fängt mehr als nur Schaben . Leicht zum zusammen Bauen.
DE,B08F7JHXJX,You know this actually works,Reviewed in Germany on 22 December 2021,5,"Sorry I forgot to take photos, but if you place it in the right places it will catch them for sure. I had quite a few glued in the tinny boxes after a few days. Just watch out if they are not just halfway inside it, or else they will ditch their legs to break free. But if all their 6 legs get in to it, they probably won't leave any more.I had one who broke free from the thing but landed on her backs on the bottom part that also had glue, and that was the end of it.Leave it near entrances and fissures where you know they tend to walk past, you will catch quite a few."
DE,B08F7JHXJX,1A,Reviewed in Germany on 19 December 2021,5,"Seit Wochen hatten wir im Terra unserer Bartagame eine entlaufende Grille, die sich tagsüber zwischen den Ritzen der Rückwand versteckt hat.Wir haben einiges probiert, aber wenn sie sich mal gezeigt hat waren wir nie schnell genug um das Mistvieh zu fangen. Der Lärm über Nacht war unerträglich..Also haben wie uns dazu entschieden, diese giftfreie Falle zu testen. Wir haben sie also über Nacht ins Terrarium getan und wollten sie morgens wieder raus holen, bevor unsere Agame vom Schlafplatz gekrochen kommt :)Ehrlich gesagt waren wir dann doch erstaunt, dass die Grille direkt in die Falle getappt ist und ordentlich festklebte.Wir sind begeistert und können die Teile für solche Zwecke nur empfehlen!"
DE,B08F7JHXJX,"Man will eine Meinung von mir, also.......",Reviewed in Germany on 25 November 2023,5,".....ich kann nicht viel sagen, außer dass die Fallen ganz schnell und leicht und wenn man es richtig macht auch ohne klebrige Finger, aufzustellen sind. Ich habe sie in allen Zimmern verteilt, weil einmal eine Schabe (oder Ähnliches.....sicher vom Balkon hereingekommen) am Boden saß. Kein einziges Tier hat den Weg in die Fallen gefunden, weil vermutlich auch keine da sind. Ich habe auch keines mehr gesehen. Darüber bin ich natürlich nicht traurig und ich habe, aufgrund des Tests mit den Fallen, jetzt ein gutes Gefühl 😀."
DE,B08F7JHXJX,Sss,Reviewed in Germany on 19 September 2025,5,Really practical and works every time.Thank you!SR
DE,B08F7JHXJX,Gutes Produkt ....,Reviewed in Germany on 18 October 2025,5,Funktionieren gut ......
DE,B08F7JHXJX,100% ok,Reviewed in Germany on 18 October 2025,5,Ok 100%
DE,B08F7JHXJX,Sehr gut,Reviewed in Germany on 23 October 2025,5,👍
DE,B08F7JHXJX,The product work.,Reviewed in Germany on 29 September 2025,5,The product work very well.
DE,B08F7JHXJX,"TADELLOSER Service, TOLLE Unterstützung",Reviewed in Germany on 28 August 2023,5,"HERVORRAGENDE Betreuung durch das Serviceteam des Herstellers. TOP Empfehlung!Bei mir funktioniert das Produkt leider nicht, da der Schabenbefall (zum Glück!) nicht stark genug ist und ich dadurch das Versteck der Schaben nicht lokalisieren kann, aber zum Glück gibt es genügend andere Alternativen des Herstellers, auf die ich nun zurückgreifen werde.ABSOLUT TOPP ist der Service und die Beratung des Herstellerteams: ich erhalte gerade eine sehr sorgfältige, detaillierte Beratung und darf mein Produkt gegen ein passendes austauschen. Besser geht es nicht."
DE,B08F7JHXJX,Käfer Invasion erfolgreich gestoppt,Reviewed in Germany on 30 March 2025,5,"Wir hatten kleine schwarze Käfer in der Küche. Alles abgesucht, um die Herkunft zu finden - erfolglos.Diese Fallen haben sehr geholfen, einfach auf die Klebefläche etwas Zucker geben und das wars. Tolles Preis - Leistungsverhältnis 👍👍👍"
DE,B08F7JHXJX,👍🏻,Reviewed in Germany on 28 September 2025,5,Es funktioniert 👍🏻
DE,B08F7JHXJX,Gut,Reviewed in Germany on 23 July 2025,5,Ich habe noch nicht probiert aber von die probiert haben sagen Sie ist gut.
DE,B08F7JHXJX,Sehr Effizient,Reviewed in Germany on 13 October 2024,5,"Ich habe mir die Fallen gekauft, da ich Probleme mit Küchenschaben im Haus habe und die Schaben immer von den Hausflur, in die Wohnung kommen. Die Fallen fangen die Schaben wirklich gut ein, wenn die Fallen an den richtigen Stellen platziert sind. Kann ich nur weiterempfehlen."
DE,B08F7JHXJX,Einfache Handhabung,Reviewed in Germany on 2 September 2025,5,"Schnelle Lieferung, einfache Handhabung ,"
DE,B08F7JHXJX,Keine Kakerlaken mehr nach 6 Wochen,Reviewed in Germany on 20 June 2025,5,Ich habe echt nicht damit gerechnet.. nach sechs Wochen bin ich Dank dieser und einem ähnlichen  Produkt Kakerlaken frei 😱😊
DE,B08F7JHXJX,Wirkstoff sehr gut und Fallen immer voller,Reviewed in Germany on 19 February 2025,5,"Die Fallen arbeiten hervorragend und ich bin sehr zufrieden. Das Ungeziefer wird mit der Zeit deutlich weniger und die Fallen immer voller. In meinem Fall habe ich Reiskäfer bekämpft, die mit Thai-Klebereis ins Haus kamen."
DE,B08F7JHXJX,100% erfolgreich,Reviewed in Germany on 10 August 2025,5,"Produkt immer am Rand von Schubladen,Schrankseiten,Fussleisten positionieren"
DE,B08F7JHXJX,Schabenfalle,Reviewed in Germany on 12 August 2025,5,"Sehr schnelle Lieferung, Top Artikel"
DE,B08F7JHXJX,Funktioniert,Reviewed in Germany on 1 September 2025,5,Funktioniert
DE,B08F7JHXJX,"Prima Produkt, kaufe es wieder",Reviewed in Germany on 2 May 2025,5,"Prima Produkt, klebt wie verrückt und gibt einen einen guten überblick was so an ""Kriechtieren"" unterwegs ist. Interessantes E Book gab es auch noch dazu."
DE,B08F7JHXJX,"It’s really good product, and work is very well what i expected. feeling relax now from cockroach.",Reviewed in Germany on 6 June 2025,5,"It’s really good product, and work is very well what i expected. feeling relax now from cockroach. 😀"
DE,B08F7JHXJX,Tolle Sache,Reviewed in Germany on 21 August 2025,5,Super Produkt.
DE,B08F7JHXJX,Klebefallen,Reviewed in Germany on 7 August 2025,5,Die Fallen wirken super.
DE,B08F7JHXJX,Best,Reviewed in Germany on 6 August 2025,5,Best of best
DE,B08F7JHXJX,Bester fallen für Cockroaches 💯🔥,Reviewed in Germany on 7 November 2024,5,"Meine Freundin hat ein neue Wohnung,im guten Zustand.Doch sie waren trotzdem da…Bezogen auf waren!!  LoLDie fallen wirklich gut funktionieren super,ein tip klebt ein Erdnussflip in die Mitte klapt mega als Lockmittel. Lg"
DE,B08F7JHXJX,.,Reviewed in Germany on 6 August 2025,5,Super ✨
DE,B08F7JHXJX,Top,Reviewed in Germany on 31 July 2025,5,Sehr gut
DE,B08F7JHXJX,Schabenfalle,Reviewed in Germany on 10 July 2025,5,Leicht aufzustellen. Jetzt nur noch abwarten….
DE,B08F7JHXJX,Super!,Reviewed in Germany on 16 July 2025,5,Super effektiv für jegliches Krabbeltier....
DE,B08F7JHXJX,Funktioniert sehr gut,Reviewed in Germany on 11 May 2023,5,"Die Schabenfallen kamen schnell, habe entsprechend ein paar gleich aufgestellt, der Kleber ist wirklich sehr klebrig, am nächsten Tag  auch schon ein paar dieser orientalischen Schaben festgeklebt gefunden.Die Fallen machen genau das, was sie machen sollen, werde diese noch ein paar Tage wegen Monitoring aufgestellt lassen, werde zusätzlich jetzt noch Schabengel anwenden, da es bis zu 4 Wochen dauert, bis die letzten Eier geschlüpft sind! Aber bin zuversichtlich!"
DE,B08F7JHXJX,In kurzer Zeit Problem beseitigt!,Reviewed in Germany on 23 May 2025,5,Sehr guten Erfolg gehabt!Lockt alle Küchenschränke und Kakerlaken an!Super Produkt!
DE,B08F7JHXJX,VERY FAST SHIPPING AND ITEM AS DESCRIBED!,Reviewed in Germany on 25 March 2025,5,"Very fast shipping and item as described! Thank you so much, will return and buy more of this items!"
DE,B08F7JHXJX,Zufrieden,Reviewed in Germany on 1 July 2025,5,Sehr gut .
DE,B08F7JHXJX,Hat wunderbar funktioniert,Reviewed in Germany on 20 September 2024,5,Passt alles bei meinen led's von govee Man muss aber aufpassen wie viele pins man nimmt davor hatte ich welche mit 4er pin musste ich zurück senden und 3er bestellen
DE,B08F7JHXJX,Funktioniert einwandfrei,Reviewed in Germany on 14 September 2024,5,Wir haben in der Küche ein Problem mit Brotkäfern. Es wurde immer schlimmer aber nachdem wir zig Fallen aufgestellt haben wurden sehr viele Käfer gefangen. Jetzt sind kaum noch welche unterwegs...Klare Kaufempfehlung.
DE,B08F7JHXJX,Gut und schnell,Reviewed in Germany on 11 September 2023,5,"Schnelle Lieferung und gute Informationen. Es gibt eine Mail mit einem Link zu einem eBook , das sich mit dem Produkt beschäftigt. Das ist super, aber ich war erst mißtrauisch ob es sich hier um eine KI - Pishing-Mail handelt. Vielleicht lässt sich das in den Bestellvorgang integrieren um Unsicherheiten vorzubeugen. Sonst alles bestens !"
DE,B08F7JHXJX,Hilft super !,Reviewed in Germany on 24 September 2024,5,"Habe das Produkt zum zweiten Mal gekauft. Wir verwenden es im Keller und ich muss sagen, die Fallen funktionieren einwandfrei, sind leicht aufzubauen geruchsneutral und fangen Ungeziefer. Klare Empfehlung!"
DE,B08F7JHXJX,Nice,Reviewed in Germany on 21 April 2025,5,"Everything was perfect, very nice product and fast delivery, thank you very much"
DE,B08F7JHXJX,👍🏽,Reviewed in Germany on 19 August 2024,5,"Hatte samenlaufkäfer, jetzt nicht mehr 😁 die fallen fangen alles an Ungeziefer! Kann ich empfehlen 👍🏽 der Klebestreifen riecht sehr süßlich, denke da fahren die Viecher drauf ab 🤷‍♂️😁"
DE,B08F7JHXJX,klebt sehr gut!,Reviewed in Germany on 15 October 2024,5,"Wir nutzen diese Klebefallen, um Silberfische einzufangen, die sich hier in der Straße stark vermehrt haben. Klappt sehr gut, der Kleber hält fest."
DE,B08F7JHXJX,Gute Falle,Reviewed in Germany on 14 March 2025,5,Lässt sich leicht aufbauen und tut was es soll. Kann es empfehlen...
DE,B08F7JHXJX,Gut für Monitoring,Reviewed in Germany on 31 January 2024,5,"Ich benutze die Klebefallen zum Monitoring und stelle damit fest, ob die angewandten Mittel gegen die kleinen Kriechtiere wirken. Aber die Fallen wirken natürlich auch direkt, man muss sie nur korrekt platzieren,nämlich da, wo die Tierchen sich gerne aufhalten."
DE,B08F7JHXJX,Ganz effektiv im 1 Woche,Reviewed in Germany on 26 October 2024,5,Habe ich für 1 Woche benutzt und sind meisten Kaks weg. 2 Stück im ein Küche und war 10-12 Kaks tot.
DE,B08F7JHXJX,Schnell und zuverlässig,Reviewed in Germany on 5 August 2023,5,"Kam nach einem Tag an und funktioniert direkt in der nächsten Nacht. Wie auch immer es sich eingeschlichen hat, das Heimchen konnte ich damit fangen. Hatte auch selbstgemachte Lebendfallen ausgelegt. Bis dahin hat sie es leider nicht geschafft.Würde lieber 5 Sterne für Leben geben aber hier bekommt sie der Tod."
DE,B08F7JHXJX,"Schnelle Lieferung, sehr wirksam",Reviewed in Germany on 1 October 2024,5,"Die Bestellung verlief einwandfrei auch die Lieferung. Bei den bei mir gefundenen ""Scharben"" (in der Wohnung) haben die Fallen einwandfrei funktioniert (Erdbeer-Samenkäfer)."
DE,B08F7JHXJX,Tut was es soll,Reviewed in Germany on 24 July 2024,5,Wir hatten Schaben in der Wohnung und diese gingen zuverlässig in die Falle. Auch Spinnen konnten damit schon gefangen werden. Diese Fallen würde ich wieder kaufen.
DE,B08F7JHXJX,Macht was sie soll.,Reviewed in Germany on 18 February 2025,5,Ich hatte sie unter dem Bett stehen. Auch für Motten geeignet!
DE,B08F7JHXJX,super,Reviewed in Germany on 24 September 2024,5,die klebe streifen sind sehr stark da kann kein Tier mehr abhauen  :-D kann ich nur empfehlen bei unerwünschte tierchen
DE,B08F7JHXJX,Funktioniert super,Reviewed in Germany on 6 September 2024,5,Habe die Fallen in den Urlaub mitgenommen da wir letztes Jahr einige Kellerasseln zu Besuch hatten.Die Teile funktionieren echt toll
DE,B08F7JHXJX,Cheapest variant,Reviewed in Germany on 31 March 2024,5,Cheapest variant that I got a bad thing is that it would be great if it had some chocolate or some type of  sweet that would make the insect come
DE,B08F7JHXJX,Zu empfehlen,Reviewed in Germany on 3 August 2024,5,Die Fallen funktionieren sehr gut. Sie lassen sich einfach und schnell zusammenbauen und zun was sie sollen. Ich kann sie nur empfehlen.
DE,B08F7JHXJX,Schabenfalle,Reviewed in Germany on 18 October 2024,5,Sie fungieren und sind sehr gut 👍.Aber es wäre schön wenn ich sie nicht bräuchte.
DE,B08F7JHXJX,Sehr Zufrieden,Reviewed in Germany on 5 July 2024,5,Ich habe die Bestellung gestern erhalten und habe die Fallen sofort aufgestellt. Bin am nächsten morgen aufgestanden und hatte bereits duzende geschnappt. Empfehlenswert👍👍
DE,B08F7JHXJX,Super produkt,Reviewed in Germany on 31 July 2024,5,Wurde schnell versendet. On top gab es ein ebook mit tipps und allgemeinen infos zum thema was ich sehr zuvorkommend fand.
DE,B08F7JHXJX,Super!,Reviewed in Germany on 20 September 2022,5,"Wir hatten wirklich eine Schabenplage, sie waren in der Küche und im Badezimmer. Dank der Fallen sind keine Scharben mehr zu sehen. Und mittlerweile kaum noch welche in der Falle selbst. Anfangs waren die Fallen täglich voll (6-10 Scharben pro Falle mindestens). Die Fallen riechen überhaupt nicht und sind super einfach aufzustellen bzw. zusammen zu kleben."
DE,B08F7JHXJX,Cockroach trap,Reviewed in Germany on 18 April 2025,5,Works perfectly
DE,B08F7JHXJX,Super wirkungsvoll,Reviewed in Germany on 4 April 2025,5,Super wirkungsvoll
DE,B08F7JHXJX,Erfüllt ihren Zweck,Reviewed in Germany on 15 December 2024,5,"Alles wie erwartet  schnelle Lieferung, wie stets."
DE,B08F7JHXJX,Ok,Reviewed in Germany on 13 March 2025,5,Good product
DE,B08F7JHXJX,Schabenfalle,Reviewed in Germany on 31 January 2025,5,Hält was es verspricht
DE,B08F7JHXJX,Klebt gut,Reviewed in Germany on 19 August 2024,5,"Klebestelle klebt sehr stark, ich habe diverse Karten in der Wohnung verteilt, sehr nützlich"
DE,B08F7JHXJX,Sehr schnell geliefert,Reviewed in Germany on 4 February 2025,5,Bin echt zufrieden.
DE,B08F7JHXJX,"Kugelkäfer einfangen, 1000 de, Lockstoff Hunde/Katzenfutter Brocken drauf legen.",Reviewed in Germany on 30 August 2024,5,"Die Fallen bitte immer am Rand Hauskanten Innenraum aufstellen, funktioniert 1 A,"
DE,B08F7JHXJX,Schaden fallen,Reviewed in Germany on 13 February 2025,5,Bin zufrieden
DE,B08F7JHXJX,Polecam,Reviewed in Germany on 23 February 2025,5,Polecam
DE,B08F7JHXJX,Schnell und unkompliziert.,Reviewed in Germany on 17 September 2024,5,Erfüllt alle ErwartungenJederzeit gerne wieder und meine uneingeschränkte Weiterempfehlung.
DE,B08F7JHXJX,Super,Reviewed in Germany on 10 March 2026,5,Super
DE,B08F7JHXJX,Problem behoben,Reviewed in Germany on 24 September 2025,5,Hat das Problem mit den Insekten prima behoben.
DE,B08F7JHXJX,Wie beschrieben,Reviewed in Germany on 18 December 2024,5,Funktioniert
DE,B08F7JHXJX,A good buy,Reviewed in Germany on 4 November 2024,5,Effective!
DE,B08F7JHXJX,Quality,Reviewed in Germany on 2 November 2024,5,"My second buy, work well"
DE,B08F7JHXJX,Funktioniert!,Reviewed in Germany on 2 November 2024,5,"Für das,  was ist vorgesehen."
DE,B08F7JHXJX,Schabemfalle,Reviewed in Germany on 26 October 2024,5,Schnelle Lieferung alles bestens gerne wieder
DE,B08F7JHXJX,Toll,Reviewed in Germany on 9 October 2024,5,Macht was es soll
DE,B08F7JHXJX,Erfolgreich....,Reviewed in Germany on 5 October 2024,5,Diese Fallen helfen auch gegen anderes Ungeziefer...
DE,B08F7JHXJX,Das ist sehr gut,Reviewed in Germany on 4 October 2024,5,Sehr gute Qualität
DE,B08F7JHXJX,Ok,Reviewed in Germany on 1 October 2024,5,Ok
DE,B08F7JHXJX,Good Cockroach Trap,Reviewed in Germany on 27 September 2024,5,Rly good trap is working very well 👍
DE,B08F7JHXJX,Passt,Reviewed in Germany on 25 September 2024,5,Ist ok
DE,B08F7JHXJX,Handy insects traps,Reviewed in Germany on 20 September 2024,5,They are really very handy
DE,B08F7JHXJX,Super klebrig,Reviewed in Germany on 19 September 2024,5,Sie tun was sie sollen
DE,B08F7JHXJX,Good,Reviewed in Germany on 12 September 2024,5,All the bugs are stuck on it 😁
DE,B08F7JHXJX,Catchmaster Schabenfalle 30x Premium,Reviewed in Germany on 7 September 2024,5,Super
DE,B08F7JHXJX,Sehr gut,Reviewed in Germany on 1 September 2024,5,"Einwandfreie Ware, gute Beschreibung, kein Geruch, wirken"
DE,B08F7JHXJX,Zu empfehlen!!!,Reviewed in Germany on 30 August 2024,5,Diese Produkte ist sehr gut und einfach zu nutzen.
DE,B0DG5ZJHRV,"Ungeziefer Spray ist nicht gleich Ungeziefer Spray - Repell hält nicht, was es verspricht",Reviewed in Germany on 17 April 2026,1,"Ich war immer ein überzeugter Käufer dieses Produkts. Dachte ich. Doch jetzt habe ich festgestellt, nachdem ich dieses Produkt in dieser 'neuen Version"" jetzt 2026 gekauft und inzwischen mehrfach ausprobiert habe, dass es gar nicht so wirkt, wie es auf der Verpackung beschrieben wurde. Fliegen werden nicht abgewehrt. Die stören sich kaum daran. Nur wenn man wirklich direkt und satt trifft. Die Langzeitwirkung ist auch nicht gegeben. Insekten laufen über besprühte Flächen (kurz nachdem sie getrocknet ist) und es hat schon keine Wirkung mehr. Und wenn man die Insekten nur mit einem Hauch trifft, dann ist es so, als hätte man weit entfernt in eine andere Richtung gesprüht. Ich empfinde die Beschreibung unglücklich gewählt und ich habe sie tatsächlich missverstanden. Im Vergleich zu einem Kauf, der etwas länger zurück liegt, hat sich nicht nur die Optik auf der Flasche verändert, sondern auch die Rezeptur. Für mich weiß ich jetzt, ich werde die Beschreibungen und Rezensionen künftig noch genauer lesen. Wie ich jetzt herausgefunden habe, hätte ich das Ardap Ungeziefer Spray PRO kaufen sollen. Das hat wohl noch die Eigenschaften, wie zb eine Langzeitwirkung und bekämpft wirklich die Insekten. Das Ardap Ungeziefer Spray Repell ist lediglich eine ""Abwehr"" aber meiner Meinung nach absolut nutzlos und das viele Geld nicht wert. Ich persönlich werde nicht noch einmal so viel Geld ausgeben für eine so schlechte Wirkung. Bin überhaupt nicht zufrieden mit dem Kauf, nur zurück geben geht nicht, weil ich das Produkt ja mehrfach probiert hatte.Schade ums Geld aber wieder etwas dazu gelernt.Ps: die Bilder zeigen den Vergleich des Ardap Ungeziefer Spray Repell (jetziger Kauf) und das Ardap Ungeziefer Spray, ein Kauf, der schon länger zurück liegt und ist daher eine andere Produkt-Version (diese wurde wohl jetzt ersetzt durch das ""Ardap Ungeziefer Spray Pro"" laut Hersteller Webseite)"
DE,B0DG5ZJHRV,Als Repell mit grüner Zusatzbeschriftung unwirksam,Reviewed in Germany on 30 May 2026,1,"Habe bereits drei große Flaschen Fehlkauf hinter mir.Mindestens 20 E pro Flasche.Keinerlei Vergleich und Wirkung gegenüber der wirkungsvollen und heutigen Ardap Pro Variante mit blauer Beschriftung!Diese gibt es nicht bei Amazon, weil das seit Anfang 2025 zwingend notwendige Aufklärungsgespräch bei jedem Kauf von Biozidprodukten, hierzu nicht angeboten wird.Für das im Vergleich völlig unwirksame Repellent von Ardap, betrifft natürlich sämtliche Untervarianten, egal ob Flöhe, Milben etc, sind die Preise höchst überzogen und herausgeschmissenes Geld.Schließlich muß ich einige Insekten zwingend Abtöten und nicht vertreiben, um größere Verbreitung und Gefahren zu verhindern.Dazu kommt daß der Preis für Ardap Repell vom Preis identisch hoch mit dem gut wirksamen Pro und somit erst recht unverschämt überteuert ist.Am besten aus Polen und Italien. Da erhält man gute, wirkungsvolle und sehr preiswerte Mittel ohne Gespräch etc."
DE,B0DG5ZJHRV,Produktinfo,Reviewed in Germany on 21 May 2026,1,"Ich weiss nicht was dort bewertet wird warscheinlich ARDAP Pro Ungezieferspray (Klassiker): Enthält die Wirkstoffe Permethrin und Pyrethrum. Dieser hier nicht was ich zu meinem leitwesen feststellen musste . denn dies produkt ARDAP Repell Ungezieferspray: Eine alternative Formulierung auf Basis natürlicherer Wirkstoffe wie Chrysanthemen-Extrakt und Geraniol. Es dient primär der präventiven Abwehr und hält Insekten fern, ohne sie zwingend direkt zu töten.Der klassiker ist bei Amazon nicht zu beziehen.Es ist mehr eine fast biologische Abwehr Kein Gift: ARDAP Repell basiert auf Geraniol und Chrysanthemen-Extrakt. Es ist ein Abwehrmittel (Repellent), kein Vernichtungsmittel.Nur Vertreibung: Es tötet Insekten in der Regel nicht sofort. Es riecht für die Schädlinge einfach nur extrem unangenehm, sodass sie den Ort meiden sollen.Der „Verduftungs-Effekt“: Genau wie Parfüm verfliegt der Wirkstoff (und damit die Wirkung) sehr schnell. Man muss ständig nachsprühen. Ist OK aber man sollte das wissen."
DE,B0DG5ZJHRV,Anderes Spray als früher OHNE Hauptwirkstoff!!!,Reviewed in Germany on 17 June 2026,1,"Mehr oder weniger Betrug: das Spray sieht genauso aus wie bisher, hat aber eine ANDERE  Rezeptur: die wichtigen und wirksamen Inhaltsstoffe Permethrin sind nciht mehr drin! Jetzt nur noch Crysanthemen und Geraniol. Sprich: absolut verminderte Wirkung zum fast gleichen Preis. Das ist absoluter Betrug am Verbraucher. Die Krönung: amazon offeriert einem eine ""Rücksendung"", aber auf dem ""etikett"" steht dann: ausreichend frankieren.... Auch hier absolut unseriös.Solche Verkäufer werde ich in Zukunft meiden. Augen auf bei den bekannten Produkten: es ist nun schon das zweite Mittel, wo die Rezeptur um die eigentlichen Wirkstoffe gekürzt wurde! Absolute Frechheit."
DE,B0DG5ZJHRV,Stinkt und hält nicht mal einen Tag,Reviewed in Germany on 28 June 2026,1,"Dieses Spray stinkt dermaßen und hält nicht mal einen Tag vor. Wirkt nur wenn man die Ameisen direkt ansprüht und am nächsten Tag sind die Ameisen genau an derselben Stelle wieder aufgetaucht und munter drauflos gekrabbelt.Absolut NICHT EMPFEHLENSWERT!!!Das beste Ameisenspray hat Amazon leider nicht mehr im Sortiment.Protect Home FormineX Ungeziefer & Ameisen Spezialspray (1000 ml) ist super, riecht nicht und hält einige Tage vor."
DE,B0DG5ZJHRV,Nicht für Ameisen geeignet,Reviewed in Germany on 27 June 2026,1,"Leider bietet das Produkt keinen langanhaltenden Schutz. Es wirkt nur gegen die Ameisen, die zum Zeitpunkt des Auftragens vorhanden sind. Sobald das Mittel getrocknet ist, kommen wieder neue Ameisen.Wir hatten gehofft die Ameisen auf unseren Terrassenplatten mit diesem Mittel fernzuhalten, leider hält das Produkt meiner Meinung nach nicht, was es verspricht.Ich würde dieses Spray zur Ameisenbekämpfung nicht noch einmal kaufen."
DE,B0DG5ZJHRV,Ardap Rezeptur geändert,Reviewed in Germany on 5 July 2026,1,"Enttäuscht,  wir als Familie haben Areal sehr gefeiert und immer mal wieder nachgekauft aber die Wirkung des Sprays ist nicht mehr dass was es mal war!! Wir werden uns für Alternativen umschauen müssen. Die Stechmücken und Fliegen überleben obwohl beim sprühen nicht gespart wird"
DE,B0DG5ZJHRV,Wirkungslos,Reviewed in Germany on 16 June 2026,1,"Dieses Jahr ist es wirklich schlimm mit den Fliegen. Daher habe ich mir dieses gut bewertete Insektenspray gekauft. Voller Vorfreude endlich die Fliegen Plage zu beseitigen, habe ich dieses Mittel eingesetzt. Leider ohne Erfolg. Auch nach mehrmaligem und ausgiebigen Sprühen fällt keines der Viecher von der Wand. Im Gegenteil. Auch nach einer Stunde fliegen die Biester immer noch unbeeindruckt weiter. Das wird zurückgesendet."
DE,B0DG5ZJHRV,Leider taugt es nichts mehr,Reviewed in Germany on 17 June 2026,1,"Leider hat es nicht mehr die Wirkung wie das ehemalige ARDAP, welches ich Jahrelang genutzt habe und immer zu frieden war. Dieses Produkt ist absolut minderwertig. Auch das man auf der Flasche schon vermerkt das wenn man was vernünftiges, mit Langzeit Wirkung, haben möchte, die pro Version kaufen soll, ist schon mehr als makaber."
DE,B0DG5ZJHRV,Wertlos,Reviewed in Germany on 31 May 2026,1,"Bringt nichts, die neue formulierung hält die insekten vielleicht für nen kurzen moment fern aber bringt letztendlich nichts , keine langzeit wirkung muss jeden tag neu drauf gesprüht werden und wird daher abnormal teuer auf dauer , kann man genausogut andere billigere sachen nehmen, das original hat funktioniert aber das bekommnt man ja so gut wie garnicht mehr."
DE,B0DG5ZJHRV,Absolut unwirksam bei Fliegen,Reviewed in Germany on 3 July 2026,1,"Also gegen Fliegen kann man dieses Spray in die Tonne klopfen, die werden noch nicht mal betäubt…Musste die Fliegen alle mit der Fliegenklatsche abmurksen. Schade, dass man keine Minuspunkte geben kann."
DE,B0DG5ZJHRV,Leider weniger wirksam als die PRO Version,Reviewed in Germany on 30 June 2026,1,"Dieses Produkt ARDAP Repell arbeiten rein abwehrend (repellierend) mit natürlichen Wirkstoffen... ich hätte lieber für wenig mehr die PRO Variante kaufen sollen, schade erst später die Rezensionen gelesen."
DE,B0DG5ZJHRV,Irreführend,Reviewed in Germany on 4 July 2026,1,Was ist denn das für eine Version? Es wirkt nicht und verursacht Kopfschmerzen. Die Pro Variante hat jahrelang problemlos gewirkt. Totaler Fehlkauf…
DE,B0DG5ZJHRV,Nutzlos,Reviewed in Germany on 2 July 2026,1,Bringt überhaupt nichts mehr! Das früher ARDAP war um einiges besser. Jetzt sprüht man und hört die Fliegen lachen. Grottenschlecht!!!
DE,B0DG5ZJHRV,Nutzlos,Reviewed in Germany on 26 June 2026,1,"Nutzlos! Alte Kommentare beziehen sich auf das Insektizid nicht auf die neuen frei verkäuflichen Produkte, die keine Insekten abtöten. Verkäufer überteuert und übernimmt keine Rücksendekosten."
DE,B0DG5ZJHRV,Super war es mal. Das neue ist zum wegwerfen und den Preis nicht wert,Reviewed in Germany on 8 June 2026,1,"Sorry, bei meiner 1. Bewertung habe ich noch mein altes benutzt wovon ich noch 1 Flasche habe. Gott sei Dank. Das Repell wirkt, jede Ameise muss extra besprüht werden. Nicht mal 1 Stern wert."
DE,B0DG5ZJHRV,Schlecht,Reviewed in Germany on 1 July 2026,1,Guten Tag gute Erwartungen gehabt leider enttäuscht kann nur abraten viel Geld für nichts  .
DE,B0DG5ZJHRV,Wirkt nicht mehr,Reviewed in Germany on 27 May 2026,1,"Wirkt nicht mehr mal gegen Ameisen,,seit vielen vielen Jahren kauf ich Ardap,,auf meiner Terrasse hab ich Ecken eingesprüht,,die mindestens 6 Wochen Spinnen frei war,funktioniert überhaupt nicht mehr,schade für das teure Geld"
DE,B0DG5ZJHRV,Neue Rezeptur - Null Wirkung,Reviewed in Germany on 10 June 2026,1,"Rezeptur geändert ohne Information. Völlig wirkungsfrei. Wirkstoff aus Geranien. Geht zurück. Ist ja in Ordnung, aber ohne Info geht gar nicht."
DE,B0DG5ZJHRV,Wirkt nicht mehr - pro erforderlich,Reviewed in Germany on 19 June 2026,1,"Nur kurze Abwehr , kein LangzeitschutzLieber wieder das Ardap Pro im Einzelhandel kaufen"
DE,B0DG5ZJHRV,Rezeptur nun verändert,Reviewed in Germany on 30 May 2026,1,Die Rezeptur ist laut den neuen EU Bestimmungen nicht mehr wie früher nun ist das Produkt nur noch... Die alten Rezessionen sollten wegen irre Führung eliminiert werden
DE,B0DG5ZJHRV,Null Wirkung,Reviewed in Germany on 1 July 2026,1,Ohne Wirkung leider
DE,B0DG5ZJHRV,Unzufrieden,Reviewed in Germany on 6 June 2026,1,"Würde ich nicht empfehlen, wenn Du sprichst hast Du Ruhe. Danach erholen sich die Mücken bzw. Fliegen wiede also nichts gewonnen."
DE,B0DG5ZJHRV,Insekten Sprey,Reviewed in Germany on 16 June 2026,1,Leider nicht zu empfehlen  ein klebrigen Etwas das alles darum herum verkleistert.
DE,B0DG5ZJHRV,Hilft nicht gegen Ungeziefer,Reviewed in Germany on 23 May 2026,1,Hilft überhaupt nicht!  Es soll angeblich abschreckend wirken. Da lachen ja die Fliegen. Repell hilft nicht! Dagegen ist das Pro Spitze.
DE,B0DG5ZJHRV,Schlechter als der Vorgänger,Reviewed in Germany on 15 August 2025,1,"Ich hab es mir nur gekauft weil ich dachte das es genauso gut ist wie der Vorgänger (die 6 Wochen Version), da ich gern mal sehr viele Mücken im Haus habe und ich davor mit der 6 Wochen Version nie Probleme hatte und sich die Firma auch noch gedacht hat die 6 Wochen Version mit der Repell Version zu ersetzten dachte ich mir das es wohl genauso gut bzw besser ist, bis jetzt ist die Repell Version das schlechteste was ich jemals gekauft habe und nicht mal mehr zurückgeben kann, ich sprühe das auf Fliegen, da passiert nichts, ich sprühe es auf Mücken, da passiert ebenfalls nichts, ich sprühe sogar auf die selbe Mücke das 15te mal und selbst dann passiert da nichts, bei der damaligen 6 Wochen Version hat man Original nur einen Sprühstoß gebraucht und das Vieh war innerhalb von maximal 1 bis 2 Minuten dahin, mein Tipp an die Firma wäre das Ihr die 6 Wochen Version wieder listen solltet als diese Produktionsverschwendung."
DE,B0DG5ZJHRV,Nicht mehr das Alte,Reviewed in Germany on 2 May 2026,1,"Wirkungslos, hat nichts mit dem alten ARDAP gemein.Viel zu teuer! Beim Discounter um die Ecke bekommt man so was vergleichbares für ein Drittel."
DE,B0DG5ZJHRV,Wirkungslos,Reviewed in Germany on 28 May 2026,1,Mittel zeigt auf Ameisen keinerlei Wirkung.
DE,B0DG5ZJHRV,Nicht mehr wirksam,Reviewed in Germany on 24 July 2025,1,"Als Katzenbesitzer auf dem Land nutze ich ARDAP-Produkte eigentlich schon seit Jahren und war immer sehr zufrieden. Viel besser als Produkte der Konkurrenz. Das neue Mittel mit PT 19 statt PT 18, das hier seit einiger Zeit auf Amazon angeboten wird, scheint nun aber völlig nutzlos gegen Buckelfliegen zu sein. Man kann die Fliegen direkt damit ansprühen, aber das interessiert sie nicht. Früher haben ein paar Sprühstoße aus 1-2 Meter Entfernung gereicht und das Problem war nachhaltig beseitigt.Heutzutage kann man also entweder den Kammerjäger rufen oder wie in meinem Fall, am Wochenende in einen auf der ARDAP-Webseite genannten 32 Kilometer entfernten Baumarkt fahren, um dort hoffentlich nach einem Beratungsgespräch die PT 18-Version des Sprays zu erhalten. Jedenfalls kann ich das Spray in einer wirksamen Form nicht mehr bei Amazon bestellen.Und wer glaubt, dass Essigfallen o.ä. Dinge helfen, der täuscht sich leider. Das interessiert Buckelfliegen leider gar nicht. Da kann man sich auch gleich das Geld für solche Fallen sparen, genauso wie für das ARDAP-Spray mit PT 19."
DE,B0DG5ZJHRV,Schlecht,Reviewed in Germany on 8 June 2026,1,Bringt garnix.
DE,B0DG5ZJHRV,Nicht so toll,Reviewed in Germany on 27 April 2026,1,"Vorsicht , wer immer das Produkt mit der blauen Schrift hatte. Dieses Mittel hat keine Langzeitwirkung nicht. Da kann man auch was billiges kauft"
DE,B0DG5ZJHRV,Kein Biozid wie 2019,Reviewed in Germany on 18 April 2026,1,"Nicht dasselbe Produkt von 2019. es ist nicht mehr das ultrastarke Biozid was alle Krabbelviecher abgetötet hat. Schwach in der Wirkung, Mogelpackung."
DE,B0DG5ZJHRV,Müll,Reviewed in Germany on 21 April 2026,1,"Mit der neuen Verordnung, hat das spray 0,0 Wirkung....Rausgeschmissenes Geld komplett unbrauchbar und die fliegen finden das spray anscheinend geil...."
DE,B0DG5ZJHRV,"Gleicher Name, völlig anderer Inhalt – Kunden­täuschung",Reviewed in Germany on 19 August 2025,1,"Ich habe dieses Spray früher gekauft und war sehr zufrieden – es hat wirklich funktioniert: ein Sprühstoß und die Insekten waren sofort tot. Jetzt habe ich es erneut bestellt, aber festgestellt, dass die Zusammensetzung komplett geändert wurde!Früher enthielt es:Permethrin (starkes Insektizid),Pyrethrine (aus Naturpyrethrum),Piperonylbutoxid (Verstärker).Jetzt enthält es nur noch:Chrysanthemum-cinerariaefolium-Extrakt (natürliches Pyrethrum),Geraniol.Das bedeutet: Früher war es ein stark wirksames Mittel, heute ist es praktisch nur ein „Öko-Spray“, das fast nichts bewirkt. Ich habe es getestet: Nach 10 Sprühstößen flog die Motte immer noch über eine Stunde lang weiter!Für mich ist das Täuschung: Das Produkt wird unter demselben Namen verkauft, aber der Inhalt ist völlig anders und wirkungslos. Reine Geldverschwendung. ❌ Ich kann dieses Produkt niemandem empfehlen!"
DE,B0DG5ZJHRV,Wirkt nicht.,Reviewed in Germany on 13 November 2025,1,Wir waren immer Fan von Ardap. Alle Ungeziefer waren schnell und langfristig weg. Leider war unsere alte Flasche jetzt leer und ich musste neues kaufen. Wir haben leider Last mit Fruchtfliegen in der Küche. Ich habe jetzt bereits zum dritten Mal gesprüht. Ich habe reichlich gesprüht und über Nacht einwirken lassen. Als ich morgens in die Küche gekommen bin haben mich die Fruchtfliegen wie gewohnt putzmunter begrüßt. Leider ist das neue Ardap absolut nicht zu empfehlen.
DE,B0DG5ZJHRV,ARDAP Repell Ungezieferspray 750ml - Insektenspray bei akutem Ungezieferbefall,Reviewed in Germany on 4 January 2026,1,"Absolut ineffektiv. Nach längerer Abwesenheit hatte ich Fruchtfliegen in der Speisekammer. Das ist natürlich meine Schuld, da ich vergessen hatte den gelben Sack vorher zu wechseln. Das Einsprühen der Kammer (und das nicht zu knapp) hatte leider nur minimalen Erfolg. Das taugt höchstens als Deo Spray. Oder die Fruchtfliegen sind immun gegen dieses Mittel!"
DE,B0DG5ZJHRV,Unwirksam,Reviewed in Germany on 2 April 2026,1,Unwirksam
DE,B0DG5ZJHRV,Kein Effekt auf kleine Fliegen.,Reviewed in Germany on 3 March 2026,1,"Das Mittel bringt einfach nichts, kann auch nicht weil nur Duftstoffe enthalten sind. Rausgeschmissenes Geld."
DE,B0DG5ZJHRV,Bei und leider erfolglos,Reviewed in Germany on 30 August 2025,1,"Bin leider überhaupt nicht zufrieden und bereue es aufgrund der Positiven Bewertungen direkt die größte Packung bestellt zu haben. Hatten es mit im Urlaub, da im Süden ja oft viele Insekten sind, Mücken etc. Hab die Tiere zum Teil sogar direkt angesprüht aber selbst das hat nichts geholfen. Ich hab die Zimmer so eingenebelt.  Türen und Fenster zu und dann war das auch stundenlang so bis wir wieder im Haus waren und trotzdem betrittst du die Wohnung und es krabbelt oder fliegt immer noch was umher.... schade... ich würde es nicht mehr kaufen...."
DE,B0DG5ZJHRV,Enttäuschende Wirkung,Reviewed in Germany on 14 November 2025,1,"Ich hatte mir viel versprochen, als ich die Bewertungen gelesen habe. Leider kann ich die Wirkung des Produkt nur als ungenügend bewerten. Ich habe immer wieder mal Obstfliegen. Die Wirkung des Produkts ist gleich null. Da bleibe ich lieber bei meinem altbewährtem Mittel. Außerdem ist der Geruch des Produktes furchtbar. Es reizt die Schleimhäute und geht voll auf die Bronchien."
DE,B0DG5ZJHRV,Lieber ein anderes Produkt,Reviewed in Germany on 1 September 2025,1,"Finde diesen Artikel schlecht. Ich hatte keine  große Erwartungen.. und selbst die sind nicht mal ansatzweise erfüllt.. egal in welcher Dosis ich es sprühe, egal wohin ich es sprühe.. es juckt die Insekten nicht.. und dann für den preis, also ich finde es heftig.Also ich kaufe es nicht mehr, kann es nicht empfehlen.. ich würde jetzt an der stelle am Liebsten ein anderen Hersteller erwähnen von dem ich anschließend das Produkt getestet habe mit dem ich super gute Erfahrung gemacht habe.. aber das wäre zu gemein."
DE,B0DG5ZJHRV,"Das ist nicht Ardap ""Pro""!!",Reviewed in Germany on 23 July 2025,1,"LASST EUCH NICHT TÄUSCHEN!Es handelt sich hierbei nicht um das bewährte Ardap ""Pro"", womit ich erfolgreich Ungeziefer bekämpft habe, sondern um ""Repell"". Habe mich gewundert, warum es nicht mehr so gut wirkt. Liegt daran, dass der Wirkstoff Permethrin als Insektizid seit 1.1.2025 nicht mehr frei ohne sinnloses Verkaufsgespräch erhältlich ist. Die Dose wurde demnach rebranded und still hier ausgetauscht. In meinem Unwissen habe ich das ganze Jahr regelmäßig dieses wirkungslose Mittel gekauft.Lasst euch nicht auch verarschen."
DE,B0DG5ZJHRV,taugt nichts,Reviewed in Germany on 19 December 2025,1,"entweder meine OBSTFLIEGEN tragen ""Gasmasken"" oder das Zeug wirkt nicht. Selbst nach direckten besprühen, wollen die einfach nicht den Löffel abgeben.  Selbst nach 20 Minuten, ist immer noch reger Flugverkehr festzustellen."
DE,B0DG5ZJHRV,Achtung! Neue nutzlose Version des beliebten Vorgängers!,Reviewed in Germany on 18 June 2025,1,"Achtung! Ardap Repell ist die 2025er Version des Insektenvernichters Ardap Pro. Die neue Repell Version ist vergleichsweise nutzlos, da sie keine präventive Wirkung mehr hat. Die alte Pro Version darf man dank neuer Bestimmungen in Deutschland als erwachsener und umsichtig agierender Mensch nicht mehr einfach so kaufen, deshalb gibt es die hier bei Amazon auch nicht. Bin leider auch drauf reingefallen und konnte das Zeug nicht mal zurück schicken, da es scheinbar unter Gefahrgut läuft. Das einzige was hier vernichtet wird ist also mein Geld."
DE,B0DG5ZJHRV,Nicht gut,Reviewed in Germany on 7 December 2025,1,"Achtung das ist noch der Vorhänger Pro , sehr unzufrieden die alte Version hat mehrere Wochen Monate gehalten ohne fliegen . Jetzt alle zwei Tage das selbe Problem . Einfach nur enttäuscht"
DE,B0DG5ZJHRV,Enttäuschend – wirkt überhaupt nicht!,Reviewed in Germany on 2 July 2025,1,"Enttäuschend – wirkt überhaupt nicht!Ich habe das Spray bei akutem Ungezieferbefall gekauft und war voller Hoffnung, dass es endlich Abhilfe schafft. Leider wurde ich komplett enttäuscht: Ich habe das Nest mittlerweile drei Mal gründlich eingesprüht – jedes Mal großzügig und laut Anleitung – aber die Insekten leben weiterhin fröhlich und unbehelligt. Von „schnell und effektiv“ kann hier absolut keine Rede sein. Das Produkt erfüllt seinen Zweck nicht im Geringsten und ist meiner Meinung nach kein bisschen empfehlenswert. Schade ums Geld."
DE,B0DG5ZJHRV,Wirkungsloses Nachfolgeprodukt,Reviewed in Germany on 13 October 2025,1,Ganz offensichtlich hat Ardap seine Zusammensetzung geändert. Vor wenigen Jahren genügte das Einsprayen von Fensterrahmen um Fruchtfliegen abzutöten und eine weitere Besiedlung zu verhindern. Wespen wurden sicher in Schach gehalten. Derzeit zeigt Ardap nur eine minimale Wirkung und ist definitiv keine Empfehlung mehr. Kein weiterer Kauf von unserer Seite.
DE,B0DG5ZJHRV,Keine oder kaum Wirkung u. A. bei Fliegen,Reviewed in Germany on 2 December 2025,1,"Leider wirkt es nicht, habe bereits oft und viel genutzt für Fliegen im Bad, doch die Fliegen bleiben weiter! Traurig! 0 Punkte"
DE,B0DG5ZJHRV,Hilft leider nur wenig,Reviewed in Germany on 2 July 2025,1,"Hilft nur wenig. Ich habe nun das 5 mal gesprüht in meiner Küche, da ich so viele Obstfliegen habe und jeden Morgen schauen sie mich wieder an. Außerdem kommt die Flüssigkeit aus dem Sprühkopf gelaufen beim Sprühen... herrliche Sauerei mit nur wenig Erfolg. Darum ist warscheinlich die Flasche auch so groß... man braucht ja seeeehr viel um 4 Fliegen zu erwischen.Also lieber die bekannten Produkte verwenden."
DE,B0DG5ZJHRV,Leergeld,Reviewed in Germany on 26 September 2025,1,"Tötet nicht mal mehr Fliegen, bin leider total enttäuscht. Benutze es seit Jahren, war immer zufrieden und jetzt ist es auf einmal nutzlos. Denke das liegt an der Gesetzesänderung im Bezug auf freiverkäufliche Biozide. Sehr schade."
DE,B0DG5ZJHRV,Sehr schlecht,Reviewed in Germany on 27 December 2025,1,Null Sterne wären besser
DE,B0DG5ZJHRV,Nicht so gut,Reviewed in Germany on 24 November 2025,1,Ich fand ihn nicht gut da noch nicht mal obstfliegen davon gestorben sind
DE,B0DG5ZJHRV,Leider erfolglos,Reviewed in Germany on 18 August 2025,1,"Ich weiß ja nicht ob bei mir besondere mutierte Insekten leben, aber die interessiert das Spray absolut gar nicht. Egal an welche Stelle, wie viel oder auch der unmittelbare Kontakt mit dem Insekt … erfolglos. Hatte mir viel erhofft aufgrund der positiven Bewertungen, bin aber leider enttäuscht worden."
DE,B0DG5ZJHRV,Deo Spray für Käfer und sonstiges Gesindel,Reviewed in Germany on 24 October 2025,1,Der Speckkäfer und sein Frühstadium als Larve haben sich die Achseln besprühen lassen gelächelt und Gewunken und sind dann weiter gegangen.
DE,B0DG5ZJHRV,Leider stirbt keiner,Reviewed in Germany on 31 August 2025,1,Es hält die Viecher angeblich nur fern. Aber leider sterben sie nicht. Das find ich nicht gut. Ich wollte tote fliegen und spinnen. Die kommen trotzdem rein obwohl ich die Rahmen besprüht habe. So ein Schrott total für die Füße
DE,B0DG5ZJHRV,Völlig unwirksam,Reviewed in Germany on 4 September 2025,1,"Das Mittel ist im Vergleich zu dem, welches wir davor hatten, regelrecht nutzlos. Da könnte man auch Parfüm sprühen und hoffen, dass die Fruchtfliegen davon sterben. Schade, da müssen wir uns wohl noch einmal nach etwas anderem umsehen."
DE,B0DG5ZJHRV,Geht nicht,Reviewed in Germany on 16 September 2025,1,Kauft es euch nicht da es keine Wirkung zeigt die fliegen trotzdem dort hin wo gesprüht wurde also Wirkung gleich 0 nicht empfehlenswert würde ich nicht mehr kaufen rausgeschmissenes Geld...
DE,B0DG5ZJHRV,Leider kaputt und fast leer!,Reviewed in Germany on 27 September 2025,1,Ärgerlich! Kam fast leer an mit kaputten Deckel. Umtausch möglich. Aber nur mit Drucker! Ärgerlich!Das Produkt hatte ich schon öfter das ist gut!
DE,B0DG5ZJHRV,Die Wirkung hat leider sehr nachgelassen.,Reviewed in Germany on 29 June 2025,1,Ich habe das Insektenspray von Ardap in den letzten Jahren immer wieder bestellt weil es super gewirkt hat. Leider ist das neue Repell Spray eine echte Enttäuschung. Trotz korrekter Anwendung werden die Fliegen weder vertrieben noch getötet. Sie sind lediglich etwas angeschlagen und fliegen hinterher munter weiter.Dieses Produkt werde ich nicht mehr kaufen. Schade.
DE,B0DG5ZJHRV,Ein Witz,Reviewed in Germany on 4 September 2025,1,"Das Zeug ist ein Witz. Es wird nichts abgewehrt...man hört die Fliegen förmlich drüber lachen. Ich hatte mal richtigen Giftspray von Ardap,der wirklich gewirkt hat. All das abgeschwächte Vergrämungszeug ist rausgeschmissenes Geld!"
DE,B0DG5ZJHRV,Leider enttäuschend,Reviewed in Germany on 26 October 2025,1,"Hält leider nicht was es verspricht, würde es nicht noch mal kaufen."
DE,B0DG5ZJHRV,Kaum Wirkung!!,Reviewed in Germany on 24 May 2025,1,Ich habe erstmal eine kleine Dose zum testen bestellt. Das war eine gute Entscheidung. Denn es ist nicht effektiv. Ich hätte die Ameisen auch mit Wasser besprühen können. Leider wirkt es nicht besonders. Oder man braucht sehr viel. Leider gibt es das Raid nicht mehr was ich vorher hatte. Das hat sehr gut gewirkt. Dieses werde ich nicht mehr bestellen weil unnötig.
DE,B0DG5ZJHRV,Produkt verwendet,Reviewed in Germany on 30 September 2025,1,"Dieses Produkt hat 750 ml, aber nach dem Wiegen hat es nicht das Gewicht, das auf der Verpackung angegeben ist."
DE,B0DG5ZJHRV,Produkt 2024 gegen 2025,Reviewed in Germany on 27 July 2025,1,"Seid Jahren kaufe ich dieses Ungezieferspray,muss dazusagen das ich dieses Produkt der Firma nicht mehr kaufen werde,der Preis ist explodiert und der Wirkstoff gesunken,auch das Ameisen Granulat im 3 kg Eimer bringt keine Wirkung mehr,also werde ich nach einer Alternative suchen in Zukunft. Mfg"
DE,B0DG5ZJHRV,Wirkung eher mangelhaft.,Reviewed in Germany on 1 September 2025,1,"Naja... Habe Fliegen und Mücken direkt angesprüht.Sie fliegen einfach davon und sterben dann irgendwann einen natürlichen Tod.Mir ist nicht aufgefallen, daß das Spray dies irgendwie beschleunigen würde... 😕"
DE,B0DG5ZJHRV,"Tut nicht, was es soll",Reviewed in Germany on 9 July 2025,1,"Was soll ich sagen, es tut nicht, was es soll, die Fruchtfliegen tangiert es nur, wenn sie direkt abgesprüht werden, ansonsten fliegen sie munter weiter. Leider nicht das Pro. Mir war nicht klar, das dies nicht die gleiche Wirkung hat , hätte es sonst nicht gekauft."
DE,B0DG5ZJHRV,KEINE Empfehlung!!!!!!,Reviewed in Germany on 11 August 2025,1,Leider komplett wirkungslos. Trotz mehrfacher Anwendung im geschlossenen Raum waren am nächsten Tag noch genauso viele Fliegen da wie vorher. Es gibt deutlich bessere Produkte. Für mich eine reine Enttäuschung. Keine Weiterempfehlung!
DE,B0DG5ZJHRV,Wirkungslos,Reviewed in Germany on 13 August 2025,1,"Sorry, aber die Wirkung des Sprays ist gleich Null. Das wirklich ausführliche Sprühen an unseren Terrassentüren bringt leider gar nichts. Keine Ameise oder Fliege wird davon abgehalten ins Haus zu kommen."
DE,B0DG5ZJHRV,Super,Reviewed in Germany on 14 September 2025,1,Wo ist mein Paket ich habe am 30.05. 2026 bestellt und bis jetzt ist nichts gekommen.MFGCuglowski
DE,B0DG5ZJHRV,Schwach,Reviewed in Germany on 10 July 2025,1,"Das Zeug ist sehr schwach,  die fliegen wischen sich einfach den Körper ab und fliegen weiter... teilweise überleben sie auch... bin echt enttäuscht... bei anderen Mitteln geht es viel schneller und man hat seine Ruhe das brummen geht in dem Fall weiter..."
DE,B0DG5ZJHRV,Wirksamkeit,Reviewed in Germany on 21 August 2025,1,Hat nicht meinen Erwartungen entsprochen. Die kleinen Fliegen waren von dem Spray unbeeindruckt und sind weiter durch den Raum geflogen. Schade um das schöne Geld...
DE,B0DG5ZJHRV,ok,Reviewed in Germany on 15 November 2025,1,ok
DE,B0DG5ZJHRV,Von Top zu Flop,Reviewed in Germany on 3 August 2025,1,"Früher top, heute enttäuschend. Ich nutze ARDAP seit Jahren – früher reichte einmal sprühen, und wochenlang war Ruhe. Jetzt wirkt es kaum noch. Schade, die Qualität hat stark nachgelassen."
DE,B0DG5ZJHRV,"Nicht mehr das, was es war!",Reviewed in Germany on 16 July 2025,1,"Ardap war immer das Mittel gegen Fliegen, Mücken etc. Anscheinend wurde nun die Rezeptur verändert 🥴 Evtl. neue Vorgaben 🤷Sämtliches Ungeziefer beeindruckt das Sprühen überhaupt nicht mehr. Alles fliegt munter weiter.Sehr nervig!"
DE,B0DG5ZJHRV,Nie mehr,Reviewed in Germany on 25 July 2025,1,"teuer mit wenig Wirkung. Ich hatte Jahre vorher günstigere Sprays mit absoluter Wirkung. Diese Jahr scheint es, als gäbe es, auch von anderen Herstellern, nur teure und wenig wirksame Sprays"
DE,B0DG5ZJHRV,Keine Rücksendung möglich trotz defekt,Reviewed in Germany on 22 June 2025,1,"Der Artikel kam bereits defekt und ohne Düse an. Dennoch war ein Umtausch oder Rückgabe nicht möglich.  Selbst wenn man auf ""Artikel defekt"" geht kommt hinterher die Meldung das Rücknahmen ausgeschlossen sind. Sehr ärgerlich für den Preis.. Besser Finger weg lassen."
DE,B0DG5ZJHRV,Wirkt nicht!,Reviewed in Germany on 22 June 2025,1,"zumindest das AmeisenVolk zeigt einen den Dicken daumen. Man sprüht es auf, aber diese Viecher gehen nicht kaputt. Mag bei anderen ungeziefer wirken, bei denen nicht.Da Empfehle ich das pulver der Firma für oder gegen Ameisen, das ist Top!"
DE,B0DG5ZJHRV,Für mich nicht zu gebrauchen,Reviewed in Germany on 13 April 2025,1,Wirkung ist bis jetzt bei allen Insekten sehr gut. Der Geruch ist für mich nicht angenehm und ich lüfte danach immer das Zimmer.Leider ist es jetzt nur noch als Reppell auf Amazon verfügbar und da ist es wie jedes andere Insektenspray. Das bessere Pro muss ich im Geschäft kaufen.Deshalb nur noch ein Stern
DE,B0DG5ZJHRV,Inefficient amd Useless,Reviewed in Germany on 17 August 2025,1,This spry doesn't work at allIt doesn't have any effect on insects! Even small flies
DE,B0DG5ZJHRV,Insekten Doping 🙄,Reviewed in Germany on 23 August 2025,1,"Das ist Doping für alle Insekt-Arten, auf gar keinen Fall Insektenvernichter,,,,also nie wieder!!!!"
DE,B0DG5ZJHRV,Bringt nichts,Reviewed in Germany on 24 July 2025,1,Hat überhaupt nicht geholfen!!Wir haben Lebensmittel fliegen in der Küche und das Spray hat überhaupt nicht geholfen.Sehr schade ums Geld…
DE,B0DG5ZJHRV,Insektenspray Ardap,Reviewed in Germany on 6 July 2025,1,Taugt nichts. Besprühte Flächen besuchen die Wespen wie vorher auch. Den kurzen Moment des Spühgeräusches mögen die Wespen nicht. Danach sind sie sofort wieder da. Keine einzige Wespe ist verendet.
DE,B0DG5ZJHRV,Nicht empfehlenswert,Reviewed in Germany on 14 August 2025,1,"Ameisen, Fliegen und Fruchtfliegen lachen sich ins Fäustchen, wenn sie damit besprüht werden. Keine Kaufempfehlung"
DE,B0DG5ZJHRV,"Erfüllt nicht den gewünschten Effekt, Insekt lebt fröhlich weiter.",Reviewed in Germany on 26 June 2025,1,"Laut Namen habe ich etwas anderes erwartet! Es ist nicht so funktional wie gedacht, auch nicht so wie mal war!Es hat die fliegen überhaupt nicht gestörrt.Kein weiterer Kauf!"
DE,B0DG5ZJHRV,Komplett unbrauchbar,Reviewed in Germany on 18 July 2025,1,"Komplett unbrauchbar. Auch nach mittlerweile 10 maligem Versprühen einer großen Menge in einem kleinen, abgeschlossenem Raum nahezu keine Reduktion des Fruchtfliegenbefalls. Definitiv kein Biozid."
DE,B0DG5ZJHRV,nutzloses zeug,Reviewed in Germany on 22 August 2025,1,nutzlosich glaube die fliegen wachsen dadurchwirkt nicht.
DE,B0DG5ZJHRV,Wie jedes andere Insektenspray,Reviewed in Germany on 5 August 2025,1,Wirkt nicht wie angegeben sondern wie jedes andere Insektenspray auch ist nur erheblich teurer.
DE,B0DG5ZJHRV,Beschädigte Ware,Reviewed in Germany on 2 August 2025,1,"Leider kann ich über dieses Produkt kein Feedback angeben, da es beschädigt bei mir ankam."
DE,B0DG5ZJHRV,Hilft nicht,Reviewed in Germany on 22 August 2025,1,"Hilft nicht , das alte war viel besser"
DE,B0DG5ZJHRV,Kaum wirkung,Reviewed in Germany on 18 July 2025,1,Leider hilft es gar nicht schade das es das Ardap Pro hier  nicht mehr gibt  das war super
DE,B0DG5ZJHRV,Nicht Empfehlenswert,Reviewed in Germany on 17 August 2025,1,Sehr teuer und hilft dem Hersteller. Absolut keine Wirkung
DE,B0DG5ZJHRV,Wirkungslos,Reviewed in Germany on 31 May 2025,1,Die Repell Reihe ist leider ein Witz. Aufgrund von neuen Gesetzen darf das richtige nicht mehr einfach über Online Handel verkauft werden. Geht auf die Ardapseite und schaut nach welches Geschäft in eurer Nähe die richtigen Sprays vertreibt
DE,B0DG5ZJHRV,Nuzloss,Reviewed in Germany on 21 September 2025,1,"Tòtet mùcken nicht,nuzloss."
DE,B0DG5ZJHRV,Wirkung untern Null,Reviewed in Germany on 4 May 2025,1,Ich verstehe die anderen Bewertungen nicht. Mit diesem Mittel kann man Fliegen duschen und die schütteln sich kaum. Dafür stinkt es so erbärmlich dass meine Frau anschließend alle Fenster aufreißt und damit sind noch mehr Fliegen drin und die Wärme draußen. Bringt nix.
DE,B0DG5ZJHRV,Null zufrieden.,Reviewed in Germany on 2 August 2025,1,"Reinfall, leider nicht genau gelesen, Mittel verfügt über keinen Langzeitschutz!"
DE,B0DG5ZJHRV,Erfüllt nicht seinen Zweck,Reviewed in Germany on 24 July 2025,1,"Also bei mir hat es gegen Fliegen gar nicht geholfen, wofür ich das gekauft habe."
DE,B0DG5ZJHRV,Wirkt nicht,Reviewed in Germany on 26 July 2025,1,"Tut nicht was es tuen soll. So viel Geld für nichts , Danke schön."
DE,B0DG5ZJHRV,So ein Mist!!!!,Reviewed in Germany on 25 May 2025,1,Beim ersten Mal Besprühen der Testfliege gechah: Nichts!Beim zweiten Mal fing sie sich an zu putzen.Beim dritten Mal wirkte sie gelangweilt.Ein viertes Mal gab es nicht. Meine erboste Frau hat das klassisch geregelt.
DE,B0DG5ZJHRV,Wirkungslos,Reviewed in Germany on 23 August 2025,1,Produkt ist bei mir wirkungslos :-(
DE,B0DG5ZJHRV,Geldverschwendung,Reviewed in Germany on 26 July 2025,1,Zwei Fliegen haben sich totgelacht . Der Rest fliegt munter weiter.
DE,B0DG5ZJHRV,Das stärkste!,Reviewed in Germany on 19 November 2025,5,"ARDAP Repell ist eines der stärksten Insekten- und Parasiten-Sprays im frei verkäuflichen Bereich. Es richtet sich an Haushalte, die aktiv gegen Insekten wie Ameisen, Silberfische, Spinnen, Fliegen, Stechmücken, Motten, Flöhe und andere Krabbel- & Fluginsekten vorgehen möchten.Die Wirkung basiert auf Pyrethroiden, die sehr effektiv, aber auch sehr umwelt- und tiergefährlich sind. Genau hier muss man wissen, was man tut und was man unbedingt lassen muss.Ich nutze ARDAP seit Jahren und kann sagen: Es funktioniert – aber es ist kein harmloses Haushaltsspray.---🧪 Wirkstoffe (online bestätigt):Permethrin – ein hochwirksames KontaktinsektizidTetramethrin – schneller Knock-Out-WirkstoffPiperonylbutoxid (PBO) – Wirkungsverstärker, der die Giftwirkung massiv erhöhtDiese Kombination gehört zu den stärksten, die ohne Gewerbeschein erhältlich ist.---⚠️⚠️⚠️ EXTREM WICHTIG: Für Aquarienbewohner TÖDLICH!(Und das muss man wirklich mehrfach betonen!)Pyrethroide wie Permethrin sind extrem fischgiftig. Sie blockieren die Atmung, das Nervensystem und zerstören die Kiemenfunktion.Schon winzigste Rückstände reichen aus, um Fische, Garnelen, Krebse oder Schnecken innerhalb kurzer Zeit sterben zu lassen.Das gilt selbst für:Mikrospritzer in der LuftAerosole, die sich auf der Wasseroberfläche absetzenRückstände an Händen, Kleidung oder WerkzeugenVerblasene Partikel, die durchs Zimmer ziehenNutzung in Räumen, in denen ein Aquarium auch nur stehtDARUM:Nie im selben Raum wie ein Aquarium sprühen!Nicht einmal im Nebenraum mit offener Tür!Nicht dort lagern, benutzen oder reinigen!Viele Halter berichten online, dass ihre Fische oder Garnelen bereits an ""unsichtbaren"" Dämpfen oder Partikeln verendet sind. Das ist keine Übertreibung – Pyrethroide sind für Wasserorganismen das pure Gift.---🐾 Weitere Tiere, für die es gefährlich ist:Katzen (können Pyrethroide schlechter abbauen)ReptilienAmphibien (Frösche, Axolotl etc.)Wirbellose: Schnecken, Garnelen, Krebse, Insekten-Haustiere (Ameisen, Spinnen, Tausendfüßer)ARDAP ist kein universell tierfreundliches Produkt – es wirkt genau so gnadenlos, wie es soll.---🏠 Wie gut wirkt es wirklich?Gegen AmeisenDirektkontakt → sofortige WirkungBarrierewirkung hält ca. 2–3 WochenSehr gut gegen Straßen- und PharaoameisenGegen SilberfischeAbsolut zuverlässigNester werden durch Barrierewirkung dauerhaft reduziertGegen SpinnenDirekte Wirkung starkAber Achtung: Spinnen sind nützlich → man sollte nur gezielt vorgehenGegen Mücken & FliegenFliegen fallen nach wenigen Sekunden/toter Winkel etwas längerMücken werden sofort getroffenGuter Knock-Down-EffektGegen FlohbefallNicht als einziges Mittel ausreichendIn Kombination mit Umgebungsspray + Saugen aber sehr starkGegen MottenWirkt, aber hier sind Mottenfallen meist besser geeignetBarriere auf Schränken sinnvollARDAP hinterlässt für 2–6 Wochen eine wirksame Insektenschutz-Schicht, je nach Material.---🧽 Reinigung & OberflächenverträglichkeitVORSICHT:Kann Kunststoffe leicht anlösenKann Oberflächen mattierenHinterlässt einen öligen FilmSollte nicht auf Glas, Klavierlack, Fernsehern oder Displays verwendet werdenAm besten auf:SockelleistenFugenUnter MöbelnFensterrahmenTerrassen- & KellereingängenDanach immer Hände waschen!---🌬️ Geruch, Nutzung & VorsichtsmaßnahmenGeruch:Intensiv chemischVerfliegt nach 30–60 Minuten LüftenWichtig:Immer mit geöffnetem Fenster oder draußen sprühenKinder & Haustiere fernhaltenNicht gegen den Wind sprühenNICHT in der Nähe von Lebensmitteln oder Küchenflächen---❗ Wiederholter Hinweis: Für Aquarien absolut ungeeignet – lebensgefährlich! ❗Viele unterschätzen das.ARDAP ist ein hochwirksames Nervengift für Wasserorganismen.Selbst wenn man nur ""10 Sekunden im Raum sprüht"", ist das Risiko für Fische oder Garnelen extrem hoch.Die Aerosole setzen sich überall ab – auch auf Wasseroberflächen.Bitte nie unterschätzen.---🧾 FazitDas ARDAP Repell ist eines der stärksten Insektensprays im Privatbereich:maximale Wirksamkeitlange Schutzdauerbreites WirkungsspektrumABER:Es ist nichts für Ungeübte, und definitiv lebensgefährlich für Aquarienbewohner und empfindliche Haustiere. Wer ein Terrarium, ein Nano-Aquarium oder Garnelenbecken hat, sollte das Spray am besten komplett meiden.⭐ Gesamtbewertung: 5/5 für Wirksamkeit – 1/5 für Aquarienverträglichkeit (tödlich!)"
DE,B0DG5ZJHRV,"War wirklich überrascht, wirkt super sogar die Silberfische kommen aus ihren Löchern und Sterben",Reviewed in Germany on 16 August 2025,5,"ich bin seit circa fast ein Jahr Katzenmama und liebe meine Katzen über alles ,hochwertiges Fleisch , genug Platz, genug klettern Möglichkeiten ,  Möglichkeit auf dem Balkon zu schlafen-sich aufzuhalten und nur das Beste vom Besten für meine kleinen Schätze. Somit hat es mich sehr getroffen, als ich erfahren hab, dass sie Flöhe haben. wie viele Katzenbesitzer völlig unklar, wie sie überhaupt da drangekommen sind. Man hat mir gesagt es können Flöhe von  irgendeinem Hund gewesen  sein,  den ich gestreichelt, hatte .Eine freilaufende Katze, die an mir vorbei läuft. Das kann auch einfach nur in irgendeinem Einkaufs Beutel sein oder an den Schuhen. Sie benutzen uns Menschen nur als kurzen Witz quasi als kleine Autobahn zu den nächsten haarigen Wirt, und Zack hat man die blöden Viecher schon bei sich in der Wohnung. Aufgefallen floh  kot!! i egal wo meine Katzen lagen, braune Krümel rum lagen. Diese braunen Krümel fand ich schon sehr komisch. Meine Mutter hatte mir von ihrem braunen Krümel erzählt und dann bin ich hellhörig geworden. Und tatsächlich habe ich dann gesehen, dass meine Katzen auch Flöhe haben. Meine Mutter hatte auf meinen beiden Katzen aufgepasst, weil ich vorübergehend verreist war und hat viel Zeit hier verbracht bei meinen beiden Schätzen. Und dann hat sich irgendwie übertragen. Ich habe sofort eine intensive Tablette vom Tierarzt bekommen. Extra gegen Flöhe  und erschreckt euch nicht, sobald die Katzen eine Tablette vom Arzt bekommt circa eine halbe Stunde später geht’s richtig los die zwicken sich die kratzen sich einige Katzen reagieren da sehr intensiv drauf. Meine britisch Kurzhaar war eigentlich ganz locker, aber meine europäisch kurzer, die war richtig hyperaktiv. Also die konnte wirklich gar nicht still sitzen. Und circa nach ein 2 Stunden waren sie verschwunden und haben stundenlang geschlafen. Dann hat man nach und nach gesehen, dass die Katzen wirklich, wenn sie sich gekratzt haben, die toten Flöhe oder teils Regung lose Flöhe abgeschüttelt haben. Die Flöhe beißen nach Tabletten richtig stark zu, weil sie nervös werden, weil das Blut anders schmeckt. Umso mehr sie beißen umso mehr nehmen sie von dem Gift auf und sterben. Die Tabletten brauchen nicht lange, bis sie wirken. 30 Minuten und nach einem Monat muss man den noch einmal eine geben. Aber gut jetzt zu dem Spray.Ich hab wirklich Panik geschoben, weil wir so viele gesagt haben, wie giftig das ist. Du musst da so viel aufpassen. Es ist so schlimm.Ja, das ist es auch für Katzen, aber man muss nicht denken, wenn sie etwas davon kurz aufgenommen haben, dass sie sofort umkippen und sterben, vor sich geboten. Natürlich.Ich habe alles, was ich nicht waschen konnte wie irgendwelche übergroßen Kissen oder irgendwelche anderen Kissen, die bei  60° nicht in die Maschine dürfen,Die hab ich alle in einem großen dicken Sack gepackt und hab dort die Dose genommen und richtig rein gesprüht also richtig dolle rein gesprüht und einen Knoten rein gemacht, weil die warmen Temperaturen schön bei bei der Hitze und der knallen in Sonne auf dem Balkon gelegt. (Flöhe mögen keine Hitze,). Alles andere habe ich bei 60° gewaschen. Den Kratzbaum habe ich ebenfalls komplett eingesprüht und da kann man auch wenig später echt sehen wie die da tot liegen die Flöhe .Ich bin in jedem Zimmer rein und hab meinen kompletten Teppich eingesprüht unter der Couch gesprüht in den Rändern von den Teppichen gesprüht. Meine Sessel eingesprüht auf den Schränken überall ich hab dann den ganzen Raum wirklich voll gesprüht. Meine Katzen habe ich zu derzeit komplett ausgesperrt. Das gute war es war nicht so kalt beziehungsweise angenehm warm, so dass ich meine Katzen dann die Hälfte des Tages mit Katzenklo, Futter und Trinken auf unserem großen Balkon genießen konnten. Und somit hatte ich Zeit Alles einwirken zu lassen.Ich habe es circa 1 Stunde einwirken lassen. Dann hab ich mein Fenster aufgemacht, mit dem Ventilator  nachgeholfen, dass alle Duftstoffe rausgehen. Tatsächlich haben Katzen ja Probleme mit einigen Duftstoffen, weil die Leber das nicht verarbeiten kann und es kann sehr giftig werden. Also lüften, lüften, lüften. Und man hat wirklich gesehen, dass sogar die Silberfische in der Wohnung diesen Duftstoff gar nicht mögen. Ich hab wirklich ein Friedhof der Silberfische gehabt. Und auch die Flöhe lagen regungslos da und sind gestorben. Ich hab das in jedem Raum gemacht und die Katzen wirklich lange, lange, lange ausgesperrt, bis der Duft komplett weg war. Diese Spray kann man ruhig nach zwei Wochen noch mal benutzen, aber auch wieder achten setzt euch ne Maske auf sprüht alles ein macht Handtücher vor die Türen unten damit der Duft nicht rauskommt. Alles schön einwirken lassen warten bis die Nebelwolke weg ist und dann wieder lüften. Wenn warmes Wetter ist oder nicht so windig ist, benutzt ruhig den Ventilator. Die Kombination von der Tablette und dem  Spray wirdwirkz  ganz gut. Mir hat man den Tipp gegeben ich soll Ein Katzen floh Halsband zerschneiden und in meinen Staubsauger packen. Wenn der kein Beutel hat, damit die Flöhe darin auch sterben, wie ich aufsauge.Also zusammen gefasst, wenn eure Katze erst mal ganz ruhig, keine Panik. Wichtig ist erst mal, dass eure Katzen sofort behandelt werden. Holt nicht diese bescheuerten Tropfen diese spoton die du auf den Rücken machen kannst. Ihr wisst auch nicht ob die Katze irgendwo eine Wunde hat, und richtig effektiv sind diese Dinge auch nicht auch wenn es schnell gehen muss. Geh zum Arzt gegebenfalls auch zum Not Tierarzt. Ich habe für zwei Katzen ich hab zwei Pakete Tabletten bekommen und dann auch noch mal jeweils eine Wurmkur. Ich habe insgesamt 90 € bezahlt. Das ist wirklich nicht toll, wenn man bedenkt, dass ich alles in doppelter Ausführung bekommen habe. Frei verkäuflich beziehungsweise selbst wenn du ein Rezept bekommen vom Arzt wird in der Apotheke circa 120 € bezahlen. Ich habe für alles 90 € mit meinem Tierarzt in Dortmund Brackel bezahlt.Also nicht in Panik geraten gibt zuerst die Tabletten erschreckt euch nicht bitte mischt die Tabletten gut mit Leberwurst Creme für Katzen oder sonst irgendwo, dass die Katzen das aufnehmen und achte drauf, dass sie eine Katze der anderen nichts weg ist, damit sie nicht so viel aufnimmt. Und dann erschreckt euch nicht, wenn die Katzen wie von der Tarantel gestochen durch die Wohnung rennen oder sich richtig kratzen. Und dann ist wirklich saugen angesagt überall wo die Katzen sitzen und sich kratzen einmal durchsaugen. Und bleibt wirklich locker. Es ist wirklich gut, selbst wenn noch irgendwelche Flöhe irgendwo sind und schlüpfen auf die Katzen gehen. Die Katzen haben den Wirkstoff in sich. D.h. die beißen saugen ist auch und werden sterben. Es ist eine unangenehme Sache, aber es ist kein Weltuntergang. Ich hab Läuse viel schlimmer empfunden bei Menschen als Flöhe bei Katzen. Weil die Flöhe und nicht wirklich brauchen. Meine Mutter hat leider die Erfahrung gemacht die wurde an den Füßen von ihren Flöhen gestochen ich bisher. Hab das nicht gehabt. Also geht auf jeden Fall zum Tierarzt. Holt nicht irgendwelche bescheuerten Tropfen, die auf den Rücken schmiert nimmt wirklich Tabletten die helfen wirklich mehr und sind auch langfristig viel besser."
DE,B0DG5ZJHRV,Wirksames Spray gegen Ungeziefer,Reviewed in Germany on 4 July 2026,5,"Das Ungezieferspray lässt sich einfach anwenden und dank der Sprühflasche gezielt auf die betroffenen Stellen auftragen. Die Anwendung ist unkompliziert und die Wirkung hat mich überzeugt.Besonders positiv ist, dass das Spray auch an schwer erreichbaren Stellen eingesetzt werden kann. Der Geruch ist während der Anwendung etwas intensiver, verfliegt aber nach dem Lüften wieder.Insgesamt ein zuverlässiges Produkt zur Bekämpfung von Ungeziefer. Wer ein einfach anzuwendendes Spray mit guter Wirkung sucht, ist hier gut aufgehoben."
DE,B0DG5ZJHRV,Effektives Ungezieferspray mit zuverlässiger Wirkung,Reviewed in Germany on 26 June 2026,4,"Ich habe das ARDAP Repell Ungezieferspray (750 ml) ausprobiert und bin wirklich überzeugt. Schon nach kurzer Zeit zeigt das Spray eine spürbare Wirkung gegen verschiedene Insekten wie Fliegen, Mücken oder Ameisen (nicht so gut). Besonders positiv fällt auf, dass es nicht nur sofort wirkt, sondern auch einen gewissen Langzeitschutz bietet.Die Anwendung ist einfach: Sprühkopf funktioniert einwandfrei und verteilt das Mittel gleichmäßig. Auch die Reichweite ist gut – man kommt mit einer Flasche relativ lange aus."
DE,B0DG5ZJHRV,Das beste Ungeziefer Zeug,Reviewed in Germany on 28 June 2026,5,Das beste Ungeziefer ZeugHabe es überwiegend wegen Trauer Mücken gekauftIch sprühe es auf die Oberfläche der ErdeUnd Gieße Dan erst wieder paar Tage späterSo geht das Mittel nicht in die Pflanze.Das ist jetzt meine zweite SprühdoseUnd bin immer noch begeistertEs hilft auch gegen andere Schädlinge sehr gutIch kann es nur weiterempfehlenDa Preis Leistung top sind
DE,B0DG5ZJHRV,Sehr effektiv und geruchlos,Reviewed in Germany on 20 June 2026,5,"Dieses Schädlingsspray ist wirklich toll!  Einfach auf Fliegen sprühen, und sie sind innerhalb von 30 Sekunden weg.  Es hat keinen Geruch."
DE,B0DG5ZJHRV,Hundefloh Bekämpfung in Wohnzimmer und Schlafzimmer,Reviewed in Germany on 3 May 2026,5,"Ausgangssituation:Mein Hund hat mir einen Floh eingeschleppt, welcher sich im Wohnzimmer und Schlafzimmer – rasend – vermehrt hat. Nach anfänglicher Ignoranz, wurde der Fall sehr schnell zu einem etwas größeren Problem.Vorgehensweise:1.) Staubsaugen – Staubsaugen – Staubsaugen – usw. Nach jedem Saugen Staubsaugerbeutel entsorgen – Staubgehälter bei Staubsaugerfreien Saugern gut auswaschen.2.) Alles was man mit 60 grad waschen kann waschen. Alles was nicht mit 60 grad waschbar ist mit speziellen Waschmittel (gibt es auch bei Amazon) waschen.3.) ARDAP Spray auf allen Teppichkanten aufbringen. Nicht durchnässen. Spray bei allen Ritzten anwenden. Nicht großflächig anwenden. Spray nicht unangenehm. Mann sollte kleinere Teppiche und Hundekörbchen am besten im Freien behandeln. Nach der Anwendung Räume gut lüften. Die Wirkung ist sehr gut. Die Flöhe und Floh Eier sterben in Minuten ab. Der Geruch des Sprays ist nicht unangenehmen aber sehr intensiv. Mein Hund hat nach erstem beschnüffeln sein Körbchen nach intensiver Belüftung wieder benutzt.Fazit:Mit o.g. Ablauf, habe ich die Flöhe an einem Tag – erfolgreich - in meinem Haus bekämpft. Für ein Zimmer benötigt man ca. 2 – 3 Spraydosen(750mg)  ARDAP. Ich habe mir vorsichtshalber 4 Dosen auf Lager gelegt. Sollten die Tiere zurückkommen."
DE,B0DG5ZJHRV,Wirksames Insektengift.,Reviewed in Germany on 13 May 2026,4,"Alles, was an Schad- und/oder Störkrabblern angesprüht wird, ist in Sekundenschnelle aus dem Bereich dauerhaft entnommen.Soweit so gut.Für Ameisen allerdings eher ungeeignet, da es von denen ein offensichtlich unbegrenztes Nachschublager gibt.Also: Ameisenstraße angesprüht, alle sichtbaren Insekten nachweisbar neutralisiert. Zwei Stunden später wieder Rush-Hour an der gleichen Stelle. Habe 3 Tage lang  das alle 4 Stunden praktiziert, leider ohne dauerhaften und durchschlagenden Erfolg.Hoffe, dass die seit Wochen nicht lieferbaren Ameisenköder-Döschen endlich ankommen."
DE,B0DG5ZJHRV,Seit Jahren bewährt – bei Fliegen zuletzt etwas weniger überzeugend,Reviewed in Germany on 29 June 2026,4,"Dieses Ungezieferspray benutze ich bereits seit längerer Zeit und habe es deshalb erneut gekauft. In der Vergangenheit hat es mich unter anderem bei einem Flohbefall zuverlässig unterstützt, weshalb ich mit dem Produkt bisher immer sehr zufrieden war.Auch jetzt macht das Spray insgesamt einen guten Eindruck und ich verwende es weiterhin regelmäßig, insbesondere an Fenstern und anderen Stellen, an denen Insekten häufig ins Haus gelangen.Bei Fliegen hatte ich zuletzt allerdings den Eindruck, dass die Wirkung nicht mehr ganz so zuverlässig ist wie früher. Trotz des Sprühens hielt sich zunächst noch eine Fliege in der Wohnung auf. Erst nachdem ich sie direkt mit dem Spray behandelt hatte, war sie verschwunden. Eine Motte, die über Nacht hereingeflogen war, fand ich am nächsten Morgen hingegen tot vor der Balkontür.Insgesamt bin ich mit dem Produkt weiterhin zufrieden und werde es auch künftig verwenden. Lediglich bei Fliegen habe ich persönlich den Eindruck, dass die Wirkung nicht mehr ganz so deutlich ausfällt wie ich es von früher in Erinnerung hatte."
DE,B0DG5ZJHRV,Sehr sehr gutes Produkt,Reviewed in Germany on 6 July 2026,5,"Ich hab es nicht geglaubt...aber ich bin zeuge geworden,Keine Ameise in der nähe ich hatte in der Küche Befall wegen katzen Futter auf dem Boden.....katzen raus...innen und außen am Haus lang ....weg sind die"
DE,B0DG5ZJHRV,Gut,Reviewed in Germany on 1 July 2026,4,Gut
DE,B0DG5ZJHRV,Gute Qaulität,Reviewed in Germany on 28 June 2026,4,Gute Qaulität
DE,B0DG5ZJHRV,Gut gegen Ungeziefer,Reviewed in Germany on 14 June 2026,4,Gut gegen Ungeziefer
DE,B0DG5ZJHRV,Super bis jetzt,Reviewed in Germany on 10 June 2026,4,"Schnelle Lieferung, bis jetzt noch kein Ungeziefer gesichtet"
DE,B0DG5ZJHRV,Macht was es soll,Reviewed in Germany on 5 June 2026,4,Gutes Produkt
DE,B0DG5ZJHRV,Ungezieferspray,Reviewed in Germany on 3 June 2026,4,Wir nutzen es schon seit Jahren. Aber auch die anderen Ardap Produkte sind zu empfehlen
DE,B0DG5ZJHRV,ARDAP Repell Ungezieferspray 750ml,Reviewed in Germany on 3 June 2026,4,Danke. Alles ok.
DE,B0DG5ZJHRV,"Es wirkt, aber langsam",Reviewed in Germany on 1 June 2026,4,"Die Lieferung war prompt  die Wirkung ist zufriedenstellend. Da es ""nur"" Pyretrum als Wirkstoff enthält, ist die Wirkung gegen Ameisen zwar langsam aber trotzdem ausreichend. Dafür ist der Geruch auch erträglich. Ich kann es empfehlen und würde es wieder kaufen .."
DE,B0DG5ZJHRV,Wespe,Reviewed in Germany on 31 May 2026,4,Alles super
DE,B0DG5ZJHRV,Fliegenspray,Reviewed in Germany on 22 May 2026,4,Funktioniert
DE,B0DG5ZJHRV,Lieferung,Reviewed in Germany on 10 May 2026,4,wie beschrieben
DE,B0DG5ZJHRV,Gut aber teuer,Reviewed in Germany on 6 May 2026,4,Recht teures aber sehr wirksames Insektizid
DE,B0DG5ZJHRV,Gut,Reviewed in Germany on 25 April 2026,4,"Schnelle Lieferung, Ware wie beschrieben, zwar teuer aber gut, gerne wieder"
DE,B0DG5ZJHRV,Wirkt,Reviewed in Germany on 16 April 2026,4,Wirkt könnte aber stärker sein
DE,B0DG5ZJHRV,👍,Reviewed in Germany on 27 March 2026,4,👍
DE,B0DG5ZJHRV,top,Reviewed in Germany on 25 March 2026,4,gut
DE,B0DG5ZJHRV,Schnell geliefert,Reviewed in Germany on 8 March 2026,4,Und hilfreich gegen unliebsames Getier
DE,B0DG5ZJHRV,Gutes Spray,Reviewed in Germany on 20 January 2026,4,"Wie immer , erfüllt seinen Zweck"
DE,B0DG5ZJHRV,Zur Ameisenvertreibung nur teilweise geeignet,Reviewed in Germany on 2 January 2026,4,Lieferung kurzfristig erhalten.
DE,B0DG5ZJHRV,Leider nicht ganz passt,Reviewed in Germany on 30 December 2025,4,"Es hat einen sehr starken Geruch, ist aber nicht wirklich geeignet, um kleine Insekten oder Fliegen zu töten, es sei denn, man kann es direkt auf das Insekt sprühen!Ich habe gesprüht, als ich länger als 3 Stunden außer Haus war, und alle Fenster waren geschlossen, aber die Insekten blieben trotzdem da."
DE,B0DG5ZJHRV,Gutes Spray,Reviewed in Germany on 23 December 2025,4,"Die Fruchtliegen habe ich eleminieren können. Es muß zwei, drei Mal gesprüht werden."
DE,B0DG5ZJHRV,Ungezieferspray,Reviewed in Germany on 5 December 2025,4,Nun es bekommt von mir nur vier Sterne da es so wirklich wirkungsvoll nicht ist man müsste da die Mücken eigentlich direkt ansprühen und das finde ich nicht so besonders wirkungsvoll
DE,B0DG5ZJHRV,Seht schön,Reviewed in Germany on 1 December 2025,4,Es war toll die alle Ameisen bei mir tot
DE,B0DG5ZJHRV,Ungezieferspray,Reviewed in Germany on 30 October 2025,4,Die Flasche ist nun leer hat aber bis zum letzten Rest eine gute Wirkung gezeigt
DE,B0DG5ZJHRV,Alles Prima,Reviewed in Germany on 26 October 2025,4,Gutes Zeug ! Hilft gegen so ziemlich alles was Brumt und seltsam ausschaut. habe sogar meine Zimmerpflanzen damit von Ungeziefer befreit.
DE,B0DG5ZJHRV,Es ist klasse um Insekten zu entfernen,Reviewed in Germany on 9 October 2025,4,Das Spray war kein Fehlkauf! Alles Ungeziefer vernichtet!  Aber Achtung ! Besser ist es sich weit genug zu entfernen nach dem Sprühen. Schrecklicher Geruch!!!
DE,B0DG5ZJHRV,Ungezieferspray mit Abstrichen,Reviewed in Germany on 9 October 2025,4,"Ungezieferspray mit Abstrichen, die Räume müssen mindestens zwei mal abgesprüht werden um die Insekten los zu werden."
DE,B0DG5ZJHRV,Gruß eink.,Reviewed in Germany on 20 September 2025,4,Gerne wieder einmal!
DE,B0DG5ZJHRV,Wirkt gegen Ungeziefer,Reviewed in Germany on 15 September 2025,4,Die Wirksamkeit gegenüber zurückliegenden Bestellungen scheint mir etwas nachgelassen zu haben. Aber sie ist immer noch gut.
DE,B0DG5ZJHRV,Funktioniert,Reviewed in Germany on 11 September 2025,4,"Funktioniert, Langzeitwirkung hält sich allerdings in grenzen."
DE,B0DG5ZJHRV,Gutes Insektenspray,Reviewed in Germany on 9 September 2025,4,Hat gut geholfen nur nicht über einen längeren Zeitraum.
DE,B0DG5ZJHRV,Adapter Spray,Reviewed in Germany on 6 September 2025,4,Der Artikel ist für die Bekämpfung von Ungeziefer gut 👍
DE,B0DG5ZJHRV,gut,Reviewed in Germany on 31 August 2025,4,gut
DE,B0DG5ZJHRV,Wirkt sofort!,Reviewed in Germany on 30 August 2025,4,"Das Spray hat sofort gegen störende Ungeziefer geholfen - es hat einen angenehmen Geruch, der aber doch ein bisschen reizt. Also nicht direkt einatmen!"
DE,B0DG5ZJHRV,Fliegen ade,Reviewed in Germany on 25 August 2025,4,"Super, stinkt etwas aber wenn man lüftet vergeht der Geruch auch super schnell wieder. Tut das was es soll"
DE,B0DG5ZJHRV,Flöhe sämtlich verschwunden,Reviewed in Germany on 25 August 2025,4,prima Produkt.Nach zwei Tagen keinerlei Flöhe mehr vorhanden.
DE,B0DG5ZJHRV,Insektenspray,Reviewed in Germany on 23 August 2025,4,Hat nicht viel bewirkt aber für Obstfliegen war es ok
DE,B0DG5ZJHRV,Wirksames Insektizid!,Reviewed in Germany on 20 August 2025,4,...
DE,B0DG5ZJHRV,Bei der Hitze einfach gut!!,Reviewed in Germany on 16 August 2025,4,Gutes Produkt!! Hilft gut in der Mülltonne.
DE,B0DG5ZJHRV,Sehr gut und Problem schnellstens erledigt!!!,Reviewed in Germany on 12 August 2025,4,Hilft sehr gut wenn die Ameisen schon im Haus sind. (Siehe die Tiere) Hatte das Problem im Urlaub und der Hausbesitzer diesen Spray. Muß von innen benutzt werden und das Problem ging raus. Keinen Ärger mehr und auch von Nachbaren  nun alles OK.
DE,B0DG5ZJHRV,Zufrieden,Reviewed in Germany on 9 August 2025,4,Zufrieden
DE,B0DG5ZJHRV,Würde ich wieder kaufen,Reviewed in Germany on 9 August 2025,4,Wirkt sofort. Leider hält die Wirkung bei mir nicht ganz so lange. Aber hat mich schon einige Male bei unerwünschten Begegnungen gerettet!
DE,B0DG5ZJHRV,"Ja, aber die Dauerwirkung fehlt mir",Reviewed in Germany on 2 August 2025,4,"Die Langzeitwirkung fehlt mir..Schade, jetzt muss ich noch mehr in die Luft versprühen, um Plagegeister abzuhalten.Leider Mietwohnung,(Fenster zu breit f. Fliegengitter)"
DE,B0DG5ZJHRV,"…., sehr teuer !!!",Reviewed in Germany on 28 July 2025,4,"Gutes Produkt , gegen Spinnern auf meiner Yacht hält ca. 4 Wochen."
DE,B0DG5ZJHRV,"Kleine Mücken ""überleben""",Reviewed in Germany on 28 July 2025,4,Schnelle Lieferung
DE,B0DG5ZJHRV,Insektenspray,Reviewed in Germany on 26 July 2025,4,"Mann muss Nähe genug ran gehen und sprühen,aber Mücken kann man damit nicht kaputt machen"
DE,B0DG5ZJHRV,Wirksam,Reviewed in Germany on 26 July 2025,4,Erfüllt seinen Zweck sehr gut
DE,B0DG5ZJHRV,Hilft richtig gut gegen Spinnen & Krabbelviecher – aber teuer auf Dauer,Reviewed in Germany on 23 July 2025,4,"Ich hab das Ardap Spray ursprünglich wegen der vielen Spinnen geholt, die bei mir regelmäßig über Fenster und Türen reinkommen – und was soll ich sagen: Es wirkt. Und zwar sofort. Ich sprühe damit regelmäßig die Fensterrahmen, Türrahmen und ein paar Ecken außen rum ein, und seitdem ist wirklich merklich weniger los an ungebetenen Gästen.🕷️ Wirkung:Man sieht’s einfach – da, wo ich sprühe, ist Ruhe. Keine Spinnen, keine kleinen Krabbler mehr. Selbst nach ein paar Tagen wirkt das Zeug noch. Gerade im Sommer oder bei Kellerräumen kann ich’s echt nur empfehlen.💸 Der Preis… aua.Was mich aber echt stört: Das Spray ist ganz schön teuer. Gerade wenn man mehr Fläche behandeln will oder öfter nachsprühen muss, geht die Flasche schnell leer. Für mich ist das der einzige wirkliche Minuspunkt – Wirkung top, Preis flop.Fazit:✅ Wirkt super gegen Spinnen, Insekten & Co.✅ Einfach anzuwenden (Düse funktioniert gut)✅ Geruch ist chemisch, aber verfliegt relativ schnell❌ Preis ziemlich hoch – vor allem bei regelmäßigem Gebrauch⭐ 4 von 5 Sternen – volle Wirkung, aber leider nicht günstig"
DE,B0DG5ZJHRV,immer wieder,Reviewed in Germany on 21 July 2025,4,alles ok
DE,B0DG5ZJHRV,Gute Qualität alles ok,Reviewed in Germany on 14 July 2025,4,Schnelle Lieferung alles bestens
DE,B0DG5ZJHRV,Schlechte Lieferung durch Amazon!!!!Nix verstehen stinken faul,Reviewed in Germany on 14 July 2025,4,Produkt super!!Lieferung durch Amazon einfach nur schlecht und faul schmeißen Bestellung einfach auf dem Grundstück hin und machen ein Foto!!Nix Deutsch verstehen
DE,B0DG5ZJHRV,Schädlinge werden bekämpft,Reviewed in Germany on 9 July 2025,4,"Wirkt gegen Insekten , aber ich denke die „Dosis „ war schon stärker , das heißt man mus mehrmals eine Anwendung machen"
DE,B0DG5ZJHRV,Gut,Reviewed in Germany on 9 July 2025,4,Bis jetzt sind sie alle weg
DE,B0DG5ZJHRV,Super,Reviewed in Germany on 9 July 2025,4,Hilft super gegen Ameisen
DE,B0DG5ZJHRV,Gut,Reviewed in Germany on 8 July 2025,4,Zufrieden
DE,B0DG5ZJHRV,Bestes Insektenspray,Reviewed in Germany on 5 July 2025,4,"Bestes Spray was es gibt, mit Langzeitwirkung. 1 Stern abzug weil 2020 hab ich 10,30€ für 750ml gezahlt, heute zahlt man schon 17,99€!"
DE,B0DG5ZJHRV,Top,Reviewed in Germany on 5 July 2025,4,"Wir haben es aufgrund von so vielen Fliegen gekauft und ich muss sagen, ich bin begeistert.Wir haben es erst vor zwei Tagen an die Terrassentüre gesprüht und es hat sofort gewirkt. Wir haben kaum bis gar keine Fliegen mehr. Ich kann es wirklich nur jedem weiterempfehlen."
DE,B0DG5ZJHRV,Wirkt schon,Reviewed in Germany on 4 July 2025,4,"Wirkt immernoch - gefühlt war das aber früher besser. Vielleicht hat sich die Rezeptur geändert?Hatte lange das Mittel im Haus, irgendwann war es leer und jetzt kürzlich neu bestellt und heute das erste Mal gebraucht. Verschaffte dem Vieh einen langen Todeskampf - früher waren sie schnell hinüber.Trotzdem mein Mittel der Wahl und eine Empfehlung."
DE,B0DG5ZJHRV,"Es ist schwer, mit Sicherheit zu sagen, ob es gut oder schlecht ist, aber meistens gut!",Reviewed in Germany on 4 July 2025,4,"Schnell und aktiv, das ist definitiv nicht über den Zeug! Das Produkt wirkt, dauert aber deutlich länger und das Volumen des Doseses beträgt 750 ml. Dies ist keineswegs ein Geschenk, sondern eine echte Notwendigkeit, da man deutlich mehr ausgeben muss, um das gewünschte Ergebnis zu erzielen. Dennoch ist es immer noch besser als Kältesprays."
DE,B0DG5ZJHRV,X,Reviewed in Germany on 2 July 2025,4,X
DE,B0DG5ZJHRV,Gut,Reviewed in Germany on 23 June 2025,4,Hilft .
DE,B0DG5ZJHRV,Wirkt aber nicht Stark genug,Reviewed in Germany on 20 June 2025,4,
DE,B0DG5ZJHRV,Kugelkäfer,Reviewed in Germany on 18 June 2025,4,Hilft auch gegen Kugelkäfer.
DE,B0DG5ZJHRV,Funktioniert,Reviewed in Germany on 17 June 2025,4,Das Spray funktioniert wie beschrieben. Der Preis ist meiner Meinung nach aber zu hoch.
DE,B0DG5ZJHRV,Ungeziefer,Reviewed in Germany on 16 June 2025,4,Kaufen ohne zusätzliche Belehrung durch Insektenbeauftragten.
DE,B0DG5ZJHRV,Sehr gut wirkendes Insektenspray,Reviewed in Germany on 7 June 2025,4,"Wirkt superschnell, Preis ist angemessen,  allerdings ist der Geruch gewöhnungsbedürftig. Aber man soll ja eh den Raum verlassen.  Trotzdem bleibt es noch lange dort."
DE,B0DG5ZJHRV,Sehr zufrieden,Reviewed in Germany on 30 May 2025,4,Produkt ist sehr gut kaufe ich immer wieder
DE,B0DG5ZJHRV,Nach einer Stunde lüften.,Reviewed in Germany on 29 May 2025,4,"Sprühe alle 4 Wochen , in die Schränke.Ungeziefer frei."
DE,B0DG5ZJHRV,Nützlich,Reviewed in Germany on 21 May 2025,4,Macht seinen Job👍
DE,B0DG5ZJHRV,Gut,Reviewed in Germany on 17 May 2025,4,Prima
DE,B0DG5ZJHRV,macht was es soll,Reviewed in Germany on 8 May 2025,4,"das Produkt ist in Ordnung, die Wirkung könnte stärker sein.Die Zustellung mit DEPOST/DHL ließ zu wünschen übrig."
DE,B0DG5ZJHRV,Passt!,Reviewed in Germany on 7 May 2025,4,Passt!
DE,B0DG5ZJHRV,Sehr effektives Insektenspray,Reviewed in Germany on 5 April 2025,4,"Alle drei Dosen waren bei Ankunft verbeult. Eine Dose war in Pack-Papier eingewickelt, bei den anderen beiden waren zusätzlich die Deckel gebrochen. Dem Gewicht nach zu urteilen sind die Dosen voll, die Beschädigungen sind also nur äußerlich. Dennoch nur 4 Sterne, weil die blanken Dosen in einen Karton zu packen ein Risiko für das Transport-Personal bedeutet."
DE,B0DG5ZJHRV,Insektenspray,Reviewed in Germany on 19 March 2025,4,"Wir sind sehr zufrieden, schnelle Wirkung."
DE,B0DG5ZJHRV,vernichtet die Störenfriede 7 auf einen Streich,Reviewed in Germany on 12 March 2025,4,Insektenspray
DE,B0DG5ZJHRV,Reklamation,Reviewed in Germany on 9 March 2025,4,meine reklamation (defekter Verschlusswurde sofort beantwortet und ich habe umgehend Ersatz erhalten
DE,B0DG5ZJHRV,Macht was es soll.,Reviewed in Germany on 8 March 2025,4,"Das „grüne“ Ardap wirkt natürlich nicht ganz so wie die herkömmliche Version, aber für den Laien zu empfehlen."
DE,B0DG5ZJHRV,Wirkung Top - Geruch Flop,Reviewed in Germany on 16 February 2025,4,"Sehr wirkungsvoll, jedoch ist der Geruch sehr unangenehm und lange anhaltend. Man sollte also sparsam einsetzen und gut lüften."
DE,B0DG5ZJHRV,Auch vorbeugend anzuwenden ....,Reviewed in Germany on 11 February 2025,4,".... ist dieses ""Ungezieferspray von Ardap"".Z.B. bei Silberfischen im Bad,o. wenn im Sommer die schlauen Armeisen einen Weg durch das Mauerwerk ins Innere finden.Bei den Armeisen wird erst mal die ""Schwachstelle"" beseitigt o. verschlossen , meist eine Fußleiste, anschließend kommt das Spray zum Einsatz, u. dann hat sich das mit den ungebetenen Gästen im Haus erst mal erledigt.Genauso bei den Silberfischen im Bad - manchmal gibt es sie plötzlich doch, dann werden die Ecken , etc. nach Gebrauchsanweisung eingesprüht u. die Silberfische verziehen sich erst mal für eine Zeit. Die eine o. auch andere ist dann tatsächlich auch schon mal tot aufzufinden.Alle paar Monate sprühe ich damit auch vorbeugend z.B. die Kammer u. die Ecken im Bad ein - mache ich das regelmäßig, bleiben diese ""Gäste"" aus.Bei Haustieren zu Hause , diese natürlich zum einsprühen aus dem Raum/Zimmer nehmen, anschließend lüften - wird auch in der Gebrauchsanweisung erwähnt. Trotzdem sparsam mit diesem Biozid umgehen."
DE,B0DG5ZJHRV,"zur Raumbehandlung nur 1- bis 2-mal einsetzbar, da nur 400 ml",Reviewed in Germany on 7 February 2025,4,"Zurzeit konnten wir es nur an ein paar Obstfliegen testen und das war erfolgreich. Im Sommer werden wir dieses Spray dann öfters brauchen, allerdings sind 400 ml nicht sehr viel.Es wurde schon viel, in anderen Rezensionen, über dieses Spray geschrieben, da möchten wir dies nicht unnütz wiederholen. 😉Preis/Leistung 🤑💲nur 400 ml, für ca. 13 € ist recht preisintensivUnsere Bewertungen sind stets ehrlich und gewissenhaft, vergleichbar mit der Sorgfalt bei einem regulären Kauf, auch wenn uns dieser Artikel im Rahmen des Amazon Vine-Programms kostenlos zur Verfügung gestellt wurde. Produktbewertungen sind nützlich und können dabei unterstützen, eine fundierte Kaufentscheidung zu treffen oder sich vor versteckten Mängeln und minderwertiger Ware zu schützen. Daher nehmen wir unser Vorrecht als Produkttester ernst und veröffentlichen stets eine objektive Meinung und Einschätzung über ein Produkt, wie wir es auch von anderen erwarten."
DE,B0DG5ZJHRV,Wirkungsvoll aber mit starkem (Blumen-)Geruch,Reviewed in Germany on 2 February 2025,4,"Mücken und andere Insekten stellen in Wohnräumen wie Schlafzimmern und Wohnzimmern häufig ein lästiges Problem dar. Um dem entgegenzuwirken, wird gerne ein spezielles Insektenspray eingesetzt, das sich durch seine schnelle und wirksame Abwehr von Ungeziefer auszeichnet.Dieses Spray ist vielseitig einsetzbar und eignet sich sowohl für den Innenbereich als auch für den Einsatz im Haushalt, in der Tierhaltung, im Gewerbe und auf Terrassen. Neben Mücken bekämpft es auch Ameisen, Fliegen, Flöhe, Spinnen, Silberfischchen und Milben.Das Spray ist ein repellierendes Biozidprodukt und sollte mit Vorsicht angewendet werden. Vor der Nutzung ist es ratsam, die Hinweise auf dem Etikett sowie die Produktinformationen aufmerksam zu lesen.Besonders positiv ist, dass das Produkt in Deutschland hergestellt und registriert ist, was für seine Qualität und Sicherheit spricht.Das Spray enthält Pyrethrum, das aus Chrysanthemen gewonnen wird und schon seit der Antike als Insektizid verwendet wird. Es wirkt als Nervengift bei Kontakt mit Insekten, weshalb bei der Anwendung Vorsicht geboten ist. Nach dem Sprühen sollte gut gelüftet werden, da sich die Wirkstoffe schnell zersetzen.Das Spray ist vielseitig einsetzbar, jedoch ist der (blumige) Geruch sehr intensiv wenn auch nicht unangenehm und hält sich relativ lange.Insgesamt als effektives Mittel zur Insektenbekämpfung zu empfehlen, wobei die Sicherheitshinweise beachtet werden sollten.Zusammenfassend lässt sich sagen, dass das ARDAP Repell Ungezieferspray eine empfehlenswerte Lösung für alle ist, die eine schnelle und effektive Methode zur Bekämpfung von lästigem Ungeziefer suchen."
DE,B0DG5ZJHRV,Einfache Anwendung und präzise Dosierung,Reviewed in Germany on 25 January 2025,4,"Das ARDAP Repell Ungezieferspray kommt in einer handlichen 400ml-Flasche und ist speziell für den akuten Ungezieferbefall konzipiert. Es verspricht, schnell und effektiv gegen Insekten wie Ameisen, Fliegen, Flöhe, Spinnen, Silberfischchen und Milben zu wirken. Das Spray eignet sich für den Einsatz in Haushalten, in der Tierhaltung, im Gewerbe und auf Terrassen. Die Anwendung gestaltet sich einfach, und das Spray lässt sich präzise dosieren.Da ich das Spray in der kalten Jahreszeit getestet habe, konnte ich seine Wirksamkeit gegen alle Insekten nicht vollständig überprüfen. Ich habe es jedoch verwendet, um meine Matratzen präventiv gegen potenzielle Ungeziefer wie Milben zu behandeln. Die Dosierung war gut möglich, jedoch ist es ratsam, in einem gut belüfteten Raum zu arbeiten, da der Duft recht intensiv ist. Nach der Anwendung ließ ich die Matratze einige Stunden zum Auslüften stehen. Obwohl ich keine sofort sichtbaren Ergebnisse feststellen konnte, halte ich die Anwendung für nützlich, um Matratzen zu behandeln.Ein Vergleich mit ähnlichen Produkten auf dem Markt gestaltet sich für mich momentan schwierig. Ich bin immer überrascht, wie im Sommer Insekten trotz des Gitternetzes am Küchenfenster ihren Weg in die Küche finden. Bisher habe ich verschiedene Methoden ausprobiert, um sie loszuwerden: einen elektrischen Insektenvernichter (wenig effektiv gegen kleine Fliegen), frische Kräuter wie Basilikum und Thymian sowie chemische Insektensprays für akute Fälle. Letztere sind aufgrund neuer gesetzlicher Vorgaben im Handel schwer erhältlich, da sie in geschlossenen Schränken aufbewahrt werden und nur auf Anfrage erhältlich sind. Infolgedessen verzichten Drogeriemarktketten auf den Verkauf von Insektensprays, weil diese durch die damit verbundenen ""Zusatzarbeiten"" langfristig kostspielig werden können. Einige renommierte Marken sind inzwischen nicht mehr im Handel. Diese Regelung betrifft ausschließlich Sprays mit chemischen Inhaltsstoffen.Der Preis von 12,99 € (Stand: 22.01.2025) ist schwer einzuschätzen, da einige Konkurrenzprodukte teurer sind oder weniger effektiv wirken, während andere günstiger sind und dennoch effektiv sind. Wie lange die Wirkung des Sprays anhält und ob eine wiederholte Anwendung nötig ist, um den Insektenbefall für eine gewisse Zeit zu kontrollieren, kann ich erst beurteilen, wenn es wärmer wird und ich das Spray gezielt zur Bekämpfung einsetzen muss.Ich würde dem ARDAP Repell Ungezieferspray insgesamt vorsorglich eine Bewertung von 4 Sternen geben."
DE,B0DG5ZJHRV,ARDAP Repell Ungezieferspray: Effektive Hilfe gegen Krabbeltiere - mit Vorsicht zu genießen 🐜🕷️,Reviewed in Germany on 24 January 2025,4,"Hallo Gartenfreunde und alle, die sich vor Krabbeltieren schützen wollen! Paula meldet sich zurück mit einem Testbericht zu einem Spray, das euch bei der Ungezieferbekämpfung unterstützen soll: das ARDAP Repell Ungezieferspray. 😊 Mit seiner schnellen und effektiven Wirkung gegen Insekten in Haus und Garten klingt es vielversprechend. Ob das Spray im Praxistest überzeugen konnte, erfahrt ihr jetzt. 👇Mir ist es wichtig, euch eine ehrliche und unabhängige Bewertung des Produkts zu geben.  Als Produkttesterin habe ich das ARDAP Repell Ungezieferspray drei Wochen lang getestet und berichte euch hier von meinen persönlichen Erfahrungen.  Ich hoffe, meine Rezension hilft euch bei eurer Kaufentscheidung! 😊Technische Details:- Inhalt: 750 ml- Wirkstoffe: Pyrethrum (aus Chrysanthemen), Geraniol- Anwendungsbereiche:  Haus, Garten, Tierhaltung, Gewerbe- Zielorganismen:  Ameisen, Fliegen, Flöhe, Spinnen, Silberfischchen, Milben, etc.- Besonderheiten:  Repellierende Wirkung (vertreibt Ungeziefer)Woche 1: Auspacken und Sicherheitshinweise ⚠️Das ARDAP Repell Ungezieferspray kam gut verpackt bei mir an. Bevor ich mit dem Test begann, habe ich mir die Sicherheitshinweise auf der Verpackung gründlich durchgelesen.  Das Spray enthält Pyrethrum und Geraniol,  die zwar natürlichen Ursprungs sind, aber dennoch bei unsachgemäßer Anwendung gesundheitsschädlich sein können.  Daher ist es wichtig,  das Spray nur in gut belüfteten Räumen zu verwenden und Haut- und Augenkontakt zu vermeiden.Woche 2:  Ungezieferbekämpfung im Test 🐜🕷️In der zweiten Woche habe ich das Spray an verschiedenen Orten eingesetzt,  wo ich mit Ungeziefer zu kämpfen hatte.- Ameisenstraße auf der Terrasse:  Ich habe die Ameisenstraße mit dem Spray eingesprüht.  Die Ameisen verschwanden innerhalb kürzester Zeit. 👍- Spinnen im Keller:  Auch die Spinnen im Keller wurden durch das Spray vertrieben.- Fliegen in der Wohnung:  Das Spray wirkte auch gegen Fliegen,  die sich in meine Wohnung verirrt hatten.Das Spray hat eine repellierende Wirkung,  d.h.  es vertreibt das Ungeziefer,  tötet es aber nicht unbedingt ab.Woche 3:  Langzeitwirkung und Fazit 🤔Die Wirkung des Sprays hielt in den meisten Fällen mehrere Tage an.  Nach etwa einer Woche musste ich die Anwendung wiederholen.Positive Aspekte: ✅- Wirkt schnell und effektiv gegen verschiedene Insekten- Vielseitig einsetzbar (Haus, Garten,  Tierhaltung)- Relativ ergiebigNeutrale Aspekte: ➖-  Der Geruch des Sprays ist etwas streng.Negative Aspekte: ❌-  Enthält Pyrethrum und Geraniol,  die gesundheitsschädlich sein können.-  Nicht für den Einsatz gegen alle Insektenarten geeignet (z.B.  Wespen)Preis-Leistung:  GutDas ARDAP Repell Ungezieferspray (750 ml) kostet 17,99 €.  Das ist ein fairer Preis für ein Ungezieferspray mit dieser Wirkungsweise.Mein Fazit:Das ARDAP Repell Ungezieferspray ist ein effektives Mittel zur Bekämpfung von Ungeziefer in Haus und Garten.  Es wirkt schnell und vertreibt verschiedene Insektenarten.Man sollte jedoch die Sicherheitshinweise beachten und das Spray nur in gut belüfteten Räumen verwenden.Sternebewertung:Basierend auf meinen Erfahrungen vergebe ich 4 von 5 Sternen. ⭐⭐⭐⭐Obwohl ich das Produkt gratis für die Rezension vom Händler erhalten habe, hat dies keinen Einfluss auf meine Bewertung. Ich stehe weder mit Amazon noch mit dem Händler in Bezug auf den Artikel in Kontakt. Da die Händler nicht wissen, ob der Empfänger Kunde oder Tester ist, kann und darf in der Regel kein Kontakt zu mir aufgenommen werden. Dies wird auch mir untersagt. So wird sichergestellt, dass die Rezension unvoreingenommen und ohne Einfluss auf Grundlage meines ausführlichen Tests verfasst wird.Als Produkttester bedanke ich mich für die Bereitstellung des Artikels. Diese Rezension basiert auf meinen persönlichen Erfahrungen während der dreiwöchigen Testphase.🔄 Update-Hinweis: Bei relevanten Langzeiterfahrungen wird diese Rezension aktualisiert."
DE,B0DG5ZJHRV,Vorrats-Spraydose mit 750ml wird wohl 1-2 Jahre hindurch halten.,Reviewed in Germany on 23 January 2025,4,"Wenn jetzt wieder ein paar mildere Tage anstehen merkt man das bei uns am Rand eines Wohngebiets auf dem Land sehr schnell an herumfliegenden geflügelten Tierchen. Die in Ritzen und Hohlräumen verkrochenen dicken Fliegen kriechen aus ihren Verstecken und schwirren plötzlich wieder recht planlos durchs Zimmer.Spätestens wenn in der Nachbarschaft im Sommer wieder Gülle oder Kuhmist auf den Acker wandert, dann haben wir eine ungeahnte Insekten- bzw. Fliegenplage. Da wir 2 Katzen haben ist es dann umso schlimmer, weil diese Fliegen vom Katzenfutter nur so angezogen werden.Da kann man sich dann leider oft genug nicht mehr anders wehren und muss zu diesem chemischen Helferlein greifen. Aber auch gegen diese langsam immer mehr auftretenden fliegenden und übelriechenden Wanzen im Spätsommer ist man gut aufgestellt wenn man mit ARDAP ausgerüstet ist um sich zur Wehr zu setzen.Gut wenn man da so eine ordentlich große Spraydose zuhause hat.Preislich ist das Produkt allerdings etwas teuer. Aber ...es soll ja auch helfen."
DE,B0DG94KWXL,"1 Stern – Finger weg! Rezeptur geändert, völlig wirkungslos",Reviewed in Germany on 4 May 2026,1,"Ich kann mich den kritischen Stimmen hier leider nur anschließen. Ich habe dieses Spray früher regelmäßig genutzt und war von der schnellen Wirkung begeistert. Doch mit der neuen Lieferung kam die herbe Enttäuschung.Das Problem:Die Zusammensetzung wurde komplett verändert. Während früher starke Wirkstoffe wie Permethrin und Piperonylbutoxid enthalten waren, besteht das Spray jetzt fast nur noch aus natürlichen Extrakten wie Geraniol.Mein Test:• Früher: Ein Sprühstoß und das Problem war erledigt.• Heute: Selbst nach mehrfachem Sprühen zeigen die Insekten keinerlei Reaktion und fliegen munter weiter.Es ist eine absolute Frechheit, das Produkt unter demselben Namen weiterzuverkaufen, obwohl die Wirkung gleich null ist. Für mich ist das reine Geldverschwendung und eine Täuschung der Kunden.Fazit:Kauft es nicht! Es ist nicht mehr das Produkt, das es einmal war. Ich werde es definitiv nicht mehr bestellen."
DE,B0DG94KWXL,Nicht zu empfehlen,Reviewed in Germany on 22 June 2026,1,"Ich weiß nicht gegen welches Ungeziefer eingesetzt werden soll.Ameisen ...hilft nichtSpinnen ...hilft nichtFliegen ...  hilft nichtMücken...hilft nichtBin von diesem Produkt sehr enttäuscht.Hätte sonst das Spray des gleichen Herstellers aber davon das Pro , absolut Spitze , bietet jedoch Amazon nicht mehr an."
DE,B0DG94KWXL,Gegen Stubenfliege wirkungslos,Reviewed in Germany on 22 April 2026,1,"Leider habe ich mich von den guten Rezensionen leiten lassen und das Spray gekauft. Eigentlich wollte ich es nur der nervigen Fliegen wegen haben. Aber was soll ich sagen… eine Wirkung (und versprochen wird „schnell“ kann ich nicht bestätigen! Es stinkt fürchterlich, aber den Fliegen scheint es nichts auszumachen.Das war ein klassischer Fehlkauf, den ich nicht rückgängig machen kann.Von mir keine Empfehlung!Nachtrag: Zum Schluss soll man ja immer was Positives sagen.Also: Abgesehen von selbst festgestellter Wirkungslosigkeit gegen Stubenfliegen macht es keine Rotweinflecken!"
DE,B0DG94KWXL,Leider so gut wie unwirksam,Reviewed in Germany on 7 August 2025,1,"Wurde eingesetzt für die Bekämpfung von Milben bei Federvieh, das in der Vergangenheit gut funktionierte. Leider wurde von der Fa. Ardap die Rezeptur geändert, so dass das jetzige Mittel so gut wie unwirksam ist. Genauer: Am nächsten Tag sind die Milben wieder wohlauf. Schade um die 32.- Euro, die ich dafür ausgegeben habe. Beigefügt Fotos der Rezeptur des Mittels  alt/neu, an denen man die Änderung sehen kann. Keine Empfehlung!"
DE,B0DG94KWXL,Repell absolut wirkungslos bei Fruchtfliegen,Reviewed in Germany on 11 October 2025,1,"gegen Fruchtfliegen absolut wirkungslos. Bei dem Ardap pro sind die Fliegen schon beim Sprühen abgestürzt, bei diesem Repell Spray fühlen sich die Fliegen so richtig wohl und trommeln noch ein paar mehr heran."
DE,B0DG94KWXL,Przesyłka ma straszne opóźnienie,Reviewed in Germany on 31 August 2025,1,"Do tej pory presylka do mnie nie dotarla I jestem wściekła.  Zamówiłam specjalnie bo miało być na drugi dzień i do tej pory jej nie ma i nie wiadomo kiedy będzie, a bardzo mi jest potrzebna."
DE,B0DG94KWXL,Wirkt nicht,Reviewed in Germany on 15 July 2025,1,Leider bin ich von der Wirkung enttäuscht. Hatte vorher immer das pro damit war ich sehr zufrieden. Das Repell wirkt fast gar nicht ich habe jetzt mehrere Tage hintereinander sprühen müssen um überhaupt was zu töten. Mit dem Pro habe ich einmal gesprüht und hatte wochenlang ruhe
DE,B0DG94KWXL,Schlecht,Reviewed in Germany on 8 October 2025,1,"Zeigt Null Wirkung, das Vorgänger Modell war viel besser. Danke fürs vermasseln."
DE,B0DG94KWXL,Qualität,Reviewed in Germany on 15 September 2025,1,Sehr schlechte Qualität nicht zu empfehlen sehr teuer aber wirkt nicht.
DE,B0DG94KWXL,Nie wieder,Reviewed in Germany on 13 July 2025,1,Pure Enttäuschung… null Wirkung.Halbe Dose leer und die Fliegen klatschen Applaus.All die Jahre waren wir Mega zufrieden..leider jetzt nicht mehr.  Keinen Stern wert.
DE,B0DG94KWXL,Repell wirkt nicht,Reviewed in Germany on 22 June 2025,1,"Achtung - nicht das ursprüngliche Ardap, sondern REPELL - Nutzt nix gegen Fliegen\Milben usw. im Hühnerstall - für mich ein totaler Fehlkauf -"
DE,B0DG94KWXL,War ok,Reviewed in Germany on 6 September 2025,1,Immer wieder
DE,B0DG94KWXL,Ungeziefer spray!,Reviewed in Germany on 13 August 2025,1,Erfüllt seinen Zweck! Top Artikel!
DE,B0DG94KWXL,Schlecht,Reviewed in Germany on 24 May 2025,1,"Sehr schlecht, es hat keine Wirkung. Früher war es sehr gut."
DE,B0DG94KWXL,Doesn't work,Reviewed in Germany on 25 June 2025,1,Doesn't kill insects
DE,B0DG94KWXL,Fehlkauf,Reviewed in Germany on 11 May 2025,1,"Der neue spray repell ist für die Bio Tonne,"
DE,B0DG94KWXL,von 2 Dosen 1 defekt !,Reviewed in Germany on 18 May 2025,1,Spray defekt !!!!!
DE,B0DG94KWXL,Hat leider keine Wirkung mehr,Reviewed in Germany on 4 July 2026,1,"Dieses Produkt war einmal sehr, sehr gut. "" DAS BESTE "" Jetzt tötet es nicht einmal mehr eine Fliege. Schade ums Geld, also Hände weg!!!!!!!!!!"
DE,B0DG94KWXL,Das „neue“ Ardap taugt nichts!,Reviewed in Germany on 21 August 2025,1,Ich werde es nicht mehr kaufen!Das neue Ardap ist m.E. völlig Wirkungslos!Absolut keine Empfehlung!
DE,B0DG94KWXL,Wirkunkslos,Reviewed in Germany on 18 July 2025,1,Mist man muss das Pro nehmen Repell bringt garnix
DE,B0DG94KWXL,Keine Langzeitwirkung mehr ab 2025,Reviewed in Germany on 16 June 2025,1,"Ab 2025 Rezeptur geändert. Gesetzliche Vorgaben. Sofortwirkung ok aber keine Langzeitwirkung mehr. Nur das Adarp pro hat noch Langzeitwirkung, gibt es aber nur im Fachhandel mit Beratungsgespräch. :)"
DE,B0DG94KWXL,Enttäuschend,Reviewed in Germany on 21 October 2025,2,"Viele Jahre war für und Ardap das Mittel gegen Ungeziefer schlechthin. Zwar teuer aber wirksam über Wochen.Gut teuer ist es immer noch. Nur was wurde geändert, dass die Wirksamkeit so stark nachgelassen hat. Früher einmal sprühen und man hatte Wochen Ruhe. Heute spritzt man die Viecher direkt an und sie fliegen noch weg. Sorry aber das Geld kann man sich sparen. Wirklich schade, war mal ein so tolles Produkt."
DE,B0DG94KWXL,Hat leider nicht gewirkt,Reviewed in Germany on 16 October 2025,2,Wirkung bei meinem Problem war leider nicht zufriedenstellend.
DE,B0DG94KWXL,Bedingt zu empfehlen...,Reviewed in Germany on 13 July 2025,2,"Leider hat der Hersteller wohl etwas an der ""Rezeptur"" geändert.Wir waren jahrelang mit diesem Produkt sehr zufrieden. Sparsam und effektiv.Das ist nun leider nicht mehr der Fall. Schade..."
DE,B0DG94KWXL,Fehlkauf,Reviewed in Germany on 3 August 2025,2,"Es ist das bisher schlechteste Insektensrey was ich hatte es wirkt so gut wie gar nicht, ist den Preis nicht wert"
DE,B0DG94KWXL,Nachfolge Artikel teurer und schlechter,Reviewed in Germany on 2 July 2025,2,Leider ist das Preis Leistungs Verhältnis sehr schlecht!  Hilft leider nur bedingt.
DE,B0DG94KWXL,Hilft immer,Reviewed in Germany on 9 July 2025,2,Hilft immer
DE,B0DG94KWXL,Gewicht gesamt?,Reviewed in Germany on 4 March 2026,3,Wie das Spray wirkt kann ich noch nicht sagen habe es gestern erst bekommenaber als ich die Dose in der Hand hielt kam sie mir ziemlich leicht vor und habe sie gewogenalso mit Dose wog sie nur 587ml statt 750ml??????
DE,B0DG94KWXL,Nicht so effektiv wie gedacht,Reviewed in Germany on 6 December 2025,3,"Half immer nur kurzfristig gegen Milben, die wir im Hühnerstall hatten. Hatte ich mir mehr von versprochen."
DE,B0DG94KWXL,Gute Wirkung und lange Anhalten,Reviewed in Germany on 8 September 2025,3,Schnelle Lieferung
DE,B0DG94KWXL,Effektive Hilfe gegen ungebetene Gäste an Zimmerpflanzen,Reviewed in Germany on 4 May 2026,5,"Seit einiger Zeit hatten wir massiv mit Ungeziefer an unseren Zimmerpflanzen zu kämpfen. Woher die Viecher auf einmal kamen, ist mir bis heute schleierhaft – wahrscheinlich mit neuer Erde oder durch ein offenes Fenster eingeschleppt. Da Hausmittel nicht mehr halfen, habe ich zum Ardap Repell gegriffen.Meine Erfahrung:Wirkung: Ich habe die betroffenen Pflanzen gezielt besprüht. Die Wirkung trat sehr schnell ein. Nach kurzer Zeit war von den Plagegeistern nichts mehr zu sehen. Die ""Invasion"" wurde erfolgreich gestoppt.Anwendung: Das Spray lässt sich durch den Sprühkopf sehr gut dosieren. Man erreicht auch die Unterseiten der Blätter problemlos, wo sich das Ungeziefer meistens versteckt.Pflanzenverträglichkeit: Meine Pflanzen haben die Behandlung gut überstanden. Es gab keine Verfärbungen oder Schäden an den Blättern, was bei Insektensprays ja immer meine größte Sorge ist.Ergiebigkeit: Da es sich um ein 2x750ml Set handelt, kommt man sehr lange damit aus. Man hat immer eine Reserve im Haus, falls die nächste ""Welle"" kommt.Fazit:Wer keine Lust auf Experimente hat und sein Ungeziefer-Problem an Zimmerpflanzen schnell und effektiv lösen will, ist hier richtig. Es hat bei uns genau das getan, was es soll: Die Viecher sind weg!"
DE,B0DG94KWXL,"Gutes Insektenspray, vorsichtig benutzen",Reviewed in Germany on 4 July 2026,5,"Das Mittel kam schnell an, und ich habe es auch gleich ausprobiert: auf der Terrasse hatten sich bei mir Ameisen häuslich niedergelassen, die ich dort aber nicht als Untermieter haben wollte. Ein kurzes Einsprühen reichte, und die Ameisen segnet das Zeitliche. Ich weiß nicht, welche giftig hier zum Tragen kommen, gesund dürfte es nicht sein, aber sehr wirksam. Ich bin also vorsichtig und sprühe nicht da, wo nützliche Insekten wie Bienen und Hummeln in Mitleidenschaft gezogen werden könnten. Positiv zu vermerken ist, dass das Mittel nicht sehr intensiv riecht. Auf der anderen Seite macht mir das auch etwas Sorge, weil ich gar nicht spüre, wo es sich überall niederlässt. Entsprechend gehe ich sehr vorsichtig damit um.Wenn man das beachtet, hat man guten Erfolg. In unserem Haus wohnt eine ältere Dame, die Mehlmotten hatte. Diese Mehlmotten hatten sich auch im Hausflur niedergelassen. Den habe ich entsprechend ausgesprüht, und die Mottenplage somit eingedämmt.  Ich bin also mit dem Mittel zufrieden, rege aber an, damit äußerst vorsichtig umzugehen."
DE,B0DG94KWXL,Super Wirkung,Reviewed in Germany on 28 June 2026,5,Macht was es soll. Ungeziefer entfernen
DE,B0DG94KWXL,Kommentar,Reviewed in Germany on 20 June 2026,5,"Sehr gutes Produkt, wird empfohlen."
DE,B0DG94KWXL,Absolut hilfreich,Reviewed in Germany on 18 August 2025,4,"Um der in diesem Jahr extremen Ameisen-Plage auch direkt vor den Hauseingängen Herr zu werden, habe ich mich wiederholt zum Kauf dieses Artikels entschieden. Die Wirkung ist sehr spontan und hält meistens über mehrere Tage an. Wie bei den Ameisen 🐜 zu befürchten, kommt dann der Nachwuchs wieder aus den tief vergraben Nestern. Daher versuche ich beim Sprühen, direkt in den Eingang zum Nest intensiv zu sprühen. Der einzige Nachteil bei dem Spray ist dabei, daß bei tiefen oder fast schon über Kopf sprühen die Dose an die Grenze ihrer Möglichkeiten kommt.  Beim Sprühen über Kopf, also wenn der Sprühknopf sehr stark geneigt ist, gibt es dabei häufig Aussetzer bzw. vollständiges Abbrechen. Gleichzeitig troft der Wirkstoff dabei in großen Tropfen aus der Sprayöffnung. Dies sollte verbessert werden. Denn sonst bin ich mit der Wirkung sehr zufrieden. Richtig angewendet, hat man/frau 😉 bis zur nächsten Brut Ruhe. Sollte auch die tief verborgene Königin mit dem Spray erreicht werden, geht das Nest ein. Insofern kann ich den Artikel mit der beschriebenen Einschränkung empfehlen."
DE,B0DG94KWXL,Insektenspray,Reviewed in Germany on 1 July 2026,5,Ich weiß nicht wirklich was ich bei Insektenspray schreiben sollte aber für mich Daumen hoch (ich behaupte die Insekten sind weniger begeistert).
DE,B0DG94KWXL,Fliegenschreck,Reviewed in Germany on 30 May 2026,5,Hilfreich gegen Speckfliegen
DE,B0DG94KWXL,Wirkt,Reviewed in Germany on 11 June 2026,5,"Wirkt, wie in der Gebrauchsanweisung beschrieben."
DE,B0DG94KWXL,Gut,Reviewed in Germany on 4 May 2026,5,"Gutes Produkt,  hohe Wirksamkeit"
DE,B0DG94KWXL,Ungezieferspray,Reviewed in Germany on 28 April 2026,5,der Ungezieferspray ist super und hat sofort Abhilfe getan
DE,B0DG94KWXL,"Hilft schnell, kleiner Geruch aber ok",Reviewed in Germany on 2 March 2026,4,"Wir hatten bei uns plötzlich so kleine Krabbelviecher in der Wohnung und brauchten schnell was zum sprühen. Hab dann das Ardap Repell gekauft und direkt ausprobiert.Die Anwendung war eigendlich sehr einfach. Draufgesprüht und schon nach kurzer Zeit hat man gemerkt das es wirkt. Die Insekten waren ziemlich schnell weg und sind auch nicht gleich wieder gekommen.Der Geruch ist schon da, aber jetzt nicht so schlimm wie ich dachte. Nach bisschen lüften geht das wieder.Alles in allem macht es was es soll und hat uns gut geholfen. Würde ich wieder nehmen wenn nochmal was ist."
DE,B0DG94KWXL,Ardap Repell Ungezieferspray 2 x 750ml,Reviewed in Germany on 31 December 2025,4,gut
DE,B0DG94KWXL,Spray,Reviewed in Germany on 29 October 2025,4,Ich bin sehr zufrieden mit dem Produkt.
DE,B0DG94KWXL,Wie immer gut,Reviewed in Germany on 26 October 2025,4,Ein tolles Zeug im Kampf gegen den Zündler. Leider der Preis nicht
DE,B0DG94KWXL,Artikel im Prinzip i.O.,Reviewed in Germany on 3 August 2025,4,An die Beschreibung halten
DE,B0DG94KWXL,"Super Spray, aber teuer",Reviewed in Germany on 2 August 2025,4,"Wir haben aufgrund von Garten und Katzen, gerade im Sommer, immer wieder ein Fliegenproblem.Dieses Spray wirkt wirklich gut. Wir nutzen es indem wir es direkt auf die Fliegen sprühen und sie sind nach kurzer Zeit vernichtet. Dass es auch Fliegen oder Ungeziefer abhält überhaupt in die Wohnräume zu kommen, indem man es versprüht, haben wir nicht erlebt. Aber immerhin tut es, was es soll und wir sind zufrieden. Nur preislich ist es teuer."
DE,B0DG94KWXL,"Verkäufer note 1A, aber Hersteller macht bisschen schwache Produktion.",Reviewed in Germany on 31 July 2025,4,"Nicht so stark wie frühe, oder Fliege stärke geworden. Aber trotzdem funktioniert nur nicht so lange wie vorletztes Jahr."
DE,B0DG94KWXL,Gutes Gelingen,Reviewed in Germany on 17 July 2025,4,"Sehr zufrieden, da ich aber fruchtfliegen als Gegner habe, musste ich noch mal nach kaufen"
DE,B0DG94KWXL,Nicht schlecht !,Reviewed in Germany on 11 July 2025,4,Gekauft habe ich es durch Empfehlungen.Ich selber bin ganz zufrieden mit dem Produkt. Insekten sind deutlich weniger geworden.
DE,B0DG94KWXL,Wirkungsvoll,Reviewed in Germany on 21 June 2025,4,"Das Spray tötet Ungeziefer mit Flügeln schnell. Ich habe die Zimmer eingesprüht und nach mehreren Stunden gesaugt. Fertig. Wer von Garten/Pflanzen umgeben ist, ist möglicherweise auch bedingt durch die veränderte Wettersituation mal mit diesem Problem konfrontiert. Dafür ist es das Beste, was es gibt."
DE,B0DG94KWXL,Super,Reviewed in Germany on 28 January 2025,4,"Erneuter Kauf… wir finden es super. Benutzen es für den Camper, das Haus,…Einfach super 👍🏻"
DE,B0DG94KWXL,Schnelle Lieferung,Reviewed in Germany on 30 April 2026,5,Alles bestens und schnelle Lieferung.
DE,B0DG94KWXL,Macht was es soll Top,Reviewed in Germany on 19 April 2026,5,Macht was es soll Top
DE,B0DG94KWXL,Endlich Ruhe vor den Viechern!,Reviewed in Germany on 2 March 2026,5,Das Spray macht was es verspricht. Habe es gegen Silberfische in einer Kammer genutzt und es wirkt einfach sofort und extrem zuverlässig. Der Geruch ist okay und verfliegt schnell.​Von mir gibt es dafür definitiv volle fünf Sterne!
DE,B0DG94KWXL,X,Reviewed in Germany on 30 March 2026,5,Das Mittel hat eine gute Wirkung. Der Preis ist top und die Lieferung schnell.
DE,B0DG94KWXL,Sehr schneller Versand,Reviewed in Germany on 17 March 2026,5,Super macht das was es soll 😁
DE,B0DG94KWXL,Eines gegen Alles!,Reviewed in Germany on 1 November 2025,5,"Ich sag ihm s wie es ist: Das beste Gift und schon oft mein Lebensretter.Ich kann Spinnen nicht mal ansehen, aber mit einem gezielten Sprüher kann ich mich zumindest ein bisschen wehren. Seit dem ich es einmal um meine Fenster und Balkontür gesprüht habe, habe ich auch Ruhe vor den Viechern. Bei Lebensmittelmotten und Tripsen auf Pflanzen auch total hilfreich. Hinterlässt keinen Schmierfilm oder ähnliches Störendes.So gut, dass ich es Freunden schon empfohlen habe und das mache ich sonst nie! Volle 5 Sterne für meine. Lebensretter!"
DE,B0DG94KWXL,Jule,Reviewed in Germany on 13 March 2026,5,Wirkt super
DE,B0DG94KWXL,Super,Reviewed in Germany on 3 February 2026,5,"Super wirksames Spray, das Beste, was die lästigen Papierfische im Zaun hält."
DE,B0DG94KWXL,Chemische Keule mit kurzer vorbeugender Funktion,Reviewed in Germany on 4 January 2026,5,"Bestes Zeugs. Kommt jedes Frühjahr in diversen Versorgungsschächten und Zwischendecken gegen Ameisen zum Einsatz. Muss öfter wiederholt werden, bis irgendwann Ruhe einkehrt."
DE,B0DG94KWXL,Keine Spinnen Keine Fliegen,Reviewed in Germany on 2 November 2025,5,Dieses Spray nehme ich überall hin mit. Einmal richtig eingesprüht kann man zwei Stunden später von überall Alle Fliegen Und  spinnen mit dem Staubsauger saugen. Wir haben 2 Katzen und das stört sie überhaupt nicht. Das Geruch ist überhaupt nicht störend und vergeht in einer Stunde komplett
DE,B0DG94KWXL,Gut,Reviewed in Germany on 25 January 2026,5,Gut
DE,B0DG94KWXL,Wirkt!,Reviewed in Germany on 25 October 2025,5,"Endlich, gut für die Abschreckung von Ungeziefer,  bevor es zum Fenster hereinfliegt. Wenn bei eingewinterten Pflanzen Läuse sich breit machen, bekämpft Ardap die Tiere, ohne die Pflanzen zu schädigen."
DE,B0DG94KWXL,Gibt es besseres Ungeziefer Spray...?,Reviewed in Germany on 29 June 2025,5,Beste Anti Fliegen Spray das wir je hatten. Wir leben auf einen umfunktionierten Bauernhof.Schon immer gab es hier Probleme mit Ungeziefer oder Ameisen.Unsere Dosen haben noch die Langzeit Wirkung. Gerüchten zufolge soll das bei neueren Chargen geändert sein.Doch noch nie vorher konnten wir so viele verendete Fliegen im Wintergarten aufsaugen.Beste Ungeziefer Spray - ohne wenn und aber.
DE,B0DG94KWXL,Ardap Ungeziefer Spray,Reviewed in Germany on 15 December 2025,5,Gibt nix besseres
DE,B0DG94KWXL,Super.,Reviewed in Germany on 30 November 2025,5,"Im Einzelhandel vergeblich gesucgt., Bier gefunden. Super."
DE,B0DG94KWXL,Nette Möglichkeit Ungeziefer umziehen zu lassen,Reviewed in Germany on 18 October 2025,5,Es macht genau das was es soll. Benötigte jedes Jahr mindestens eine Dose. Alternativen beim Baumarkt deutlich teurer.
DE,B0DG94KWXL,Sehr gut,Reviewed in Germany on 10 December 2025,5,Perfekt:-)
DE,B0DG94KWXL,Ardap,Reviewed in Germany on 15 November 2025,5,bestes mittel gegen Ungeziefer
DE,B0DG94KWXL,Gegen  Ungeziefer,Reviewed in Germany on 1 November 2025,5,Das beste überhaupt! Nicht nur für Tiere
DE,B0DG94KWXL,Super,Reviewed in Germany on 14 November 2025,5,Tolles Produkt
DE,B0DG94KWXL,Sehr wirksam 👍👍👍,Reviewed in Germany on 21 July 2025,5,Nehme Ardap  für meinen Hühnerstall wenn der Milbendruck  zunimmt! Kenne nichts besseres! Nach 2 Behandlungen  ist das echt  zu merken! Daumen hoch👍👍👍
DE,B0DG94KWXL,Effektiv,Reviewed in Germany on 24 May 2025,5,Das Spray ist wirklich effektiv! Nur sollte man den Raum nach dem Einsatz die nächste Stunde nicht betreten! Es ist geruchsintensiv und natürlich auch nicht gerade Gesundheitsfördert wenn man es einatmet. Das steht aber auch auf der Dose!
DE,B0DG94KWXL,Seit über 35 Jahren immer im Haus,Reviewed in Germany on 19 July 2025,5,"Ich nehme dieses Ardap für so ziemlich alles, was krabbelt und was nicht da sein soll, wo es ist und das schon seit sehr vielen Jahren."
DE,B0DG94KWXL,Ardap,Reviewed in Germany on 20 October 2025,5,Super Danke top
DE,B0DG94KWXL,Das beste Mittel gegen Ungeziefer,Reviewed in Germany on 1 July 2025,5,Dieses Mittel ist das Wirksamste gegen Ungeziefer. Man muss es allerdings sehr sparsam anwenden.Wir können es in jedem Fall weiterempfehlen und werden es immer wieder kaufen.
DE,B0DG94KWXL,Super!,Reviewed in Germany on 13 July 2025,5,"Ich verwende dieses Spray schon seit mehreren Jahren ,u.a. in meiner  Werkstatt und anderen Nebenräumen.Wirkt schnell und langanhaltend. Kann ich wirklich empfehlen!"
DE,B0DG94KWXL,Al faras,Reviewed in Germany on 28 August 2025,5,Sehr gut  Wirkung und kann auch verwendet werden wenn Tiere im Haus leben
DE,B0DG94KWXL,sehr gut,Reviewed in Germany on 10 October 2025,5,halten lange
DE,B0DG94KWXL,M,Reviewed in Germany on 22 August 2025,5,Ein super tolles Mittel gegen Ungeziefer. Wirkt schnell und zuverlässig über viele Tage.
DE,B0DG94KWXL,Vielseitig einsetzbar,Reviewed in Germany on 24 July 2025,5,Hilft gut bei Ameisen und auch bei Zinstler im Buchsbaum. Spinnen haben auch keine Chance- trotz Tierliebe :-)
DE,B0DG94KWXL,top,Reviewed in Germany on 13 September 2025,5,so wie beschrieben gute qualität schnelle zustellung
DE,B0DG94KWXL,Gute Wirkung,Reviewed in Germany on 31 July 2025,5,"Wirkt gut, was will man mehr.Wir nutzen das Produkt schon lange und sind zufrieden"
DE,B0DG94KWXL,Spinnenvertreiber,Reviewed in Germany on 25 August 2025,5,Es funktioniert sehr gut. Es hält die Spinnen ab.
DE,B0DG94KWXL,Insektenvernichter,Reviewed in Germany on 20 August 2025,5,Sehr gut gegen die angegebenen Insekten. Wirkt schnell und effizient.
DE,B0DG94KWXL,Liefertag,Reviewed in Germany on 18 September 2025,5,"Total Problemlos, jederzeit gerne wieder!!!!"
DE,B0DG94KWXL,Ardap,Reviewed in Germany on 28 September 2025,5,Alles ok
DE,B0DG94KWXL,Wirkt gut,Reviewed in Germany on 14 September 2025,5,Weg waren die Biester !!
DE,B0DG94KWXL,Hält was es verspricht.,Reviewed in Germany on 21 May 2025,5,Absolut wirksam gegen so ziemlich alles. Monate lange Wirkung wenn es nicht entfernt wird. Geeignet bei Haustieren und Bienenfreundlich.Seit Jahren in Gebrauch und immer zuverlässig.
DE,B0DG94KWXL,Für mich das beste,Reviewed in Germany on 3 September 2025,5,Hält länger als beschrieben
DE,B0DG94KWXL,Top Ware,Reviewed in Germany on 8 September 2025,5,Perfektes mittel !!!
DE,B0DG94KWXL,Ardap Repell Ungezieferspray 2 x 750ml - I,Reviewed in Germany on 12 September 2025,5,gut
DE,B0DG94KWXL,Ardap Ungezieferspray,Reviewed in Germany on 17 August 2025,5,Super  Alles  Okay
DE,B0DG94KWXL,Wirksam,Reviewed in Germany on 10 August 2025,5,"Hilft, wie immerDarauf ist Verlaß"
DE,B0DG94KWXL,Insekten Spray,Reviewed in Germany on 26 August 2025,5,Sehr zu empfehlen
DE,B0DG94KWXL,Top,Reviewed in Germany on 2 September 2025,5,Einwandfrei
DE,B0DG94KWXL,Top,Reviewed in Germany on 28 August 2025,5,Hilft garantiert.
DE,B0DG94KWXL,Alles okay,Reviewed in Germany on 11 August 2025,5,Das passt alles 1a
DE,B0DG94KWXL,Insektenspray,Reviewed in Germany on 7 July 2025,5,Kamen pünktlich und sicher verpackt an. Erfüllen die Erwartungen.
DE,B0DG94KWXL,Ungeziefer,Reviewed in Germany on 23 July 2025,5,Benutze ich schon seit Jahren..... absolut empfehlenswert!
DE,B0DG94KWXL,Profi Qualität,Reviewed in Germany on 8 July 2025,5,Perfekt - schießt die Mücke aus der Luft :-)
DE,B0DG94KWXL,👍,Reviewed in Germany on 15 August 2025,5,Top Ware
DE,B0DG94KWXL,Ungeziefer Spray,Reviewed in Germany on 13 August 2025,5,Sehr gut
DE,B0DG94KWXL,Spray,Reviewed in Germany on 5 August 2025,5,Wirkt super
DE,B0DG94KWXL,Sehr gute Gegen Ungeziefer,Reviewed in Germany on 5 June 2025,5,Eine Allzweckwaffe gegen Ungeziefer. Wir haben dann ca 6 Wochen Ruhe .
DE,B0DG94KWXL,Wirkungsvoll,Reviewed in Germany on 8 July 2025,5,Sehr schnelle Wirkung bei Ungeziefer
DE,B0DG94KWXL,Ungeziefer Spray,Reviewed in Germany on 21 July 2025,5,Erfüllt seinen Zweck
DE,B0DG94KWXL,brauchbar,Reviewed in Germany on 31 May 2025,5,Sehr effektiv im Gegensatz zu manchen anderen Spray
DE,B0DG94KWXL,Ardap,Reviewed in Germany on 5 July 2025,5,Gerne wieder
DE,B0DG94KWXL,Extrem effektiv,Reviewed in Germany on 9 June 2025,5,Sehr effektives Insektenspray. Funktioniert einwandfrei
DE,B0DG94KWXL,Hilft gegen alls,Reviewed in Germany on 15 June 2025,5,Hilft gegen alles ungeziefer
DE,B0DG94KWXL,pünklich geliefert,Reviewed in Germany on 15 June 2025,5,Wirkung im Eisatz hervorragend
DE,B0DG94KWXL,Kaufempfehlung,Reviewed in Germany on 29 May 2025,5,Das Spräh hilft sehr gut .Kaufempfehlung
DE,B0DG94KWXL,Ardap,Reviewed in Germany on 11 June 2025,5,Top alles Ungeziefer beseitigt!!
DE,B0DG94KWXL,Top Spray,Reviewed in Germany on 17 March 2025,5,"Super Spray, meine Obstfliegen konnte ich damit sehr gut ab töten, billig Sprays kann man vergessen hab alles versucht"
DE,B0DG94KWXL,Sehr gut,Reviewed in Germany on 17 June 2025,5,Sehr gut
DE,B0DG94KWXL,Gute Wahl,Reviewed in Germany on 3 April 2025,5,Das Spray wirkt sofort kam überall eingesetzt werden Haustier freundlich lange WirkungEinfach gut
DE,B0DG94KWXL,Insektenschutzspray,Reviewed in Germany on 6 April 2025,5,Einziger w i r k l i c h wirkender InsektenschutzVielen Dank!
DE,B0DG94KWXL,5 Sterne von mir,Reviewed in Germany on 17 May 2025,5,Sehr schnelle Lieferung gute Wirkung
DE,B0DG94KWXL,ARDAP Ungeziefer Spray,Reviewed in Germany on 3 April 2025,5,Super Produkt.  Sogar an meinen Pflanzen gibt es kein Ungeziefer mehr.
DE,B0DG94KWXL,Sehr kurze Lieferzeit!,Reviewed in Germany on 12 May 2025,5,"Meine bisherige Erfahrng ""sehr positiv""!"
DE,B0DG94KWXL,Gut ö,Reviewed in Germany on 15 May 2025,5,"Alles super, danke"
DE,B0DG94KWXL,Alles prima,Reviewed in Germany on 1 April 2025,5,"Perfekt  Romane Lieferung, alles Bestens  ein super Produkt"
DE,B0DG94KWXL,E. K.,Reviewed in Germany on 10 May 2025,5,Wirkt super!
DE,B0DG94KWXL,Beste 100%,Reviewed in Germany on 20 April 2025,5,"beste gegen Insekten ,100% Erfolg"
DE,B0DG94KWXL,Hält was es verspricht,Reviewed in Germany on 1 May 2025,5,Schnell und effektiv.
DE,B0DG94KWXL,Für die Biotonne,Reviewed in Germany on 24 April 2025,5,Einwandfrei für Biotonne
DE,B0DG94KWXL,Top,Reviewed in Germany on 15 April 2025,5,Bei Pflanzen schädlingsbefall top!
DE,B0DG94KWXL,Zu empfehlen,Reviewed in Germany on 13 April 2025,5,Alles super. Sehr gerne wieder.
DE,B0DG94KWXL,Klasse,Reviewed in Germany on 27 March 2025,5,Kann man einfach super gebrauchen
DE,B0DG94KWXL,super,Reviewed in Germany on 14 April 2025,5,hilft super
DE,B0DG94KWXL,Es macht was es soll,Reviewed in Germany on 3 April 2025,5,Artikel wie beschrieben
DE,B0DG94KWXL,So,Reviewed in Germany on 22 March 2025,5,Gute
DE,B0DG94KWXL,läuse,Reviewed in Germany on 14 February 2025,5,es hilft
DE,B0DG94KWXL,TOP,Reviewed in Germany on 14 May 2025,5,Hilft auch gegen den Zünsler.
DE,B0DG94KWXL,nur noch ARDAP,Reviewed in Germany on 20 March 2025,5,nutzen kein anderes mehr. ARDAP ist genial
DE,B0DG94KWXL,Hat gewirkt!,Reviewed in Germany on 14 October 2025,5,Hat gewirkt
DE,B0DG94KWXL,Top 👌💯🔥,Reviewed in Germany on 13 May 2025,5,Gutes Spray 👌💯🔥 Ungeziefer frei nach nicht mal 24 Std 👌💯🔥
DE,B0DW47NMDC,Nicht empfehlenswert,Reviewed in Germany on 14 June 2026,1,"Nicht empfehlenswert. Habe mich aufgrund der guten Bewertungen für dieses Produkt entschieden. Leider wurde ich sehr enttäuscht. Es tötet zwar die besprühten Ameisen ab. Aber das war es dann auch schon. Sie nehmen anschließend wieder wie gewohnt ihre  "" Straße "". Schade. Kann mich somit nicht den guten Bewertungen anschließen. Leider auch sehr teuer."
DE,B0DW47NMDC,Problem mit Trauermücken,Reviewed in Germany on 24 May 2026,1,Ich bin leider nicht mit dem Produkt  zufrieden Das Problem das ich habe besteht aus einer Plage von Trauermücken die wie ich glaube resistent sind gegen dieses Mittel sind. Ich hatte mir mehr davon versprochen doch leider besteht das Problem immer noch.
DE,B0DW47NMDC,Fruchtfliegen ....,Reviewed in Germany on 25 April 2026,1,"... finden die Feuchtigkeitsdusche als nicht unangenehmen, meine Hochglanzküchenzeile um so mehr. Es wird kein Feuchtigkeitsnebel erzeugt sondern eher ein Flüssigkeitsstrahl, der die Oberfläche total ""überschwemmt"". Mit reichlich Küchenkrepp habe ich es dann geschafft, die Sauerei zu entfernen.Die zwei gekauften Flaschen werden nun als Schadstoff entsprechend entsorgt."
DE,B0DW47NMDC,Artikelbeschreibung!,Reviewed in Germany on 24 June 2026,1,Wurde leider ncht wie beschrieben geliefert.Sprühkopf fehlt!!!!
DE,B0DW47NMDC,kein Sprühkopf - Sprühaufsatz mitgeliefert,Reviewed in Germany on 23 June 2026,1,leider kam das Produkt ohne Sprühkopf - Sprühaufsatz
DE,B0DW47NMDC,Anderes Produkt geliefert als bestellt - stinkt und ist wirkungslos,Reviewed in Germany on 21 July 2025,1,"ACHTUNG FALLE:Ich habe bei einer Bestellung aus dem letzten Jahr zum Produkt Envira - Universalinsektizid auf „erneut bestellen“ geklickt. Für teures Geld erhielt ich dann ein „Rapellent“, welches unfassbar stinkt und nichts nutzt. Der Geruch des Produkts macht mir übelste Kopfschmerzen, während die Insekten fröhlich das Haus stürmen und völlig unbeeindruckt sind. In meinem Fall haben Gewittertierchen 1 Fernseher und einen Monitor bis zur Unbrauchbarkeit unterwandert. Natürlich bemerkte ich es viel zu spät, dass man mir ein ganz anderes Produkt untergeschoben hatte. Der Kanister war angebrochen. Bei Beschwerde wurde mir mitgeteilt, der ursprüngliche, geruchlose und wirkungsvolle Wirkstoff dürfe auf Amazon nicht mehr verkauft werden. Ich finde es das Letzte, dass man Kunden ungefragt ein anderes Produkt unterschiebt - wirkungslos und in geschlossenen Räumen durch den sehr intensiven Geruch nicht anwendbar. Das Ganze grenzet (es ist ja Vorsatz) an…. sie wissen schon!Nach Beschwerde wurde mir der Rückversand AUF MEINE KOSTEN angeboten - oder 10 Prozent Rabatt beim Kauf des nächsten wirkungslosen Produkts.Beschwerde geht nun an Amazon direkt - sowas darf man sich nicht bieten lassen!WARNUNG: Envira ist nicht mehr das, was es einmal war! Finger weg!"
DE,B0DW47NMDC,Keine Wirkung.,Reviewed in Germany on 20 June 2026,1,Die Mücken feiern Party - also keine Wirkung erkennbar.
DE,B0DW47NMDC,Brak w przesyłce,Reviewed in Germany on 21 May 2026,1,"Niestety otrzymałem samą wypełnioną butelkę, bez automatu do sprayu."
DE,B0DW47NMDC,Wirkt null,Reviewed in Germany on 19 July 2025,1,"Ich habe das Produkt gestern bekommen und natürlich direkt genutzt um Türen/Rahmen Fenster etc. einzusprühen. Wir wohnen seit ein paar Wochen in einem 160 qm großen Haus und das erste was ich morgens mache, ist die ganzen langbeinigen Spinnen in den Ecken zu vernichten.Ich weiß ehrlich nicht wo sie jeden Tag aufs neue herkommen.Nun ja ich habe Ecken Türen etc. alles eingesprüht.Was war das erste als ich heute aufgestanden bin, ich bin bzw. ich konnte wieder anfangen die 8 beinigen Tierchen zu vernichten.Ich würde sagen es war rausgeschmissen es Geld für dieses Produkt!Zumal ich überall wo Fenster geöffnet sind Fliegengitter habe.Dieses Produkt ist alles, aber nicht wirksam.Es hat keinen auffallenden Geruch sowie keine auffallende Wirkung.Ich weiß wirklich nicht wie die positiven Rezessionen hier zu Stande kommen.Vielleicht war das Produkt mal wirksam und man hat eingespart in dem man die Rezeptur geändert hat.Auf jeden Fall ist es nicht das, was ich hier aus den positiven Rezessionen entnehme!"
DE,B0DW47NMDC,Man kann es schwer anwenden,Reviewed in Germany on 13 April 2026,1,"Irreführende Bezeichnung des Produkts – es ist kein Spray, sondern eine Flasche mit Flüssigkeit."
DE,B0DW47NMDC,Knapp am Betrug vorbei,Reviewed in Germany on 7 May 2025,1,"Es handelt sich hier nicht um ein Insektengift sondern um ein Abwehrspray, das riecht ein bisschen unangenehm für die Viecher sonst nichts.Das ist aber nicht eindeutig, oder erst auf den zweiten Blick ersichtlich und außerdem kommt dieses Produkt als ""Gesponsertes"" Produkt wenn ich nach Insektengift suche. Die Firma bezahlt also noch gezielt dafür, dass Leute die eigentlich etwas vollkommen anderes suchen, auf ihr Produkt geführt werden in der Hoffnung den ein oder anderen täuschen zu können. Bei mir ist es leider gelungen. Vorallem da die Top Rezensionen noch davon berichten wie effektiv das Mittel die Insekten tötet.Verstärkt wird der falsch Eindruck durch die Angabe, dass es sich um ein Biozid handelt, dabei ist es eigentlich eher ein Raumduft. Dafür kann allerdings der Hersteller nichts, es ist eine EU Verordnung (was sonst)."
DE,B0DW47NMDC,KEINE WIRKUNG!!!,Reviewed in Germany on 16 August 2025,1,"Das Spray hat KEINE Wirkung, außer dass es echt übel stinkt!!!Ich konnte mit dem Spray KEINE Spinnen, Fliegen, Asseln, Ameisen oder sonstiges Getier abwehren!!!Trotz falscher Angaben über die Wirkung keine Erstattung möglich! Rücksendung nur auf eigene Kosten!Alles in allem eine Frechheit, vor allem bei dem hohen Preis!!!"
DE,B0DW47NMDC,Hilft nicht gegen Ameisen,Reviewed in Germany on 2 April 2025,1,"Ich habe das Mittel gekauft um die Ameisen davon abzuhalten in die Wohnung zu spazieren, da wir eine regelrechte Plage haben.  Ich habe also seit ein paar Tagen täglich das Mittel auf dem Boden vor und an der Terassentür großzügig versprüht ( überdacht). Die Ameisen spazieren da weiter fröhlich durch, ich habe absolut keinen Rückgang der Menge an Ameisen bemerkt.Ich Ärgere mich sehr das ich auch noch zwei Flaschen bestellt habe die absolut wirkungslos sind."
DE,B0DW47NMDC,Envira Insekten Abwehrspray,Reviewed in Germany on 21 October 2025,1,Dieses Produkt hat mal 4.98 € gekostet und hatte eine sehr gute Wirkung und jetzt für 20 € kaum Wirkung. Keine Kaufempfehlung
DE,B0DW47NMDC,Nicht mehr das selbe für mehr Geld,Reviewed in Germany on 20 May 2025,1,"Kaufe das Produkt seit 2016, die Zusammensetzung scheint verändert, meine Charge zeigt jedenfalls nicht die gewohnte Qualität. Auch ist es nicht mehr geruchlos. Es stinkt!  Werde es allein aus diesem Grund nicht wieder bestellen, schade !!  Habe es in der Hauptsache gegen Ameisen u Spinnen genutzt, klappt leider auch nicht mehr wie vorher. Angewendet wird nach Anweisung."
DE,B0DW47NMDC,Vorsicht! Drei Jahre altes Produkt geliefert mit einem Jahr Rest-MHD,Reviewed in Germany on 24 November 2024,1,"Ob das Produkt gut ist, kann ich noch nicht bewerten. Was aber aus meiner Sicht inakzeptabel ist, ist, dass das Produkt bereits DREI JAHRE alt ist und nur noch achte Monate restliche Haltbarkeit hat. Ich habe leider direkt zwei Flaschen bestellt und bin über die kurze Restlaufzeit sehr enttäuscht.Werde den Artikel wohl retournieren und ein anderes Produkt bestellen.Ärgerlich!"
DE,B0DW47NMDC,Bermerke keinerlei Wirkung,Reviewed in Germany on 21 August 2024,1,Leute ich verstehe manche Menschen nicht. Zum Beispiel jene die eine positive Bewertung einfach so raushauen nur weil die Mittags von Mücken nicht belästigt werden. Ich habe das Zeug in meinem Garten verteilt! 3 Tage hintereinander. Ergebnis: KEIN UNTERSCHIED! Beim Grillen habe ich mir das Zeug auf die Schuhe gesprüht. Ergebnis: Es war den Mücken egal. 20(!) Mückenstiche! Das Zeug ist wirkungslos bei MÜCKEN zumindest!
DE,B0DW47NMDC,Katastropheeeee,Reviewed in Germany on 25 September 2025,1,.
DE,B0DW47NMDC,Sehr  schlechte Wirkung.,Reviewed in Germany on 19 May 2025,1,"Wirkt nicht wie beschrieben, Ameisen nach einem Tag wieder  zurück, kaum Sofortwikung, schon gar keineLangzeitwirkung, Geruch nicht unangenehm. Insgesamt unnötiger Kauf,  eine Rückgabe problematisch.Gleiche Bewertungen von anderen Käufern, siehe diese."
DE,B0DW47NMDC,Not working properly,Reviewed in Germany on 9 August 2025,1,Does not work well
DE,B0DW47NMDC,Ich kenne dieses Produkt,Reviewed in Germany on 17 September 2024,1,"bereits seit 2009. Scheinbar ist die Zusammensetzung verändert, meine Charge zeigt jedenfalls nicht die gewohnte Qualität. Die Schnacken lachten sich kaputt während man morgens die Stiche versorgen durfte. Angewendet wird nach Anweisung. Dennoch sind aktuell die Stubenfliegen nicht tot zu kriegen. Ein sehr unbefriedigendes Ergebnis."
DE,B0DW47NMDC,Mittel wirkt null,Reviewed in Germany on 29 August 2024,1,Dieses Mittel funktioniert so garnicht. Habe sogar 20 fliegen eingefangen und sie besprüht. Sie flogen noch stundenlang fröhlich rum. Der Verkäufer nimmt benutztes Mittel nicht zurück. Auch sehr unkooperativ. Schreibt sogar das direkt besprühte fliegen innerhalb von 5 Minuten verenden. Schaut lieber nach anderen Produkten anderer Hersteller.
DE,B0DW47NMDC,"ohne jegliche Wirkung bei Spinnen, nicht sofort und keine Langzeitwirkung.",Reviewed in Germany on 21 August 2024,1,"Meine Spinnen sind von dem MIttelchen überhaupt nicht beeindruckt. Sie lassen sich nicht vertreiben von fernhalten............ und vorsicht !!! die Rücksendung müssen sie selbst bezahlen, obwohl der Kauf meines Erachtens nur rausgeschmissenes Geld ist.Vor mir sicher nicht empfehlenswert. Da kann ich gleich Wasser versprühen."
DE,B0DW47NMDC,Schade,Reviewed in Germany on 17 April 2025,1,"Es tut mir leid, dass ich so viel Geld bezahlt habe. Es hat keinen Zweck."
DE,B0DW47NMDC,ENVIRA ABWEHRSPRAY,Reviewed in Germany on 17 March 2025,1,Dieses  Produkt ist das Geld überhaupt nicht wert. Es hilft überhaupt nicht schade ums Geld.
DE,B0DW47NMDC,schlecht,Reviewed in Germany on 14 June 2025,1,Das hat gar keine Wirkung
DE,B0DW47NMDC,"Hipp hipp hurra, rufen alle Insekten",Reviewed in Germany on 19 August 2024,1,"Dieses Produkt beeindruckt noch nicht einmal Obstfliegen.Kostet fast 37€ und hat null Wirkung.Obendrein kann man es noch nicht einmal zurück geben.Das nenne ich Abzocke, für Seifenlauge diesen Betrag zu zahlen."
DE,B0DW47NMDC,Stinkt!,Reviewed in Germany on 22 April 2025,1,Hat keine Wirkung. Stinkt wir verrückt
DE,B0DW47NMDC,Wirkung,Reviewed in Germany on 23 January 2023,1,Ich habe die 2 Spraydosen verwendet und der Flohbefall den ich abstellen wollte blieb aus 30 Euro für nichts.Es sind auch nicht weniger geworden ich bin sowas von entauescht nach 2 Std alles tot steht in der Beschreibung da warte ich immer noch drauf .Ich werde weiter gequält und nichts hilft das ist schon das4.Flohspray und ich kann keine nacht richtig schlafen
DE,B0DW47NMDC,Reinfall !!!,Reviewed in Germany on 17 October 2024,1,Ich habe das das Mittel hauptsächlich wegen Baumwanzen/Stinkwanzen  geholt und es hilft gleich NULL !!!
DE,B0DW47NMDC,Nix,Reviewed in Germany on 5 March 2025,1,Hat nix gebracht
DE,B0DW47NMDC,Leider nur kurze Dauer,Reviewed in Germany on 26 May 2024,1,Leider hat es nur kurze Dauer (2Tage) geholfen. Auch Spinnen etc. Sind gleich wieder gekommen.Wurd nicht mehr gekauft.
DE,B0DW47NMDC,Geldverschwendung,Reviewed in Germany on 5 March 2024,1,"Ich habe noch nie einen sinnloseren Kauf getätigt als diesen. Nach wiederholter Behandlung liefen die Käfer immer weiter. Es sei denn, Sie ertränken sie einfach darin."
DE,B0DW47NMDC,Bitte Warnhinweis verwenden !!,Reviewed in Germany on 20 February 2024,1,Bitte beim nächsten Mal einen Warnhinweis verwenden wegen Nutzung bei Katzen im Haushalt. Ich kann es so nicht benutzten da es tödlich sein kann für Katzen !!
DE,B0DW47NMDC,Örümceklericin ise yaramadi,Reviewed in Germany on 1 December 2024,1,Evdeki örümcekler icin kullanmistim ise yaramadi.
DE,B0DW47NMDC,Bringt nix,Reviewed in Germany on 7 June 2023,1,"Moskitos fliegen weiter munter rum. Ameisen interessieren sich gar nicht für das Mittel, stattdessen stirbt der Rasen direkt von dem Mittel ab. Einfaches Ameisengranulat wirkt viel besser und viel schneller. Nutzlos, viel Geld für nix."
DE,B0DW47NMDC,Tödlich für Katzen,Reviewed in Germany on 3 September 2019,1,"Achtung, das Mittel ist TÖDLICH für KATZEN, leider steht es NICHT auf der Verpackung.Überlegt auch unbedingt, ob ihr dieses Mittel wirklich benötigt. Wir haben eh schon so wenige nützliche Insekten und Vögel. Oft reicht auch die Fliegenklatsche oder das Ignorieren.Der eine Stern ist die Mindestbewertung. Sie sagt nichts über die Wirksamkeit aus. Doch die Folgen für Katzen und nützliche Insekten sind einfach nicht schön. Also prüft IMMER, ob ihr ein Produkt wirklich braucht. Die Umwelt und dein Geldbeutel werden es euch danken."
DE,B0DW47NMDC,Mist,Reviewed in Germany on 21 March 2024,1,"Das insektenspray ist nicht zu gebrauchen, die Flöhe gehen nicht kaputt damit.Ich würde es nicht mehr kaufen."
DE,B0DW47NMDC,Null Wirkung,Reviewed in Germany on 9 July 2023,1,Habe dieses Produkt gekauft und schon 2x benutzt leider Ohne Wirkung die Mücken/Fliegen sind kurzfristig weg und paar Stunde wieder muss mann wieder damit kämpfen...
DE,B0DW47NMDC,THE PRODUCT BURNS THE PLANTS LEAFS,Reviewed in Germany on 18 June 2023,1,I have used the Insektenspray according to the manual but it burned leaves of my flowers!!!Why didn't you mention it is killing plants?!
DE,B0DW47NMDC,Ammersee  Mittel,Reviewed in Germany on 14 June 2024,1,Finger  weg  keine gute Mittel  Wirkung  0%
DE,B0DW47NMDC,Nicht geholfen,Reviewed in Germany on 18 July 2023,1,Ich habe unser Balkon damit bedeckt. Leider hatten wir weiterhin Spinnen und Spinnenneste… um den Preis hatte ich mir mehr erhofft!
DE,B0DW47NMDC,"Envira Universal Insektenspray - Insektizid Mit Langzeitwirkung - Insektenschutz Auf Wasserbasis,",Reviewed in Germany on 24 July 2021,1,"Das Ding taugt nichts, ich denken  Wasser könnte besser wirken als dieses Ding. Die Fliegen setzen sich einfach drauf und tanzen, als ob es Wasser wäre.Ich brauche keine Romane zu schreiben, wenn ich kurz und knapp fassen kann!!"
DE,B0DW47NMDC,Wirkt 5 Minuten,Reviewed in Germany on 11 September 2024,1,Sehr kurze Wirkung.
DE,B0DW47NMDC,Zeit muß man haben,Reviewed in Germany on 31 July 2021,1,"Der Sommer neigt sich dem Ende, die Gelsen und Fliegen verschwinden von selbst, hätte vermutlich ein Schild aufstellen sollen, damit die Insekten auch wissen, ich habe Gift gesprüht. Zumindest die Gelsen und Fliegen haben das Mittel höflichst ignoriert."
DE,B0DW47NMDC,Ich habe keinen besonderen Effekt gesehen,Reviewed in Germany on 27 June 2024,1,Ich habe keinen besonderen Effekt gesehen
DE,B0DW47NMDC,Absoluter Schrott. Wirkt eher wie ein Lockmittel :(,Reviewed in Germany on 18 October 2016,1,"Da wir ein Problem mit vielen Fruchtfliegen, Halmfliegen etc. haben, brauchten wir schnelle Hilfe. Dieses Mittel ist völlig wirkungslos. Beim Einsprühen spürt man einen kleinen Effekt, da die Fliegen merkbar die Augen zu machen. Spinnen muss man schon 3x satt einsprühen ehe eine Wirkung erzielt wird.Jetzt zu absolut unmöglichen Teil:Schon nach einem Tag krabbeln die Fliegen fröhlich über die besprühten Stellen (in diesem Fall Fensterrahmen). Ich habe sogar das starke Gefühl, dass es wirkt wie ein Lockmittel. Das Problem hat sich verschlimmert, was definitiv am Mittel liegen muss."
DE,B0DW47NMDC,Helfen tut es nicht wirklich,Reviewed in Germany on 15 July 2016,1,"Habe mir gedacht das ich das mal besorge da das Chrysamed nicht mehr verfügbar ist, was ich sehr schade finde.Dachte das wäre das selbe aber na ja...Kann ich auch nicht Empfehlen da es eben doch riecht .... Und helfen tut es eben auch nicht so, wie es sollte.Bin echt enttäuscht von dem Produkt!Kauft euch lieber das Chrysamed direkt vom Hersteller.Das ist auch ungefährlicher für Mensch und Tier und es hilft, und ist auch super geeignet für Allergiker!"
DE,B0DW47NMDC,Produkt ist gut. Leider beschädigt beim Versand und nur halb voll.,Reviewed in Germany on 15 November 2023,1,Das Paket kam ganz nass und zur Hälfte leer an
DE,B0DW47NMDC,Ungiftiges Gift!,Reviewed in Germany on 7 October 2021,1,"Ich habe es auch drinnen und draußen verwendet.Er betäubte die Fliegen. Es hat nichts anderes Gutes getan.Es tötet nicht, es schützt nicht."
DE,B0DW47NMDC,sehr sehr schlecht,Reviewed in Germany on 29 August 2023,1,sehr sehr schlecht
DE,B0DW47NMDC,Absolutely b... S...,Reviewed in Germany on 4 July 2020,1,"This is absolutely b... S..., I just make treatment in my garden 200m2 and after 1 hour moskito came back. Money in the garbage. I'm very disappointed"
DE,B0DW47NMDC,wasser,Reviewed in Germany on 3 September 2021,1,wasser hat ungefähr die gleiche wirkung so ein reinfall hab ich schon lange nicht mehr bekommen
DE,B0DW47NMDC,"Schade, als würde man Wasser spritzen. Es tut nichts als Geldverschwendung. Empfehle es nie weiter.",Reviewed in Germany on 17 September 2021,1,"Schade, als würde man Wasser spritzen. Es tut nichts als Geldverschwendung. Empfehle es nie weiter."
DE,B0DW47NMDC,Macht nicht das was es soll,Reviewed in Germany on 15 July 2021,1,Egal wo ich es hingespüht hab Ameisen Nest spinnen Käfer hat gar nix gebracht.Totale Geldverschwendung!!!
DE,B0DW47NMDC,Überhaupt nicht,Reviewed in Germany on 31 July 2022,1,Überhaupt nicht gut total schlecht
DE,B0DW47NMDC,Nicht zu empfehlen!,Reviewed in Germany on 31 July 2021,1,Bei uns hat es keinerlei Wirkung gezeigt. Würden es definitiv nicht empfehlen.
DE,B0DW47NMDC,Hatte keine Wirkung,Reviewed in Germany on 9 October 2021,1,Leider hatte es keinerlei Wirkung bei der Roten Vogelmilbe gezeigt.
DE,B0DW47NMDC,Taugt nichts mein Fliegenproblem existiert nach wie vor,Reviewed in Germany on 9 July 2022,1,Keine Wirkung
DE,B0DW47NMDC,Innerhalb 10 Tagen wieder Insekten an den eingespühten Stellen,Reviewed in Germany on 20 August 2019,1,Ich kann das Produkt leider nicht empfehlen. Innerhalb 10 Tagen hatte ich bereits wieder Insekten an den eingesprühten Stellen. Mit meinem bisher verwendeten Chrisanthemenspray hatte ich monatelang Ruhe.
DE,B0DW47NMDC,Wirkung im Garten nicht feststellbar,Reviewed in Germany on 23 January 2018,1,Leider keine Wirkung feststellbar und wenn man sich die Ökowirkung genau anschaut weiss man das so ein Einsatz wegen grundwasserschutz etc. eigendlich gar nicht tragbar ist. Morgen hat man das Zeug selbst wieder auf dem Teller...
DE,B0DW47NMDC,Nicht empfehlenswert,Reviewed in Germany on 3 April 2018,1,Ich kann das Produkt leider nicht empfehlen.  Zur Bekämpfung von Bettwanzen taugt es zumindest nichts.  Die Wanzen sterben zwar ab allerdings erst dann wenn man sie wortwörtlich in der Flüssigkeit ertränkt.
DE,B0DW47NMDC,Harisa dogic,Reviewed in Germany on 21 October 2020,1,Sehr gut. Bin ich zufrieden. Danke
DE,B0DW47NMDC,Wenig Wirkung und viel zu teuer.,Reviewed in Germany on 12 October 2019,1,"Es soll nicht schmieren ,schmiert aber. Die Wirkung ist bei weitem nicht so wie beschrieben."
DE,B0DW47NMDC,Keine sofortige Wirkung mehr!,Reviewed in Germany on 19 August 2015,1,"Funktioniert nicht mehr, seit dem es nicht mehr Chrysamet ist.Früher hat man eine Fläche besprüht und es kam ein halbes Jahr kein Insekt mehr, jetzt kann man sie mit dieser Flüssigkeit nur noch ertränken..."
DE,B0DW47NMDC,Totally not good quality,Reviewed in Germany on 10 January 2021,1,Not good warking
DE,B0DW47NMDC,Ameisen,Reviewed in Germany on 27 May 2018,1,Hilft so gut wie garnicht. Nur teuer. Da muss man schon jede einzelne Ameise mit besprühen und an die Nester kommt man damit nicht.
DE,B0DW47NMDC,Taugt nichts,Reviewed in Germany on 15 September 2016,1,"Das Ding taugt nichts. Die Fliegen setzen sich einfach drauf, als ob es Wasser wäre.Wieso soll man Romane schreiben, wenn man sich kurz und knapp fassen möchte."
DE,B0DW47NMDC,Keine Wirkung,Reviewed in Germany on 30 April 2020,1,Ich merke keine Wirkung komisch!!!
DE,B0DW47NMDC,Keine lange Wirkung mehr gegen Mücken,Reviewed in Germany on 1 October 2016,1,"Nachmittags großflächig gesprüht,aber am Abend waren Sie alle wieder da.Half nur noch AntiBrumm u.a. sachenKeine langzeitwirkung mehr wie vor 2 Jahren"
DE,B0DW47NMDC,Wasser,Reviewed in Germany on 16 July 2016,1,das Zeug besteht zu 98% aus Wasser wären es 100% würde das an der Wirksamkeit nicht ändern.Ich hatte damit keine Erfolg.
DE,B0DW47NMDC,Does not working on Ants.,Reviewed in Germany on 30 June 2019,1,Used it as directed.  no result at all.
DE,B0DW47NMDC,Keine Kaufempfehlung,Reviewed in Germany on 26 June 2019,1,Für den Aussenbereich unwirksam! Innen nicht getestet
DE,B0DW47NMDC,insekten,Reviewed in Germany on 17 July 2019,1,die Flasche war undicht
DE,B0DW47NMDC,Environment Insektizid,Reviewed in Germany on 24 August 2014,1,"Entgegen der beschriebenen Wirkung gegen Insekten, zeigt das Produkt keinerlei Wirkung.Kann es nicht Empfehlen. Lieferung war schnell und in Ordnung.Mit freundlichen Grüßen."
DE,B0DW47NMDC,Insektenmittel gegen diverse Insekten,Reviewed in Germany on 15 June 2014,1,"Dieses Mittel wirkt trotzt wiederholter Anwendung, gemäß Herstellerangaben, nicht. Für geringe Flächen muss viele Mittel einsetzt werden. War ein absoluter Fehlkauf."
DE,B0DW47NMDC,Preis zu stark gestiegen,Reviewed in Germany on 7 March 2026,1,"Gutes Produkt. Aber der Preis hat sich verdoppelt da nur noch halbe Menge, daher kaufe ich es nicht mehr. 20€ für 500ml sind einfach weit zu viel!"
DE,B0DW47NMDC,Wirkungslos,Reviewed in Germany on 25 August 2019,1,Wir haben vor 3 Wochen infolge einems Hotelaufenthalts Bettwanzen eingeschleppt. Nach 2 Tagen fingen die Biester an uns nachts zu belästigen. Abhilfe: Mittel gegen die Quälgeister besorgen. Seit vielen Tagen sprühen wir dieses Wundermittel - geholfen hat es bis uns bislang nicht - nur dem Hersteller. Das Zeug ist absolut keinen Cent wert.
DE,B0DW47NMDC,... wirkt 'unwirksam'....,Reviewed in Germany on 5 July 2019,1,"....hält leider nicht, was es verspricht... ~ die frühere Ausgabe, unter dem Namen ""Chrysamed"", wirkte eindeutig um Klassen besser....(man fühlt sich von verschiedenen Insekten /Fliegen, Mücken etc. schon 'verlacht')"
DE,B0DW47NMDC,Vor allem als vorbeugendes Mittel äußerst bedenklich,Reviewed in Germany on 29 April 2015,1,"Der Wirkstoff Permethrin gilt als gefährlich für Bienen und steht zudem im Verdacht, das Hormonsystem von Menschen und Tieren zu schädigen. Für Katzen, Amphibien, Reptilien und Fische kann es tödlich sein. Äußerste Vorsicht ist bei diesem Produkt also angebracht. Die Bewerbung ""Mit der Kraft des Wassers"" ist irreführend. Beim gezielten Einsatz gegen bestimmte Schädlinge hat ein solches Mittel vielleicht Berechtigung. Von leichtfertigem ""vorbeugenden"" Einsatz sollte Abstand genommen werden."
DE,B0DW47NMDC,Vernichtet Pflanzen  !!!,Reviewed in Germany on 3 July 2019,1,Hier hat sich wohl die Rezeptur geändert. Wollte Trauermücken von Pflanzen fern halten.Das Ergebnis von einer Nacht !!! Sehen Sie an Hand der Fotos.Trauermücken sind noch da. Pflanzen sind hinüber !!!Ich kann von diesem Produkt nur abraten  !!!
DE,B0DW47NMDC,Habe mir Zuviel erhofft,Reviewed in Germany on 5 June 2025,1,Ich muss leider sagen …. Es bringt garnichts 🥹Genau wie vorher allesSchade ☹️ 😓
DE,B0DW47NMDC,Inefficace,Reviewed in France on 22 July 2024,1,"Pour une surface de 15 mètres carrés,  nul, non avenant,  .déçu"
DE,B0DW47NMDC,"Endlich Ruhe auf dem Balkon – das einzige Spray, das wirklich geholfen hat",Reviewed in Germany on 7 June 2026,5,"Jedes Frühjahr hatten wir auf unserem Balkon eine regelrechte Invasion von mottenartigen Insekten. Ich habe über die Jahre vieles ausprobiert – Hausmittel, Fallen und verschiedene Sprays – aber nichts hat dauerhaft geholfen.Mit dem Envira Effect Insektenspray war der Unterschied sofort bemerkbar. Nach einer einmaligen Anwendung an den betroffenen Stellen war innerhalb kurzer Zeit Ruhe, und die Insekten sind bislang nicht wieder aufgetaucht. Besonders positiv finde ich, dass das Spray relativ geruchsarm ist und sich einfach anwenden lässt.Natürlich kann ich nur von meiner eigenen Situation berichten, aber für unser wiederkehrendes Frühjahrsproblem auf dem Balkon war dieses Spray bisher die mit Abstand wirksamste Lösung. Klare Kaufempfehlung."
DE,B0DW47NMDC,Insektenspray,Reviewed in Germany on 3 July 2026,5,Preisleistungsverhältniss super.Tür von aussen einsprühen und Fliegen und Co bleiben draussen.Kann Fenster auf lassen.👍👍👍👍
DE,B0DW47NMDC,Geruchsneutral ohne Chemie,Reviewed in Germany on 26 February 2026,4,"Ich habe das Envira Universal Spray primär zur Bekämpfung von hartnäckigen Ameisenstraßen im Haus und zur Spinnenabwehr im Wintergarten gekauft.Meine Erfahrung:Ameisen: Direkt besprühte Wege wurden sofort gestoppt. Das Besondere ist jedoch die Barrierewirkung: Einmal auf Türschwellen und Fensterrahmen aufgetragen, hielt die abschreckende Wirkung über Wochen an, ohne dass neue Ameisen nachkamen.Spinnen: Hier war mir die Geruchsneutralität besonders wichtig. Nach dem Ausspritzen der Ecken im Wintergarten haben sich deutlich weniger neue Netze gebildet. Die Spinnen meiden die behandelten Flächen sichtlich.Anwendung: Da es eine wasserbasierte Emulsion ist, gab es keine hässlichen Flecken auf meinen hellen Fliesen oder Holzleisten.Ein Stern Abzug gibt es für das Handling des Kanisters; hier wäre ein besserer Ausguss oder ein hochwertigerer Zerstäuber wünschenswert.Fazit:Der 5-Liter-Vorrat ist ideal, um im Frühjahr einmal das gesamte Haus „abzusichern“. Wer ein wirksames Mittel gegen kriechendes Ungeziefer sucht, das nicht das ganze Haus nach Chemie riechen lässt, ist hier genau richtig. Ein sehr professionelles Produkt!"
DE,B0DW47NMDC,Super Antifliegenmittel,Reviewed in Germany on 1 July 2026,5,"Dieses Spray ist absolut wirksam gegen Fliegen. Alles eingesprüht  worauf sich Fliegen gern setzen,  wirkt es sicher.Ich nutze es schon seit Jahren und werde es immer wieder bestellen. Die Lieferung erfolgte pünktlich"
DE,B0DW47NMDC,Super Mittel gegen Insekten!,Reviewed in Germany on 3 July 2026,5,Ich benutze dieses Produkt schon mehrere Jahre und bin damit sehr zufrieden. Das hilft gegen Alles. Super Produkt.
DE,B0DW47NMDC,"Ganz okay, aber nicht überzeugend – wirkt, aber nicht überall zuverlässig",Reviewed in Germany on 7 January 2026,3,"Ich habe das Envira Universal Insektenspray 500 ml gekauft, weil ich in der Wohnung immer wieder mit kleinen Insekten wie Trauermücken und Fruchtfliegen zu kämpfen hatte. Der Gedanke an einen geruchsarmen Spray mit dezentem Zitrusduft hat mich angesprochen, aber am Ende bin ich bei meiner Einschätzung eher im Mittelfeld gelandet – deshalb gebe ich 3 von 5 Sternen.Positiv ist zunächst einmal der Geruch: Beim Sprühen verfliegt der Zitrusduft schnell und es bleibt tatsächlich kein stechender oder chemischer Geruch in der Wohnung zurück. Das ist angenehm, vor allem wenn man Haustiere oder empfindliche Familienmitglieder hat, die auf starke Düfte sensibel reagieren. Auch die Handhabung der Sprühflasche ist unkompliziert, der Sprühnebel wirkt gleichmäßig und lässt sich gut dosieren.In der Wirkung ist das Spray allerdings sehr unterschiedlich. Bei kleineren Fliegenarten wie Trauermücken oder Fruchtfliegen habe ich schon einen gewissen Effekt bemerkt – nach dem Besprühen von Fenstern und Pflanzentöpfen sind deutlich weniger dieser kleinen Flieger unterwegs gewesen. Bei hartnäckigeren Arten oder größeren Insekten wie Ameisen und – vor allem – bei Silberfischen hat das Spray jedoch kaum Eindruck gemacht. Einige Insekten wirkten völlig unbeeindruckt, was mich doch etwas enttäuscht hat.Ein weiterer Punkt, der mich gestört hat, ist die Dauerwirkung. Nach der Anwendung schien es anfangs eine Weile besser kontrolliert, aber schon nach einem Tag war wieder mehr Aktivität zu sehen. Ich hatte mir erhofft, dass das Spray zumindest für mehrere Tage einen spürbaren Effekt hat, das war aber nicht der Fall.Insgesamt würde ich sagen: Für einen ersten schnellen Einsatz oder als Ergänzung zu anderen Maßnahmen kann dieses Spray okay sein. Es riecht angenehm und ist einfach in der Anwendung. Für hartnäckige oder wiederkehrende Probleme jedoch würde ich mir ein Produkt mit stärkerer und langanhaltenderer Wirkung wünschen.Deshalb gebe ich 3 Sterne – solide Grundidee, aber die Leistung ist ein bisschen zu schwankend, um es uneingeschränkt zu empfehlen. Wenn du nur gelegentlich kleine Fliegen im Sommer loswerden willst, kann es funktionieren, aber bei ernsten Insektenproblemen wirst du vermutlich ergänzende Lösungen brauchen."
DE,B0DW47NMDC,Wirkt zuverlässig und schnell,Reviewed in Germany on 15 June 2026,5,Wirkt zuverlässig. Sprühen und lüften. Das Spray arbeitet von alleine und man wird schon bald tote Insekten in der Nähe oder direkt auf der besprühten Fläche finden. Ich bin beeindruckt.
DE,B0DW47NMDC,Macht was es soll,Reviewed in Germany on 3 July 2026,5,Hat sehr gut funktioniert
DE,B0DW47NMDC,Örümcekler artık yok,Reviewed in Germany on 29 June 2026,5,Mükemmel ürün..Artık balkonumda böcekler ve örümcekler yok...Tavsiye ederim..
DE,B0DW47NMDC,Sprühpumpe,Reviewed in Germany on 25 June 2026,3,"Ware ist nicht schlecht, aber zu teuer.Für soviel Geld könnte man doch eine Sprühpumpe erwarten, leider keine vorhanden! Ich werde diesen Artikel nicht mehr kaufen."
DE,B0DW47NMDC,Kann nur besser Werden!,Reviewed in Germany on 2 June 2026,3,Das Spray ist sehr wässrig.
DE,B0DW47NMDC,Flache kommt ohne Sprühkopf,Reviewed in Germany on 17 December 2025,3,"Die Flasche mit Inhalt kam an, leider aber ohne Sprühkopf. Das Bild beim Einkauf scheint also zu täuschen."
DE,B0DW47NMDC,Jetzt ist die 2 l Packung deutlich teurer als vor 1-2 Jahren,Reviewed in Germany on 10 August 2025,3,"Wir haben diesen Ameisenspray 2 l zum wiederholten Mal gekauft.Jetzt hat der Behälter einen anderen Aufkleber. Ob der Inhalt verändert ist, weiß ich nicht.Aber der Preis hat deutlich angezogen...Mit der Wirkung sind wir zufrieden. Man muss direkt auf das Nest oder die Ameisen sprühen."
DE,B0DW47NMDC,Nicht mehr bestellen,Reviewed in Germany on 29 September 2025,3,Flasche wurde ohne Sprühkopf geliefert schade
DE,B0DW47NMDC,hilft nicht wirklich,Reviewed in Germany on 14 September 2025,3,wie beschrieben  hilft aber nicht gut
DE,B0DW47NMDC,Mücken Tod,Reviewed in Germany on 27 August 2025,3,Geht so aber hatte mir mehr Erhofft
DE,B0DW47NMDC,Kokusuz,Reviewed in Germany on 10 July 2025,3,Bekledigim kadar etkili değil
DE,B0DW47NMDC,Oki,Reviewed in Germany on 2 March 2025,3,Ziemlich gut
DE,B0DW47NMDC,Verpackung beschädigt,Reviewed in Germany on 9 April 2024,3,"Habt das Produkt schön öfters gekauft und war zufrieden. Leider war das Paket diesmal nass, da der Verschluss nicht richtig zu war geschweigendem versiegelt. Hier wurde befüllt und nicht richtig verschlossen. Sehr eigenartiges verhalten."
DE,B0DW47NMDC,Hilft,Reviewed in Germany on 22 May 2024,3,"Das Mittel hilft tatsächlich. Man muss natürlich regelmäßig sprühen. Ob, es draußen effektiv funktioniert bezweifle ich noch.Die Sprühflaschen kann ich nicht empfehlen. Die tropfen beim Sprühen."
DE,B0DW47NMDC,Es ist definitiv nicht lang haltend!,Reviewed in Germany on 26 August 2024,3,Leider hält dieses Produkt nicht länger als eine Woche. Und dafür sehr teuer
DE,B0DW47NMDC,Nicht empfehlen,Reviewed in Germany on 2 August 2024,3,Ich habe gefüll das Produkt lockt die Insekten mer rein
DE,B0DW47NMDC,Retoure auf eigene Kosten. Nutzung abwägen.,Reviewed in Germany on 30 July 2015,3,"Habe mich nach Bestellung doch gegen Benutzung des Produktes entschieden. Daher kann ich die Wirksamkeit nicht beurteilen.Versand erfolgte problemlos, Kontaktaufnahme zur Rücksendung ebenfalls. Retoure erfolgt jedoch auf eigene Kosten.Hinweis: Produkt erhält Permethrin, welches die gute Wirksamkeit gegen Insekten erklärt und für Menschen bisher ziemlich gut verträglich scheint. Für Bienen ist es tödlich => folglich wäre es verantwortungsvoll, den Wirkstoff nicht im Garten anzuwenden. Darf nicht ins Grundwasser gelangen (hoch toxisch für Fische) und soll nicht in Räumen angewandt werden, in denen sich Babys, Schwangere oder Allergiker aufhalten (Hinweis laut Packungsbeschreibung). Katzen besitzen übrigens ebenfalls eine deutlich geringere Verträglichkeitsschwelle als beispielsweise Hunde, da ihnen ein Enzym fehlt. Im Tierversuch fanden sich offenbar Hinweise auf embryotoxische Wirkung bei Ratten. Über Langzeiteffekte beim Menschen gibt es wohl noch keine Daten. Die individuelle Entscheidung zur Benutzung unterliegt also jedem selbst."
DE,B0DW47NMDC,Insekten vernischte,Reviewed in Germany on 10 August 2024,3,"Nicht so stark, es wird gespart."
DE,B0DW47NMDC,Hält nicht das was es verspricht,Reviewed in Germany on 5 August 2024,3,Nicht sehr wirksam und ergiebig.Enttäuschend.
DE,B0DW47NMDC,Na ja,Reviewed in Germany on 3 September 2021,3,"Ich hatte dieses Produkt vor 2 Jahren bei einem bekannten Discounter gekauft und war begeistert.Dieses hier, was eigentlich genau das selbe Produkt ist enttäuscht.Habe alle Rahmen u d Vorhänge eingesprüht und na h ca 24 Stunden lebten die Fliegen immer.Vielleicht war es beim Discounter in einer höheren Auflösung."
DE,B0DW47NMDC,5Lt is enough for 1 house interior.,Reviewed in Germany on 11 April 2023,3,Update. Unfortunately it only kills the male spherical beetleswhile the females stay hidden and continue reproducing.The only way to eliminate them are preditor wasps
DE,B0DW47NMDC,Wirksamkeit,Reviewed in Germany on 29 June 2022,3,"Also ich musste alle 2 bis 3 Tage sprühen, da die Wirkung nach ließ. Nach ca. 4 Wochen war das Problem gelöst"
DE,B0DW47NMDC,İyi sayılır,Reviewed in Germany on 5 June 2023,3,İlaçlama yaptıktan sonra yağmur yağarsa etkisi çok azalıyor.
DE,B0DW47NMDC,Alles süper,Reviewed in Germany on 26 July 2023,3,Alles süper
DE,B0DW47NMDC,Taugt nichts ist wie wasser,Reviewed in Germany on 12 December 2022,3,Ist wie Wasser bringt nichts
DE,B0DW47NMDC,Fliegenspray Wirkung?!,Reviewed in Germany on 13 June 2022,3,Leider habe ich kaum eine positive Wirkung feststellen können!
DE,B0DW47NMDC,GREAT PRODUCT,Reviewed in Germany on 16 June 2019,3,Only gave this a 3 star because the main label wasn't on the container and it should have been.Have used Envira for a few years and the product itself is brilliant and once sprayed it keeps working for months.
DE,B0DW47NMDC,Preis/ Leistung nicht ok,Reviewed in Germany on 28 July 2022,3,Nicht wie angegeben!
DE,B0DW47NMDC,Ich sage:  wirkt nicht,Reviewed in Germany on 25 October 2020,3,"konnte nicht feststellen, was diese Lösung  alles  verspricht. Mücken waren trotz verprühnen  d.ganze Raum,Fensterrahmen, Türenrahmen  immer wieder da."
DE,B0DW47NMDC,Hilft wohl,Reviewed in Germany on 22 October 2021,3,Das Preis Leistung Verhältnis passt
DE,B0DW47NMDC,keine Alternative zu Chrysamed,Reviewed in Germany on 23 June 2017,3,ich war auf de Suche nach Chrysamed - leider ist dieses aus dem Handel genommen worden. Dabei bin ich auf ENVIRA gestoßen. Das Produkt hilf auch gut jedoch muss nach spätestens 1 Woche nachbehandelt werden.
DE,B0DW47NMDC,Nicht do wirkungsvoll,Reviewed in Germany on 28 July 2019,3,Die Ameisen haben überlebt
DE,B0DW47NMDC,"Nach mein Erfahrung, hilft wenn man in größeren Mengen ansetzt.",Reviewed in Germany on 21 June 2019,3,Kann man gebrauchen.
DE,B0DW47NMDC,information war gut,Reviewed in Germany on 19 October 2018,3,ist nicht schlecht aber könnte besser sein.
DE,B0DW47NMDC,Taugt keinen Schuss Pulver,Reviewed in Germany on 13 August 2018,3,Tötet Fliegen durch ertränken nicht durch Inhaltsstoffe
DE,B0DW47NMDC,kann muss aber nicht,Reviewed in Germany on 25 November 2015,3,wir hatten das Produkt für Mehlmilben besorgt die sich durch altes aufbewahrtes Brot angesiedelt hatten gekauft. Leider hat das Produkt hier keine Wirkung gezeigt.
DE,B0DW47NMDC,Gut,Reviewed in Germany on 14 August 2016,3,Ich benutze es gegen Maden in den Grauen Tonnen im geschäft. Es nicht viel Mittel die da Helfen! Es hilft eigenermasen.
DE,B0DW47NMDC,Alte Rezeptur war viel effizienter,Reviewed in Germany on 4 August 2025,3,Früher war es ein Topprodukt aber seit der neuen Rezeptur leider viel schlechter. Angeblich musste man wegen der gesetzlichen Änderung die Rezeptur anpassen. Würde mich freuen wenn jemand noch alternativen mit der alten Rezeptur kennt.
DE,B0DW47NMDC,Widerspruch?,Reviewed in Germany on 17 July 2023,3,Also das mit der Wirkung auf Spinnen ist fraglich. Wir sprühen wegen der lästigen Fliegen. Auf Spinnen scheint das (gottseidank) keinen Einsruck zu machen. Unsere geliebten Laufspinnen ( ca. 2-4 cm) und auch die in den Deckenecken erfreuen sich auch nach Monaten bester Gesundheit..während die Fliegen auf den Fensterbänken liegen.
DE,B0DW47NMDC,"Starke Wirksamkeit, aber schlechter Geruch",Reviewed in Germany on 25 April 2021,3,"Ich leide unter kleinen und großen Insekten und Kakerlaken in meinem Keller. Also habe ich dieses Produkt gekauft. Und seine Wirksamkeit war stark. Aber es roch ein bisschen schlecht. Ich finde den Preis etwas hoch. Ich wünschte, es wäre etwas billiger und könnte in Wasser verlängert werden. Aber es ist nicht fokussiert. Dies bedeutet, dass kein Wasser hinzugefügt werden muss. Die Lieferung erfolgte pünktlich. Ich wünschte nur, es wäre billiger. Die Anzahl der Kakerlaken in meinem Keller ist dramatisch gesunken"
DE,B0DW47NMDC,Wirksames Insektenspray,Reviewed in Germany on 10 June 2026,4,"Das Insespray ist ganz gut, nur fehlte dieses mal bei der Bestellung der Sprühkopf. Zum Glück hatte ich die alte Flasche noch und konnte den Kopf tauschen.Es taucht auch an den gesprüht Stellen kein Ungeziefer mehr auf."
DE,B0DW47NMDC,Funktioniert!,Reviewed in Germany on 22 May 2026,4,Es ist wirklich sehr effektiv! Ein Punkt Abzug für ein Geruch der ein paar Tage bleibt (nicht sehr schlimm aber man merkt es etwas) und weil ich finde es könnte ein klein wenig günstiger sein.
DE,B0DW47NMDC,Artikel kam pünktlich,Reviewed in Germany on 28 May 2026,4,Wirkt leider nur kurze Zeit
DE,B0DW47NMDC,passt so,Reviewed in Germany on 21 February 2026,4,funktioniert
DE,B0DW47NMDC,Tolles Produkt gegen Wiesenschnaken (Tipula).,Reviewed in Germany on 19 September 2021,4,"Klasse Produkt gegen Wiesenschnaken.Unser Rasen und die ganzen angrenzenden Gärten waren massenhaft von diesem lästigen Getier befallen. Der Ganze Rasen war voller geschlüpfter Larven. Und die, die es noch nicht ans Tageslicht geschafft haben und noch unter der Erde liegen fangen an unsere Rasenwurzeln zu fressen. Die Folge --> Braune Stellen im Rasen.Gut, wenn einem das nichts ausmacht oder eher sehr ""links"" gerichtet ist und keines dieser Tierchen verletzen möchte, der soll eben damit leben. Für uns war es eine Plage, wie gesagt, der ganze Garten, das ganze Haus war voll.Aber dieses Mittel hilft wirklich sehr gut. Ich habe es mit einem Sprühgerät auf dem Rasen aufgebracht. Die Insektenplage verendete umgehend und wir waren nach kurzer Zeit erlöst.Da das Produkt aus dem Hause Elvira auf Wasserbasis hergestellt ist tut es auch dem Rasen und den Pflanzen nichts. Auch Tropfen auf den Platten oder an der Hauswand verschwinden nach dem trocknen umgehend. Sprich es hinterläßt null Spuren.Bis hierhin glatte 5 Sterne.Jedoch finde ich für 5 Liter (die sehr schnell verbraucht sind, habe kaum geschafft 200 qm2 Rasen damit zu besprühen) knapp EUR 38,94 finde ich dann doch sehr heftig. Von daher vergebe ich hier 4 Sterne. Sofern das Produkt unter EUR 30,00 kosten würde, wäre ich gerne bereit die 5 Sterne zu vergeben.Aber Kompliment, es wirkt wahrhaftig."
DE,B0DW47NMDC,Alles Top,Reviewed in Germany on 25 October 2025,4,Alles Top
DE,B0DW47NMDC,Ist ok,Reviewed in Germany on 12 August 2025,4,"Bis jetzt ( ca 4 Wochen ) 2 mal gesprüht, ein neus Spinnennetz in der Garage.Noch 4 Sterne, da es sich doch gebessert hat, aber mal schauen wie lange es hält"
DE,B0DW47NMDC,Insektenspray,Reviewed in Germany on 8 June 2025,4,Funktioniert in der Wohnung sehr gut.
DE,B0DW47NMDC,Funktioniert,Reviewed in Germany on 21 March 2025,4,Funktioniert wie es soll
DE,B0DW47NMDC,Einz A,Reviewed in Germany on 1 February 2025,4,"Toll, Fliegengitter eingesprüt, es kleben keine Insekten mehr dran."
DE,B0DW47NMDC,Wirkung nicht leicht nachzuweisen.,Reviewed in Germany on 9 August 2024,4,"Mittel wurde angewandt, jedoch kann exakte Wirkung des Mittels nicht leicht nachgewiesen werden. Auf jeden Fall war der Befall stark reduziert."
DE,B0DW47NMDC,Hilft auch gegen Zecken,Reviewed in Germany on 15 November 2021,4,"Zeit Regelmäßige und gründliche Anwendung hatte ich keine Zecken mehr.Muss auch auf Schuhe/Stiefel/Hosenbeine und wichtig Socken aufgetragen, Ich habe es vor dem Anziehen aufgesprüht und Trocknen lassen.Wichtig: Wirkung hält im Freien der Anschein nach nicht so lange an wie angegebenVor Verwendung, Befall von Gemeine Zecke, Groß und Nymphen, riesige Hirsch Zecken.Werde ich weiterhin verwenden.Bei Torfmucken in Hauspflanzen hilft diese Mittel mit Bekämpfung  wenn Topfe und untere Teil der Fenster behändelt werden."
DE,B0DW47NMDC,Guter Insektenkiller,Reviewed in Germany on 22 March 2024,4,"Habe das Mittel versprüht wie in der Anleitung beschrieben, die lästigen Fliegen, welche getroffen wurden, waren Schach im jenseits. Wirkt zuverlässig und gründlich."
DE,B0DW47NMDC,It's alright,Reviewed in Germany on 14 July 2020,4,"ein Tagbohne Mücken und dann wieder von vorne an. totale Enttäuschung 😩PS after a week the amount of mosquitoes is reduced. There are a lot of them though, but better, comparing to the situation outside of the garden. Going to buy another one to check if it helps with the rest of mosquitoesUpdate after 2 weeks of usage:I've used it every 4 days and now the amount of mosquitoes decreased drastically. Going to buy another one"
DE,B0DW47NMDC,Schnelle Lieferung,Reviewed in Germany on 15 November 2024,4,Zufrieden
DE,B0DW47NMDC,Gut aber zu kurze wirkung,Reviewed in Germany on 24 August 2021,4,"Funktioniert überraschend gut....Hätten keine Fliegen, Mücken usw. Mehr auf der Terrasse.... Dadurch das es nicht verdünnt wird, sind 2 Liter auch nicht grad viel und sind auch schnell aufgebraucht..... Dazu kommt noch das die Wirkung nach einigen Tagen schon nachlässt.....Ist aber alles in allem trotzdem o. KWenn man am Wochenende draußen sitzen und grillen möchte, sprüht man vorher und man hat Ruhe...."
DE,B0DW47NMDC,killed a spider,Reviewed in Germany on 13 September 2024,4,Spider tormentor
DE,B0DW47NMDC,Kampf den lästigen Fliegen,Reviewed in Germany on 10 June 2023,4,Nach einmaliger Behandlung mit dem Mittel bin ich aktuell die überaus lästigen Schmetterlingsfliegen los. Ob diese Wirkung auch länger andauert muss freilich noch abgewartet werden.
DE,B0DW47NMDC,Kundendienst sehr hilfsbereit,Reviewed in Germany on 29 June 2022,4,Nachdem ich in Kontakt getreten bin wegen der Beschwerde die ich hatte haben die kollegen sofort reagiert und mir ekn neus Produkt geschickt finde es echt super nice
DE,B0DW47NMDC,Es hilft für Ungeziefer,Reviewed in Germany on 12 August 2023,4,Verwenden es beim Camping und es hilft
DE,B0DW47NMDC,Man kann im Garten essen und trinken ohne von Insekten belästigt zu werden,Reviewed in Germany on 24 August 2022,4,Hilft super gegen Insekten. Um die Gartengarnitur wurde gesprüht und Tisch wurde eingesprüht. Hatten den ganzen Abend Ruhe und konnten in Ruhe essen und trinken.
DE,B0DW47NMDC,Hält was es verspricht.,Reviewed in Germany on 21 May 2023,4,Scheint zu helfen. Aber ob es 3 Monate hält werden wir sehen.
DE,B0DW47NMDC,Super,Reviewed in Germany on 2 April 2021,4,Es hat mir super geholfen mit den UngezieferSind alle wegImmer wieder gernDas einzige Problem ist das es eine zu große Öffnung hat und es sich somit doof in eine Flasche füllen läßt.
DE,B0DW47NMDC,"Suuuuper, gerne wieder",Reviewed in Germany on 27 October 2017,4,"Ich hasse Insekten in meiner Wohnung. Durch eine ehem. Kollegin bin ich auf dieses Supergebreu gestoßen und bin begeistert. Jede Spinne, Fliege, oder Motte wird damit besprüht und stirbt in ein paar Minuten, klasse. Der Durft ist auch echt angenehm, klar, Mensch sollte es nicht inhalieren, aber ab und an, kommt ja mal ein durftwölkchen in deine Richtung, also ich bin echt begeistert. Denkt aber dran, es vor euren kleinsten zu sichern 😉"
DE,B0DW47NMDC,Ohne Sprühkopf,Reviewed in Germany on 19 May 2021,4,"Auf den Bildern ein Sprühkopf zu sehen, der ist leider nicht dabei! Schade, sollte man evtl. explizit erklären.Deshalb nur 4 ⭐️Wenn ich das Produkt angewendet habe, wird es eine weitere Rezension geben."
DE,B0DW47NMDC,Insektenschutz,Reviewed in Germany on 12 March 2023,4,Findet bei uns Anwendung zur BeseitigungVon Hausstaubmilben. Anwendung erfolgt alle 4 Wochen.
DE,B0DW47NMDC,Insekten,Reviewed in Germany on 6 June 2023,4,Es wirkt über einen gewissen Zeitraum
DE,B0DW47NMDC,spinnen,Reviewed in Germany on 30 December 2022,4,Scheint zu wirken. An den neuralgischen Ecken in meinem Keller sind weniger Spinnen unterweg.
DE,B0DW47NMDC,Zu empfehlen!,Reviewed in Germany on 29 August 2015,4,"Es hat zwar sehr lange gedauert (ca. 2 Monate) im Kampf gegen den Mehlmilbenbefall in der Küche, aber letztlich scheinen die Milben beseitigt zu sein. Zusätzlich zum einsprühen, sollte man den befallenen Raum in regelmäßigen Abständen gründlich putzen und erneut einsprühen. Auffällig war, dass Fliegen und Wespen nur kurze Zeit später einfach umgefallen sind. Das Insektenmittel wurde schnell geliefert und war gut verpackt! Fazit: Man braucht zwar eine menge Geduld aber andere Mittel wie Essig oder Teebaumöl haben überhaupt nichts gebracht."
DE,B0DW47NMDC,Insektenspray,Reviewed in Germany on 26 June 2023,4,Das Insektenspray ist ok.
DE,B0DW47NMDC,Einen Versuch wert,Reviewed in Germany on 1 July 2023,4,"Sehr effektiv, aber teuer"
DE,B0DW47NMDC,Lebensmittel und Kleidermotten,Reviewed in Germany on 3 May 2020,4,"Habe das Mittel seit 3 Jahren im Frühjahr gegen Kleider , Lebensmittelmotten und Mücken angewendet.Die Spinnen in meiner Wohnung haben durch vorsichtigen. Einsatz dieses Mittels größtenteilsüberlebt.Das Vorhandensein von Kleider und Lebensmittelmotten konnte ich auf eine geringe Menge Reduzieren"
DE,B0DW47NMDC,Wirkt,Reviewed in Germany on 22 November 2022,4,Funktioniert tatsächlich! Keine ungebetenen Gäste mehr..👍🏻
DE,B0DW47NMDC,Gegen Ameisen im Haus bestens geeignet,Reviewed in Germany on 3 July 2022,4,Wir verwenden dieses Mitrl seit Jahren gegen Ameisen
DE,B0DW47NMDC,Sehr gute Wirksamkeit,Reviewed in Germany on 1 May 2015,4,"Benutze es seit Jahren. Ich wende es gg. Rosenläuse vor der Blüte wg. Der Gefährlichkeit f. Bienen und gg. Den Buchsbaumzünsler. Wirkt hervorragend (auch vorbeugend) . Ich wende es nur mit Handschuhen an und man sollte es nicht einatmen. Ich würde es nie im Haus anwenden, da die Wirkstoffe sehr umstritten sind. Aber für Garten und Mülltonne sehr zu empfehlen. Wirkt lange und vorbeugend."
DE,B0DW47NMDC,Alles in ortnungl,Reviewed in Germany on 16 July 2022,4,Ist alles in Ordnung Grüsse
DE,B0DW47NMDC,Geht so,Reviewed in Germany on 14 June 2021,4,Wirkt gut gegen Silberfischchen drinnen.Draußen ist die Wirkung gegen Ungeziefer nicht so gut (Ameisen)
DE,B0DW47NMDC,guter Wirkstoff und lange anhaltend,Reviewed in Germany on 22 June 2022,4,guter Wirkstoff und lange anhaltend
DE,B0DW47NMDC,*,Reviewed in Germany on 17 August 2020,4,"Da es gegen fast alle kriechenden Insekten hilft, wirkt es sicher auch gegen selbige. Bin mit der Wirkung sehr zufrieden👍👍👍"
DE,B0DW47NMDC,Bei der zweiten Behandlung voller Erfolg,Reviewed in Germany on 13 July 2016,4,"Ich hab mir das Mittel zur Bekämpfung der Roten Vogelmilbe im Hühner Stall gekauft, da der Befall anscheinend ziemlich stark war bedurfte es einer zweiten Behandlung, da es bei der ersten zwar wesentlich besser wurde, dachte ich mir gleich nach einer Woche nochmal und jetzt ist Ruhe im Hühner Stall und meine Damen legen wieder...."
DE,B0DW47NMDC,Es hilft...,Reviewed in Germany on 18 September 2019,4,Schnell erhalten und gleich weiter geleitet. Erste mal auch hier gekauft und war zufrieden. Jetzt haben wir andere bestellt und hoffen auf eine schnelle Ergebnis
DE,B0DW47NMDC,Würde ich wieder kaufen,Reviewed in Germany on 10 November 2020,4,"Es war alles okay, schnelle Lieferung korekte Beschreibung des Artikel, Preis Leistung gut"
DE,B0DW47NMDC,A1,Reviewed in Germany on 19 July 2017,4,"Die Produktserie von ENVIRA ist uneingeschränkt weiterhin von mir zu empfehlen ein super Produkt Wir verwenden das Mittel, vor allem gegen Ameisen, wir kommen damit sehr gut zurecht.Vor allem hat man dabei ein gutes Gefühl, weil es keine Chemiekeule ist."
DE,B0DW47NMDC,Ein super Produkt,Reviewed in Germany on 24 May 2020,4,Schnelle Lieferung. Kann endlich mein Hund wieder in den Garten lassen. Werde noch ein Kanister bestellen.
DE,B0DW47NMDC,MÜCKENBLAGE,Reviewed in Germany on 20 August 2019,4,Nach extremer Mückenblage meine Sträucher damit eingesprüht.Konnte mich nach 2 Tagen endlich wieder auf meine Terrasse sitzen und den Sommer genießen.
DE,B0DW47NMDC,Guter Preis und schnelle Lieferung,Reviewed in Germany on 30 July 2021,4,Produkt hält was es verspricht.
DE,B0DW47NMDC,Bewertung Insektenspray,Reviewed in Germany on 6 July 2021,4,Es hat alles geklappt
DE,B0DW47NMDC,"Keine Mücken mehr..,",Reviewed in Germany on 19 July 2019,4,Hab es für die Mückenplage bei meiner Terrassenbepflanzung  verwendet... kein unangenehmer Geruch und Mücken sind seit ca. 4 Wochen weg
DE,B0DW47NMDC,Gut,Reviewed in Germany on 11 August 2021,4,Gut
DE,B0DW47NMDC,Insektentod,Reviewed in Germany on 19 January 2021,4,Keine Insekten mehr nach Gebrauch
DE,B0DW47NMDC,Die genaue Beschreibung,Reviewed in Germany on 7 September 2020,4,Immer wieder gerne
DE,B0DW47NMDC,Ok,Reviewed in Germany on 23 August 2020,4,Zu schwach
DE,B0DW47NMDC,Es hat gegen die Eintagsfliegen geholfen,Reviewed in Germany on 6 March 2020,4,Wir haben es für Eintagsfliegen benutzt.
DE,B0DW47NMDC,Envira,Reviewed in Germany on 29 June 2020,4,Wie immer gut
DE,B0DW47NMDC,Dieses Produkt hält was es verspricht.,Reviewed in Germany on 25 June 2017,4,Wir sind zufrieden. Unsere Ameisenplage haben wir erfolgreich bekämpft. Unsere Fichtenhecke haben wir auch gegen das Ungeziefer eingesprüht. Ergebnis liegt noch nicht vor.
DE,B0DW47NMDC,Vernünftige Alternative zu chem. Sprays,Reviewed in Germany on 15 August 2019,4,"Super gegen Gelsen, für Wespen eher ungeeignet."
DE,B0DW47NMDC,Insektenschutz,Reviewed in Germany on 26 August 2019,4,Wirkt sehr gut bei Hühnerflöhen !
DE,B0DW47NMDC,Empfehlenswert,Reviewed in Germany on 20 December 2019,4,Einfache Handhabung. Wirksam.
DE,B0DW47NMDC,Zuverlässig,Reviewed in Germany on 25 September 2019,4,Schnelle Lieferung ...gerne wieder...
DE,B0DW47NMDC,Perfekt,Reviewed in Germany on 17 October 2019,4,Prima material
DE,B0DW47NMDC,Merklich weniger Mücken,Reviewed in Germany on 11 October 2019,4,Etwas teurer
DE,B0DW47NMDC,Insektenspray,Reviewed in Germany on 14 July 2014,4,"Super Allround Insektenmittel, fast geruchslos und mit top Wirkung. Dieses Produkt kannten wir schon von Aldi, der es aber nur einmal im Jahr anbietet. Dank Amazon haben wir jetzt wieder einen Vorrat."
DE,B0DW47NMDC,Ziehmlich gut,Reviewed in Germany on 27 April 2014,4,Deutliche weniger Spinnen in der Wohnung nach gründlichen versprühen.Eine Spinne hat bisher sogar direktes Besprühen überlebt.Den Rest konnte meine Freundin durch das Spray alleine entfernen
DE,B0DW47NMDC,Fliegenplage,Reviewed in Germany on 29 June 2014,4,"Bei regelmäßiger Anwendung je nach Fliegenplage (wöchentl) ist das ein gutes Mittel.Kann das Produkt durkchaus weiterempfehlen,habe so meinen Balkon nahezu fliegenfreoi bekommen."
DE,B0DW47NMDC,super Mittel,Reviewed in Germany on 12 December 2014,4,Hab ich für meine Mutter bestellt. Sie ist sehr zufrieden damit. Gutes Preis-Leistungs Verhältnis. Sehr Effektiv Würde Sie wieder bestellen
DE,B0DW47NMDC,leider steht hier nicht ist auch gut gegen bettwanzen,Reviewed in Germany on 17 February 2014,4,trotzdem hat das funktioniert mit wanzen aber ein bisschen langsamer als Chrysamed gegen Bettwanzen. Die Probleme war auch in 4 Wochen gelöst.
DE,B0DW47NMDC,gutes Produkt,Reviewed in Germany on 27 December 2013,4,Die Flohplage lässt sich sicher und schnell bekämpfen. Mit einem Druckluft Zerstäuber ist das auftragen einfach und und schnell erledigen.
DE,B0DW47NMDC,Seit einem Jahr sehr begeistert!,Reviewed in Germany on 10 June 2022,4,"Schon im letzten Jahr hatten wir eine Mückenplage im Garten… es war schnell Ruhe. Da unser Garten von 2 Seiten von Felden umgeben ist, verirren sich natürlich vereinzelnd Mücken. Doch es ist wesentlich besser als 100 Stiche am Abend!  Es sprach sich in der Nachbarschaft rum! Es wurde also überall verteilt… alle sind positiv begeistert.Es muss ca. Nach 3 Wochen nachgesprüht werden.Aber auch zum Camping hat es sich besehrt! Keine Fliegennetze mehr nötig!!Preislich natürlich wuchtig, aber es hält was es verspricht!Und unsere Bienen schwirren immernoch im Garten umher… sehr schön… so soll es sein!"
